         temperature[GeV]            effMassU[GeV]            effMassD[GeV]            effMassS[GeV]            chemPotU[GeV]            chemPotD[GeV]            chemPotS[GeV]          pressure[GeV^4]     energyDensity[GeV^4]    entropyDensity[GeV^3]     quarkDensityU[GeV^3]     quarkDensityD[GeV^3]     quarkDensityS[GeV^3]
                     0.12        0.367183245234289        0.367183245234289        0.542178569923942                        0                        0                        0     0.000205474102444494       0.0011680310501801       0.0114458762718607                        0                        0                        0
                     0.12        0.367183149997762        0.367183149997763        0.542178498722144     0.000250125062531266     0.000250125062531266     0.000250125062531266      0.00020547456921409      0.00116803378740959       0.0114458951923635     1.43459476994825e-06     1.43459476994824e-06     8.63098381840848e-07
                     0.12        0.367182864287253        0.367182864287251        0.542178285116078     0.000500250125062531     0.000500250125062531     0.000500250125062531     0.000205475969526421      0.00116804199911568       0.0114459519539573      2.8691982103123e-06      2.8691982103123e-06     1.72620124480871e-06
                     0.12        0.367182388099593        0.367182388099582        0.542177929103458     0.000750375187593797     0.000750375187593797     0.000750375187593797     0.000205478303390322      0.00116805568535557       0.0114460465569195     4.30381898836042e-06     4.30381898836055e-06     2.58931306681103e-06
                     0.12        0.367181721429137        0.367181721429148        0.542177430680279      0.00100050025012506      0.00100050025012506      0.00100050025012506     0.000205481570818421      0.00116807484622805       0.0114461790017237     5.73846578030424e-06     5.73846578030401e-06     3.45243833454761e-06
                     0.12        0.367180864268504        0.367180864268506         0.54217678984119      0.00125062531265633      0.00125062531265633      0.00125062531265633     0.000205485771831097      0.00116809948186683       0.0114463492890172     7.17314725508589e-06     7.17314725508583e-06      4.3155815272328e-06
                     0.12        0.367179816607889        0.367179816607922        0.542176006579177      0.00150075037518759      0.00150075037518759      0.00150075037518759     0.000205490906452929      0.00116812959244622       0.0114465574196385     8.60787208429893e-06     8.60787208429792e-06     5.17874712643477e-06
                     0.12        0.367178578435191        0.367178578435169        0.542175080885629      0.00175087543771886      0.00175087543771886      0.00175087543771886     0.000205496974713337      0.00116816517818062       0.0114468033946189     1.00426489401299e-05     1.00426489401307e-05     6.04193961394135e-06
                     0.12         0.36717714973647        0.367177149736477        0.542174012750463      0.00200100050025012      0.00200100050025012      0.00200100050025012     0.000205503976648876      0.00116820623932016       0.0114470872151644     1.14774864954621e-05     1.14774864954618e-05     6.90516347180381e-06
                     0.12        0.367175530494744        0.367175530494692        0.542172802161431      0.00225112556278139      0.00225112556278139      0.00225112556278139     0.000205511912294121      0.00116825277616428       0.0114474088826938     1.29123934240399e-05     1.29123934240422e-05     7.76842318239277e-06
                     0.12        0.367173720692618        0.367173720692623        0.542171449106201      0.00250125062531266      0.00250125062531266      0.00250125062531266     0.000205520781706291      0.00116830478902812       0.0114477683987632     1.43473784004759e-05     1.43473784004756e-05      8.6317232284067e-06
                     0.12        0.367171720308539        0.367171720308544         0.54216995356936      0.00275137568784392      0.00275137568784392      0.00275137568784392     0.000205530584929989      0.00116836227829012       0.0114481657651691       1.578245010053e-05     1.57824501005298e-05      9.4950680929654e-06
                     0.12        0.367169529320136        0.367169529320177        0.542168315534673      0.00300150075037519      0.00300150075037519      0.00300150075037519     0.000205541322025056      0.00116842524435352       0.0114486009838594     1.72176172010798e-05     1.72176172010774e-05     1.03584622596182e-05
                     0.12        0.367167147702466        0.367167147702395        0.542166534984384      0.00325162581290645      0.00325162581290645      0.00325162581290645      0.00020555299305593       0.0011684936876625       0.0114490740569794      1.8652888380315e-05     1.86528883803196e-05     1.12219102123964e-05
                     0.12        0.367164575427515        0.367164575427551        0.542164611898343      0.00350175087543772      0.00350175087543772      0.00350175087543772     0.000205565598083893      0.00116856760871074       0.0114495849868782     2.00882723179014e-05     2.00882723178989e-05     1.20854164358808e-05
                     0.12         0.36716181246666        0.367161812466682        0.542162546256101      0.00375187593796898      0.00375187593796898      0.00375187593796898     0.000205579137189868      0.00116864700801315       0.0114501337760638     2.15237776949392e-05     2.15237776949376e-05     1.29489854151959e-05
                     0.12        0.367158858788164        0.367158858788173        0.542160338034856      0.00400200100050025      0.00400200100050025      0.00400200100050025      0.00020559361045086      0.00116873188613417       0.0114507204272414     2.29594131942387e-05      2.2959413194238e-05     1.38126216361018e-05
                     0.12        0.367155714357744        0.367155714357744        0.542157987209918      0.00425212606303152      0.00425212606303152      0.00425212606303152     0.000205609017946456      0.00116882224368214       0.0114513449433215     2.43951875004151e-05     2.43951875004151e-05     1.46763295850319e-05
                     0.12        0.367152379140991        0.367152379140967        0.542155493756677      0.00450225112556278      0.00450225112556278      0.00450225112556278     0.000205625359780345      0.00116891808127916       0.0114520073273478     2.58311092998006e-05     2.58311092998028e-05     1.55401137490745e-05
                     0.12        0.367148853097897        0.367148853097916        0.542152857646534      0.00475237618809405      0.00475237618809405      0.00475237618809405     0.000205642636033326      0.00116901939962478       0.0114527075826361      2.7267187281026e-05     2.72671872810242e-05     1.64039786161454e-05
                     0.12         0.36714513618866        0.367145136188701        0.542150078850906      0.00500250125062531      0.00500250125062531      0.00500250125062531     0.000205660846809681      0.00116912619943171        0.011453445712625     2.87034301346481e-05      2.8703430134644e-05     1.72679286749049e-05
                     0.12        0.367141228372014        0.367141228371908        0.542147157340065      0.00525262631315658      0.00525262631315658      0.00525262631315658     0.000205679992225337      0.00116923848144438        0.011454221720932     3.01398465533853e-05     3.01398465533964e-05     1.81319684148337e-05
                     0.12        0.367137129601745        0.367137129601774        0.542144093081137      0.00550275137568784      0.00550275137568784      0.00550275137568784     0.000205700072382145      0.00116935624647243       0.0114550356114181     3.15764452325952e-05     3.15764452325921e-05     1.89961023263553e-05
                     0.12          0.3671328398315         0.36713283983159         0.54214088604053      0.00575287643821911      0.00575287643821911      0.00575287643821911     0.000205721087398619      0.00116947949534874       0.0114558873880939     3.30132348699148e-05     3.30132348699046e-05     1.98603349007899e-05
                     0.12        0.367128359011988        0.367128359012061        0.542137536183146      0.00600300150075037      0.00600300150075037      0.00600300150075037     0.000205743037397996      0.00116960822894723        0.011456777055169     3.44502241656628e-05     3.44502241656542e-05     2.07246706304278e-05
                     0.12        0.367123687093685        0.367123687093693        0.542134043473439      0.00625312656328164      0.00625312656328164      0.00625312656328164     0.000205765922523197      0.00116974244816092       0.0114577046169928     3.58874218226385e-05     3.58874218226375e-05     2.15891140085205e-05
                     0.12        0.367118824020387        0.367118824020333        0.542130407871094      0.00650325162581291      0.00650325162581291      0.00650325162581291     0.000205789742884738      0.00116988215397282       0.0114586700782122     3.73248365470275e-05     3.73248365470344e-05     2.24536695295306e-05
                     0.12        0.367113769738024        0.367113769738038        0.542126629337194      0.00675337668834417      0.00675337668834417      0.00675337668834417     0.000205814498634344      0.00117002734735659       0.0114596734435559     3.87624770474481e-05     3.87624770474462e-05     2.33183416888882e-05
                     0.12         0.36710852418878        0.367108524188887        0.542122707830464      0.00700350175087544      0.00700350175087544      0.00700350175087544     0.000205840189918528      0.00117017802934005       0.0114607147179777     4.02003520357816e-05     4.02003520357666e-05     2.41831349832076e-05
                     0.12        0.367103087312236        0.367103087312047        0.542118643307512       0.0072536268134067       0.0072536268134067       0.0072536268134067     0.000205866816883653      0.00117033420099772       0.0114617939066365     4.16384702271662e-05     4.16384702271933e-05      2.5048053910327e-05
                     0.12         0.36709745904554         0.36709745904576        0.542114435723443      0.00750375187593797      0.00750375187593797      0.00750375187593797     0.000205894379683141      0.00117049586344009       0.0114629110148657     4.30768403400996e-05     4.30768403400669e-05     2.59131029693217e-05
                     0.12        0.367091639325658        0.367091639325604        0.542110085032535      0.00775387693846923      0.00775387693846923      0.00775387693846923     0.000205922878484217      0.00117066301780599       0.0114640660481669     4.45154710962182e-05     4.45154710962265e-05     2.67782866605084e-05
                     0.12        0.367085628085111        0.367085628085167        0.542105591187041       0.0080040020010005       0.0080040020010005       0.0080040020010005     0.000205952313453422      0.00117083566528229       0.0114652590122528     4.59543712210457e-05     4.59543712210368e-05     2.76436094855577e-05
                     0.12        0.367079425254567        0.367079425254518        0.542100954136956      0.00825412706353176      0.00825412706353176      0.00825412706353176     0.000205982684756544      0.00117101380710358        0.011466489913044     4.73935494437412e-05     4.73935494437492e-05     2.85090759475541e-05
                     0.12        0.367073030764069        0.367073030763974        0.542096173831996      0.00850425212606303      0.00850425212606303      0.00850425212606303     0.000206013992579336      0.00117119744452189       0.0114677587565886      4.8833014497004e-05     4.88330144970201e-05     2.93746905509217e-05
                     0.12        0.367066444539356        0.367066444539319        0.542091250219124       0.0087543771885943       0.0087543771885943       0.0087543771885943     0.000206046237098821      0.00117138657884978       0.0114690655491828     5.02727751177956e-05      5.0272775117802e-05     3.02404578016217e-05
                     0.12         0.36705966650436        0.367059666504319        0.542086183243584      0.00900450225112556      0.00900450225112556      0.00900450225112556     0.000206079418497082      0.00117158121143882       0.0114704102973063      5.1712840047062e-05     5.17128400470693e-05      3.1106382207135e-05
                     0.12        0.367052696584938        0.367052696584922        0.542080972852331      0.00925462731365683      0.00925462731365683      0.00925462731365683     0.000206113537000251      0.00117178134362882       0.0114717930075234     5.31532180291601e-05     5.31532180291631e-05     3.19724682762689e-05
                     0.12        0.367045534695459        0.367045534695612        0.542075618984285      0.00950475237618809      0.00950475237618809      0.00950475237618809     0.000206148592762193      0.00117198697690283       0.0114732136868056     5.45939178144084e-05     5.45939178143796e-05     3.28387205198751e-05
                     0.12        0.367038180758763        0.367038180758555        0.542070121583398      0.00975487743871936      0.00975487743871936      0.00975487743871936     0.000206184586024137      0.00117219811267268        0.011474672342075     5.60349481555683e-05     5.60349481556086e-05     3.37051434499858e-05
                     0.12        0.367030634688331        0.367030634688373        0.542064480588551       0.0100050025012506       0.0100050025012506       0.0100050025012506     0.000206221516987432      0.00117241475245138       0.0114761689805798     5.74763178112434e-05     5.74763178112352e-05     3.45717415805643e-05
                     0.12        0.367022896397353        0.367022896397296        0.542058695936513       0.0102551275637819       0.0102551275637819       0.0102551275637819      0.00020625938585726      0.00117263689779203       0.0114777036097495     5.89180355443325e-05     5.89180355443443e-05      3.5438519427354e-05
                     0.12        0.367014965797338        0.367014965797507        0.542052767564569       0.0105052526263132       0.0105052526263132       0.0105052526263132     0.000206298192865485      0.00117286455026086       0.0114792762371608       6.036011012239e-05     6.03601101223548e-05     3.63054815077164e-05
                     0.12        0.367006842796928        0.367006842796672           0.542046695407       0.0107553776888444       0.0107553776888444       0.0107553776888444     0.000206337938234321      0.00117309771148359       0.0114808868706206     6.18025503179879e-05     6.18025503180426e-05     3.71726323409449e-05
                     0.12        0.366998527303891        0.366998527303911        0.542040479397699       0.0110055027513757       0.0110055027513757       0.0110055027513757     0.000206378622207119      0.00117333638310212        0.011482535518062     6.32453649084184e-05     6.32453649084143e-05      3.8039976448106e-05
                     0.12        0.366990019221635        0.366990019221398        0.542034119467475        0.011255627813907        0.011255627813907        0.011255627813907     0.000206420245012426      0.00117358056682783       0.0114842221876882     6.46885626765603e-05     6.46885626766133e-05      3.8907518352301e-05
                     0.12        0.366981318453402        0.366981318453475         0.54202761554696       0.0115057528764382       0.0115057528764382       0.0115057528764382     0.000206462806904208      0.00117383026438293       0.0114859468878198      6.6132152410094e-05     6.61321524100773e-05      3.9775262578473e-05
                     0.12        0.366972424896816        0.366972424896998         0.54202096756233       0.0117558779389695       0.0117558779389695       0.0117558779389695      0.00020650630810759      0.00117408547757621       0.0114877096270718     6.75761429028479e-05     6.75761429028055e-05     4.06432136538215e-05
                     0.12        0.366963338452267         0.36696333845217        0.542014175442572       0.0120060030015007       0.0120060030015007       0.0120060030015007     0.000206550748903307      0.00117434620818968       0.0114895104141151     6.90205429530018e-05      6.9020542953025e-05     4.15113761072102e-05
                     0.12        0.366954059012382        0.366954059012352         0.54200723911078        0.012256128064032        0.012256128064032        0.012256128064032     0.000206596129529165      0.00117461245810883       0.0114913492579385     7.04653613656504e-05     7.04653613656578e-05     4.23797544699822e-05
                     0.12        0.366944586475611        0.366944586475541        0.542000158494195       0.0125062531265633       0.0125062531265633       0.0125062531265633     0.000206642450295228      0.00117488422916973       0.0114932261675357     7.19106069496859e-05     7.19106069497034e-05     4.32483532750927e-05
                     0.12        0.366934920726468        0.366934920726396        0.541992933509894       0.0127563781890945       0.0127563781890945       0.0127563781890945     0.000206689711417685      0.00117516152338167       0.0114951411523746     7.33562885227306e-05     7.33562885227487e-05     4.41171770584864e-05
                     0.12        0.366925061658561        0.366925061658456        0.541985564081394       0.0130065032516258       0.0130065032516258       0.0130065032516258      0.00020673791321351      0.00117544434266539       0.0114970942218396     7.48024149055933e-05     7.48024149056206e-05     4.49862303575829e-05
                     0.12        0.366915009154929        0.366915009155502        0.541978050125591       0.0132566283141571       0.0132566283141571       0.0132566283141571     0.000206787055943083      0.00117573268906537       0.0114990853856876     7.62489949272976e-05     7.62489949271463e-05     4.58555177125637e-05
                     0.12         0.36690476310167        0.366904763101741        0.541970391559999       0.0135067533766883       0.0135067533766883       0.0135067533766883     0.000206837139901966      0.00117602656462607       0.0115011146537817     7.76960374217459e-05     7.76960374217267e-05     4.67250436657202e-05
                     0.12        0.366894323379304         0.36689432337912        0.541962588299059       0.0137568784392196       0.0137568784392196       0.0137568784392196     0.000206888165374543      0.00117632597145314       0.0115031820362152     7.91435512300776e-05      7.9143551230128e-05     4.75948127618654e-05
                     0.12         0.36688368987126        0.366883689871275         0.54195464025983       0.0140070035017509       0.0140070035017509       0.0140070035017509     0.000206940132697918      0.00117663091163089       0.0115052875431557     8.05915451985099e-05     8.05915451985058e-05     4.84648295477887e-05
                     0.12        0.366872862449944         0.36687286245012        0.541946547350444       0.0142571285642821       0.0142571285642821       0.0142571285642821     0.000206993042131207      0.00117694138739464       0.0115074311851918     8.20400281822836e-05     8.20400281822337e-05     4.93350985735112e-05
                     0.12        0.366861840991904        0.366861840992134        0.541938309482322       0.0145072536268134       0.0145072536268134       0.0145072536268134     0.000207046893996352      0.00117725740094249       0.0115096129729379     8.34890090416279e-05     8.34890090415614e-05     5.02056243910548e-05
                     0.12        0.366850625372885        0.366850625372724        0.541929926566931       0.0147573786893447       0.0147573786893447       0.0147573786893447     0.000207101688638744      0.00117757895449043       0.0115118329171659     8.49384966431792e-05     8.49384966432265e-05     5.10764115548059e-05
                     0.12        0.366839215457054        0.366839215456985        0.541921398506196       0.0150075037518759       0.0150075037518759       0.0150075037518759     0.000207157426321689      0.00117790605040924       0.0115140910290646     8.63884998632846e-05     8.63884998633052e-05     5.19474646226397e-05
                     0.12        0.366827611120531         0.36682761112031         0.54191272521187       0.0152576288144072       0.0152576288144072       0.0152576288144072     0.000207214107442677      0.00117823869093941       0.0115163873196682     8.78390275812134e-05     8.78390275812805e-05     5.28187881537923e-05
                     0.12        0.366815812223166        0.366815812223056        0.541903906583572       0.0155077538769385       0.0155077538769385       0.0155077538769385      0.00020727173228513      0.00117857687852262       0.0115187218005476     8.92900886876414e-05     8.92900886876752e-05      5.3690386711393e-05
                     0.12         0.36680381863056        0.366803818630471        0.541894942524615       0.0157578789394697       0.0157578789394697       0.0157578789394697     0.000207330301200098      0.00117892061555488       0.0115210944832688     9.07416920782138e-05     9.07416920782417e-05     5.45622648607092e-05
                     0.12        0.366791630204203         0.36679163020392        0.541885832935872        0.016008004002001        0.016008004002001        0.016008004002001     0.000207389814534789      0.00117926990448785       0.0115235053796405     9.21938466566153e-05     9.21938466567056e-05     5.54344271698907e-05
                     0.12        0.366779246803051        0.366779246803166        0.541876577716535       0.0162581290645323       0.0162581290645323       0.0162581290645323     0.000207450272641796       0.0011796247478127       0.0115259545016565     9.36465613342316e-05     9.36465613341943e-05     5.63068782099315e-05
                     0.12        0.366766668281809         0.36676666828195        0.541867176762156       0.0165082541270635       0.0165082541270635       0.0165082541270635     0.000207511675855865      0.00117998514809277       0.0115284418615738     9.50998450308434e-05     9.50998450307972e-05      5.7179622554961e-05
                     0.12        0.366753894499551         0.36675389449945        0.541857629972158       0.0167583791895948       0.0167583791895948       0.0167583791895948     0.000207574024581755      0.00118035110784614       0.0115309674716671     9.65537066719254e-05      9.6553706671959e-05     5.80526647813523e-05
                     0.12        0.366740925303173         0.36674092530336        0.541847937235844       0.0170085042521261       0.0170085042521261       0.0170085042521261     0.000207637319134413       0.0011807226297552       0.0115335313446412     9.80081551942141e-05     9.80081551941507e-05       5.892600946953e-05
                     0.12        0.366727760546578        0.366727760546401        0.541838098449785       0.0172586293146573       0.0172586293146573       0.0172586293146573     0.000207701559931439      0.00118109971642012       0.0115361334931818     9.94631995394823e-05     9.94631995395433e-05     5.97996612018104e-05
                     0.12        0.366714400072737         0.36671440007278         0.54182811350121       0.0175087543771886       0.0175087543771886       0.0175087543771886     0.000207766747312741      0.00118148237058815        0.011538773930362     0.000100918848660693     0.000100918848660678     6.06736245645796e-05
                     0.12        0.366700843728907        0.366700843728775        0.541817982279882       0.0177588794397199       0.0177588794397199       0.0177588794397199     0.000207832881672323      0.00118187059498193       0.0115414526693108     0.000102375111516958     0.000102375111517005     6.15479041468085e-05
                     0.12        0.366687091359438        0.366687091359661        0.541807704675648       0.0180090045022511       0.0180090045022511       0.0180090045022511     0.000207899963426336       0.0011822643923465        0.011544169723338     0.000103831997076077     0.000103831997075997     6.24225045403937e-05
                     0.12        0.366673142801956        0.366673142802565        0.541797280570547       0.0182591295647824       0.0182591295647824       0.0182591295647824     0.000207967992931844      0.00118266376554896       0.0115469251060862     0.000105289514316077     0.000105289514315856     6.32974303412892e-05
                     0.12        0.366658997895616        0.366658997895832        0.541786709850389       0.0185092546273137       0.0185092546273137       0.0185092546273137     0.000208036970607849      0.00118306871742874       0.0115497188312929     0.000106747672222401     0.000106747672222321     6.41726861479778e-05
                     0.12        0.366644656477474        0.366644656477794        0.541775992398373       0.0187593796898449       0.0187593796898449       0.0187593796898449     0.000208106896872465      0.00118347925086856        0.011552550912858     0.000108206479789294     0.000108206479789174      6.5048276562378e-05
                     0.12        0.366630118377125        0.366630118377126        0.541765128092378       0.0190095047523762       0.0190095047523762       0.0190095047523762     0.000208177772105564      0.00118389536885533       0.0115554213650378     0.000109665946021966     0.000109665946021966     6.59242061902973e-05
                     0.12        0.366615383426459        0.366615383426678        0.541754116811959       0.0192596298149075       0.0192596298149075       0.0192596298149075      0.00020824959673401      0.00118431707435901       0.0115583302021481     0.000111126079933096     0.000111126079933012     6.68004796404832e-05
                     0.12        0.366600451455169         0.36660045145485        0.541742958434506       0.0195097548774387       0.0195097548774387       0.0195097548774387     0.000208322371183518       0.0011847443703995       0.0115612774387187     0.000112586890544596      0.00011258689054472     6.76771015252125e-05
                     0.12        0.366585322290887        0.366585322290564         0.54173165283789         0.01975987993997         0.01975987993997         0.01975987993997     0.000208396095908871      0.00118517726000987       0.0115642630894388     0.000114048386887683      0.00011404838688781     6.85540764599455e-05
                     0.12        0.366569995753601        0.366569995753715        0.541720199892327       0.0200100050025013       0.0200100050025013       0.0200100050025013     0.000208470771305203      0.00118561574634802       0.0115672871693477      0.00011551057800523     0.000115510578005184     6.94314090645951e-05
                     0.12        0.366554471669619         0.36655447166985        0.541708599473353       0.0202601300650325       0.0202601300650325       0.0202601300650325     0.000208546397853018      0.00118605983250797       0.0115703496934711     0.000116973472946383     0.000116973472946289     7.03091039616252e-05
                     0.12        0.366538749852266        0.366538749852485        0.541696851447336       0.0205102551275638       0.0205102551275638       0.0205102551275638     0.000208622975951454      0.00118650952174237        0.011573450677284     0.000118437080774381     0.000118437080774291     7.11871657783029e-05
                     0.12        0.366522830120864        0.366522830121034        0.541684955685559        0.020760380190095        0.020760380190095        0.020760380190095     0.000208700506081322      0.00118696481724398       0.0115765901362503      0.00011990141055908     0.000119901410559009     7.20655991445827e-05
                     0.12        0.366506712288425        0.366506712288732         0.54167291205296       0.0210105052526263       0.0210105052526263       0.0210105052526263     0.000208778988680651      0.00118742572230828       0.0115797680861387     0.000121366471382042     0.000121366471381913     7.29444086949011e-05
                     0.12        0.366490396166506         0.36649039616709        0.541660720415529       0.0212606303151576       0.0212606303151576       0.0212606303151576     0.000208858424219169      0.00118789224024251       0.0115829845428857     0.000122832272334704     0.000122832272334456     7.38235990670686e-05
                     0.12        0.366473881567804        0.366473881567988        0.541648380637895       0.0215107553776888       0.0215107553776888       0.0215107553776888     0.000208938813181681       0.0011883643743771        0.011586239522553     0.000124298822517371     0.000124298822517291     7.47031749026862e-05
                     0.12        0.366457168297598        0.366457168297217        0.541635892582527       0.0217608804402201       0.0217608804402201       0.0217608804402201     0.000209020156046819       0.0011888421281085        0.011589533041505     0.000125766131042977     0.000125766131043143      7.5583140847326e-05
                     0.12        0.366440256158919        0.366440256158299        0.541623256107065       0.0220110055027514       0.0220110055027514       0.0220110055027514     0.000209102453271773      0.00118932550490302        0.011592865116314     0.000127234207035079     0.000127234207035352     7.64635015510346e-05
                     0.12        0.366423144953356        0.366423144953198        0.541610471070305       0.0222611305652826       0.0222611305652826       0.0222611305652826     0.000209185705346705      0.00118981450823728       0.0115962357637179     0.000128703059627621     0.000128703059627692     7.73442616673906e-05
                     0.12        0.366405834482074        0.366405834482654        0.541597537329627       0.0225112556278139       0.0225112556278139       0.0225112556278139     0.000209269912773674      0.00119030914161904       0.0115996450006176     0.000130172697964586     0.000130172697964325      7.8225425853971e-05
                     0.12        0.366388324539145        0.366388324538788        0.541584454735971       0.0227613806903452       0.0227613806903452       0.0227613806903452     0.000209355076008777      0.00119080940866736       0.0116030928442607     0.000131643131203118     0.000131643131203281     7.91069987732735e-05
                     0.12        0.366370614921102        0.366370614920682        0.541571223145835       0.0230115057528764       0.0230115057528764       0.0230115057528764     0.000209441195592033      0.00119131531294118       0.0116065793118984     0.000133114368509376     0.000133114368509569     7.99889850906963e-05
                     0.12        0.366352705421531        0.366352705421264        0.541557842411038       0.0232616308154077       0.0232616308154077       0.0232616308154077      0.00020952827204012      0.00119182685807877       0.0116101044210507      0.00013458641906106     0.000134586419061185     8.08713894763414e-05
                     0.12        0.366334595829199         0.36633459582898        0.541544312379028        0.023511755877939        0.023511755877939        0.023511755877939     0.000209616305847607       0.0011923440477951       0.0116136681894951     0.000136059292048446     0.000136059292048549     8.17542166050387e-05
                     0.12        0.366316285933397        0.366316285933823        0.541530632901361       0.0237618809404702       0.0237618809404702       0.0237618809404702     0.000209705297574365      0.00119286688577605       0.0116172706351139     0.000137532996672032     0.000137532996671829     8.26374711548759e-05
                     0.12        0.366297775511774        0.366297775512188        0.541516803816968       0.0240120060030015       0.0240120060030015       0.0240120060030015     0.000209795247668329      0.00119339537589886       0.0116209117762506     0.000139007542148456     0.000139007542148257     8.35211578102715e-05
                     0.12        0.366279064353039        0.366279064353013        0.541502824974465       0.0242621310655328       0.0242621310655328       0.0242621310655328     0.000209886156714991      0.00119392952190892       0.0116245916311015     0.000140482937699833     0.000140482937699846     8.44052812579839e-05
                     0.12        0.366260152236451        0.366260152236443        0.541488696216468        0.024512256128064        0.024512256128064        0.024512256128064        0.000209978025254      0.00119446932766465       0.0116283102182223     0.000141959192563617     0.000141959192563621     8.52898461899953e-05
                     0.12        0.366241038934422        0.366241038934155        0.541474417380678       0.0247623811905953       0.0247623811905953       0.0247623811905953     0.000210070853793293      0.00119501479712053       0.0116320675565048     0.000143436315991626     0.000143436315991758     8.61748573033988e-05
                     0.12         0.36622172422819        0.366221724228927         0.54145998831064       0.0250125062531266       0.0250125062531266       0.0250125062531266     0.000210164642939402      0.00119556593414367       0.0116358636647375     0.000144914317242436     0.000144914317242067     8.70603192984168e-05
                     0.12        0.366202207885624        0.366202207884978        0.541445408837946       0.0252626313156578       0.0252626313156578       0.0252626313156578     0.000210259393187445      0.00119612274280207       0.0116396985622519     0.000146393205592471     0.000146393205592798     8.79462368818245e-05
                     0.12        0.366182489677862        0.366182489677771        0.541430678802126       0.0255127563781891       0.0255127563781891       0.0255127563781891     0.000210355105143584      0.00119668522706953       0.0116435722683215     0.000147872990327905     0.000147872990327952     8.88326147632079e-05
                     0.12        0.366162569369273        0.366162569369662        0.541415798032411       0.0257628814407204       0.0257628814407204       0.0257628814407204     0.000210451779331416      0.00119725339107692       0.0116474848026386     0.000149353680749847     0.000149353680749646     8.97194576585265e-05
                     0.12        0.366142446728695        0.366142446728817        0.541400766363621       0.0260130065032516       0.0260130065032516       0.0260130065032516     0.000210549416360162       0.0011978272388929       0.0116514361848912      0.00015083528616872     0.000150835286168656     9.06067702870738e-05
                     0.12        0.366122121516054        0.366122121516129        0.541385583624303       0.0262631315657829       0.0262631315657829       0.0262631315657829     0.000210648016795004      0.00119840677469684       0.0116554264351205     0.000152317815911275     0.000152317815911235     9.14945573738489e-05
                     0.12        0.366101593486062        0.366101593486713        0.541370249639155       0.0265132566283142       0.0265132566283142       0.0265132566283142     0.000210747581182391      0.00119899200274405       0.0116594555736413      0.00015380127931893     0.000153801279318584       9.238282364916e-05
                     0.12        0.366080862406641        0.366080862406197        0.541354764242391       0.0267633816908454       0.0267633816908454       0.0267633816908454     0.000210848110204269      0.00119958292715941       0.0116635236206126     0.000155285685738086     0.000155285685738325     9.32715738459469e-05
                     0.12        0.366059928023655        0.366059928023362        0.541339127250861       0.0270135067533767       0.0270135067533767       0.0270135067533767     0.000210949604377973      0.00120017955233547        0.011667630596845     0.000156771044538981      0.00015677104453914     9.41608127053011e-05
                     0.12        0.366038790089937        0.366038790089573        0.541323338489587        0.027263631815908        0.027263631815908        0.027263631815908     0.000211052064329253      0.00120078188258016       0.0116717765231463     0.000158257365100452     0.000158257365100652     9.50505449713218e-05
                     0.12        0.366017448355324        0.366017448355443        0.541307397777991       0.0275137568784392       0.0275137568784392       0.0275137568784392     0.000211155490658567      0.00120138992227673       0.0116759614205378     0.000159744656815339     0.000159744656815273     9.59407753939813e-05
                     0.12        0.365995902569756        0.365995902569154        0.541291304938173       0.0277638819409705       0.0277638819409705       0.0277638819409705      0.00021125988401402      0.00120200367580299       0.0116801853101895     0.000161232929088905      0.00016123292908924     9.68315087274479e-05
                     0.12         0.36597415246811        0.365974152467523        0.541275059779295       0.0280140070035017       0.0280140070035017       0.0280140070035017      0.00021136524493176      0.00120262314773382       0.0116844482137727     0.000162722191347455     0.000162722191347785     9.77227497334594e-05
                     0.12         0.36595219780208         0.36595219780211        0.541258662126209        0.028264132066033        0.028264132066033        0.028264132066033     0.000211471574145639      0.00120324834243768       0.0116887501526872     0.000164212453020691     0.000164212453020674     9.86145031752601e-05
                     0.12        0.365930038300469        0.365930038300335        0.541242111782543       0.0285142571285643       0.0285142571285643       0.0285142571285643     0.000211578872181765      0.00120387926460577       0.0116930911490795     0.000165703723564113      0.00016570372356419     9.95067738255799e-05
                     0.12        0.365907673708001        0.365907673707803        0.541225408566639       0.0287643821910955       0.0287643821910955       0.0287643821910955     0.000211687139759244      0.00120451591872606       0.0116974712248113      0.00016719601243725     0.000167196012437364     0.000100399566458925
                     0.12        0.365885103754257        0.365885103754593        0.541208552285746       0.0290145072536268       0.0290145072536268       0.0290145072536268     0.000211796377495434       0.0012051583094762       0.0117018904022671     0.000168689329121443     0.000168689329121247     0.000101292885857227
                     0.12        0.365862328170446        0.365862328170446        0.541191542746569       0.0292646323161581       0.0292646323161581       0.0292646323161581     0.000211906586032911      0.00120580644155017       0.0117063487039717     0.000170183683110454     0.000170183683110454     0.000102186736807617
                     0.12        0.365839346679871        0.365839346679871        0.541174379751132       0.0295147573786893       0.0295147573786893       0.0295147573786893     0.000212017765986793      0.00120646031973062       0.0117108461527523     0.000171679083916156     0.000171679083916156     0.000103081124103401
                     0.12        0.365816159016531        0.365816159016531        0.541157063110655       0.0297648824412206       0.0297648824412206       0.0297648824412206     0.000212129918102561      0.00120711994868201        0.011715382771334     0.000173175541057681     0.000173175541057681     0.000103976052540965
                     0.12        0.365792764897624        0.365792764897711        0.541139592622334       0.0300150075037519       0.0300150075037519       0.0300150075037519     0.000212243042995677      0.00120778533329173       0.0117199585830039     0.000174673064077833     0.000174673064077781     0.000104871526925084
                     0.12        0.365769164040871        0.365769164040683        0.541121968083729       0.0302651325662831       0.0302651325662831       0.0302651325662831     0.000212357141314699      0.00120845647845683       0.0117245736111977     0.000176171662533049     0.000176171662533164     0.000105767552065747
                     0.12        0.365745356170515        0.365745356170105        0.541104189297984       0.0305152576288144       0.0305152576288144       0.0305152576288144     0.000212472213798928      0.00120913338900382       0.0117292278793139     0.000177671345989777     0.000177671345990029     0.000106664132776954
                     0.12        0.365721340993924        0.365721340993117        0.541086256055684       0.0307653826913457       0.0307653826913457       0.0307653826913457     0.000212588261071223      0.00120981606997132       0.0117339214113342     0.000179172124038891     0.000179172124039391     0.000107561273881009
                     0.12        0.365697118230054        0.365697118229613        0.541068168157119       0.0310155077538769       0.0310155077538769       0.0310155077538769     0.000212705283892497      0.00121050452626452       0.0117386542310739     0.000180674006278421     0.000180674006278696     0.000108458980203347
                     0.12        0.365672687581235        0.365672687581372        0.541049925388325       0.0312656328164082       0.0312656328164082       0.0312656328164082     0.000212823282892346      0.00121119876301732       0.0117434263629447     0.000182177002331111     0.000182177002331025     0.000109357256578256
                     0.12        0.365648048758201         0.36564804875934        0.541031527542652       0.0315157578789395       0.0315157578789395       0.0315157578789395     0.000212942258810946      0.00121189878526846       0.0117482378312799     0.000183681121829036     0.000183681121828313     0.000110256107843813
                     0.12        0.365623201465549        0.365623201465618         0.54101297441006       0.0317658829414707       0.0317658829414707       0.0317658829414707     0.000213062212372002       0.0012126045981376       0.0117530886607373     0.000185186374422775     0.000185186374422731     0.000111155538844465
                     0.12        0.365598145400685        0.365598145400791        0.540994265773126        0.032016008004002        0.032016008004002        0.032016008004002     0.000213183144254604      0.00121331620684806       0.0117579788762536     0.000186692769782332     0.000186692769782264     0.000112055554432095
                     0.12        0.365572880263426        0.365572880263615        0.540975401417925       0.0322661330665333       0.0322661330665333       0.0322661330665333     0.000213305055198405      0.00121403361660332       0.0117629085028943     0.000188200317591164     0.000188200317591041     0.000112956159463412
                     0.12        0.365547405748177        0.365547405749152        0.540956381125934       0.0325162581290645       0.0325162581290645       0.0325162581290645     0.000213427945921756      0.00121475683268542       0.0117678775659882     0.000189709027551326     0.000189709027550686     0.000113857358801995
                     0.12        0.365521721548319         0.36552172154821        0.540937204677971       0.0327663831915958       0.0327663831915958       0.0327663831915958     0.000213551817161768      0.00121548586040916       0.0117728860910805       0.0001912189093808     0.000191218909380872      0.00011475915731737
                     0.12        0.365495827354723        0.365495827354579        0.540917871852468       0.0330165082541271       0.0330165082541271       0.0330165082541271     0.000213676669664077       0.0012162207051248       0.0117779341038698     0.000192729972814594      0.00019272997281469     0.000115661559885502
                     0.12        0.365469722845829         0.36546972284545        0.540898382420987       0.0332666333166583       0.0332666333166583       0.0332666333166583     0.000213802504113271      0.00121696137232895       0.0117830216305465     0.000194242227611554     0.000194242227611808     0.000116564571390007
                     0.12        0.365443407721778         0.36544340772152        0.540878736169118       0.0335167583791896       0.0335167583791896       0.0335167583791896     0.000213929321393032      0.00121770786729573       0.0117881486969019     0.000195755683531672     0.000195755683531846     0.000117468196716836
                     0.12        0.365416881644155        0.365416881644465        0.540858932854502       0.0337668834417209       0.0337668834417209       0.0337668834417209     0.000214057122093145      0.00121846019575603       0.0117933153298537     0.000197270350376705     0.000197270350376494     0.000118372440765148
                     0.12        0.365390144310955        0.365390144310742        0.540838972261499       0.0340170085042521       0.0340170085042521       0.0340170085042521     0.000214185907138103      0.00121921836303904       0.0117985215555616     0.000198786237939744     0.000198786237939891     0.000119277308433225
                     0.12        0.365363195384255        0.365363195383689        0.540818854149503       0.0342671335667834       0.0342671335667834       0.0342671335667834     0.000214315677193842      0.00121998237488278       0.0118037674012075     0.000200303356054436     0.000200303356054828      0.00012018280463196
                     0.12        0.365336034542462        0.365336034542817        0.540798578288331       0.0345172586293147       0.0345172586293147       0.0345172586293147     0.000214446433080967      0.00122075223686629       0.0118090528937287     0.000201821714559552     0.000201821714559305     0.000121088934275685
                     0.12        0.365308661452826         0.36530866145248        0.540778144439775       0.0347673836918459       0.0347673836918459       0.0347673836918459     0.000214578175552753      0.00122152795471935       0.0118143780605346     0.000203341323317976     0.000203341323318219     0.000121995702287069
                     0.12        0.365281075783535        0.365281075783006        0.540757552367093       0.0350175087543772       0.0350175087543772       0.0350175087543772       0.0002147109054111      0.00122230953415621       0.0118197429290957     0.000204862192208508     0.000204862192208882     0.000122903113594668
                     0.12        0.365253277201057        0.365253277200575         0.54073680183302       0.0352676338169085       0.0352676338169085       0.0352676338169085     0.000214844623479038      0.00122309698092405       0.0118251475271139     0.000206384331127832     0.000206384331128175     0.000123811173133486
                     0.12        0.365225265360034        0.365225265358855        0.540715892589671       0.0355177588794397       0.0355177588794397       0.0355177588794397     0.000214979330491742      0.00122389030094041       0.0118305918827547      0.00020790774999791     0.000207907749998757     0.000124719885847803
                     0.12        0.365197039928001        0.365197039928159        0.540694824400976        0.035767883941971        0.035767883941971        0.035767883941971     0.000215115027347307      0.00122468949995785       0.0118360760239547     0.000209432458748479     0.000209432458748365     0.000125629256685095
                     0.12         0.36516860054564        0.365168600545639         0.54067359700976       0.0360180090045022       0.0360180090045022       0.0360180090045022     0.000215251714729123      0.00122549458408045       0.0118415999795574     0.000210958467345801     0.000210958467345802     0.000126539290605156
                     0.12        0.365139946883753        0.365139946883646        0.540652210181024       0.0362681340670335       0.0362681340670335       0.0362681340670335      0.00021538939361164      0.00122630555906713       0.0118471637777512     0.000212485785751586     0.000212485785751665     0.000127449992568163
                     0.12        0.365111078576211        0.365111078575211        0.540630663651775       0.0365182591295648       0.0365182591295648       0.0365182591295648     0.000215528064677284      0.00122712243113049       0.0118527674478322     0.000214014423971918     0.000214014423972658     0.000128361367548718
                     0.12        0.365081995281379        0.365081995281297        0.540608957182931        0.036768384192096        0.036768384192096        0.036768384192096     0.000215667728901192      0.00122794520615191       0.0118584110185686     0.000215544392012532     0.000215544392012593      0.00012927342052135
                     0.12        0.365052696627581        0.365052696627567        0.540587090504184       0.0370185092546273       0.0370185092546273       0.0370185092546273     0.000215808386951274      0.00122877389047115        0.011864094519749     0.000217075699919195     0.000217075699919205     0.000130186156476165
                     0.12        0.365023182273926        0.365023182273332        0.540565063372838       0.0372686343171586       0.0372686343171586       0.0372686343171586     0.000215950039831415      0.00122960849003419       0.0118698179804754     0.000218608357732608     0.000218608357733057     0.000131099580402162
                     0.12        0.364993451838161        0.364993451837424        0.540542875520259       0.0375187593796898       0.0375187593796898       0.0375187593796898     0.000216092688268221      0.00123044901123454       0.0118755814310244     0.000220142375542606     0.000220142375543168     0.000132013697302618
                     0.12        0.364963504974261        0.364963504974991        0.540520526695163       0.0377688844422211       0.0377688844422211       0.0377688844422211      0.00021623633324367       0.0012312954601488       0.0118813849009553     0.000221677763429867     0.000221677763429308     0.000132928512182667
                     0.12        0.364933341290597         0.36493334129095        0.540498016619267       0.0380190095047524       0.0380190095047524       0.0380190095047524     0.000216380975438229      0.00123214784334364        0.011887228421149     0.000223214531528206     0.000223214531527933     0.000133844030062287
                     0.12        0.364902960442279        0.364902960440572        0.540475345046208       0.0382691345672836       0.0382691345672836       0.0382691345672836     0.000216526615940828      0.00123300616687563       0.0118931120214415     0.000224752689954109     0.000224752689955436     0.000134760255959065
                     0.12        0.364872362034783        0.364872362035098         0.54045251169688       0.0385192596298149       0.0385192596298149       0.0385192596298149     0.000216673255492263      0.00123387043733986       0.0118990357330046        0.000226292248881     0.000226292248880753     0.000135677194907305
                     0.12        0.364841545696626        0.364841545696309        0.540429516303404       0.0387693846923462       0.0387693846923462       0.0387693846923462     0.000216820894994578      0.00123474066116269       0.0119049995867306     0.000227833218483393     0.000227833218483643     0.000136594851945127
                     0.12        0.364810511046066        0.364810511045513        0.540406358594121       0.0390195097548774       0.0390195097548774       0.0390195097548774     0.000216969535339458      0.00123561684484521        0.011911003613819     0.000229375608962789     0.000229375608963227     0.000137513232118952
                     0.12        0.364779257700183        0.364779257699612        0.540383038297132       0.0392696348174087       0.0392696348174087       0.0392696348174087     0.000217119177442548      0.00123649899491821       0.0119170478456877     0.000230919430540789     0.000230919430541246       0.0001384323404825
                     0.12        0.364747785273176        0.364747785273456        0.540359555136658         0.03951975987994         0.03951975987994         0.03951975987994     0.000217269822211468      0.00123738711797457       0.0119231323139763     0.000232464693460592     0.000232464693460366     0.000139352182097954
                     0.12        0.364716093364618        0.364716093365584         0.54033590882634       0.0397698849424712       0.0397698849424712       0.0397698849424712       0.0002174214704634      0.00123828122079248       0.0119292570508766     0.000234011407996663     0.000234011407995881     0.000140272762038125
                     0.12        0.364684181593686        0.364684181593311        0.540312099094717       0.0400200100050025       0.0400200100050025       0.0400200100050025     0.000217574123216505      0.00123918130993605       0.0119354220882545     0.000235559584427347     0.000235559584427652     0.000141194085378636
                     0.12        0.364652049560932        0.364652049559998        0.540288125657579       0.0402701350675338       0.0402701350675338       0.0402701350675338     0.000217727781375396      0.00124008739217878       0.0119416274585344     0.000237109233065776     0.000237109233066543     0.000142116157206509
                     0.12        0.364619696862647        0.364619696862161         0.54026398822764        0.040520260130065        0.040520260130065        0.040520260130065       0.0002178824458412      0.00124099947436313        0.011947873194453     0.000238660364248618     0.000238660364249019     0.000143038982617273
                     0.12        0.364587123094771        0.364587123094894        0.540239686515323       0.0407703851925963       0.0407703851925963       0.0407703851925963     0.000218038117525202      0.00124191756337157       0.0119541593289326     0.000240212988333029     0.000240212988332927     0.000143962566714792
                     0.12        0.364554327857988        0.364554327856804        0.540215220235151       0.0410205102551276       0.0410205102551276       0.0410205102551276     0.000218194797414549       0.0012428416660435       0.0119604858949402     0.000241767115692509     0.000241767115693499     0.000144886914609277
                     0.12        0.364521310740638         0.36452131074019        0.540190589096172       0.0412706353176588       0.0412706353176588       0.0412706353176588     0.000218352486463187      0.00124377178932737       0.0119668529258366     0.000243322756731246     0.000243322756731623     0.000145812031420377
                     0.12        0.364488071317824        0.364488071317341        0.540165792796432       0.0415207603801901       0.0415207603801901       0.0415207603801901     0.000218511185529034      0.00124470794036605       0.0119732604555583     0.000244879921885303     0.000244879921885712     0.000146737922279077
                     0.12        0.364454609193359         0.36445460919416        0.540140831049632       0.0417708854427214       0.0417708854427214       0.0417708854427214     0.000218670895701437      0.00124565012602588       0.0119797085174522     0.000246438621587324     0.000246438621586642     0.000147664592319135
                     0.12        0.364420923933992        0.364420923934181        0.540115703549227       0.0420210105052526       0.0420210105052526       0.0420210105052526     0.000218831617847096      0.00124659835356134       0.0119861971459842     0.000247998866322271     0.000247998866322109     0.000148592046688777
                     0.12        0.364387015131272        0.364387015131066        0.540090410003781       0.0422711355677839       0.0422711355677839       0.0422711355677839     0.000218993353052067      0.00124755262997273       0.0119927263751126     0.000249560666575126     0.000249560666575304     0.000149520290539244
                     0.12        0.364352882341009         0.36435288234189        0.540064950096471       0.0425212606303152       0.0425212606303152       0.0425212606303152     0.000219156102143896      0.00124851296267985       0.0119992962398767     0.000251124032882906     0.000251124032882141      0.00015044932903817
                     0.12         0.36431852514025        0.364318525140186        0.540039323527059       0.0427713856928464       0.0427713856928464       0.0427713856928464     0.000219319866163616      0.00124947935887465       0.0120059067749724     0.000252688975785929     0.000252688975785985      0.00015137916735582
                     0.12        0.364283943108897        0.364283943109254        0.540013529994141       0.0430215107553777       0.0430215107553777       0.0430215107553777     0.000219484646189396      0.00125045182574516       0.0120125580151393     0.000254255505843515       0.0002542555058432     0.000152309810670945
                     0.12        0.364249135794161        0.364249135794194         0.53998756917709        0.043271635817909        0.043271635817909        0.043271635817909     0.000219650443096006      0.00125143037083799       0.0120192499961473     0.000255823633665444     0.000255823633665415     0.000153241264176971
                     0.12           0.364214102767         0.36421410276812        0.539961440768676       0.0435217608804402       0.0435217608804402       0.0435217608804402     0.000219817257958384      0.00125241500146905        0.012025982753291     0.000257393369862721     0.000257393369861724     0.000154173533071103
                     0.12        0.364178843585564         0.36417884358626        0.539935144455908       0.0437718859429715       0.0437718859429715       0.0437718859429715     0.000219985091806364      0.00125340572509386       0.0120327563224019      0.00025896472507976     0.000258964725079137     0.000155106622560808
                     0.12        0.364143357801273        0.364143357800855        0.539908679917587       0.0440220110055028       0.0440220110055028       0.0440220110055028     0.000220153945622088      0.00125440254928159       0.0120395707396172     0.000260537709989367     0.000260537709989744     0.000156040537864771
                     0.12         0.36410764496058        0.364107644961084        0.539882046832288        0.044272136068034        0.044272136068034        0.044272136068034     0.000220323820412361      0.00125540548163672       0.0120464260413297      0.00026211233529142     0.000262112335290963     0.000156975284210248
                     0.12        0.364071704617363        0.364071704616231        0.539855244881181       0.0445222611305653       0.0445222611305653       0.0445222611305653     0.000220494717248408      0.00125641452973659       0.0120533222640034     0.000263688611701815     0.000263688611702847     0.000157910866832122
                     0.12        0.364035536311529        0.364035536313162        0.539828273737198       0.0447723861930965       0.0447723861930965       0.0447723861930965     0.000220666637148169      0.00125742970128803       0.0120602594444884     0.000265266549971994     0.000265266549970496     0.000158847290976742
                     0.12        0.363999139591783        0.363999139591218        0.539801133077433       0.0450225112556278       0.0450225112556278       0.0450225112556278     0.000220839581201795      0.00125845100397062       0.0120672376197669     0.000266846160868417     0.000266846160868938     0.000159784561897654
                     0.12        0.363962513981039        0.363962513979782         0.53977382256361       0.0452726363181591       0.0452726363181591       0.0452726363181591     0.000221013550364975      0.00125947844570486       0.0120742568274496     0.000268427455204536     0.000268427455205703     0.000160722684862569
                     0.12        0.363925659020006        0.363925659020058        0.539746341870751       0.0455227613806903       0.0455227613806903       0.0455227613806903     0.000221188545774138      0.00126051203423308        0.012081317104935     0.000270010443800914     0.000270010443800865     0.000161661665143297
                     0.12        0.363888574239605        0.363888574239291        0.539718690660822       0.0457728864432216       0.0457728864432216       0.0457728864432216     0.000221364568462855      0.00126155177748905       0.0120884184901045     0.000271595137510741     0.000271595137511036     0.000162601508025144
                     0.12        0.363851259165198        0.363851259165426        0.539690868597616       0.0460230115057529       0.0460230115057529       0.0460230115057529     0.000221541619511434       0.0012625976834154       0.0120955610210538     0.000273181547216224     0.000273181547216008     0.000163542218801711
                     0.12        0.363813713320679        0.363813713321227        0.539662875344851       0.0462731365682841       0.0462731365682841       0.0462731365682841     0.000221719700028999      0.00126364975998543       0.0121027447361251     0.000274769683824954     0.000274769683824434     0.000164483802775605
                     0.12        0.363775936229273         0.36377593623018        0.539634710558962       0.0465232616308154       0.0465232616308154       0.0465232616308154     0.000221898811096216       0.0012647080152549       0.0121099696738609     0.000276359558269295     0.000276359558268428     0.000165426265261139
                     0.12        0.363737927394159        0.363737927393819        0.539606373889279       0.0467733866933467       0.0467733866933467       0.0467733866933467     0.000222078953727445      0.00126577245745776       0.0121172358734703     0.000277951181525129     0.000277951181525456     0.000166369611584382
                     0.12        0.363699686341318        0.363699686341461        0.539577864997537       0.0470235117558779       0.0470235117558779       0.0470235117558779     0.000222260129128887      0.00126684309460968       0.0121245433737121     0.000279544564571109      0.00027954456457097      0.00016731384707605
                     0.12        0.363661212569421        0.363661212570091        0.539549183526321       0.0472736368184092       0.0472736368184092       0.0472736368184092     0.000222442338319834      0.00126791993505775       0.0121318922142742     0.000281139718436846     0.000281139718436195     0.000168258977083191
                     0.12        0.363622505584455        0.363622505584291         0.53952032912498       0.0475237618809405       0.0475237618809405       0.0475237618809405     0.000222625582427482      0.00126900298706601       0.0121392824348056      0.00028273665416993      0.00028273665417009     0.000169205006959715
                     0.12        0.363583564896088        0.363583564896217        0.539491301445756       0.0477738869434717       0.0477738869434717       0.0477738869434717     0.000222809862652423      0.00127009225886019       0.0121467140750003     0.000284335382839407      0.00028433538283928     0.000170151942067829
                     0.12        0.363544389991582        0.363544389991582        0.539462100122222        0.048024012006003        0.048024012006003        0.048024012006003     0.000222995180021911      0.00127118775896779       0.0121541871753472     0.000285935915561585     0.000285935915561585     0.000171099787786237
                     0.12        0.363504980368949         0.36350498036947        0.539432724797121       0.0482741370685343       0.0482741370685343       0.0482741370685343     0.000223181535702468      0.00127228949578966       0.0121617017761963     0.000287538263467798      0.00028753826346728     0.000172048549499764
                     0.12        0.363465335523526        0.363465335524442        0.539403175113943       0.0485242621310655       0.0485242621310655       0.0485242621310655      0.00022336893089752      0.00127339747775103       0.0121692579181509      0.00028914243771765     0.000289142437716734     0.000172998232602538
                     0.12        0.363425454925525        0.363425454926766        0.539373450694466       0.0487743871935968       0.0487743871935968       0.0487743871935968     0.000223557366610769       0.0012745117136085       0.0121768556426316     0.000290748449521765     0.000290748449520518     0.000173948842506701
                     0.12        0.363385338080268        0.363385338081252        0.539343551185382       0.0490245122561281       0.0490245122561281       0.0490245122561281     0.000223746844166192      0.00127563221174004       0.0121844949903477     0.000292356310081714     0.000292356310080719     0.000174900384624592
                     0.12        0.363344984451627        0.363344984451608        0.539313476206265       0.0492746373186593       0.0492746373186593       0.0492746373186593     0.000223937364610946      0.00127675898098203       0.0121921760032259      0.00029396603066697      0.00029396603066699      0.00017585286438884
                     0.12        0.363304393520167        0.363304393519765        0.539283225389424       0.0495247623811906       0.0495247623811906       0.0495247623811906     0.000224128929173333      0.00127789202998603       0.0121998987229196     0.000295577622556759      0.00029557762255717     0.000176806287237056
                     0.12        0.363263564743945        0.363263564744927        0.539252798351185       0.0497748874437219       0.0497748874437219       0.0497748874437219     0.000224321538936707      0.00127903136767188       0.0122076631918289     0.000297191097079985     0.000297191097078976      0.00017776065862309
                     0.12        0.363222497612029        0.363222497611758        0.539222194722524       0.0500250125062531       0.0500250125062531       0.0500250125062531     0.000224515195204313      0.00128017700270715       0.0122154694518488     0.000298806465560692     0.000298806465560972     0.000178715984005091
                     0.12        0.363181191572369         0.36318119157157        0.539191414116353       0.0502751375687844       0.0502751375687844       0.0502751375687844     0.000224709899088113      0.00128132894411447       0.0122233175459434     0.000300423739392232     0.000300423739393062     0.000179672268858453
                     0.12        0.363139646092893        0.363139646092285         0.53916045615072       0.0505252626313157       0.0505252626313157       0.0505252626313157      0.00022490565181886      0.00128248720079885       0.0122312075168403      0.00030204292997473     0.000302042929975365     0.000180629518666753
                     0.12        0.363097860624979        0.363097860625985        0.539129320440669       0.0507753876938469       0.0507753876938469       0.0507753876938469     0.000225102454607766      0.00128365178178286       0.0122391394078054     0.000303664048752999     0.000303664048751942     0.000181587738925032
                     0.12         0.36305583462145        0.363055834622244        0.539098006593197       0.0510255127563782       0.0510255127563782       0.0510255127563782     0.000225300308634234       0.0012848226961812       0.0122471132623411     0.000305287107198123     0.000305287107197285      0.00018254693514192
                     0.12        0.363013567530394        0.363013567529615        0.539066514216898       0.0512756378189095       0.0512756378189095       0.0512756378189095     0.000225499215124159      0.00128599995312179       0.0122551291241793     0.000306912116814101     0.000306912116814927     0.000183507112835849
                     0.12        0.362971058799207        0.362971058798966        0.539034842919328       0.0515257628814407       0.0515257628814407       0.0515257628814407     0.000225699175335443       0.0012871835617532        0.012263187037225     0.000308539089133785     0.000308539089134042      0.00018446827753616
                     0.12        0.362928307862766        0.362928307863453        0.539002992300902        0.051775887943972        0.051775887943972        0.051775887943972     0.000225900190473118      0.00128837353137508       0.0122712870459187     0.000310168035731705     0.000310168035730969     0.000185430434785686
                     0.12        0.362885314155932        0.362885314155424        0.538970961957655       0.0520260130065032       0.0520260130065032       0.0520260130065032     0.000226102261744403      0.00128956987134452       0.0122794291949283     0.000311798968211068     0.000311798968211616     0.000186393590139736
                     0.12        0.362842077110879        0.362842077110266        0.538938751487526       0.0522761380690345       0.0522761380690345       0.0522761380690345     0.000226305390410974      0.00129077259101488       0.0122876135290751      0.00031343189820677     0.000313431898207435     0.000187357749163583
                     0.12        0.362798596153526        0.362798596154369        0.538906360484261       0.0525262631315658       0.0525262631315658       0.0525262631315658     0.000226509577724528       0.0012919816998285       0.0122958400935603     0.000315066837389493     0.000315066837388574      0.00018832291743504
                     0.12        0.362754870720437        0.362754870720333        0.538873788545022        0.052776388194097        0.052776388194097        0.052776388194097     0.000226714825020714      0.00129319720717187       0.0123041089335566     0.000316703797447489     0.000316703797447602     0.000189289100541364
                     0.12        0.362710900221795        0.362710900222149        0.538841035252681       0.0530265132566283       0.0530265132566283       0.0530265132566283      0.00022692113350992      0.00129441912268313       0.0123124200949929     0.000318342790127168     0.000318342790126779     0.000190256304086761
                     0.12        0.362666684074488          0.3626666840743        0.538808100193462       0.0532766383191596       0.0532766383191596       0.0532766383191596     0.000227128504477599      0.00129564745596737        0.012320773623879     0.000319983827197362     0.000319983827197571     0.000191224533685092
                     0.12        0.362622221691691        0.362622221692301         0.53877498294915       0.0535267633816908       0.0535267633816908       0.0535267633816908     0.000227336939209673      0.00129688221669207       0.0123291695664711     0.000321626920460847     0.000321626920460168     0.000192193794963224
                     0.12        0.362577512471791        0.362577512470711         0.53874168309421       0.0537768884442221       0.0537768884442221       0.0537768884442221     0.000227546438934335      0.00129812341468996       0.0123376079696269     0.000323272081766955     0.000323272081768162     0.000193164093562366
                     0.12        0.362532555829571        0.362532555828869        0.538708200213477       0.0540270135067534       0.0540270135067534       0.0540270135067534     0.000227757005048936      0.00129937105961727       0.0123460888798884     0.000324919322977095     0.000324919322977884     0.000194135435130569
                     0.12        0.362487351159607        0.362487351160379        0.538674533878351       0.0542771385692846       0.0542771385692846       0.0542771385692846      0.00022796863883312      0.00130062516137595       0.0123546123445609     0.000326568656005736     0.000326568656004865     0.000195107825332999
                     0.12        0.362441897850983        0.362441897852168        0.538640683651408       0.0545272636318159       0.0545272636318159       0.0545272636318159     0.000228181341519675      0.00130188572999299       0.0123631784113142     0.000328220092804425     0.000328220092803081      0.00019608126985013
                     0.12        0.362396195299943        0.362396195300766        0.538606649108029       0.0547773886943472       0.0547773886943472       0.0547773886943472     0.000228395114508326      0.00130315277535236       0.0123717871277481     0.000329873645347634     0.000329873645346695     0.000197055774368405
                     0.12         0.36235024288548        0.362350242883716          0.5385724298038       0.0550275137568784       0.0550275137568784       0.0550275137568784      0.00022860995903556      0.00130442630762064       0.0123804385421539     0.000331529325660677     0.000331529325662699     0.000198031344594531
                     0.12        0.362304040003874        0.362304040002932         0.53853802531625       0.0552776388194097       0.0552776388194097       0.0552776388194097     0.000228825876608066      0.00130570633667912       0.0123891327024401     0.000333187145780543     0.000333187145781628     0.000199007986237256
                     0.12        0.362257586023674        0.362257586023652        0.538503435193436        0.055527763881941        0.055527763881941        0.055527763881941     0.000229042868459685      0.00130699287284654       0.0123978696575646     0.000334847117807656     0.000334847117807681     0.000199985705030073
                     0.12        0.362210880309303        0.362210880309392        0.538468658986626       0.0557778889444722       0.0557778889444722       0.0557778889444722     0.000229260935888952         0.00130828592644       0.0124066494567227     0.000336509253879338     0.000336509253879235     0.000200964506716989
                     0.12          0.3621639222466        0.362163922245665        0.538433696256871       0.0560280140070035       0.0560280140070035       0.0560280140070035     0.000229480080360625      0.00130958550760066       0.0124154721487687     0.000338173566140205     0.000338173566141299     0.000201944397049581
                     0.12        0.362116711185922        0.362116711185339        0.538398546546676       0.0562781390695348       0.0562781390695348       0.0562781390695348     0.000229700303159257      0.00131089162681383       0.0124243377835952      0.00033984006680853     0.000339840066809215     0.000202925381799753
                     0.12        0.362069246490527         0.36206924649082        0.538363209405811        0.056528264132066        0.056528264132066        0.056528264132066     0.000229921605695169      0.00131220429446041       0.0124332464109987     0.000341508768120282     0.000341508768119936     0.000203907466748277
                     0.12        0.362021527517633        0.362021527517746        0.538327684374414       0.0567783891945973       0.0567783891945973       0.0567783891945973     0.000230143989327476      0.00131352352105544       0.0124421980811685     0.000343179682351364      0.00034317968235123     0.000204890657692481
                     0.12        0.361973553622364         0.36197355362159        0.538291970999675       0.0570285142571286       0.0570285142571286       0.0570285142571286     0.000230367455515062      0.00131484931706832       0.0124511928444543     0.000344852821813218     0.000344852821814141     0.000205874960438767
                     0.12        0.361925324136675        0.361925324136355        0.538256068803693       0.0572786393196598       0.0572786393196598       0.0572786393196598     0.000230592005504598      0.00131618169331949       0.0124602307520414     0.000346528198878277     0.000346528198878661     0.000206860380817401
                     0.12        0.361876838416004        0.361876838414806        0.538219977333595       0.0575287643821911       0.0575287643821911       0.0575287643821911      0.00023081764084042      0.00131752066031431       0.0124693118547052     0.000348205825924615     0.000348205825926057     0.000207846924659644
                     0.12        0.361828095782782        0.361828095784079        0.538183696107387       0.0577788894447224       0.0577788894447224       0.0577788894447224     0.000231044362804734      0.00131886622897874       0.0124784362042089     0.000349885715403734     0.000349885715402164     0.000208834597822731
                     0.12        0.361779095594223        0.361779095594503        0.538147224670328       0.0580290145072536       0.0580290145072536       0.0580290145072536     0.000231272173012505      0.00132021840986699       0.0124876038517344     0.000351567879759275     0.000351567879758935     0.000209823406163894
                     0.12        0.361729837150579        0.361729837150485        0.538110562524998       0.0582791395697849       0.0582791395697849       0.0582791395697849     0.000231501072660921      0.00132157721418149       0.0124968148500183     0.000353252331538193     0.000353252331538308     0.000210813355572983
                     0.12        0.361680319799424        0.361680319800272        0.538073709213243       0.0585292646323162       0.0585292646323162       0.0585292646323162     0.000231731063412295      0.00132294265256501       0.0125060692507737     0.000354939083264592     0.000354939083263552     0.000211804451934302
                     0.12        0.361630542838435        0.361630542836778        0.538036664231971       0.0587793896948474       0.0587793896948474       0.0587793896948474     0.000231962146492595       0.0013243147363349       0.0125153671073276     0.000356628147558354     0.000356628147560397     0.000212796701166199
                     0.12         0.36158050558426        0.361580505584808        0.537999427102659       0.0590295147573787       0.0590295147573787       0.0590295147573787     0.000232194323427672       0.0013256934764781       0.0125247084724879      0.00035831953705143     0.000358319537050751     0.000213790109188478
                     0.12        0.361530207364922         0.36153020736485        0.537961997346952       0.0592796398199099       0.0592796398199099       0.0592796398199099     0.000232427595797929       0.0013270788839789       0.0125340933991984     0.000360013264396887     0.000360013264396976     0.000214784681933882
                     0.12        0.361479647458861        0.361479647460715        0.537924374454793       0.0595297648824412       0.0595297648824412       0.0595297648824412     0.000232661964877819      0.00132847097032915       0.0125435219417196     0.000361709342344947     0.000361709342342629     0.000215780425363497
                     0.12        0.361428825179156        0.361428825178526         0.53788655793709       0.0597798899449725       0.0597798899449725       0.0597798899449725     0.000232897432219357      0.00132986974671016       0.0125529941537731      0.00036340778363878     0.000363407783639571     0.000216777345441692
                     0.12        0.361377739817011        0.361377739817668         0.53784854729671       0.0600300150075037       0.0600300150075037       0.0600300150075037       0.0002331339993248      0.00133127522445856        0.012562510089635     0.000365108601084967     0.000365108601084138     0.000217775448150051
                     0.12        0.361326390659803        0.361326390660414        0.537810342024619        0.060280140070035        0.060280140070035        0.060280140070035     0.000233371667621034      0.00133268741508467       0.0125720698040783     0.000366811807531408     0.000366811807530632     0.000218774739489403
                     0.12        0.361274777007348        0.361274777005823         0.53777194162735       0.0605302651325663       0.0605302651325663       0.0605302651325663     0.000233610438741667      0.00133410632990215       0.0125816733516733     0.000368517415846862     0.000368517415848804     0.000219775225466554
                     0.12        0.361222898118189        0.361222898118337        0.537733345583111       0.0607803901950975       0.0607803901950975       0.0607803901950975     0.000233850314055081      0.00133553198067671       0.0125913207881832      0.00037022543898948      0.00037022543898929     0.000220776912115802
                     0.12        0.361170753281589        0.361170753282062        0.537694553387971       0.0610305152576288       0.0610305152576288       0.0610305152576288     0.000234091295174599      0.00133696437890774       0.0126010121689185     0.000371935889915607        0.000371935889915     0.000221779805476459
                     0.12        0.361118341755228        0.361118341755103        0.537655564509404       0.0612806403201601       0.0612806403201601       0.0612806403201601     0.000234333383464604      0.00133840353650747       0.0126107475501986     0.000373648781659507     0.000373648781659668     0.000222783911615821
                     0.12        0.361065662815822         0.36106566281743        0.537616378445778       0.0615307653826913       0.0615307653826913       0.0615307653826913     0.000234576580636147        0.001339849465022       0.0126205269879023     0.000375364127268763     0.000375364127266677     0.000223789236599828
                     0.12         0.36101271570871        0.361012715708735        0.537576994657153       0.0617808904452226       0.0617808904452226       0.0617808904452226       0.0002348208880582      0.00134130217653277       0.0126303505391464     0.000377081939869595     0.000377081939869562     0.000224795786527527
                     0.12        0.360959499699542        0.360959499699567        0.537537412626818       0.0620310155077539       0.0620310155077539       0.0620310155077539     0.000235066307388752      0.00134276168280324       0.0126402182605298     0.000378802232600256     0.000378802232600223     0.000225803567500534
                     0.12         0.36090601404222        0.360906014042935        0.537497631827845       0.0622811405702851       0.0622811405702851       0.0622811405702851      0.00023531284022188      0.00134422799577387       0.0126501302092544      0.00038052501865276      0.00038052501865182     0.000226812585639779
                     0.12        0.360852257966081        0.360852257967364        0.537457651713743       0.0625312656328164       0.0625312656328164       0.0625312656328164     0.000235560487989103      0.00134570112769414       0.0126600864433848     0.000382250311290334     0.000382250311288638     0.000227822847090461
                     0.12        0.360798230712425        0.360798230712012        0.537417471746529       0.0627813906953477       0.0627813906953477       0.0627813906953477     0.000235809252262582      0.00134718109069785         0.01267008702089     0.000383978123799811     0.000383978123800359     0.000228834358007975
                     0.12        0.360743931529438        0.360743931529776        0.537377091397971       0.0630315157578789       0.0630315157578789       0.0630315157578789      0.00023605913476421      0.00134866789679615       0.0126801319996601     0.000385708469498218     0.000385708469497769     0.000229847124557244
                     0.12        0.360689359632904        0.360689359630843        0.537336510112715       0.0632816408204102       0.0632816408204102       0.0632816408204102     0.000236310136967448      0.00135016155843889       0.0126902214387875      0.00038744136178535     0.000387441361788109     0.000230861152931712
                     0.12        0.360634514252584        0.360634514252925        0.537295727348349       0.0635317658829415       0.0635317658829415       0.0635317658829415     0.000236562260542028       0.0013516620878759       0.0127003553970413     0.000389176814082497     0.000389176814082038     0.000231876449332949
                     0.12        0.360579394581424        0.360579394581424        0.537254742529438       0.0637818909454727       0.0637818909454727       0.0637818909454727     0.000236815506846073      0.00135316949788254       0.0127105339345733     0.000390914839900842     0.000390914839900842     0.000232893019994517
                     0.12        0.360523999880368        0.360523999878514        0.537213555138178        0.064032016008004        0.064032016008004        0.064032016008004     0.000237069877906674      0.00135468380038327       0.0127207571098118     0.000392655452700462     0.000392655452702979     0.000233910871134988
                     0.12        0.360468329315332        0.360468329316717        0.537172164586642       0.0642821410705353       0.0642821410705353       0.0642821410705353     0.000237325375041005      0.00135620500839059       0.0127310249838539     0.000394398666110703     0.000394398666108815      0.00023493000902449
                     0.12        0.360412382096903        0.360412382096582        0.537130570308638       0.0645322661330665       0.0645322661330665       0.0645322661330665     0.000237581999865032      0.00135773313456442       0.0127413376170756     0.000396144493741923     0.000396144493742362     0.000235950439937101
                     0.12        0.360356157432387        0.360356157431472        0.537088771753823       0.0647823911955978       0.0647823911955978       0.0647823911955978     0.000237839754189242      0.00135926819141064       0.0127516950698694      0.00039789294925026     0.000397892949251518     0.000236972170153789
                     0.12        0.360299654498647        0.360299654499324        0.537046768340013       0.0650325162581291       0.0650325162581291       0.0650325162581291     0.000238098639545541      0.00136081019189629       0.0127620974037573     0.000399644046375425     0.000399644046374491     0.000237995205987696
                     0.12        0.360242872489916        0.360242872488339        0.537004559492205       0.0652826413206603       0.0652826413206603       0.0652826413206603     0.000238358657602092      0.00136235914887399       0.0127725446801306     0.000401397798875461     0.000401397798877649     0.000239019553763715
                     0.12         0.36018581058213        0.360185810583825        0.536962144637384       0.0655327663831916       0.0655327663831916       0.0655327663831916     0.000238619810077077      0.00136391507524109        0.012783036960817     0.000403154220576082      0.00040315422057372     0.000240045219821261
                     0.12        0.360128467939864        0.360128467939891        0.536919523176403       0.0657828914457229       0.0657828914457229       0.0657828914457229     0.000238882098481618      0.00136547798424989        0.012793574308498     0.000404913325361707     0.000404913325361669     0.000241072210529505
                     0.12        0.360070843750935        0.360070843750051        0.536876694540756       0.0660330165082541       0.0660330165082541       0.0660330165082541     0.000239145524691457      0.00136704788874058       0.0128041567851756     0.000406675127127333     0.000406675127128576     0.000242100532256975
                     0.12        0.360012937160651        0.360012937160624         0.53683365812752       0.0662831415707854       0.0662831415707854       0.0662831415707854     0.000239410090267109       0.0013686248020923       0.0128147844542949     0.000408439639870829     0.000408439639870868     0.000243130191406693
                     0.12        0.359954747334109        0.359954747333523        0.536790413346246       0.0665332666333167       0.0665332666333167       0.0665332666333167     0.000239675796956842        0.001370208737503       0.0128254573790431     0.000410206877606085     0.000410206877606916     0.000244161194391015
                     0.12        0.359896273414583        0.359896273414078         0.53674695959654       0.0667833916958479       0.0667833916958479       0.0667833916958479     0.000239942646444072      0.00137179970836541       0.0128361756233114     0.000411976854421837     0.000411976854422555     0.000245193547643872
                     0.12        0.359837514564165        0.359837514562192        0.536703296278579       0.0670335167583792       0.0670335167583792       0.0670335167583792     0.000240210640497632      0.00137339772800662       0.0128469392508354     0.000413749584424393     0.000413749584427216     0.000246227257615162
                     0.12        0.359778469887614        0.359778469888777        0.536659422772506       0.0672836418209105       0.0672836418209105       0.0672836418209105     0.000240479780681868      0.00137500281019592       0.0128577483268923     0.000415525081846614     0.000415525081844944      0.00024726233078224
                     0.12        0.359719138553855        0.359719138554909        0.536615338483904       0.0675337668834417       0.0675337668834417       0.0675337668834417     0.000240750068925061       0.0013766149682224       0.0128686029155387     0.000417303360874604     0.000417303360873084     0.000248298773624922
                     0.12        0.359659519675093        0.359659519673833        0.536571042787476        0.067783891945973        0.067783891945973        0.067783891945973     0.000241021506859049      0.00137823421591432       0.0128795030824086     0.000419084435821035      0.00041908443582286     0.000249336592656744
                     0.12        0.359599612354986        0.359599612355418        0.536526535052673       0.0680340170085042       0.0680340170085042       0.0680340170085042     0.000241294096116871      0.00137986056719093       0.0128904488935381     0.000420868321056992     0.000420868321056364      0.00025037579441102
                     0.12        0.359539415743545        0.359539415742244        0.536481814682421       0.0682841420710355       0.0682841420710355       0.0682841420710355     0.000241567838736183      0.00138149403549635       0.0129014404140959     0.000422655030932234     0.000422655030934134     0.000251416385419148
                     0.12        0.359478928916401        0.359478928917216        0.536436881020768       0.0685342671335668       0.0685342671335668       0.0685342671335668     0.000241842736195756      0.00138313463514109        0.012912477711326     0.000424444579951061     0.000424444579949866     0.000252458372262585
                     0.12        0.359418150997916        0.359418150999523        0.536391733455538        0.068784392196098        0.068784392196098        0.068784392196098     0.000242118790473939      0.00138478237985113       0.0129235608514905     0.000426236982593441     0.000426236982591073     0.000253501761515255
                     0.12        0.359357081076422        0.359357081077567        0.536346371340525       0.0690345172586293       0.0690345172586293       0.0690345172586293      0.00024239600325919      0.00138643728383551       0.0129346899020326     0.000428032253439082     0.000428032253437389     0.000254546559787541
                     0.12        0.359295718255406        0.359295718253369        0.536300794043981       0.0692846423211606       0.0692846423211606       0.0692846423211606     0.000242674376442511      0.00138809936111893       0.0129458649302145      0.00042983040709271     0.000429830407095735     0.000255592773698963
                     0.12        0.359234061591112        0.359234061591914        0.536255000903758       0.0695347673836918       0.0695347673836918       0.0695347673836918     0.000242953911643362      0.00138976862621446       0.0129570860046576     0.000431631458276861     0.000431631458275666     0.000256640409903926
                     0.12        0.359172110189901        0.359172110190647        0.536208991290546       0.0697848924462231       0.0697848924462231       0.0697848924462231     0.000243234610884418      0.00139144509315848        0.012968353193087     0.000433435421687724     0.000433435421686607      0.00025768947505559
                     0.12        0.359109863093202        0.359109863094371        0.536162764523693       0.0700350175087544       0.0700350175087544       0.0700350175087544     0.000243516475713034      0.00139312877674563        0.012979666565098     0.000435242312166809     0.000435242312165052     0.000258739975854453
                     0.12        0.359047319392512        0.359047319393115        0.536116319969721       0.0702851425712856       0.0702851425712856       0.0702851425712856     0.000243799508211975      0.00139481969113191       0.0129910261891544     0.000437052144529492     0.000437052144528582     0.000259791918991592
                     0.12           0.358984478132        0.358984478130971        0.536069656952794       0.0705352676338169       0.0705352676338169       0.0705352676338169      0.00024408371008551      0.00139651785109304       0.0130024321352623     0.000438864933711359      0.00043886493371292     0.000260845311200617
                     0.12        0.358921338376395         0.35892133837749        0.536022774815187       0.0707853926963482       0.0707853926963482       0.0707853926963482     0.000244369083286334      0.00139822327114777       0.0130138844730294     0.000440680694666496     0.000440680694664827     0.000261900159222706
                     0.12        0.358857899153031        0.358857899151992        0.535975672873918       0.0710355177588794       0.0710355177588794       0.0710355177588794     0.000244655629542498      0.00139993596626246       0.0130253832734586     0.000442499442455676     0.000442499442457266     0.000262956469832081
                     0.12        0.358794159523438        0.358794159523623        0.535928350464737       0.0712856428214107       0.0712856428214107       0.0712856428214107     0.000244943350863364      0.00140165595105536       0.0130369286067002     0.000444321192137818     0.000444321192137534     0.000264014249810315
                     0.12        0.358730118496365        0.358730118498125        0.535880806893932        0.071535767883942        0.071535767883942        0.071535767883942      0.00024523224897733      0.00140338324069559       0.0130485205446587     0.000446145958903201     0.000446145958900487     0.000265073505974895
                     0.12        0.358665775110571        0.358665775109671        0.535833041481336       0.0717858929464732       0.0717858929464732       0.0717858929464732     0.000245522325831336      0.00140511785010997       0.0130601591587166     0.000447973757947174     0.000447973757948569     0.000266134245153945
                     0.12        0.358601128375322        0.358601128377256        0.535785053533822       0.0720360180090045       0.0720360180090045       0.0720360180090045     0.000245813583287888      0.00140685979446173       0.0130718445210934     0.000449804604561915     0.000449804604558909     0.000267196474202069
                     0.12        0.358536177312968        0.358536177314975        0.535736842362067       0.0722861430715358       0.0722861430715358       0.0722861430715358     0.000246106023306811      0.00140860908887559        0.013083576704122     0.000451638514071112     0.000451638514067979     0.000268260199990486
                     0.12        0.358470920932914         0.35847092093427        0.535688407269475        0.072536268134067        0.072536268134067        0.072536268134067     0.000246399647835013      0.00141036574859436       0.0130953557806072     0.000453475501870556     0.000453475501868431     0.000269325429413782
                     0.12        0.358405358215535        0.358405358214551        0.535639747535749       0.0727863931965983       0.0727863931965983       0.0727863931965983     0.000246694458629806      0.00141212978923376       0.0131071818244251     0.000455315583454069     0.000455315583455616     0.000270392169400086
                     0.12        0.358339488162221        0.358339488162414        0.535590862466007       0.0730365182591296       0.0730365182591296       0.0730365182591296     0.000246990457764332      0.00141390122608011       0.0131190549090015     0.000457158774335584      0.00045715877433528     0.000271460426881451
                     0.12        0.358273309757508        0.358273309756163        0.535541751339262       0.0732866433216608       0.0732866433216608       0.0732866433216608     0.000247287647115201      0.00141568007477929       0.0131309751086748      0.00045900509010876     0.000459005090110894     0.000272530208825228
                     0.12        0.358206821974645        0.358206821973584        0.535492413435923       0.0735367683841921       0.0735367683841921       0.0735367683841921     0.000247586028624076      0.00141746635100602       0.0131429424981582      0.00046085454643887      0.00046085454644056     0.000273601522217549
                     0.12        0.358140023799271        0.358140023798979        0.535442848046818       0.0737868934467234       0.0737868934467234       0.0737868934467234     0.000247885604396821      0.00141926007031099       0.0131549571521246     0.000462707159025521     0.000462707159025988     0.000274674374057822
                     0.12         0.35807291415538        0.358072914155866        0.535393054413472       0.0740370185092546       0.0740370185092546       0.0740370185092546     0.000248186376090483      0.00142106124899328       0.0131670191472042     0.000464562943721327     0.000464562943720546     0.000275748771395772
                     0.12        0.358005492044599        0.358005492043357        0.535343031831363       0.0742871435717859       0.0742871435717859       0.0742871435717859     0.000248488345998679       0.0014228699025221       0.0131791285581848     0.000466421916309644     0.000466421916311645     0.000276824721267785
                     0.12        0.357937756389317        0.357937756389282        0.535292779550539       0.0745372686343172       0.0745372686343172       0.0745372686343172     0.000248791515979251      0.00142468604714177        0.013191285462112     0.000468284092756122     0.000468284092756178     0.000277902230758533
                     0.12        0.357869706145522        0.357869706145952         0.53524229683231       0.0747873936968484       0.0747873936968484       0.0747873936968484     0.000249095888092618      0.00142650969887718       0.0132034899355459     0.000470149489028183     0.000470149489027485     0.000278981306966007
                     0.12        0.357801340221572        0.357801340221871        0.535191582909893       0.0750375187593797       0.0750375187593797       0.0750375187593797     0.000249401464155145      0.00142834087423442       0.0132157420565104     0.000472018121226646     0.000472018121226157     0.000280061957026314
                     0.12        0.357732657560224        0.357732657560357        0.535140637041582       0.0752876438219109       0.0752876438219109       0.0752876438219109      0.00024970824631404      0.00143017958934687       0.0132280419023492     0.000473890005453168      0.00047389000545295     0.000281144188080433
                     0.12        0.357663638560262        0.357663638560262        0.535089445907955       0.0755377688844422       0.0755377688844422       0.0755377688844422     0.000250016102737925      0.00143202606020042       0.0132403900555299     0.000475765188347815     0.000475765188347815     0.000282228015291585
                     0.12        0.357594318994791        0.357594318994791        0.535038033749005       0.0757878939469735       0.0757878939469735       0.0757878939469735     0.000250325302051185      0.00143387990601786       0.0132527855915267     0.000477643625706796     0.000477643625706795     0.000283313429982005
                     0.12        0.357524679423342        0.357524679423342        0.534986387350842       0.0760380190095047       0.0760380190095047       0.0760380190095047     0.000250635713567524      0.00143574134115308       0.0132652290886011     0.000479525363902863     0.000479525363902864     0.000284400447257904
                     0.12        0.357454718741794        0.357454718741794        0.534934505938715        0.076288144072036        0.076288144072036        0.076288144072036     0.000250947339344394      0.00143761038231913        0.013277720626402     0.000481410419345013     0.000481410419345012     0.000285489074365081
                     0.12        0.357384435838288        0.357384435838288        0.534882388732558       0.0765382691345673       0.0765382691345673       0.0765382691345673     0.000251260181448561      0.00143948704632839        0.013290260285042     0.000483298808513835     0.000483298808513835     0.000286579318574113
                     0.12        0.357313829593182        0.357313829593183        0.534830034946975       0.0767883941970985       0.0767883941970985       0.0767883941970985      0.00025157424195732      0.00144137135009285       0.0133028481451081     0.000485190547962083     0.000485190547962083     0.000287671187180535
                     0.12        0.357242898878967        0.357242898878966        0.534777443791168       0.0770385192596298       0.0770385192596298       0.0770385192596298     0.000251889522958001      0.00144326331062529       0.0133154842876643     0.000487085654315323     0.000487085654315324     0.000288764687505055
                     0.12         0.35717164256023         0.35717164256023        0.534724614468928       0.0772886443221611       0.0772886443221611       0.0772886443221611     0.000252206026548327      0.00144516294503939       0.0133281687942529     0.000488984144272478     0.000488984144272479     0.000289859826893735
                     0.12        0.357100059493569         0.35710005949357        0.534671546178565       0.0775387693846923       0.0775387693846923       0.0775387693846923     0.000252523754835317      0.00144707027055081       0.0133409017468915     0.000490886034606499     0.000490886034606499     0.000290956612718209
                     0.12         0.35702814852755        0.357028148527548        0.534618238112887       0.0777888944472236       0.0777888944472236       0.0777888944472236     0.000252842709938205      0.00144898530447754        0.013353683228098     0.000492791342164934     0.000492791342164936     0.000292055052375872
                     0.12        0.356955908502626        0.356955908502626        0.534564689459149       0.0780390195097549       0.0780390195097549       0.0780390195097549     0.000253162893984103      0.00145090806424072       0.0133665133208578     0.000494700083870583     0.000494700083870583     0.000293155153290095
                     0.12        0.356883338251085        0.356883338251085        0.534510899399008       0.0782891445722861       0.0782891445722861       0.0782891445722861     0.000253484309112543      0.00145283856736529       0.0133793921086647     0.000496612276722117     0.000496612276722117     0.000294256922910426
                     0.12         0.35681043659697         0.35681043659697        0.534456867108479       0.0785392696348174       0.0785392696348174       0.0785392696348174     0.000253806957471771      0.00145477683148073       0.0133923196754936     0.000498527937794726     0.000498527937794726     0.000295360368712808
                     0.12        0.356737202356038        0.356737202356039        0.534402591757905       0.0787893946973487       0.0787893946973487       0.0787893946973487     0.000254130841221997      0.00145672287432148       0.0134052961058276     0.000500447084240728     0.000500447084240727      0.00029646549819977
                     0.12        0.356663634335667        0.356663634335667        0.534348072511892       0.0790395197598799       0.0790395197598799       0.0790395197598799     0.000254455962532506      0.00145867671372802       0.0134183214846405     0.000502369733290263     0.000502369733290264     0.000297572318900667
                     0.12        0.356589731334798        0.356589731334798        0.534293308529279       0.0792896448224112       0.0792896448224112       0.0792896448224112     0.000254782323584349      0.00146063836764727       0.0134313958974196     0.000504295902251924     0.000504295902251923     0.000298680838371874
                     0.12        0.356515492143871        0.356515492143871        0.534238298963083       0.0795397698849425       0.0795397698849425       0.0795397698849425     0.000255109926567583       0.0014626078541335        0.013444519430147     0.000506225608513423     0.000506225608513423     0.000299791064197015
                     0.12        0.356440915544749         0.35644091554475        0.534183042960461       0.0797898949474737       0.0797898949474737       0.0797898949474737     0.000255438773684974      0.00146458519134893        0.013457692169333     0.000508158869542266     0.000508158869542264     0.000300903003987175
                     0.12        0.356366000310664        0.356366000310663        0.534127539662667        0.080040020010005        0.080040020010005        0.080040020010005     0.000255768867148211      0.00146657039756433       0.0134709142019864     0.000510095702886401     0.000510095702886402     0.000302016665381124
                     0.12         0.35629074520612         0.35629074520612         0.53407178820499       0.0802901450725363       0.0802901450725363       0.0802901450725363     0.000256100209180887      0.00146856349116008       0.0134841856156449      0.00051203612617495      0.00051203612617495     0.000303132056045543
                     0.12        0.356215148986846        0.356215148986846        0.534015787716721       0.0805402701350675       0.0805402701350675       0.0805402701350675     0.000256432802016014      0.00147056449062664       0.0134975064983551     0.000513980157118853     0.000513980157118853     0.000304249183675248
                     0.12        0.356139210399711        0.356139210399712          0.5339595373211       0.0807903951975988       0.0807903951975988       0.0807903951975988     0.000256766647898775      0.00147257341456537       0.0135108769387002     0.000515927813511591     0.000515927813511589     0.000305368055993416
                     0.12        0.356062928182652        0.356062928182653        0.533903036135262       0.0810405202601301       0.0810405202601301       0.0810405202601301     0.000257101749084353      0.00147459028168934       0.0135242970257841     0.000517879113229881     0.000517879113229879     0.000306488680751822
                     0.12        0.355986301064606        0.355986301064606        0.533846283270203       0.0812906453226613       0.0812906453226613       0.0812906453226613     0.000257438107839403      0.00147661511082399       0.0135377668492472     0.000519834074234382     0.000519834074234382      0.00030761106573106
                     0.12        0.355909327765429        0.355909327765429        0.533789277830712       0.0815407703851926       0.0815407703851926       0.0815407703851926     0.000257775726440687      0.00147864792090803       0.0135512864992585     0.000521792714570429     0.000521792714570429     0.000308735218740793
                     0.12        0.355832006995824        0.355832006995826        0.533732018915338       0.0817908954477239       0.0817908954477239       0.0817908954477239     0.000258114607177097      0.00148068873099408       0.0135648560665353     0.000523755052368739     0.000523755052368737     0.000309861147619976
                     0.12        0.355754337457271        0.355754337457272        0.533674505616331       0.0820410205102551       0.0820410205102551       0.0820410205102551     0.000258454752347752      0.00148273756024948       0.0135784756423303     0.000525721105846146     0.000525721105846146     0.000310988860237103
                     0.12        0.355676317841934        0.355676317841935        0.533616737019587       0.0822911455727864       0.0822911455727864       0.0822911455727864     0.000258796164263324      0.00148479442795724       0.0135921453184474     0.000527690893306365     0.000527690893306364     0.000312118364490453
                     0.12        0.355597946832604        0.355597946832603        0.533558712204612       0.0825412706353177       0.0825412706353177       0.0825412706353177     0.000259138845245067      0.00148685935351653       0.0136058651872347     0.000529664433140698     0.000529664433140699     0.000313249668308318
                     0.12        0.355519223102593        0.355519223102592        0.533500430244448       0.0827913956978489       0.0827913956978489       0.0827913956978489      0.00025948279762656      0.00148893235644391       0.0136196353416054     0.000531641743828846     0.000531641743828847     0.000314382779649275
                     0.12        0.355440145315677        0.355440145315677        0.533441890205632       0.0830415207603802       0.0830415207603802       0.0830415207603802     0.000259828023750571      0.00149101345637388        0.013633455875013      0.00053362284393963     0.000533622843939631     0.000315517706502417
                     0.12         0.35536071212601         0.35536071212601        0.533383091148152       0.0832916458229114       0.0832916458229114       0.0832916458229114     0.000260174525974183      0.00149310267305963       0.0136473268814976     0.000535607752131771     0.000535607752131771     0.000316654456887608
                     0.12        0.355280922178056        0.355280922178055        0.533324032125386       0.0835417708854427       0.0835417708854427       0.0835417708854427     0.000260522306663125      0.00149520002637393       0.0136612484556414     0.000537596487154645     0.000537596487154645     0.000317793038855732
                     0.12        0.355200774106449        0.355200774106449        0.533264712184018        0.083791895947974        0.083791895947974        0.083791895947974     0.000260871368196219      0.00149730553631049       0.0136752206926141     0.000539589067849176     0.000539589067849176     0.000318933460488982
                     0.12        0.355120266535996        0.355120266535996        0.533205130364044       0.0840420210105052       0.0840420210105052       0.0840420210105052     0.000261221712962417      0.00149941922298388       0.0136892436881444     0.000541585513148479     0.000541585513148479      0.00032007572990107
                     0.12        0.355039398081531        0.355039398081532        0.533145285698666       0.0842921460730365       0.0842921460730365       0.0842921460730365     0.000261573343363783      0.00150154110663105       0.0137033175385539     0.000543585842078769     0.000543585842078768     0.000321219855237523
                     0.12        0.354958167347833        0.354958167347833        0.533085177214241       0.0845422711355678       0.0845422711355678       0.0845422711355678     0.000261926261812366      0.00150367120761229       0.0137174423407347     0.000545590073760181     0.000545590073760181     0.000322365844675956
                     0.12         0.35487657292958        0.354876572929581        0.533024803930258        0.084792396198099        0.084792396198099        0.084792396198099     0.000262280470733192      0.00150580954641148       0.0137316181921731       0.0005475982274075     0.000547598227407498       0.0003235137064263
                     0.12        0.354794613411225        0.354794613411225        0.532964164859244       0.0850425212606303       0.0850425212606303       0.0850425212606303     0.000262635972562028      0.00150795614363755       0.0137458451909405     0.000549610322331078     0.000549610322331077      0.00032466344873111
                     0.12        0.354712287366901        0.354712287366901        0.532903259006708       0.0852926463231616       0.0852926463231616       0.0852926463231616     0.000262992769747023      0.00151011102002542       0.0137601234357092     0.000551626377937674     0.000551626377937675     0.000325815079865836
                     0.12        0.354629593360379        0.354629593360378        0.532842085371118       0.0855427713856928       0.0855427713856928       0.0855427713856928     0.000263350864747373      0.00151227419643628       0.0137744530257418     0.000553646413731222     0.000553646413731223     0.000326968608139069
                     0.12        0.354546529944917        0.354546529944917        0.532780642943792       0.0857928964482241       0.0857928964482241       0.0857928964482241     0.000263710260035362      0.00151444569385933       0.0137888340609176     0.000555670449313789      0.00055567044931379     0.000328124041892857
                     0.12         0.35446309566323        0.354463095663231         0.53271893070888       0.0860430215107554       0.0860430215107554       0.0860430215107554     0.000264070958093682      0.00151662553341198       0.0138032666417087     0.000557698504386351     0.000557698504386349     0.000329281389502962
                     0.12        0.354379289047342        0.354379289047343        0.532656947643272       0.0862931465732866       0.0862931465732866       0.0862931465732866     0.000264432961418551      0.00151881373634141       0.0138177508692149     0.000559730598749746     0.000559730598749744     0.000330440659379159
                     0.12        0.354295108618525        0.354295108618524        0.532594692716552       0.0865432716358179       0.0865432716358179       0.0865432716358179     0.000264796272516753      0.00152101032402514       0.0138322868451399     0.000561766752305517     0.000561766752305518     0.000331601859965523
                     0.12        0.354210552887205        0.354210552887205        0.532532164890945       0.0867933966983492       0.0867933966983492       0.0867933966983492     0.000265160893908531      0.00152321531797195       0.0138468746718194     0.000563806985056802     0.000563806985056801     0.000332764999740706
                     0.12        0.354125620352844        0.354125620352844        0.532469363121221       0.0870435217608804       0.0870435217608804       0.0870435217608804     0.000265526828125064      0.00152542873982328       0.0138615144522069     0.000565851317109276     0.000565851317109278     0.000333930087218257
                     0.12        0.354040309503862        0.354040309503862        0.532406286354665       0.0872936468234117       0.0872936468234117       0.0872936468234117     0.000265894077710653       0.0015276506113538       0.0138762062898937     0.000567899768672042     0.000567899768672041     0.000335097130946899
                     0.12        0.353954618817531        0.353954618817531        0.532342933530992        0.087543771885943        0.087543771885943        0.087543771885943     0.000266262645221303       0.0015298809544726       0.0138909502891023     0.000569952360058556     0.000569952360058556     0.000336266139510838
                     0.12         0.35386854675989         0.35386854675989        0.532279303582299       0.0877938969484742       0.0877938969484742       0.0877938969484742     0.000266632533226056      0.00153211979122403       0.0139057465547003     0.000572009111687547     0.000572009111687548     0.000337437121530063
                     0.12        0.353782091785624        0.353782091785623        0.532215395432984       0.0880440220110055       0.0880440220110055       0.0880440220110055     0.000267003744305605      0.00153436714378892        0.013920595192195     0.000574070044083999     0.000574070044084001     0.000338610085660656
                     0.12         0.35369525233796        0.353695252337959        0.532151207999671       0.0882941470735368       0.0882941470735368       0.0882941470735368     0.000267376281053028       0.0015366230344857       0.0139354963077449     0.000576135177880113     0.000576135177880115     0.000339785040595114
                     0.12        0.353608026848593        0.353608026848593        0.532086740191172        0.088544272136068        0.088544272136068        0.088544272136068     0.000267750146075118      0.00153888748577104       0.0139504500081711      0.00057820453381621     0.000578204533816212     0.000340961995062638
                     0.12        0.353520413737563        0.353520413737563        0.532021990908396       0.0887943971985993       0.0887943971985993       0.0887943971985993     0.000268125341989542      0.00154116052024122       0.0139654564009416     0.000580278132741764     0.000580278132741762     0.000342140957829472
                     0.12         0.35343241141315         0.35343241141315        0.531956959044289       0.0890445222611306       0.0890445222611306       0.0890445222611306     0.000268501871428208      0.00154344216063306       0.0139805155942021     0.000582355995616364     0.000582355995616364     0.000343321937699212
                     0.12        0.353344018271769        0.353344018271768        0.531891643483759       0.0892946473236618       0.0892946473236618       0.0892946473236618     0.000268879737034568      0.00154573242982511       0.0139956276967595     0.000584438143510736     0.000584438143510737     0.000344504943513136
                     0.12        0.353255232697844        0.353255232697844        0.531826043103591       0.0895447723861931       0.0895447723861931       0.0895447723861931     0.000269258941465681      0.00154803135083888       0.0140107928181045     0.000586524597607771     0.000586524597607772     0.000345689984150545
                     0.12        0.353166053063747        0.353166053063747        0.531760156772415       0.0897948974487244       0.0897948974487244       0.0897948974487244     0.000269639487390966      0.00155033894683943       0.0140260110684015     0.000588615379203468     0.000588615379203467     0.000346877068529061
                     0.12        0.353076477729645        0.353076477729646        0.531693983350601       0.0900450225112556       0.0900450225112556       0.0900450225112556     0.000270021377493108      0.00155265524113691       0.0140412825585052     0.000590710509708035     0.000590710509708033     0.000348066205604989
                     0.12        0.352986505043403        0.352986505043404        0.531627521690192       0.0902951475737869       0.0902951475737869       0.0902951475737869     0.000270404614467114      0.00155498025718763        0.014056607399956     0.000592810010646917     0.000592810010646914     0.000349257404373653
                     0.12        0.352896133340459         0.35289613334046        0.531560770634827       0.0905452726363181       0.0905452726363181       0.0905452726363181     0.000270789201022133      0.00155731401859523       0.0140719857050012     0.000594913903661874     0.000594913903661873     0.000350450673869739
                     0.12        0.352805360943728        0.352805360943728        0.531493729019676       0.0907953976988494       0.0907953976988494       0.0907953976988494     0.000271175139879253      0.00155965654911169       0.0140874175865795     0.000597022210512014     0.000597022210512014     0.000351646023167633
                     0.12        0.352714186163486        0.352714186163486        0.531426395671364       0.0910455227613807       0.0910455227613807       0.0910455227613807     0.000271562433774013      0.00156200787263849       0.0141029031583476     0.000599134953074871     0.000599134953074872     0.000352843461381773
                     0.12        0.352622607297229        0.352622607297229        0.531358769407879       0.0912956478239119       0.0912956478239119       0.0912956478239119     0.000271951085453789      0.00156436801322798       0.0141184425346647     0.000601252153347552     0.000601252153347552     0.000354042997667015
                     0.12        0.352530622629581        0.352530622629581        0.531290849038509       0.0915457728864432       0.0915457728864432       0.0915457728864432     0.000272341097680255      0.00156673699508447       0.0141340358306166     0.000603373833447785     0.000603373833447785     0.000355244641218981
                     0.12        0.352438230432156        0.352438230432156        0.531222633363756       0.0917958979489745       0.0917958979489745       0.0917958979489745     0.000272732473228773      0.00156911484256543       0.0141496831620168     0.000605500015615077     0.000605500015615075     0.000356448401274426
                     0.12        0.352345428963452        0.352345428963452        0.531154121175262       0.0920460230115057       0.0920460230115057       0.0920460230115057     0.000273125214886455      0.00157150158018266       0.0141653846453946     0.000607630722211809     0.000607630722211808     0.000357654287111601
                     0.12        0.352252216468716        0.352252216468717        0.531085311255723        0.092296148074037        0.092296148074037        0.092296148074037      0.00027351932545621      0.00157389723260362       0.0141811403980345     0.000609765975724416     0.000609765975724415     0.000358862308050625
                     0.12        0.352158591179816        0.352158591179816        0.531016202378804       0.0925462731365683       0.0925462731365683       0.0925462731365683     0.000273914807752927      0.00157630182465275       0.0141969505379509     0.000611905798764545     0.000611905798764545     0.000360072473453869
                     0.12        0.352064551315126        0.352064551315126        0.530946793309068       0.0927963981990995       0.0927963981990995       0.0927963981990995     0.000274311664606133      0.00157871538131254       0.0142128151839137     0.000614050214070199     0.000614050214070198     0.000361284792726322
                     0.12        0.351970095079403        0.351970095079401        0.530877082801884       0.0930465232616308       0.0930465232616308       0.0930465232616308     0.000274709898858243      0.00158113792772487       0.0142287344554396     0.000616199244506922     0.000616199244506926     0.000362499275315979
                     0.12         0.35187522066364         0.35187522066364        0.530807069603346       0.0932966483241621       0.0932966483241621       0.0932966483241621      0.00027510951336665      0.00158356948919244       0.0142447084728165     0.000618352913069033     0.000618352913069033     0.000363715930714233
                     0.12        0.351779926244932        0.351779926244932        0.530736752450174       0.0935467733866933       0.0935467733866933       0.0935467733866933     0.000275510511001338      0.00158601009118006       0.0142607373570886     0.000620511242880842     0.000620511242880843     0.000364934768456275
                     0.12        0.351684209986382        0.351684209986382        0.530666130069652       0.0937968984492246       0.0937968984492246       0.0937968984492246     0.000275912894647637      0.00158845975931574       0.0142768212300833     0.000622674257197799       0.0006226742571978     0.000366155798121467
                     0.12        0.351588070036924        0.351588070036924        0.530595201179525       0.0940470235117559       0.0940470235117559       0.0940470235117559      0.00027631666720436      0.00159091851939226       0.0142929602144034     0.000624841979407829     0.000624841979407829     0.000367379029333765
                     0.12        0.351491504531195        0.351491504531195          0.5305239644879       0.0942971485742871       0.0942971485742871       0.0942971485742871      0.00027672183158315      0.00159338639736862       0.0143091544334278     0.000627014433032567     0.000627014433032568     0.000368604471762128
                     0.12         0.35139451158944        0.351394511589441         0.53045241869319       0.0945472736368184       0.0945472736368184       0.0945472736368184     0.000277128390712436      0.00159586341937091       0.0143254040113469     0.000629191641728545     0.000629191641728543     0.000369832135120898
                     0.12        0.351297089317292        0.351297089317292        0.530380562483974       0.0947973986993497       0.0947973986993497       0.0947973986993497     0.000277536347532706      0.00159834961169453       0.0143417090731349     0.000631373629288645     0.000631373629288646     0.000371062029170268
                     0.12        0.351199235805708        0.351199235805709        0.530308394538948       0.0950475237618809       0.0950475237618809       0.0950475237618809     0.000277945705000462      0.00160084500080484       0.0143580697445837     0.000633560419643241      0.00063356041964324     0.000372294163716657
                     0.12        0.351100949130792        0.351100949130791        0.530235913526816       0.0952976488244122       0.0952976488244122       0.0952976488244122     0.000278356466085317      0.00160334961333889       0.0143744861522863     0.000635752036861588     0.000635752036861592     0.000373528548613152
                     0.12        0.351002227353653        0.351002227353652        0.530163118106193       0.0955477738869435       0.0955477738869435       0.0955477738869435     0.000278768633773116      0.00160586347610686       0.0143909584236699     0.000637948505153155     0.000637948505153156     0.000374765193759943
                     0.12        0.350903068520249        0.350903068520249          0.5300900069255       0.0957978989494747       0.0957978989494747       0.0957978989494747       0.0002791822110619      0.00160838661609367       0.0144074866869689      0.00064014984886898     0.000640149848868981     0.000376004109104764
                     0.12        0.350803470661264        0.350803470661263        0.530016578622895        0.096048024012006        0.096048024012006        0.096048024012006     0.000279597200966666      0.00161091906046004       0.0144240710712682     0.000642356092503004     0.000642356092503006     0.000377245304643313
                     0.12        0.350703431791928        0.350703431791927        0.529942831826141       0.0962981490745373       0.0962981490745373       0.0962981490745373     0.000280013606516229      0.00161346083654452       0.0144407117064871       0.0006445672606935     0.000644567260693501      0.00037848879041973
                     0.12        0.350602949911888        0.350602949911888        0.529868765152531       0.0965482741370685       0.0965482741370685       0.0965482741370685     0.000280431430753819      0.00161601197186462       0.0144574087233884     0.000646783378224428     0.000646783378224428     0.000379734576527021
                     0.12        0.350502023005064        0.350502023005065        0.529794377208799       0.0967983991995998       0.0967983991995998       0.0967983991995998     0.000280850676739199      0.00161857249411817       0.0144741622536004     0.000649004470026831     0.000649004470026829      0.00038098267310751
                     0.12         0.35040064903943         0.35040064903943        0.529719666590956       0.0970485242621311       0.0970485242621311       0.0970485242621311     0.000281271347545728      0.00162114243118577       0.0144909724296072     0.000651230561180405     0.000651230561180404      0.00038223309035336
                     0.12        0.350298825966945        0.350298825966944        0.529644631884272       0.0972986493246623       0.0972986493246623       0.0972986493246623     0.000281693446262006      0.00162372181113115       0.0145078393847588     0.000653461676914752     0.000653461676914755     0.000383485838506958
                     0.12        0.350196551723321        0.350196551723319        0.529569271663108       0.0975487743871936       0.0975487743871936       0.0975487743871936     0.000282116975992709      0.00162631066220369       0.0145247633871781     0.000655697842611011     0.000655697842611016     0.000384740927861453
                     0.12        0.350093824227904        0.350093824227904        0.529493584490841       0.0977988994497248       0.0977988994497248       0.0977988994497248     0.000282541939857096      0.00162890901283953       0.0145417443043914     0.000657939083803248     0.000657939083803247     0.000385998368761205
                     0.12        0.349990641383485        0.349990641383485        0.529417568919738       0.0980490245122561       0.0980490245122561       0.0980490245122561     0.000282968340990737       0.0016315168916635       0.0145587824061192     0.000660185426180015     0.000660185426180014     0.000387258171602289
                     0.12        0.349887001076135        0.349887001076136        0.529341223490861       0.0982991495747874       0.0982991495747874       0.0982991495747874     0.000283396182542899      0.00163413432749064        0.014575877829264     0.000662436895585874     0.000662436895585872     0.000388520346832974
                     0.12        0.349782901175071        0.349782901175071        0.529264546733965       0.0985492746373186       0.0985492746373186       0.0985492746373186     0.000283825467680361      0.00163676134932765       0.0145930307116514     0.000664693518022861     0.000664693518022861     0.000389784904954216
                     0.12        0.349678339532409        0.349678339532411        0.529187537167345       0.0987993996998499       0.0987993996998499       0.0987993996998499     0.000284256199584276      0.00163939798637524       0.0146102411920166     0.000666955319652217     0.000666955319652213     0.000391051856520197
                     0.12        0.349573313983098        0.349573313983098        0.529110193297795       0.0990495247623812       0.0990495247623812       0.0990495247623812     0.000284688381452868      0.00164204426802881       0.0146275094100258     0.000669222326795734     0.000669222326795733     0.000392321212138774
                     0.12        0.349467822344634        0.349467822344634        0.529032513620407       0.0992996498249124       0.0992996498249124       0.0992996498249124     0.000285122016499082      0.00164470022388139       0.0146448355062736     0.000671494565937598     0.000671494565937599     0.000393592982472067
                     0.12        0.349361862416972        0.349361862416971        0.528954496618542       0.0995497748874437       0.0995497748874437       0.0995497748874437       0.0002855571079519      0.00164736588372425       0.0146622196222929     0.000673772063725818     0.000673772063725822     0.000394867178236915
                     0.12        0.349255431982285        0.349255431982285        0.528876140763641        0.099799899949975        0.099799899949975        0.099799899949975     0.000285993659057147      0.00165004127754959       0.0146796619005758     0.000676054846974004     0.000676054846974003      0.00039614381020546
                     0.12        0.349148528804816        0.349148528804817        0.528797444515153        0.100050025012506        0.100050025012506        0.100050025012506     0.000286431673075752      0.00165272643555174       0.0146971624845629     0.000678342942662941     0.000678342942662938      0.00039742288920565
                     0.12        0.349041150630681         0.34904115063068        0.528718406320395        0.100300150075038        0.100300150075038        0.100300150075038     0.000286871153286274      0.00165542138812927       0.0147147215186736     0.000680636377942313     0.000680636377942315      0.00039870442612179
                     0.12        0.348933295187673        0.348933295187674        0.528639024614427        0.100550275137569        0.100550275137569        0.100550275137569     0.000287312102982017      0.00165812616588683       0.0147323391482908     0.000682935180132429     0.000682935180132427     0.000399988431895106
                     0.12        0.348824960185087        0.348824960185088        0.528559297819938          0.1008004002001          0.1008004002001          0.1008004002001     0.000287754525474096      0.00166084079963698       0.0147500155197936     0.000685239376725909     0.000685239376725909     0.000401274917524283
                     0.12        0.348716143313532        0.348716143313534        0.528479224347128        0.101050525262631        0.101050525262631        0.101050525262631     0.000288198424089049      0.00166356532040184       0.0147677507805441     0.000687548995389427     0.000687548995389422      0.00040256389406603
                     0.12        0.348606842244707        0.348606842244706        0.528398802593556        0.101300650325163        0.101300650325163        0.101300650325163     0.000288643802171754      0.00166629975941554       0.0147855450789237     0.000689864063965545     0.000689864063965547     0.000403855372635672
                     0.12        0.348497054631224        0.348497054631223        0.528318030944029        0.101550775387694        0.101550775387694        0.101550775387694     0.000289090663081699      0.00166904414812578       0.0148033985643078     0.000692184610474472     0.000692184610474476     0.000405149364407711
                     0.12        0.348386778106414        0.348386778106414        0.528236907770476        0.101800900450225        0.101800900450225        0.101800900450225     0.000289539010196245      0.00167179851819579       0.0148213113871013     0.000694510663115859     0.000694510663115858     0.000406445880616408
                     0.12        0.348276010284137        0.348276010284136        0.528155431431827        0.102051025512756        0.102051025512756        0.102051025512756     0.000289988846910852       0.0016745629015062        0.014839283698748     0.000696842250270606     0.000696842250270608     0.000407744932556371
                     0.12        0.348164748758494        0.348164748758494        0.528073600273816        0.102301150575288        0.102301150575288        0.102301150575288     0.000290440176635542      0.00167733733015792       0.0148573156517167     0.000699179400502929     0.000699179400502929      0.00040904653158321
                     0.12        0.348052991103748        0.348052991103749        0.527991412628946        0.102551275637819        0.102551275637819        0.102551275637819     0.000290893002800038      0.00168012183647275       0.0148754073995416     0.000701522142561941     0.000701522142561939     0.000410350689114053
                     0.12        0.347940734873998           0.347940734874        0.527908866816261         0.10280140070035         0.10280140070035         0.10280140070035      0.00029134732884957      0.00168291645299683       0.0148935590968072     0.000703870505383838     0.000703870505383835      0.00041165741662825
                     0.12        0.347827977603001        0.347827977603004        0.527825961141241        0.103051525762881        0.103051525762881        0.103051525762881     0.000291803158248262      0.00168572121250214       0.0149117708991809     0.000706224518093755      0.00070622451809375     0.000412966725667964
                     0.12        0.347714716804036        0.347714716804034        0.527742693895713        0.103301650825413        0.103301650825413        0.103301650825413      0.00029226049447633      0.00168853614798793        0.014930042963393     0.000708584210007532     0.000708584210007535     0.000414278627838756
                     0.12         0.34760094996951         0.34760094996951        0.527659063357596        0.103551775887944        0.103551775887944        0.103551775887944     0.000292719341031984      0.00169136129268456       0.0149483754472759     0.000710949610634117     0.000710949610634116     0.000415593134810333
                     0.12        0.347486674570903        0.347486674570903        0.527575067790854        0.103801900950475        0.103801900950475        0.103801900950475     0.000293179701432202      0.00169419668005417       0.0149667685097669       0.0007133207496772       0.0007133207496772     0.000416910258317103
                     0.12        0.347371888058463        0.347371888058466        0.527490705445322        0.104052026013006        0.104052026013006        0.104052026013006     0.000293641579210295      0.00169704234379332       0.0149852223109027     0.000715697657037417     0.000715697657037411     0.000418230010158859
                     0.12        0.347256587860987        0.347256587860984        0.527405974556539        0.104302151075538        0.104302151075538        0.104302151075538     0.000294104977918958      0.00169989831783557       0.0150037370118548     0.000718080362814426     0.000718080362814432     0.000419552402201468
                     0.12        0.347140771385548        0.347140771385547        0.527320873345586        0.104552276138069        0.104552276138069        0.104552276138069     0.000294569901127952      0.00170276463635376       0.0150223127749225     0.000720468897309078      0.00072046889730908     0.000420877446377552
                     0.12        0.347024436017365        0.347024436017366        0.527235400019002          0.1048024012006          0.1048024012006          0.1048024012006     0.000295036352425112      0.00170564133376151       0.0150409497635431     0.000722863291025302     0.000722863291025299      0.00042220515468711
                     0.12        0.346907579119457        0.346907579119458        0.527149552768551        0.105052526263132        0.105052526263132        0.105052526263132     0.000295504335417921       0.0017085284447165       0.0150596481423236     0.000725263574672515     0.000725263574672513     0.000423535539198287
                     0.12        0.346790198032457        0.346790198032457        0.527063329771114        0.105302651325663        0.105302651325663        0.105302651325663     0.000295973853731056      0.00171142600412229       0.0150784079372163     0.000727669779167673     0.000727669779167673     0.000424868612048029
                     0.12        0.346672290074306        0.346672290074307        0.526976729188481        0.105552776388194        0.105552776388194        0.105552776388194      0.00029644491100797      0.00171433404713128       0.0150972295945854     0.000730081935637624     0.000730081935637623     0.000426204385442842
                     0.12        0.346553852540126        0.346553852540123        0.526889749167271        0.105802901450725        0.105802901450725        0.105802901450725     0.000296917510911151      0.00171725260914607       0.0151161131429531     0.000732500075421061     0.000732500075421069     0.000427542871659441
                     0.12        0.346434882701823        0.346434882701823         0.52680238783869        0.106053026513257        0.106053026513257        0.106053026513257     0.000297391657121976      0.00172018172582301        0.015135058751657     0.000734924230071142     0.000734924230071142     0.000428884083045551
                     0.12        0.346315377807904        0.346315377807903         0.52671464331838        0.106303151575788        0.106303151575788        0.106303151575788     0.000297867353340035      0.00172312143307445       0.0151540665912433     0.000737354431357625     0.000737354431357627     0.000430228032020638
                     0.12        0.346195335083228        0.346195335083229        0.526626513706299        0.106553276638319        0.106553276638319        0.106553276638319     0.000298344603284616      0.00172607176707062       0.0151731368334852     0.000739790711269164     0.000739790711269161     0.000431574731076614
                     0.12        0.346074751728709        0.346074751728708        0.526537997086493         0.10680340170085         0.10680340170085         0.10680340170085     0.000298823410694069      0.00172903276424304       0.0151922696513948     0.000742233102015772     0.000742233102015775     0.000432924192778661
                     0.12        0.345953624921048        0.345953624921047        0.526449091526956        0.107053526763382        0.107053526763382        0.107053526763382     0.000299303779326278       0.0017320044612866       0.0152114652192352     0.000744681636031219     0.000744681636031222     0.000434276429765957
                     0.12        0.345831951812495        0.345831951812493        0.526359795079438        0.107303651825913        0.107303651825913        0.107303651825913      0.00029978571295794      0.00173498689516238       0.0152307237125268     0.000747136345975384     0.000747136345975389     0.000435631454752494
                     0.12        0.345709729530505        0.345709729530507        0.526270105779269        0.107553776888444        0.107553776888444        0.107553776888444     0.000300269215385687      0.00173798010310048       0.0152500453080696     0.000749597264736894     0.000749597264736889     0.000436989280527858
                     0.12         0.34558695517758        0.345586955177581        0.526180021645219        0.107803901950975        0.107803901950975        0.107803901950975     0.000300754290426419      0.00174098412260192       0.0152694301839517     0.000752064425435321     0.000752064425435318     0.000438349919957999
                     0.12        0.345463625830826        0.345463625830825        0.526089540679229        0.108054027013507        0.108054027013507        0.108054027013507     0.000301240941915963       0.0017439989914428       0.0152888785195606     0.000754537861424126      0.00075453786142413     0.000439713385986133
                     0.12        0.345339738541785        0.345339738541785        0.525998660866304        0.108304152076038        0.108304152076038        0.108304152076038     0.000301729173710498      0.00174702474767588       0.0153083904955983     0.000757017606292934     0.000757017606292933     0.000441079691633489
                     0.12         0.34521529033611        0.345215290336109        0.525907380174295        0.108554277138569        0.108554277138569        0.108554277138569     0.000302218989686593      0.00175006142963375       0.0153279662940966     0.000759503693870211     0.000759503693870212     0.000442448850000185
                     0.12        0.345090278213275        0.345090278213273        0.525815696553729        0.108804402201101        0.108804402201101        0.108804402201101     0.000302710393741107      0.00175310907593162       0.0153476060984278     0.000761996158225911     0.000761996158225916     0.000443820874266051
                     0.12        0.344964699146191        0.344964699146191        0.525723607937536        0.109054527263632        0.109054527263632        0.109054527263632     0.000303203389790563      0.00175616772547109       0.0153673100933194     0.000764495033674376     0.000764495033674376     0.000445195777691577
                     0.12        0.344838550081051        0.344838550081051        0.525631112240982        0.109304652326163        0.109304652326163        0.109304652326163     0.000303697981772912      0.00175923741744146       0.0153870784648686     0.000767000354776654     0.000767000354776655     0.000446573573618653
                     0.12        0.344711827936893        0.344711827936892        0.525538207361349        0.109554777388694        0.109554777388694        0.109554777388694     0.000304194173646646      0.00176231819132427       0.0154069114005599     0.000769512156343609      0.00076951215634361     0.000447954275471587
                     0.12        0.344584529605353        0.344584529605351        0.525444891177821        0.109804902451226        0.109804902451226        0.109804902451226     0.000304691969390019      0.00176541008689524       0.0154268090892636     0.000772030473438534     0.000772030473438539      0.00044933789675791
                     0.12         0.34445665195031        0.344456651950309        0.525351161551213        0.110055027513757        0.110055027513757        0.110055027513757      0.00030519137300403      0.00176851314422809       0.0154467717212803     0.000774555341380091     0.000774555341380094     0.000450724451069357
                     0.12        0.344328191807582         0.34432819180758        0.525257016323807        0.110305152576288        0.110305152576288        0.110305152576288     0.000305692388509748       0.0017716274036972       0.0154667994883276     0.000777086795745148     0.000777086795745153     0.000452113952082752
                     0.12        0.344199145984601        0.344199145984603        0.525162453319129        0.110555277638819        0.110555277638819        0.110555277638819     0.000306195019949634      0.00177475290598078       0.0154868925835661     0.000779624872371675      0.00077962487237167     0.000453506413560955
                     0.12        0.344069511260061        0.344069511260059        0.525067470341722        0.110805402701351        0.110805402701351        0.110805402701351     0.000306699271388246      0.00177788969206444       0.0155070512016214     0.000782169607361776     0.000782169607361781     0.000454901849353834
                     0.12        0.343939284383567        0.343939284383567        0.524972065176929        0.111055527763882        0.111055527763882        0.111055527763882     0.000307205146910017      0.00178103780324422       0.0155272755385787     0.000784721037084719      0.00078472103708472      0.00045630027339923
                     0.12        0.343808462075344        0.343808462075344        0.524876235590701        0.111305652826413        0.111305652826413        0.111305652826413     0.000307712650623591      0.00178419728112967       0.0155475657920307     0.000787279198179862     0.000787279198179863     0.000457701699723904
                     0.12         0.34367704102585         0.34367704102585        0.524779979329348        0.111555777888944        0.111555777888944        0.111555777888944     0.000308221786657275       0.0017873681676474       0.0155679221610572      0.00078984412755983     0.000789844127559831     0.000459106142444566
                     0.12        0.343545017895399          0.3435450178954        0.524683294119301        0.111805902951476        0.111805902951476        0.111805902951476     0.000308732559163253      0.00179055050504477        0.015588344846276     0.000792415862413742     0.000792415862413738     0.000460513615768892
                     0.12        0.343412389313881         0.34341238931388        0.524586177666928        0.112056028014007        0.112056028014007        0.112056028014007     0.000309244972314764      0.00179374433589253       0.0156088340498297     0.000794994440210166     0.000794994440210168     0.000461924133996503
                     0.12        0.343279151880267        0.343279151880269        0.524488627658224        0.112306153076538        0.112306153076538        0.112306153076538     0.000309759030307756      0.00179694970308949       0.0156293899754226     0.000797579898700717     0.000797579898700712      0.00046333771152008
                     0.12        0.343145302162367        0.343145302162366        0.524390641758644         0.11255627813907         0.11255627813907         0.11255627813907     0.000310274737361088      0.00180016664986504       0.0156500128283305     0.000800172275922989     0.000800172275922991     0.000464754362826351
                     0.12        0.343010836696389        0.343010836696393         0.52429221761284        0.112806403201601        0.112806403201601        0.112806403201601      0.00031079209771559      0.00180339521978307        0.015670702815411      0.00080277161020406     0.000802771610204051     0.000466174102497182
                     0.12        0.342875751986593        0.342875751986593        0.524193352844418        0.113056528264132        0.113056528264132        0.113056528264132     0.000311311115636075      0.00180663545674547       0.0156914601451359     0.000805377940163782     0.000805377940163782      0.00046759694521066
                     0.12        0.342740044504813        0.342740044504812        0.524094045055646        0.113306653326663        0.113306653326663        0.113306653326663     0.000311831795409733      0.00180988740499667        0.015712285027599     0.000807991304718446     0.000807991304718447     0.000469022905742249
                     0.12          0.3426037106902          0.3426037106902        0.523994291827287        0.113556778389195        0.113556778389195        0.113556778389195     0.000312354141346408      0.00181315110912601       0.0157331776745254     0.000810611743083897     0.000810611743083899     0.000470451998965813
                     0.12        0.342466746948679        0.342466746948679        0.523894090718247        0.113806903451726        0.113806903451726        0.113806903451726     0.000312878157781353        0.001816426614073       0.0157541382993219     0.000813239294779473     0.000813239294779472     0.000471884239854857
                     0.12        0.342329149652645        0.342329149652646        0.523793439265388        0.114057028514257        0.114057028514257        0.114057028514257     0.000313403849071171      0.00181971396513013       0.0157751671170517     0.000815873999631292      0.00081587399963129     0.000473319643483603
                     0.12        0.342190915140519         0.34219091514052        0.523692334983235        0.114307153576788        0.114307153576788        0.114307153576788     0.000313931219597208      0.00182301320794719       0.0157962643444839     0.000818515897775993     0.000818515897775991     0.000474758225028191
                     0.12        0.342052039716321        0.342052039716321         0.52359077536372         0.11455727863932         0.11455727863932         0.11455727863932     0.000314460273765253      0.00182632438853515        0.015817430200106     0.000821165029664452     0.000821165029664453     0.000476199999767856
                     0.12        0.341912519649214        0.341912519649216        0.523488757875869        0.114807403701851        0.114807403701851        0.114807403701851     0.000314991016004545      0.00182964755327074       0.0158386649041395     0.000823821436065628     0.000823821436065621     0.000477644983086182
                     0.12        0.341772351173162        0.341772351173161        0.523386279965603        0.115057528764382        0.115057528764382        0.115057528764382     0.000315523450769298      0.00183298274889945       0.0158599686785603     0.000826485158070107      0.00082648515807011     0.000479093190472235
                     0.12        0.341631530486353        0.341631530486352        0.523283339055354        0.115307653826913        0.115307653826913        0.115307653826913     0.000316057582537624      0.00183633002254122        0.015881341747121     0.000829156237094382     0.000829156237094385     0.000480544637521931
                     0.12        0.341490053750888        0.341490053750889        0.523179932543886        0.115557778889445        0.115557778889445        0.115557778889445     0.000316593415812149      0.00183968942169316        0.015902784335362     0.000831834714884371     0.000831834714884368     0.000481999339939175
                     0.12        0.341347917092231        0.341347917092232        0.523076057805915        0.115807903951976        0.115807903951976        0.115807903951976     0.000317130955121335      0.00184306099423506        0.015924296670652     0.000834520633519715     0.000834520633519713     0.000483457313537248
                     0.12        0.341205116598831        0.341205116598828        0.522971712191903        0.116058029014507        0.116058029014507        0.116058029014507     0.000317670205018418      0.00184644478843262        0.015945878982188     0.000837214035417566     0.000837214035417573     0.000484918574240009
                     0.12        0.341061648321501        0.341061648321499        0.522866893027641        0.116308154077039        0.116308154077039        0.116308154077039     0.000318211170080865      0.00184984085294354       0.0159675315010242     0.000839914963337153     0.000839914963337157     0.000486383138083354
                     0.12        0.340917508273169        0.340917508273167        0.522761597614089         0.11655827913957         0.11655827913957         0.11655827913957     0.000318753854913763      0.00185324923681986        0.015989254460103     0.000842623460383313      0.00084262346038332     0.000487851021216395
                     0.12        0.340772692428177        0.340772692428175        0.522655823226939        0.116808404202101        0.116808404202101        0.116808404202101     0.000319298264145416      0.00185666998951455        0.016011048094254     0.000845339570011359     0.000845339570011363     0.000489322239902976
                     0.12        0.340627196721928        0.340627196721928         0.52254956711639        0.117058529264632        0.117058529264632        0.117058529264632     0.000319844402432788      0.00186010316088477       0.0160329126402491     0.000848063336030991     0.000848063336030991     0.000490796810522952
                     0.12        0.340481017050304        0.340481017050305        0.522442826506772        0.117308654327164        0.117308654327164        0.117308654327164     0.000320392274456453      0.00186354880119751       0.0160548483367882     0.000850794802610914      0.00085079480261091     0.000492274749573667
                     0.12        0.340334149269204        0.340334149269206        0.522335598596253        0.117558779389695        0.117558779389695        0.117558779389695     0.000320941884924153      0.00186700696113385       0.0160768554245461     0.000853534014283166      0.00085353401428316     0.000493756073671356
                     0.12        0.340186589194024        0.340186589194023        0.522227880556515        0.117808904452226        0.117808904452226        0.117808904452226     0.000321493238571315      0.00187047769179383       0.0160989341461979     0.000856281015947635     0.000856281015947637      0.00049524079955258
                     0.12        0.340038332599083        0.340038332599082        0.522119669532385        0.118059029514757        0.118059029514757        0.118059029514757     0.000322046340158543      0.00187396104470189       0.0161210847464244      0.00085903585287681     0.000859035852876814     0.000496728944075754
                     0.12        0.339889375217153        0.339889375217153        0.522010962641531        0.118309154577289        0.118309154577289        0.118309154577289     0.000322601194474074      0.00187745707181136       0.0161433074719495     0.000861798570720253     0.000861798570720253     0.000498220524222605
                     0.12        0.339739712738865        0.339739712738868        0.521901756974092         0.11855927963982         0.11855927963982         0.11855927963982     0.000323157806333373      0.00188096582550997       0.0161656025715637     0.000864569215509492     0.000864569215509484     0.000499715557099723
                     0.12        0.339589340812217        0.339589340812216        0.521792049592368        0.118809404702351        0.118809404702351        0.118809404702351     0.000323716180579206      0.00188448735862445       0.0161879702961421      0.00086734783366268     0.000867347833662681     0.000501214059940065
                     0.12        0.339438255041941        0.339438255041938        0.521681837530413        0.119059529764882        0.119059529764882        0.119059529764882     0.000324276322082179      0.00188802172442648       0.0162104108986777     0.000870134471989673     0.000870134471989681     0.000502716050104587
                     0.12        0.339286450988959        0.339286450988962        0.521571117793691        0.119309654827414        0.119309654827414        0.119309654827414     0.000324838235740657      0.00189156897663784       0.0162329246343032     0.000872929177696965     0.000872929177696958     0.000504221545083825
                     0.12        0.339133924169796        0.339133924169795        0.521459887358697        0.119559779889945        0.119559779889945        0.119559779889945     0.000325401926480388      0.00189512916943602       0.0162555117603124     0.000875731998392748     0.000875731998392749     0.000505730562499534
                     0.12        0.338980670056066        0.338980670056067         0.52134814317265        0.119809904952476        0.119809904952476        0.119809904952476     0.000325967399257422      0.00189870235745871       0.0162781725362018     0.000878542982091821     0.000878542982091818     0.000507243120106262
                     0.12         0.33882668407372         0.33882668407372        0.521235882152998        0.120060030015007        0.120060030015007        0.120060030015007     0.000326534659054179      0.00190228859581114        0.016300907223675     0.000881362177221284     0.000881362177221283     0.000508759235793161
                     0.12        0.338671961602605        0.338671961602603        0.521123101187155        0.120310155077539        0.120310155077539        0.120310155077539     0.000327103710882889      0.00190588794007005        0.016323716086684     0.000884189632625335      0.00088418963262534     0.000510278927585553
                     0.12        0.338516497975657         0.33851649797566         0.52100979713197         0.12056028014007         0.12056028014007         0.12056028014007     0.000327674559785284      0.00190950044629136       0.0163465993914663     0.000887025397571229      0.00088702539757122     0.000511802213646832
                     0.12        0.338360288478508        0.338360288478505        0.520895966813488        0.120810405202601        0.120810405202601        0.120810405202601     0.000328247210831901      0.00191312617101378       0.0163695574065475     0.000889869521754053     0.000889869521754065     0.000513329112280028
                     0.12        0.338203328348524        0.338203328348522        0.520781607026362        0.121060530265133        0.121060530265133        0.121060530265133     0.000328821669121904      0.00191676517126763       0.0163925904027881      0.00089272205530327     0.000892722055303276     0.000514859641929828
                     0.12        0.338045612774485        0.338045612774485        0.520666714533609        0.121310655327664        0.121310655327664        0.121310655327664     0.000329397939786411      0.00192041750457818       0.0164156986534171      0.00089558304878738      0.00089558304878738     0.000516393821184195
                     0.12        0.337887136895697        0.337887136895697        0.520551286066086        0.121560780390195        0.121560780390195        0.121560780390195     0.000329976027985214       0.0019240832289736       0.0164388824340455     0.000898452553220375     0.000898452553220377     0.000517931668776343
                     0.12         0.33772789580142        0.337727895801422        0.520435318322106        0.121810905452726        0.121810905452726        0.121810905452726     0.000330555938907844      0.00192776240299046       0.0164621420226969     0.000901330620067283     0.000901330620067275     0.000519473203586576
                     0.12        0.337567884530097        0.337567884530099        0.520318807966966        0.122061030515258        0.122061030515258        0.122061030515258     0.000331137677776448      0.00193145508568084       0.0164854776998652     0.000904217301250381     0.000904217301250375      0.00052101844464425
                     0.12        0.337407098068715        0.337407098068715        0.520201751632537        0.122311155577789        0.122311155577789        0.122311155577789     0.000331721249842251      0.00193516133661832       0.0165088897485097     0.000907112649155093     0.000907112649155092     0.000522567411129687
                     0.12        0.337245531352081        0.337245531352079        0.520084145916789         0.12256128064032         0.12256128064032         0.12256128064032     0.000332306660387929       0.0019388812159048       0.0165323784541069     0.000910016716636173     0.000910016716636177     0.000524120122376185
                     0.12        0.337083179262086        0.337083179262093        0.519965987383384        0.122811405702851        0.122811405702851        0.122811405702851     0.000332893914728086      0.00194261478417689       0.0165559441046796     0.000912929557024028     0.000912929557024007     0.000525676597871981
                     0.12        0.336920036626999        0.336920036627003        0.519847272561151        0.123061530765383        0.123061530765383        0.123061530765383     0.000333483018208989      0.00194636210261321       0.0165795869908307     0.000915851224131004     0.000915851224130993      0.00052723685726237
                     0.12        0.336756098220664        0.336756098220663        0.519727997943639        0.123311655827914        0.123311655827914        0.123311655827914     0.000334073976208792      0.00195012323294126       0.0166033074057733     0.000918781772258032     0.000918781772258034     0.000528800920351768
                     0.12        0.336591358761763        0.336591358761763        0.519608159988643        0.123561780890445        0.123561780890445        0.123561780890445     0.000334666794137465       0.0019538982374443       0.0166271056453615     0.000921721256201145     0.000921721256201143     0.000530368807105821
                     0.12        0.336425812912994        0.336425812912997        0.519487755117662        0.123811905952976        0.123811905952976        0.123811905952976     0.000335261477437974      0.00195768717896933        0.016650982008137     0.000924669731258349     0.000924669731258339     0.000531940537653637
                     0.12        0.336259455280338        0.336259455280341        0.519366779715457        0.124062031015508        0.124062031015508        0.124062031015508     0.000335858031586155      0.00196149012093355       0.0166749367953545     0.000927627253236268     0.000927627253236258     0.000533516132289909
                     0.12        0.336092280412283        0.336092280412283        0.519245230129559        0.124312156078039        0.124312156078039        0.124312156078039     0.000336456462090854      0.00196530712733165       0.0166989703110148     0.000930593878456999     0.000930593878456999     0.000535095611477139
                     0.12        0.335924282798859         0.33592428279886        0.519123102669673         0.12456228114057         0.12456228114057         0.12456228114057     0.000337056774493558       0.0019691382627446       0.0167230828619037     0.000933569663765657     0.000933569663765654     0.000536678995848009
                     0.12        0.335755456870983        0.335755456870979        0.519000393607255        0.124812406203102        0.124812406203102        0.124812406203102     0.000337658974371872      0.00197298359234584       0.0167472747576446     0.000936554666536987     0.000936554666537001     0.000538266306207573
                     0.12        0.335585796999427         0.33558579699943        0.518877099174843        0.125062531265633        0.125062531265633        0.125062531265633     0.000338263067334914      0.00197684318191097       0.0167715463107085     0.000939548944683292     0.000939548944683282     0.000539857563535787
                     0.12        0.335415297494063        0.335415297494062        0.518753215565621        0.125312656328164        0.125312656328164        0.125312656328164     0.000338869059026865      0.00198071709782442       0.0167958978364689     0.000942552556661518      0.00094255255666152      0.00054145278898977
                     0.12        0.335243952603016        0.335243952603016        0.518628738932874        0.125562781390695        0.125562781390695        0.125562781390695     0.000339476955127808      0.00198460540708721       0.0168203296532426     0.000945565561480738     0.000945565561480738     0.000543052003906232
                     0.12        0.335071756511617        0.335071756511617        0.518503665389315        0.125812906453227        0.125812906453227        0.125812906453227     0.000340086761351395      0.00198850817732702       0.0168448420823199      0.00094858801871037      0.00094858801871037     0.000544655229804107
                     0.12        0.334898703341568        0.334898703341567        0.518377991006579        0.126063031515758        0.126063031515758        0.126063031515758     0.000340698483446811      0.00199242547680544       0.0168694354480102     0.000951619988487764     0.000951619988487766     0.000546262488386993
                     0.12        0.334724787150124        0.334724787150128        0.518251711814703        0.126313156578289        0.126313156578289        0.126313156578289      0.00034131212720049      0.00199635737442571       0.0168941100776877     0.000954661531525857     0.000954661531525844     0.000547873801545651
                     0.12        0.334550001928827        0.334550001928829        0.518124823801333         0.12656328164082         0.12656328164082         0.12656328164082     0.000341927698432401      0.00200030393974441       0.0169188663018218      0.00095771270912235     0.000957712709122345     0.000549489191360879
                     0.12        0.334374341603027        0.334374341603024        0.517997322911428        0.126813406703352        0.126813406703352        0.126813406703352     0.000342545203000959      0.00200426524297554       0.0169437044540212     0.000960773583166413     0.000960773583166422     0.000551108680105785
                     0.12        0.334197800030263        0.334197800030264        0.517869205046239        0.127063531765883        0.127063531765883        0.127063531765883     0.000343164646799586      0.00200824135500586       0.0169686248710931     0.000963844216149206     0.000963844216149205      0.00055273229024904
                     0.12        0.334020370999884        0.334020370999881        0.517740466063076        0.127313656828414        0.127313656828414        0.127313656828414     0.000343786035760858      0.00201223234739798       0.0169936278930723      0.00096692467117046     0.000966924671170471     0.000554360044457121
                     0.12        0.333842048231552        0.333842048231542        0.517611101774374        0.127563781890945        0.127563781890945        0.127563781890945     0.000344409375852457      0.00201623829240425       0.0170187138632636     0.000970015011948769       0.0009700150119488      0.00055599196559753
                     0.12        0.333662825374531        0.333662825374532        0.517481107947244        0.127813906953477        0.127813906953477        0.127813906953477     0.000345034673081772      0.00202025926297315       0.0170438831282986     0.000973115302829441     0.000973115302829437     0.000557628076741394
                     0.12        0.333482696006362        0.333482696006361        0.517350480302641        0.128064032016008        0.128064032016008        0.128064032016008     0.000345661933493106      0.00202429533276172       0.0170691360381762     0.000976225608794462     0.000976225608794465     0.000559268401166619
                     0.12        0.333301653631908        0.333301653631905        0.517219214514777        0.128314157078539        0.128314157078539        0.128314157078539      0.00034629116316932      0.00202834657614395       0.0170944729463091     0.000979345995471327     0.000979345995471337     0.000560912962360753
                     0.12        0.333119691682315        0.333119691682322        0.517087306210479        0.128564282141071        0.128564282141071        0.128564282141071     0.000346922368233145      0.00203241306822022       0.0171198942095745     0.000982476529142257     0.000982476529142234     0.000562561784023963
                     0.12        0.332936803513663        0.332936803513664        0.516954750968286        0.128814407203602        0.128814407203602        0.128814407203602     0.000347555554845551      0.00203649488483049       0.0171454001883686     0.000985617276754569     0.000985617276754563     0.000564214890072397
                     0.12        0.332752982406139        0.332752982406134        0.516821544318051        0.129064532266133        0.129064532266133        0.129064532266133      0.00034819072920788      0.00204059210256028       0.0171709912466372     0.000988768305929382       0.0009887683059294     0.000565872304640917
                     0.12        0.332568221562498        0.332568221562491        0.516687681739867        0.129314657328664        0.129314657328664        0.129314657328664     0.000348827897561278      0.00204470479875619       0.0171966677519549      0.00099192968497286     0.000991929684972883     0.000567534052086775
                     0.12        0.332382514107108        0.332382514107113        0.516553158663532        0.129564782391196        0.129564782391196        0.129564782391196     0.000349467066187159       0.0020488330515338       0.0172224300755548     0.000995101482885558     0.000995101482885541     0.000569200156992608
                     0.12        0.332195853084753        0.332195853084753        0.516417970467775        0.129814907453727        0.129814907453727        0.129814907453727     0.000350108241407965      0.00205297693978895        0.017248278592387     0.000998283769372733     0.000998283769372733     0.000570870644169803
                     0.12        0.332008231459242        0.332008231459243        0.516282112479419        0.130065032516258        0.130065032516258        0.130065032516258     0.000350751429587598         0.00205713654321       0.0172742136811787      0.00100147661485542      0.00100147661485541     0.000572545538661983
                     0.12          0.3318196421122        0.331819642112205        0.516145579972597        0.130315157578789        0.130315157578789        0.130315157578789     0.000351396637131438      0.00206131194228925       0.0173002357244854      0.00100468009048099      0.00100468009048097      0.00057422486574848
                     0.12        0.331630077841843        0.331630077841842        0.516008368168009        0.130565282641321        0.130565282641321        0.130565282641321     0.000352043870486804      0.00206550321833385       0.0173263451087414      0.00100789426813392      0.00100789426813393     0.000575908650947782
                     0.12        0.331439531361511         0.33143953136151        0.515870472232006        0.130815407703852        0.130815407703852        0.130815407703852     0.000352693136143622       0.0020697104534791       0.0173525422243283      0.00101111922044751      0.00101111922044751      0.00057759692002128
                     0.12        0.331247995298557        0.331247995298552        0.515731887275901        0.131065532766383        0.131065532766383        0.131065532766383     0.000353344440635783      0.00207393373069855       0.0173788274656257      0.00101435502081444      0.00101435502081446      0.00057928969897674
                     0.12        0.331055462192773        0.331055462192771        0.515592608354991        0.131315657828914        0.131315657828914        0.131315657828914     0.000353997790539531      0.00207817313381825       0.0174052012310669      0.00101760174339918      0.00101760174339918     0.000580987014072229
                     0.12        0.330861924495023        0.330861924495021        0.515452630467687        0.131565782891446        0.131565782891446        0.131565782891446     0.000354653192475567      0.00208242874752945       0.0174316639232128      0.00102085946314964      0.00102085946314965     0.000582688891819945
                     0.12        0.330667374565801        0.330667374565801        0.515311948554638        0.131815907953977        0.131815907953977        0.131815907953977     0.000355310653108031      0.00208670065740131       0.0174582159488009      0.00102412825580944      0.00102412825580944     0.000584395358990096
                     0.12        0.330471804674007        0.330471804674005        0.515170557497997        0.132066033016508        0.132066033016508        0.132066033016508     0.000355970179146906       0.0020909889498918       0.0174848577188054      0.00102740819792933      0.00102740819792933     0.000586106442614652
                     0.12        0.330275206995091        0.330275206995088        0.515028452120216         0.13231615807904         0.13231615807904         0.13231615807904     0.000356631777347381      0.00209529371236499        0.017511589648523      0.00103069936688112      0.00103069936688113     0.000587822169991788
                     0.12         0.33007757360982        0.330077573609827        0.514885627183325        0.132566283141571        0.132566283141571        0.132566283141571     0.000357295454510142      0.00209961503310176       0.0175384121576129       0.0010340018408695      0.00103400184086947     0.000589542568689723
                     0.12        0.329878896502625        0.329878896502618        0.514742077387871        0.132816408204102        0.132816408204102        0.132816408204102     0.000357961217481922      0.00210395300131518       0.0175653256701752       0.0010373156989455      0.00103731569894553     0.000591267666551088
                     0.12        0.329679167559842        0.329679167559855        0.514597797371865        0.133066533266633        0.133066533266633        0.133066533266633     0.000358629073156175       0.0021083077071658       0.0175923306148276      0.00104064102102049      0.00104064102102044     0.000592997491697332
                     0.12        0.329478378568662         0.32947837856867        0.514452781710107        0.133316658329165        0.133316658329165        0.133316658329165     0.000359299028474709      0.00211267924177155       0.0176194274247501      0.00104397788787778      0.00104397788787775     0.000594732072532666
                     0.12        0.329276521214735        0.329276521214733        0.514307024912729        0.133566783391696        0.133566783391696        0.133566783391696     0.000359971090425321      0.00211706769722907       0.0176466165377799       0.0010473263811892       0.0010473263811892      0.00059647143774917
                     0.12        0.329073587081019        0.329073587081016        0.514160521424436        0.133816908454227        0.133816908454227        0.133816908454227     0.000360645266045973      0.00212147316662433       0.0176738983964808      0.00105068658352738      0.00105068658352739     0.000598215616330972
                     0.12         0.32886956764595        0.328869567645952        0.514013265623444        0.134067033516758        0.134067033516758        0.134067033516758     0.000361321562422221      0.00212589574404862       0.0177012734481946      0.00105405857838067      0.00105405857838067     0.000599964637558918
                     0.12        0.328664454281474         0.32866445428147        0.513865251820181         0.13431715857929         0.13431715857929         0.13431715857929     0.000361999986688941      0.00213033552461701       0.0177287421451471      0.00105744245016863      0.00105744245016864     0.000601718531015656
                     0.12        0.328458238251562        0.328458238251563        0.513716474256466        0.134567283641821        0.134567283641821        0.134567283641821     0.000362680546032078      0.00213479260448064       0.0177563049445056      0.00106083828425602      0.00106083828425602     0.000603477326590096
                     0.12        0.328250910710154        0.328250910710154        0.513566927104134        0.134817408704352        0.134817408704352        0.134817408704352     0.000363363247686391      0.00213926708084632       0.0177839623084585      0.00106424616696906      0.00106424616696906      0.00060524105448273
                     0.12        0.328042462699477        0.328042462699478        0.513416604464096        0.135067533766883        0.135067533766883        0.135067533766883     0.000364048098938776      0.00214375905199057       0.0178117147042975      0.00106766618561039      0.00106766618561039     0.000607009745210406
                     0.12        0.327832885147927        0.327832885147934        0.513265500364971        0.135317658829415        0.135317658829415        0.135317658829415     0.000364735107127846      0.00214826861727927       0.0178395626045102      0.00107109842847594      0.00107109842847592     0.000608783429611786
                     0.12        0.327622168868253        0.327622168868254        0.513113608761974        0.135567783891946        0.135567783891946        0.135567783891946     0.000365424279643613      0.00215279587718381       0.0178675064868456      0.00107454298487079      0.00107454298487079     0.000610562138852505
                     0.12        0.327410304555554         0.32741030455555        0.512960923535734        0.135817908954477        0.135817908954477        0.135817908954477     0.000366115623928957      0.00215734093329849       0.0178955468344043      0.00107799994512595      0.00107799994512596     0.000612345904430515
                     0.12         0.32719728278532        0.327197282785325        0.512807438491013        0.136068034017008        0.136068034017008        0.136068034017008     0.000366809147481439      0.00216190388835869       0.0179236841357341      0.00108146940061513      0.00108146940061511      0.00061413475818164
                     0.12        0.326983094010957        0.326983094010956        0.512653147355229         0.13631815907954         0.13631815907954         0.13631815907954     0.000367504857850379      0.00216648484626288       0.0179519188849152      0.00108495144377367      0.00108495144377368     0.000615928732285514
                     0.12        0.326767728562421        0.326767728562424        0.512498043777625        0.136568284142071        0.136568284142071        0.136568284142071     0.000368202762642052      0.00217108391208407        0.017980251581633      0.00108844616811356      0.00108844616811355     0.000617727859270624
                     0.12        0.326551176643121         0.32655117664312        0.512342121327306        0.136818409204602        0.136818409204602        0.136818409204602     0.000368902869515637      0.00217570119209873       0.0180086827313022      0.00109195366824504      0.00109195366824504     0.000619532172021141
                     0.12        0.326333428328436        0.326333428328437        0.512185373492412        0.137068534267134        0.137068534267134        0.137068534267134     0.000369605186188251      0.00218033679379866        0.018037212845139      0.00109547403989243      0.00109547403989243     0.000621341703782125
                     0.12        0.326114473563032        0.326114473563034        0.512027793678399        0.137318659329665        0.137318659329665        0.137318659329665      0.00037030972043213      0.00218499082591581       0.0180658424402626      0.00109900737991474      0.00109900737991473     0.000623156488166154
                     0.12        0.325894302158843        0.325894302158842        0.511869375206837        0.137568784392196        0.137568784392196        0.137568784392196     0.000371016480077386      0.00218966339843979       0.0180945720397881      0.00110255378632389      0.00110255378632389     0.000624976559159275
                     0.12        0.325672903792261        0.325672903792264         0.51171011131369        0.137818909454727        0.137818909454727        0.137818909454727     0.000371725473011883      0.00219435462264292       0.0181234021729489      0.00110611335830619      0.00110611335830618     0.000626801951127816
                     0.12        0.325450268002224        0.325450268002215        0.511549995148118        0.138069034517259        0.138069034517259        0.138069034517259     0.000372436707182039      0.00219906461109735       0.0181523333751688      0.00110968619624072      0.00110968619624075     0.000628632698824511
                     0.12        0.325226384187416        0.325226384187419        0.511389019770786         0.13831915957979         0.13831915957979         0.13831915957979     0.000373150190593689      0.00220379347769961       0.0181813661881861      0.00111327240172119      0.00111327240172118     0.000630468837395465
                     0.12        0.325001241603619        0.325001241603623        0.511227178152216        0.138569284642321        0.138569284642321        0.138569284642321     0.000373865931311869       0.0022085413376947       0.0182105011601648      0.00111687207757759      0.00111687207757758     0.000632310402387151
                     0.12        0.324774829361471        0.324774829361463        0.511064463171458        0.138819409704852        0.138819409704852        0.138819409704852     0.000374583937463618      0.00221330830769513       0.0182397388457927      0.00112048532789647       0.0011204853278965     0.000634157429753031
                     0.12        0.324547136423563        0.324547136423553         0.51090086761428        0.139069534767384        0.139069534767384        0.139069534767384     0.000375304217235955       0.0022180945057071       0.0182690798063896      0.00112411225804402      0.00112411225804405     0.000636009955860996
                     0.12        0.324318151601683        0.324318151601686        0.510736384171487        0.139319659829915        0.139319659829915        0.139319659829915     0.000376026778879265      0.00222290005115494       0.0182985246100473      0.00112775297468885      0.00112775297468884     0.000637868017500745
                     0.12        0.324087863554242        0.324087863554242        0.510571005437363        0.139569784892446        0.139569784892446        0.139569784892446     0.000376751630706551      0.00222772506490367       0.0183280738317184      0.00113140758582439      0.00113140758582439     0.000639731651891051
                     0.12        0.323856260783259        0.323856260783272        0.510404723907804        0.139819909954977        0.139819909954977        0.139819909954977     0.000377478781094096      0.00223256966928571       0.0183577280533478      0.00113507620079316      0.00113507620079311     0.000641600896687645
                     0.12        0.323623331631285        0.323623331631291        0.510237531978464        0.140070035017509        0.140070035017509        0.140070035017509     0.000378208238482405      0.00223743398812821       0.0183874878640068      0.00113875893031165      0.00113875893031163     0.000643475789991178
                     0.12        0.323389064279028        0.323389064279028        0.510069421943331         0.14032016008004         0.14032016008004         0.14032016008004     0.000378940011379326      0.00224231814677319       0.0184173538599939      0.00114245588649276      0.00114245588649276     0.000645356370354637
                     0.12         0.32315344674156        0.323153446741564        0.509900385992369        0.140570285142571        0.140570285142571        0.140570285142571     0.000379674108356817      0.00224722227211189       0.0184473266449829      0.00114616718287398      0.00114616718287397     0.000647242676792342
                     0.12        0.322916466865583        0.322916466865588        0.509730416209848        0.140820410205103        0.140820410205103        0.140820410205103     0.000380410538053717      0.00225214649260866       0.0184774068301437      0.00114989293444187      0.00114989293444185     0.000649134748787982
                     0.12         0.32267811232617        0.322678112326169        0.509559504572408        0.141070535267634        0.141070535267634        0.141070535267634     0.000381149309178454      0.00225709093832922       0.0185075950342926      0.00115363325765878      0.00115363325765878     0.000651032626303215
                     0.12        0.322438370623361        0.322438370623365        0.509387642946947        0.141320660330165        0.141320660330165        0.141320660330165     0.000381890430506279      0.00226205574097094       0.0185378918840105      0.00115738827049052       0.0011573882704905     0.000652936349786659
                     0.12        0.322197229079079        0.322197229079082        0.509214823088781        0.141570785392696        0.141570785392696        0.141570785392696     0.000382633910883161      0.00226704103388958        0.018568298013787      0.00116115809243311       0.0011611580924331     0.000654845960182591
                     0.12        0.321954674833387        0.321954674833391         0.50904103663934        0.141820910455228        0.141820910455228        0.141820910455228     0.000383379759225887      0.00227204695213241       0.0185988140661804      0.00116494284454248      0.00116494284454246     0.000656761498940533
                     0.12        0.321710694841026         0.32171069484104        0.508866275124053        0.142071035517759        0.142071035517759        0.142071035517759     0.000384127984520449      0.00227707363246878       0.0186294406919404      0.00116874264946327      0.00116874264946322      0.00065868300802466
                     0.12        0.321465275868051        0.321465275868046        0.508690529950377         0.14232116058029         0.14232116058029         0.14232116058029     0.000384878595827799      0.00228212121341875       0.0186601785501773      0.00117255763145782      0.00117255763145784     0.000660610529923141
                     0.12        0.321218404487698        0.321218404487702        0.508513792405216        0.142571285642821        0.142571285642821        0.142571285642821     0.000385631602281049      0.00228718983529004       0.0186910283085182      0.00117638791643837      0.00117638791643836     0.000662544107658603
                     0.12        0.320970067076883        0.320970067076885        0.508336053652808        0.142821410705353        0.142821410705353        0.142821410705353     0.000386387013086957      0.00229227964020865       0.0187219906432506      0.00118023363199724      0.00118023363199723     0.000664483784797993
                     0.12        0.320720249812381        0.320720249812375        0.508157304732459        0.143071535767884        0.143071535767884        0.143071535767884      0.00038714483752883      0.00229739077215158       0.0187530662394911      0.00118409490743864      0.00118409490743867      0.00066642960546285
                     0.12        0.320468938666387        0.320468938666386         0.50797753655582        0.143321660830415        0.143321660830415        0.143321660830415     0.000387905084963981      0.00230252337698613       0.0187842557913539      0.00118797187381331      0.00118797187381332     0.000668381614340477
                     0.12        0.320216119403097        0.320216119403096        0.507796739904805        0.143571785892946        0.143571785892946        0.143571785892946     0.000388667764829861      0.00230767760249966       0.0188155600021206      0.00119186466394956      0.00119186466394956     0.000670339856694246
                     0.12        0.319961777573908        0.319961777573926        0.507614905428735        0.143821910955478        0.143821910955478        0.143821910955478     0.000389432886640565      0.00231285359844109       0.0188469795844122      0.00119577341249011      0.00119577341249004     0.000672304378375326
                     0.12        0.319705898513407        0.319705898513398        0.507432023641843        0.144072036018009        0.144072036018009        0.144072036018009     0.000390200459989037      0.00231805151655663       0.0188785152603643      0.00119969825592644      0.00119969825592648     0.000674275225834011
                     0.12        0.319448467334877        0.319448467334882        0.507248084920663         0.14432216108054         0.14432216108054         0.14432216108054     0.000390970494549923      0.00232327151062748       0.0189101677618202      0.00120363933263522       0.0012036393326352     0.000676252446131417
                     0.12        0.319189468926042        0.319189468926035        0.507063079501358        0.144572286143072        0.144572286143072        0.144572286143072     0.000391743000078947      0.00232851373650825       0.0189419378304964      0.00120759678291448      0.00120759678291451     0.000678236086951453
                     0.12        0.318928887943788         0.31892888794379        0.506876997476621        0.144822411205603        0.144822411205603        0.144822411205603     0.000392517986414286      0.00233377835217183       0.0189738262182098      0.00121157074902424      0.00121157074902423     0.000680226196613718
                     0.12        0.318666708810148        0.318666708810157        0.506689828793166        0.145072536268134        0.145072536268134        0.145072536268134     0.000393295463477931      0.00233906551774498       0.0190058336870349      0.00121556137522254       0.0012155613752225     0.000682222824085596
                     0.12        0.318402915706817        0.318402915706819        0.506501563248539        0.145322661330665        0.145322661330665        0.145322661330665     0.000394075441277224      0.00234437539555506       0.0190379610095393      0.00121956880780792      0.00121956880780791       0.0006842260189957
                     0.12        0.318137492570748        0.318137492570751         0.50631219048836        0.145572786393197        0.145572786393197        0.145572786393197     0.000394857929906098      0.00234970815016872       0.0190702089689577      0.00122359319515803      0.00122359319515802     0.000686235831646794
                     0.12        0.317870423088115        0.317870423088114        0.506121700002743        0.145822911455728        0.145822911455728        0.145822911455728     0.000395642939544319      0.00235506394844432       0.0191025783594427      0.00122763468777537      0.00122763468777537     0.000688252313030327
                     0.12        0.317601690689996        0.317601690689987        0.505930081123704        0.146073036518259        0.146073036518259        0.146073036518259      0.00039643048046184      0.00236044295956863       0.0191350699862442      0.00123169343832656       0.0012316934383266     0.000690275514839518
                     0.12        0.317331278546253        0.317331278546243        0.505737323021479         0.14632316158079         0.14632316158079         0.14632316158079     0.000397220563017955      0.00236584535511009       0.0191676846659601      0.00123576960168956       0.0012357696016896     0.000692305489484507
                     0.12        0.317059169560517        0.317059169560519        0.505543414701545        0.146573286643322        0.146573286643322        0.146573286643322     0.000398013197664523       0.0023712713090616       0.0192004232267438      0.00123986333499685      0.00123986333499684     0.000694342290106563
                     0.12        0.316785346363584        0.316785346363575        0.505348345000522        0.146823411705853        0.146823411705853        0.146823411705853     0.000398808394942579      0.00237672099789919       0.0192332865085659      0.00124397479768582      0.00124397479768586     0.000696385970594434
                     0.12        0.316509791308855         0.31650979130885        0.505152102583711        0.147073536768384        0.147073536768384        0.147073536768384     0.000399606165491641      0.00238219460061796       0.0192662753634156      0.00124810415154124      0.00124810415154126     0.000698436585598145
                     0.12        0.316232486464726        0.316232486464729        0.504954675940166        0.147323661830915        0.147323661830915        0.147323661830915     0.000400406520041724      0.00238769229880201       0.0192993906555996      0.00125225156075103      0.00125225156075101      0.00070049419054731
                     0.12        0.315953413610074        0.315953413610075        0.504756053380398        0.147573786893447        0.147573786893447        0.147573786893447     0.000401209469423586      0.00239321427665858       0.0193326332619304      0.00125641719194969      0.00125641719194968     0.000702558841665143
                     0.12        0.315672554226366        0.315672554226377        0.504556223031318        0.147823911955978        0.147823911955978        0.147823911955978     0.000402015024564332      0.00239876072108967       0.0193660040720597      0.00126060121427662      0.00126060121427657     0.000704630595987546
                     0.12        0.315389889491937        0.315389889491933        0.504355172832981        0.148074037018509        0.148074037018509        0.148074037018509     0.000402823196490532      0.00240433182173935       0.0193995039886952       0.0012648037994259      0.00126480379942592     0.000706709511379343
                     0.12        0.315105400275183        0.315105400275187         0.50415289053456        0.148324162081041        0.148324162081041        0.148324162081041     0.000403633996329887      0.00240992777105157       0.0194331339278767      0.00126902512170132       0.0012690251217013     0.000708795646552143
                     0.12        0.314819067127326        0.314819067127341        0.503949363689891        0.148574287143572        0.148574287143572        0.148574287143572     0.000404447435313655      0.00241554876433392       0.0194668948192969      0.00127326535807398      0.00127326535807391     0.000710889061083271
                     0.12        0.314530870275734        0.314530870275743        0.503744579653572        0.148824412206103        0.148824412206103        0.148824412206103      0.00040526352477694      0.00242119499981358       0.0195007876065458       0.0012775246882382      0.00127752468823816     0.000712989815434007
                     0.12        0.314240789616065        0.314240789616074        0.503538525576307        0.149074537268634        0.149074537268634        0.149074537268634     0.000406082276159476      0.00242686667870456       0.0195348132474328      0.00128180329467319      0.00128180329467316     0.000715097970969515
                     0.12         0.31394880470539        0.313948804705392        0.503331188400779        0.149324662331166        0.149324662331166        0.149324662331166     0.000406903701010569      0.00243256400526658       0.0195689727142819      0.00128610136270132      0.00128610136270131     0.000717213589978135
                     0.12        0.313654894753756        0.313654894753751        0.503122554856567        0.149574787393697        0.149574787393697        0.149574787393697      0.00040772781098744      0.00243828718687778       0.0196032669942652      0.00129041908055378      0.00129041908055381     0.000719336735692717
                     0.12        0.313359038616546        0.313359038616547        0.502912611455726        0.149824912456228        0.149824912456228        0.149824912456228     0.000408554617857736      0.00244403643409877       0.0196376970897036      0.00129475663943377      0.00129475663943377     0.000721467472311156
                     0.12        0.313061214786225        0.313061214786215        0.502701344487765        0.150075037518759        0.150075037518759        0.150075037518759      0.00040938413350201      0.00244981196074408       0.0196722640184161        0.001299114233583      0.00129911423358304     0.000723605865018323
                     0.12        0.312761401384188        0.312761401384201         0.50248874001497        0.150325162581291        0.150325162581291        0.150325162581291     0.000410216369915464      0.00245561398394964         0.01970696881403      0.00130349206034869      0.00130349206034863     0.000725751980007786
                     0.12        0.312459576151597        0.312459576151598        0.502274783866748        0.150575287643822        0.150575287643822        0.150575287643822     0.000411051339209947      0.00246144272425345       0.0197418125263805      0.00130789032025583      0.00130789032025583     0.000727905884505659
                     0.12         0.31215571644064        0.312155716440635        0.502059461634638        0.150825412706353        0.150825412706353        0.150825412706353     0.000411889053614476      0.00246729840566745       0.0197767962218316       0.0013123092170785      0.00131230921707853     0.000730067646793666
                     0.12        0.311849799205357        0.311849799205342         0.50184275866676        0.151075537768884        0.151075537768884        0.151075537768884      0.00041272952547796      0.00247318125575677       0.0198119209836611      0.00131674895791399      0.00131674895791406     0.000732237336233615
                     0.12         0.31154180099208         0.31154180099208        0.501624660062286        0.151325662831416        0.151325662831416        0.151325662831416     0.000413572767272843      0.00247909150571953       0.0198471879124512       0.0013212097532596       0.0013212097532596     0.000734415023292285
                     0.12        0.311231697929721        0.311231697929723        0.501405150665526        0.151575787893947        0.151575787893947        0.151575787893947     0.000414418791593627      0.00248502939047074       0.0198825981264613      0.00132569181709109      0.00132569181709108     0.000736600779567439
                     0.12        0.310919465719353         0.31091946571937         0.50118421505991        0.151825912956478        0.151825912956478        0.151825912956478     0.000415267611161479      0.00249099514872926       0.0199181527620648      0.00133019536694527       0.0013301953669452     0.000738794677814492
                     0.12         0.31060507962476        0.310605079624778        0.500961837562378        0.152076038019009        0.152076038019009        0.152076038019009       0.0004161192388259      0.00249698902309766       0.0199538529741072      0.00133472062399934      0.00133472062399926     0.000740996791972892
                     0.12        0.310288514460419        0.310288514460422        0.500738002216231        0.152326163081541        0.152326163081541        0.152326163081541      0.00041697368756672      0.00250301126016481       0.0199896999364186      0.00133926781316268      0.00133926781316267     0.000743207197195855
                     0.12         0.30996974458133        0.309969744581326        0.500512692785231        0.152576288144072        0.152576288144072        0.152576288144072     0.000417830970494883      0.00250906211059037       0.0200256948421831      0.00134383716316166      0.00134383716316168     0.000745425969878257
                     0.12        0.309648743871739        0.309648743871741        0.500285892746948        0.152826413206603        0.152826413206603        0.152826413206603     0.000418691100857949      0.00251514182920005        0.020061838904417      0.00134842890663034      0.00134842890663033     0.000747653187686477
                     0.12        0.309325485732569        0.309325485732565        0.500057585285221        0.153076538269135        0.153076538269135        0.153076538269135     0.000419554092037904      0.00252125067509321        0.020098133356461      0.00135304328020832      0.00135304328020834      0.00074988892959043
                     0.12        0.308999943070861        0.308999943070877        0.499827753284275        0.153326663331666        0.153326663331666        0.153326663331666     0.000420419957560581       0.0025273889117277       0.0201345794524028      0.00135768052463068      0.00135768052463061     0.000752133275893024
                     0.12        0.308672088284988        0.308672088285011        0.499596379319579        0.153576788394197        0.153576788394197        0.153576788394197     0.000421288711087132      0.00253355680704975       0.0201711784676592      0.00136234088483829      0.00136234088483819     0.000754386308266386
                     0.12        0.308341893254348        0.308341893254356        0.499363445652307        0.153826913456728        0.153826913456728        0.153826913456728     0.000422160366428927      0.00253975463357443       0.0202079316993964      0.00136702461006914       0.0013670246100691     0.000756648109781834
                     0.12        0.308009329323979        0.308009329323988        0.499128934219893         0.15407703851926         0.15407703851926         0.15407703851926     0.000423034937540402      0.00254598266851949       0.0202448404671363      0.00137173195397406      0.00137173195397401     0.000758918764947893
                     0.12        0.307674367291885        0.307674367291885        0.498892826628887        0.154327163581791        0.154327163581791        0.154327163581791     0.000423912438526658      0.00255224119390862       0.0202819061132594      0.00137646317472149      0.00137646317472149     0.000761198359744589
                     0.12        0.307336977394787        0.307336977394801        0.498655104146419        0.154577288644322        0.154577288644322        0.154577288644322     0.000424792883643756      0.00255853049669246       0.0203191300035651      0.00138121853511091      0.00138121853511085     0.000763486981661045
                     0.12        0.306997129293603        0.306997129293599        0.498415747691973        0.154827413706853        0.154827413706853        0.154827413706853     0.000425676287304822      0.00256485086886765       0.0203565135278548      0.00138599830268887      0.00138599830268889     0.000765784719733181
                     0.12        0.306654792057524        0.306654792057527        0.498174737827757        0.155077538769385        0.155077538769385        0.155077538769385     0.000426562664077854       0.0025712026076129       0.0203940581005587      0.00139080274987317      0.00139080274987315     0.000768091664584848
                     0.12        0.306309934149463        0.306309934149459        0.497932054750486        0.155327663831916        0.155327663831916        0.155327663831916     0.000427452028692592      0.00257758601540773       0.0204317651613041      0.00139563215407211      0.00139563215407213     0.000770407908466952
                     0.12        0.305962523409395        0.305962523409366        0.497687678281527        0.155577788894447        0.155577788894447        0.155577788894447     0.000428344396041908      0.00258400140017259       0.0204696361755795      0.00140048679781531      0.00140048679781544     0.000772733545300538
                     0.12        0.305612527037472        0.305612527037492          0.4974415878572        0.155827913956978        0.155827913956978        0.155827913956978      0.00042923978118508      0.00259044907540823       0.0205076726353963      0.00140536696888706      0.00140536696888697     0.000775068670720378
                     0.12        0.305259911577523        0.305259911577521          0.4971937625189         0.15607803901951         0.15607803901951         0.15607803901951     0.000430138199350463      0.00259692936033553        0.020545876059942       0.0014102729604598       0.0014102729604598     0.000777413382119704
                     0.12        0.304904642898542        0.304904642898567        0.496944180902746        0.156328164082041        0.156328164082041        0.156328164082041     0.000431039665939711      0.00260344258004507       0.0205842479962963       0.0014152050712386      0.00141520507123849     0.000779767778696773
                     0.12        0.304546686176566        0.304546686176602        0.496692821228732        0.156578289144572        0.156578289144572        0.156578289144572     0.000431944196529848      0.00260998906565103       0.0206227900201543      0.00142016360560591      0.00142016360560574     0.000782131961503271
                     0.12        0.304186005875483         0.30418600587548        0.496439661289689        0.156828414207104        0.156828414207104        0.156828414207104     0.000432851806877237      0.00261656915444905       0.0206615037365766      0.00142514887377299        0.001425148873773     0.000784506033494038
                     0.12        0.303822565727512        0.303822565727496        0.496184678440046        0.157078539269635        0.157078539269635        0.157078539269635     0.000433762512920318       0.0026231831900769        0.020700390780738      0.00143016119193508      0.00143016119193516     0.000786890099578146
                     0.12        0.303456328712659        0.303456328712671        0.495927849583915        0.157328664332166        0.157328664332166        0.157328664332166     0.000434676330785297      0.00262983152268491       0.0207394528187539       0.0014352008824334      0.00143520088243335     0.000789284266672326
                     0.12        0.303087257037773        0.303087257037789        0.495669151162901        0.157578789394697        0.157578789394697        0.157578789394697     0.000435593276786696      0.00263651450910958       0.0207786915484743      0.00144026827392112      0.00144026827392104      0.00079168864375598
                     0.12        0.302715312114158        0.302715312114138        0.495408559143212        0.157828914457229        0.157828914457229        0.157828914457229     0.000436513367432983      0.00264323251305782       0.0208181087003777      0.00144536370153844      0.00144536370153853     0.000794103341928691
                     0.12        0.302340454535679        0.302340454535692         0.49514604900311         0.15807903951976         0.15807903951976         0.15807903951976     0.000437436619430354      0.00264998590528621       0.0208577060384018      0.00145048750708765      0.00145048750708759     0.000796528474468155
                     0.12        0.301962644054843        0.301962644054825        0.494881595719074        0.158329164582291        0.158329164582291        0.158329164582291     0.000438363049686925      0.00265677506379898       0.0208974853608906      0.00145564003922012       0.0014556400392202     0.000798964156891896
                     0.12        0.301581839558149        0.301581839558166        0.494615173751461        0.158579289644822        0.158579289644822        0.158579289644822     0.000439292675312758      0.00266360037405132       0.0209374485015294      0.00146082165362932      0.00146082165362923     0.000801410507021205
                     0.12        0.301197999042222        0.301197999042202        0.494346757031052        0.158829414707354        0.158829414707354        0.158829414707354     0.000440225513633416      0.00267046222914315       0.0209775973303083      0.00146603271324258      0.00146603271324268     0.000803867645044563
                     0.12        0.300811079585609        0.300811079585646        0.494076318942617        0.159079539769885        0.159079539769885        0.159079539769885     0.000441161582181618      0.00267736103005241       0.0210179337545602       0.0014712735884364      0.00147127358843622     0.000806335693588448
                     0.12        0.300421037324293        0.300421037324267        0.493803832311115        0.159329664832416        0.159329664832416        0.159329664832416     0.000442100898714135      0.00268429718583331        0.021058459719948      0.00147654465723649      0.00147654465723662     0.000808814777784116
                     0.12        0.300027827420691        0.300027827420658         0.49352926938354        0.159579789894947        0.159579789894947        0.159579789894947     0.000443043481205042      0.00269127111387348       0.0210991772116446      0.00148184630555222      0.00148184630555238     0.000811305025344802
                     0.12        0.299631404037477        0.299631404037489        0.493252601814433        0.159829914957479        0.159829914957479        0.159829914957479     0.000443989347860892      0.00269828324010288       0.0211400882553413      0.00148717892739057      0.00148717892739051     0.000813806566636788
                     0.12        0.299231720304919        0.299231720304921        0.492973800646798         0.16008004002001         0.16008004002001         0.16008004002001     0.000444938517116786      0.00270533399926499       0.0211811949185056       0.0014925429251047      0.00149254292510469     0.000816319534761591
                     0.12        0.298828728290815          0.2988287282908        0.492692836295024        0.160330165082541        0.160330165082541        0.160330165082541     0.000445891007645031      0.00271242383515993       0.0212224993115341      0.00149793870963301      0.00149793870963309     0.000818844065635585
                     0.12        0.298422378968234        0.298422378968214          0.4924096785268        0.160580290145073        0.160580290145073        0.160580290145073        0.000446846838364      0.00271955320090428       0.0212640035889923      0.00150336670075213      0.00150336670075223     0.000821380298073387
                     0.12        0.298012622179787        0.298012622179804        0.492124296442221        0.160830415207604        0.160830415207604        0.160830415207604     0.000447806028433664      0.00272672255922723       0.0213057099509769      0.00150882732735049       0.0015088273273504     0.000823928373878947
                     0.12         0.29759940660497        0.297599406604991        0.491836658455619        0.161080540270135        0.161080540270135        0.161080540270135     0.000448768597270176      0.00273393238273097       0.0213476206443646      0.00151432102769016      0.00151432102769006     0.000826488437932692
                     0.12        0.297182679721682        0.297182679721653        0.491546732273574        0.161330665332666        0.161330665332666        0.161330665332666     0.000449734564547048      0.00274118315420438       0.0213897379642876      0.00151984824970123      0.00151984824970138      0.00082906063828867
                     0.12         0.29676238776962        0.296762387769645        0.491254484874207        0.161580790395198        0.161580790395198        0.161580790395198     0.000450703950203326      0.00274847536691796       0.0214320642555187      0.00152540945127054      0.00152540945127042     0.000831645126270985
                     0.12         0.29633847571011        0.296338475710125        0.490959882484268        0.161830915457729        0.161830915457729        0.161830915457729     0.000451676774446717      0.00275580952495114       0.0214746019140029      0.00153100510055222      0.00153100510055214     0.000834242056576996
                     0.12        0.295910887185001         0.29591088718502        0.490662890555896         0.16208104052026         0.16208104052026         0.16208104052026     0.000452653057759864      0.00276318614352296       0.0215173533884144      0.00153663567628691      0.00153663567628681     0.000836851587383434
                     0.12        0.295479564473545         0.29547956447359        0.490363473742316        0.162331165582791        0.162331165582791        0.162331165582791     0.000453632820907192      0.00277060574933986       0.0215603211818005      0.00154230166813542      0.00154230166813519      0.00083947388045707
                     0.12        0.295044448450887        0.295044448450919        0.490061595874571        0.162581290645323        0.162581290645323        0.162581290645323     0.000454616084947498      0.00277806888092724        0.021603507853141      0.00154800357700842      0.00154800357700826     0.000842109101265494
                     0.12        0.294605478536673        0.294605478536662        0.489757219932061        0.162831415707854        0.162831415707854        0.162831415707854     0.000455602871226219      0.00278557608904909       0.0216469160192932      0.00155374191545091      0.00155374191545097     0.000844757419103859
                     0.12        0.294162592651833        0.294162592651865        0.489450308018794        0.163081540770385        0.163081540770385        0.163081540770385     0.000456593201397078      0.00279312793704763       0.0216905483566167      0.00155951720798978      0.00155951720798962     0.000847419007211768
                     0.12        0.293715727165774        0.293715727165815        0.489140821333266        0.163331665832916        0.163331665832916        0.163331665832916     0.000457587097420935      0.00280072500127245       0.0217344076029732       0.0015653299915351       0.0015653299915349     0.000850094042906813
                     0.12        0.293264816845071        0.293264816845088        0.488828720139916        0.163581790895448        0.163581790895448        0.163581790895448     0.000458584581576917      0.00280836787148804       0.0217784965596482      0.00157118081577889       0.0015711808157788     0.000852782707717507
                     0.12        0.292809794798521         0.29280979479857        0.488513963738267        0.163831915957979        0.163831915957979        0.163831915957979     0.000459585676467096      0.00281605715131392        0.021822818093401      0.00157707024361775      0.00157707024361749     0.000855485187524306
                     0.12         0.29235059242105        0.292350592421012        0.488196510431361         0.16408204102051         0.16408204102051         0.16408204102051     0.000460590405025794      0.00282379345867445       0.0218673751385811        0.001582998851587      0.00158299885158719     0.000858201672705315
                     0.12        0.291887139333398         0.29188713933338        0.487876317492386        0.164332166083042        0.164332166083042        0.164332166083042      0.00046159879052627      0.00283157742627594       0.0219121706993595      0.00158896723032222      0.00158896723032231     0.000860932358289302
                     0.12        0.291419363321687        0.291419363321705        0.487553341130635        0.164582291145573        0.164582291145573        0.164582291145573     0.000462610856591855      0.00283940970209137       0.0219572078520131      0.00159497598502738      0.00159497598502729     0.000863677444113631
                     0.12        0.290947190273033        0.290947190273022        0.487227536455907        0.164832416208104        0.164832416208104        0.164832416208104     0.000463626627203492      0.00284729094986912       0.0220024897472889      0.00160102573596966      0.00160102573596971     0.000866437134989253
                     0.12         0.29047054410683        0.290470544106831        0.486898857440045        0.165082541270635        0.165082541270635        0.165082541270635     0.000464646126706558      0.00285522184968084       0.0220480196129804      0.00160711711900318      0.00160711711900317     0.000869211640875966
                     0.12        0.289989346705352         0.28998934670532        0.486567256878601        0.165332666333167        0.165332666333167        0.165332666333167     0.000465669379821204      0.00286320309846982       0.0220938007564831      0.00161325078610323       0.0016132507861034     0.000872001177061345
                     0.12        0.289503517841672        0.289503517841701        0.486232686350874        0.165582791395698        0.165582791395698        0.165582791395698     0.000466696411655768      0.00287123541062004       0.0221398365674711      0.00161942740592121      0.00161942740592106     0.000874805964347488
                     0.12        0.289012975100877        0.289012975100883        0.485895096176068        0.165832916458229        0.165832916458229        0.165832916458229     0.000467727247709347      0.00287931951858241       0.0221861305208002      0.00162564766438225      0.00162564766438221     0.000877626229251004
                     0.12        0.288517633801246        0.288517633801253         0.48555443537012         0.16608304152076         0.16608304152076         0.16608304152076     0.000468761913888623      0.00288745617349145       0.0222326861794143      0.00163191226529053       0.0016319122652905     0.000880462204206066
                     0.12        0.288017406910851        0.288017406910826        0.485210651599375        0.166333166583292        0.166333166583292        0.166333166583292     0.000469800436515212      0.00289564614582543       0.0222795071974063      0.00163822193096669      0.00163822193096682     0.000883314127779499
                     0.12        0.287512204957947        0.287512204957983        0.484863691131465        0.166583291645823        0.166583291645823        0.166583291645823     0.000470842842335593        0.002903890226109       0.0223265973233094      0.00164457740292632      0.00164457740292613     0.000886182244897443
                     0.12        0.287001935942043        0.287001935942007        0.484513498786357        0.166833416708354        0.166833416708354        0.166833416708354     0.000471889158536874      0.00291218922561145       0.0223739604033552      0.00165097944256345      0.00165097944256365     0.000889066807076941
                     0.12        0.286486505235628        0.286486505235726        0.484160017882599        0.167083541770885        0.167083541770885        0.167083541770885     0.000472939412754329      0.00292054397711454       0.0224216003850461      0.00165742883189275      0.00165742883189223     0.000891968072674294
                     0.12        0.285965815485206        0.285965815485273        0.483803190182797        0.167333666833417        0.167333666833417        0.167333666833417     0.000473993633084382      0.00292895533569099       0.0224695213207768      0.00166392637430467       0.0016639263743043     0.000894886307141187
                     0.12        0.285439766506033        0.285439766506089        0.483442955836691        0.167583791895948        0.167583791895948        0.167583791895948     0.000475051848102991      0.00293742417951855       0.0225177273716567      0.00167047289536406      0.00167047289536376     0.000897821783292608
                     0.12        0.284908255170345        0.284908255170395        0.483079253319734        0.167833916958479        0.167833916958479        0.167833916958479     0.000476114086870129      0.00294595141075699       0.0225662228115521      0.00167706924365397       0.0016770692436537     0.000900774781591979
                     0.12        0.284371175290929        0.284371175290962         0.48271201936949         0.16808404202101         0.16808404202101         0.16808404202101     0.000477180378942003      0.00295453795645555       0.0226150120313121      0.00168371629165518      0.00168371629165501     0.000903745590448432
                     0.12         0.28382841750528        0.283828417505284        0.482341188923734        0.168334167083542        0.168334167083542        0.168334167083542     0.000478250754401457      0.00296318476944094       0.0226640995429302      0.00169041493663326      0.00169041493663324      0.00090673450651722
                     0.12        0.283279869142322        0.283279869142377        0.481966695047488        0.168584292146073        0.168584292146073        0.168584292146073     0.000479325243856382      0.00297189282935883       0.0227134899843473      0.00169716610163187      0.00169716610163156     0.000909741835034271
                     0.12        0.282725414090689        0.282725414090753         0.48158846886168        0.168834417208604        0.168834417208604        0.168834417208604     0.000480403878459261      0.00298066314369303       0.0227631881241978      0.00170397073646961      0.00170397073646926     0.000912767890155076
                     0.12        0.282164932660627        0.282164932660677        0.481206439469225        0.169084542271136        0.169084542271136        0.169084542271136     0.000481486689928052      0.00298949674882461       0.0228131988667201        0.001710829818784      0.00171082981878372     0.000915812995308289
                     0.12        0.281598301433313        0.281598301433308        0.480820533873386        0.169334667333667        0.169334667333667        0.169334667333667     0.000482573710554601      0.00299839471119865       0.0228635272571562       0.0017177443551574      0.00171774435515743     0.000918877483577106
                     0.12        0.281025393109562        0.281025393109503        0.480430676897246        0.169584792396198        0.169584792396198        0.169584792396198     0.000483664973232267      0.00300735812847895       0.0229141784871231      0.00172471538225982      0.00172471538226015     0.000921961698087525
                     0.12        0.280446076342593        0.280446076342514        0.480036791093067        0.169834917458729        0.169834917458729        0.169834917458729     0.000484760511460305        0.003016388130842       0.0229651579005765      0.00173174396809377      0.00173174396809421     0.000925065992431467
                     0.12        0.279860215572776        0.279860215572846        0.479638796655112        0.170085042521261        0.170085042521261        0.170085042521261     0.000485860359376866      0.00302548588222898        0.023016470999617       0.0017388312132427      0.00173883121324231     0.000928190731092128
                     0.12        0.279267670842016        0.279267670842034        0.479236611319907        0.170335167583792        0.170335167583792        0.170335167583792     0.000486964551766986      0.00303465258177328       0.0230681234510823      0.00174597825224784      0.00174597825224773     0.000931336289911598
                     0.12        0.278668297608491        0.278668297608491        0.478830150268262        0.170585292646323        0.170585292646323        0.170585292646323      0.00048807312408997      0.00304388946520416       0.0231201210930253      0.00175318625499887      0.00175318625499888     0.000934503056566209
                     0.12        0.278061946545999        0.278061946546035        0.478419326018985        0.170835417708854        0.170835417708854        0.170835417708854     0.000489186112500956      0.00305319780637266        0.023172469941768      0.00176045642822721        0.001760456428227     0.000937691431075204
                     0.12        0.277448463330436        0.277448463330557        0.478004048315279        0.171085542771386        0.171085542771386        0.171085542771386     0.000490303553862863      0.00306257891887812        0.023225176199376      0.00176779001708868        0.001767790017088     0.000940901826341291
                     0.12        0.276827688423087        0.276827688422963        0.477584224010996        0.171335667833917        0.171335667833917        0.171335667833917     0.000491425485779164      0.00307203415770187       0.0232782462611931      0.00177518830678217      0.00177518830678287     0.000944134668705895
                     0.12        0.276199456836885        0.276199456836778        0.477159756948487        0.171585792896448        0.171585792896448        0.171585792896448     0.000492551946619943      0.00308156492096259       0.0233316867239208      0.00178265262428264      0.00178265262428325     0.000947390398540671
                     0.12        0.275563597886088        0.275563597886155        0.476730547826085        0.171835917958979        0.171835917958979        0.171835917958979     0.000493682975536126      0.00309117265181661       0.0233855043943457      0.00179018434018777      0.00179018434018738     0.000950669470881514
                     0.12        0.274919934929142        0.274919934929192        0.476296494064476        0.172086043021511        0.172086043021511        0.172086043021511     0.000494818612490691      0.00310085884038033        0.023439706298158      0.00179778487062342      0.00179778487062314     0.000953972356082614
                     0.12        0.274268285097438        0.274268285097427        0.475857489666039        0.172336168084042        0.172336168084042        0.172336168084042     0.000495958898293548       0.0031106250257537       0.0234942996892476      0.00180545567925022      0.00180545567925028      0.00095729954050657
                     0.12        0.273608459000917        0.273608459000864        0.475413425061035        0.172586293146573        0.172586293146573        0.172586293146573     0.000497103874616964      0.00312047279823031       0.0235492920598039      0.00181319827942414      0.00181319827942445     0.000960651527267709
                     0.12        0.272940260420974        0.272940260420991        0.474964186949335        0.172836418209105        0.172836418209105        0.172836418209105     0.000498253584027528      0.00313040380157902       0.0236046911507692        0.001821014236453       0.0018210142364529     0.000964028837007666
                     0.12        0.272263485995619        0.272263485995629        0.474509658138385        0.173086543271636        0.173086543271636        0.173086543271636     0.000499408070028462      0.00314041973537716       0.0236605049624984      0.00182890516992028      0.00182890516992022     0.000967432008702534
                     0.12        0.271577924874825        0.271577924874836         0.47404971736675        0.173336668334167        0.173336668334167        0.173336668334167     0.000500567377088389      0.00315052235755726       0.0237167417663701      0.00183687275620493      0.00183687275620487     0.000970861600530816
                     0.12        0.270883358347717        0.270883358347679        0.473584239111541        0.173586793396698        0.173586793396698        0.173586793396698     0.000501731550653802      0.00316071348717965       0.0237734101174196      0.00184491873119002      0.00184491873119024     0.000974318190808744
                     0.12        0.270179559480621        0.270179559480627        0.473113093407322         0.17383691845923         0.17383691845923         0.17383691845923     0.000502900637223504       0.0031709950070575       0.0238305188662985      0.00185304489293355      0.00185304489293352     0.000977802378921859
                     0.12        0.269466292694315        0.269466292694321         0.47263614562833        0.174087043521761        0.174087043521761        0.174087043521761     0.000504074684347124      0.00318136886689322       0.0238880771734935      0.00186125310472001      0.00186125310471998     0.000981314786381668
                     0.12        0.268743313347955        0.268743313347886        0.472153256281123        0.174337168584292        0.174337168584292        0.174337168584292     0.000505253740691134      0.00319183708628796       0.0239460945229954      0.00186954529810052      0.00186954529810093     0.000984856057885071
                     0.12        0.268010367279529        0.268010367279595        0.471664280772843        0.174587293646823        0.174587293646823        0.174587293646823      0.00050643785606944      0.00320240175809494       0.0240045807374852      0.00187792347621565      0.00187792347621526     0.000988426862470846
                     0.12        0.267267190327043        0.267267190327144        0.471169069171137        0.174837418709355        0.174837418709355        0.174837418709355     0.000507627081481735      0.00321306505189762       0.0240635459940192      0.00188638971726045      0.00188638971725986     0.000992027894733091
                     0.12        0.266513507824924        0.266513507824847        0.470667465955159        0.175087543771886        0.175087543771886        0.175087543771886     0.000508821469174952       0.0032238292176291       0.0241230008403975      0.00189494617812469      0.00189494617812515     0.000995659876095327
                     0.12        0.265749034053323        0.265749034053376        0.470159309741633        0.175337668834417        0.175337668834417        0.175337668834417     0.000510021072667358      0.00323469658954858       0.0241829562130276      0.00190359509834184      0.00190359509834153     0.000999323556191471
                     0.12        0.264973471676502        0.264973471676572          0.4696444330093        0.175587793896948        0.175587793896948        0.175587793896948     0.000511225946814589      0.00324566959025466       0.0242434234549654      0.00191233880413319      0.00191233880413278       0.0010030197142934
                     0.12        0.264186511135892        0.264186511135944        0.469122661802978         0.17583791895948         0.17583791895948         0.17583791895948     0.000512436147863234      0.00325675073500148       0.0243044143352568       0.0019211797127517      0.00192117971275138      0.00100674916083888
                     0.12        0.263387830001031         0.26338783000093        0.468593815416267        0.176088044022011        0.176088044022011        0.176088044022011     0.000513651733488468      0.00326794263632323       0.0243659410695843      0.00193012033710809       0.0019301203371087      0.00101051273906647
                     0.12        0.262577092300248         0.26257709230022        0.468057706071055        0.176338169084542        0.176338169084542        0.176338169084542     0.000514872762876685      0.00327924800872994       0.0244280163412267      0.00193916329054842      0.00193916329054859      0.00101431132671061
                     0.12        0.261753947776714         0.26175394777658        0.467514138557528        0.176588294147074        0.176588294147074        0.176588294147074     0.000516099296750061      0.00329066967397047       0.0244906533244511      0.00194831129210988       0.0019483112921107      0.00101814583786154
                     0.12        0.260918031156482        0.260918031156429         0.46696290989112        0.176838419209605        0.176838419209605        0.176838419209605     0.000517331397478095      0.00330221056608357       0.0245538657068475      0.00195756717173298      0.00195756717173331      0.00102201722483688
                     0.12        0.260068961307953        0.260068961308074        0.466403808912751        0.177088544272136        0.177088544272136        0.177088544272136     0.000518569129110101      0.00331387373727134       0.0246176677153344      0.00196693387615682      0.00196693387615609      0.00102592648027478
                     0.12        0.259206340381988        0.259206340382034        0.465836615884964        0.177338669334667        0.177338669334667        0.177338669334667     0.000519812557433868      0.00332566236384426       0.0246820741422732      0.00197641447495925      0.00197641447495897      0.00102987463930727
                     0.12        0.258329752921097          0.2583297529211        0.465261102085253        0.177588794397199        0.177588794397199        0.177588794397199     0.000521061750092495      0.00333757975225976       0.0247471003719328      0.00198601216680725      0.00198601216680723      0.00103386278181332
                     0.12        0.257438764877591        0.257438764877525        0.464677029351958         0.17783891945973         0.17783891945973         0.17783891945973     0.000522316776629998      0.00334962934584028       0.0248127624098037      0.00199573028628247      0.00199573028628288      0.00103789203488414
                     0.12         0.25653292259943         0.25653292259921        0.464084149626834        0.178089044522261        0.178089044522261        0.178089044522261     0.000523577708589146       0.0033618147315889       0.0248790769121971      0.00200557231092108      0.00200557231092243       0.0010419635753812
                     0.12        0.255611751737885        0.255611751737827        0.463482204463343        0.178339169584792        0.178339169584792        0.178339169584792     0.000524844619573302      0.00337413964751964       0.0249460612178865      0.00201554186874468      0.00201554186874504      0.00104607863268164
                     0.12        0.254674756125765          0.2546747561258        0.462870924536472        0.178589294647324        0.178589294647324        0.178589294647324       0.0005261175853776      0.00338660799003367       0.0250137333797863      0.00202564274597694      0.00202564274597673      0.00105023849151382
                     0.12        0.253721416544961        0.253721416544999        0.462250029099993        0.178839419709855        0.178839419709855        0.178839419709855     0.000527396684030242      0.00339922382206362       0.0250821121996675      0.00203587889544061      0.00203587889544037      0.00105444449504707
                     0.12        0.252751189499156        0.252751189499224        0.461619225471531        0.179089544772386        0.179089544772386        0.179089544772386     0.000528681995962156      0.00341199138091978       0.0251512172612922      0.00204625444490976      0.00204625444490934      0.00105869804800798
                     0.12        0.251763505838192        0.251763505837796        0.460978208445347        0.179339669834917        0.179339669834917        0.179339669834917     0.000529973604044803      0.00342491508719228        0.025221068967827      0.00205677370635861      0.00205677370636109      0.00106300062012392
                     0.12        0.250757769383412        0.250757769383482        0.460326659735664        0.179589794897449        0.179589794897449        0.179589794897449     0.000531271593745497       0.0034379995533314       0.0252916885773901      0.00206744118516735      0.00206744118516691      0.00106735374959951
                     0.12        0.249733355446333        0.249733355446303        0.459664247378079         0.17983991995998         0.17983991995998         0.17983991995998     0.000532576053216747      0.00345124959289106       0.0253630982410202      0.00207826158993852      0.00207826158993871      0.00107175904684719
                     0.12        0.248689609330787        0.248689609330797        0.458990625154359        0.180090045022511        0.180090045022511        0.180090045022511     0.000533887073446839      0.00346467022955401       0.0254353210389528       0.0020892398423414      0.00208923984234133      0.00107621819828547
                     0.12         0.24762584472671        0.247625844726644        0.458305431984438        0.180340170085042        0.180340170085042        0.180340170085042     0.000535204748372185      0.00347826670673724       0.0255083810189316      0.00210038108753662      0.00210038108753705      0.00108073297038058
                     0.12        0.246541342065004        0.246541342065173        0.457608291331268        0.180590295147574        0.180590295147574        0.180590295147574     0.000536529174993233      0.00349204449714201       0.0255823032332932      0.00211169070471926      0.00211169070471819      0.00108530521380297
                     0.12        0.245435346870198        0.245435346870012        0.456898810644841        0.180840420210105        0.180840420210105        0.180840420210105     0.000537860453545685      0.00350600931191495        0.025657113773311      0.00212317431751196      0.00212317431751314       0.0010899368676243
                     0.12        0.244307068044255        0.244307068044363        0.456176580814421        0.181090545272636        0.181090545272636        0.181090545272636     0.000539198687656599      0.00352016710987717       0.0257328398028128        0.002134837804589      0.00213483780458831      0.00109462996365437
                     0.12        0.243155676145324        0.243155676145442        0.455441175657927        0.181340670335168        0.181340670335168        0.181340670335168     0.000540543984458786      0.00353452410639479       0.0258095095886428      0.00214668731008102      0.00214668731008027      0.00109938663083573
                     0.12        0.241980301686496        0.241980301687398        0.454692151489066        0.181590795397699        0.181590795397699        0.181590795397699     0.000541896454785574      0.00354908678142463       0.0258871525261078      0.00215872925354315      0.00215872925353736      0.00110420909957296
                     0.12        0.240780033494016        0.240780033493411        0.453929046769297         0.18184092046023         0.18184092046023         0.18184092046023     0.000543256213320964      0.00356386188658898       0.0259657991579835      0.00217097033916614      0.00217097033917003      0.00110909970597374
                     0.12        0.239553917101599        0.239553917101921        0.453151381859207        0.182091045522761        0.182091045522761        0.182091045522761     0.000544623378764809      0.00357885645117093       0.0260454811868326      0.00218341756430158      0.00218341756429951       0.0011140608959535
                     0.12        0.238300953350221        0.238300953350054        0.452358658949557        0.182341170585293        0.182341170585293        0.182341170585293     0.000545998074007063      0.00359407778589366       0.0261262314746658      0.00219607822612107      0.00219607822612215      0.00111909522894318
                     0.12        0.237020097168347        0.237020097168624        0.451550362196225        0.182591295647824        0.182591295647824        0.182591295647824     0.000547380426353473      0.00360953348425345       0.0262080840290148      0.00220895992645715      0.00220895992645535      0.00112420538110636
                     0.12        0.235710256598541        0.235710256598672        0.450725958068079        0.182841420710355        0.182841420710355        0.182841420710355     0.000548770567630041      0.00362523142122708       0.0262910739737521      0.00222207057427624       0.0022220705742754      0.00112939414801591
                     0.12        0.234370292349656        0.234370292350222        0.449884896114949        0.183091545772886        0.183091545772886        0.183091545772886     0.000550168634481818      0.00364117974663856        0.026375237492177      0.00223541838382754      0.00223541838382386      0.00113466444609148
                     0.12        0.232999017658269        0.232999017658271        0.449026610000569        0.183341670835418        0.183341670835418        0.183341670835418     0.000551574768399985      0.00365738687525668       0.0264606117511586      0.00224901186969892       0.0022490118696989      0.00114001931324998
                     0.12        0.231595199091488        0.231595199091815        0.448150519211317        0.183591795897949        0.183591795897949        0.183591795897949     0.000552989116033489       0.0036738614681101       0.0265472347806454      0.00226285983448187      0.00226285983447973      0.00114546190737485
                     0.12        0.230157558064858        0.230157558065807        0.447256031279733         0.18384192096048         0.18384192096048         0.18384192096048     0.000554411829269286      0.00369061240717744       0.0266351453177691      0.00227697135028739      0.00227697135028117      0.00115099550303471
                     0.12        0.228684773695001        0.228684773695262        0.446342544912123        0.184092046023011        0.184092046023011        0.184092046023011     0.000555843065483168      0.00370764875819965       0.0267243825908099      0.00229135572982407      0.00229135572982236      0.00115662348506038
                     0.12        0.227175486824768        0.227175486825337        0.445409453910613        0.184342171085543        0.184342171085543        0.184342171085543     0.000557282987550041       0.0037249797231084       0.0268149860496249      0.00230602248782226      0.00230602248781852      0.00116234933919181
                     0.12        0.225628306220935        0.225628306220902        0.444456152471187        0.184592296148074        0.184592296148074        0.184592296148074     0.000558731764088771      0.00374261457410549       0.0269069950046301      0.00232098128595369      0.00232098128595391       0.0011681766376677
                     0.12        0.224041816763089        0.224041816764055        0.443482041735834        0.184842421210605        0.184842421210605        0.184842421210605      0.00056018956945408      0.00376056257103285       0.0270004481818983      0.00233624186210909      0.00233624186210271      0.00117410901991054
                     0.12        0.222414590500278        0.222414590499673        0.442486538089052        0.185092546273137        0.185092546273137        0.185092546273137     0.000561656583785947       0.0037788328553027       0.0270953831628081      0.00235181393795245      0.00235181393795645      0.00118015016635432
                     0.12        0.220745201107122        0.220745201106144        0.441469083471144        0.185342671335668        0.185342671335668        0.185342671335668     0.000563132992970821      0.00379743431650816       0.0271918356897457      0.00236770710092504      0.00236770710093152       0.0011863037640972
                     0.12        0.219032242390191        0.219032242389338        0.440429158030016        0.185592796398199        0.185592796398199        0.185592796398199     0.000564618988551063      0.00381637542721523       0.0272898388176075       0.0023839306561194      0.00238393065612506      0.00119257346280323
                     0.12         0.21727435165254        0.217274351653221        0.439366295509203         0.18584292146073         0.18584292146073         0.18584292146073      0.00056611476753643      0.00383566404022107       0.0273894218847963      0.00240049344246836      0.00240049344246384       0.0011989628189059
                     0.12        0.215470238649812        0.215470238650251        0.438280101688194        0.186093046523262        0.186093046523262        0.186093046523262     0.000567620532061896       0.0038553071436428       0.0274906092836373      0.00241740360830019      0.00241740360829728      0.00120547522632816
                     0.12         0.21361872096639        0.213618720966309        0.437170276229092        0.186343171585793        0.186343171585793        0.186343171585793     0.000569136488887245      0.00387531056855608       0.0275934190077533      0.00243466834086236       0.0024346683408629      0.00121211383167846
                     0.12        0.211718767003202        0.211718767003903        0.436036638428597        0.186593296648324        0.186593296648324        0.186593296648324     0.000570662848899103      0.00389567864172733       0.0276978609445734      0.00245229354226009      0.00245229354225542      0.00121888143122575
                     0.12        0.209769546373532        0.209769546373385        0.434879156538912        0.186843421710855        0.186843421710855        0.186843421710855     0.000572199826096513      0.00391641378729816       0.0278039349360105      0.00247028345390004      0.00247028345390102      0.00122578034981405
                     0.12        0.207770489056746        0.207770489056294        0.433697981175907        0.187093546773387        0.187093546773387        0.187093546773387     0.000573747636619049      0.00393751606936354        0.027911628575508      0.00248864022168634      0.00248864022168934      0.00123281229876289
                     0.12        0.205721352656141          0.2057213526563        0.432493482111528        0.187343671835918        0.187343671835918        0.187343671835918     0.000575306497461694      0.00395898268393389       0.0280209147895198      0.00250736340814788      0.00250736340814682      0.00123997821412786
                     0.12        0.203622296733284        0.203622296733783        0.431266287502798        0.187593796898449        0.187593796898449        0.187593796898449     0.000576876624659016      0.00398080741188098       0.0281317492672012      0.00252644946090105      0.00252644946089772      0.00124727807772305
                     0.12        0.201473963391111        0.201473963392302        0.430017324727523         0.18784392196098         0.18784392196098         0.18784392196098     0.000578458231531378       0.0040029800428562       0.0282440677968567      0.00254589114630088      0.00254589114629295      0.00125471072307659
                     0.12        0.199277559849144        0.199277559848963        0.428747860014067        0.188094047023512        0.188094047023512        0.188094047023512     0.000580051526212801      0.00402548580720046       0.0283577836949135      0.00256567698076721      0.00256567698076842      0.00126227363620565
                     0.12         0.19703493971005        0.197034939710929         0.42745953471175        0.188344172086043        0.188344172086043        0.188344172086043     0.000581656709180433      0.00404830484411221       0.0284727854726247      0.00258579068652924      0.00258579068652339      0.00126996275935693
                     0.12        0.194748675815667        0.194748675815618        0.426154393973293        0.188594297148574        0.188594297148574        0.188594297148574     0.000583273970169839      0.00407141176309568       0.0285889350183549      0.00260621072415767      0.00260621072415799      0.00127777231451779
                     0.12        0.192422118180414         0.19242211818086        0.424834904230463        0.188844422211106        0.188844422211106        0.188844422211106     0.000584903485115144      0.00409477534816397       0.0287060665347817      0.00262690995004915      0.00262690995004619      0.00128569466243422
                     0.12        0.190059427562304        0.190059427562922        0.423503954451962        0.189094547273637        0.189094547273637        0.189094547273637     0.000586545412757461      0.00411835847441103       0.0288239865582012      0.00264785546545155      0.00264785546544746      0.00129372021952924
                     0.12        0.187665577125113        0.187665577125231        0.422164837605023        0.189344672336168        0.189344672336168        0.189344672336168     0.000588199891325893      0.00414211828806892       0.0289424752903956      0.00266900870898434      0.00266900870898356      0.00130183745110353
                     0.12        0.185246313758129        0.185246313759627        0.420821208697221        0.189594797398699        0.189594797398699        0.189594797398699      0.00058986703525395      0.00416600670361955       0.0290612894761176      0.00269032584748137      0.00269032584747149       0.0013100329606419
                     0.12        0.182808075377299        0.182808075376513        0.419477018723111        0.189844922461231        0.189844922461231        0.189844922461231     0.000591546932324716      0.00418997123209545        0.029180166860898      0.00271175848461846      0.00271175848462363      0.00131829168445239
                     0.12        0.180357862545784        0.180357862545093        0.418136425302632        0.190095047523762        0.190095047523762        0.190095047523762     0.000593239641183241      0.00421395613601799       0.0292988321681476      0.00273325468937553      0.00273325468938005      0.00132659719525324
                     0.12        0.177903070014719        0.177903070014958        0.416803684784097        0.190345172586293        0.190345172586293        0.190345172586293     0.000594945189655159      0.00423790385169447        0.029417004271319      0.00275476029476074      0.00275476029475918      0.00133493210180003
                     0.12        0.175451287284017        0.175451287283231        0.415483032408926        0.190595297648824        0.190595297648824        0.190595297648824     0.000596663573788216      0.00426175659418899       0.0295344041190257      0.00277622039186469      0.00277622039186981      0.00134327852258534
                     0.12        0.173010082732914        0.173010082732662        0.414178559644366        0.190845422711356        0.190845422711356        0.190845422711356     0.000598394757816624      0.00428545802414987       0.0296507628093687      0.00279758090813487       0.0027975809081365      0.00135161859901819
                     0.12        0.170586788355275        0.170586788355035        0.412894098484959        0.191095547773887        0.191095547773887        0.191095547773887     0.000600138675062395      0.00430895484372951       0.0297658291675599      0.00281879014455912      0.00281879014456066      0.00135993500759237
                     0.12        0.168188301610476        0.168188301610404        0.411633121538491        0.191345672836418        0.191345672836418        0.191345672836418     0.000601895229666916      0.00433219819979679        0.029879376250841        0.002839800154083      0.00283980015408347      0.00136821143154464
                     0.12        0.165820918971677        0.165820918971727         0.41039866491569        0.191595797898949        0.191595797898949        0.191595797898949     0.000603664299067306      0.00435514479464948       0.0299912063261208      0.00286056786180897      0.00286056786180865      0.00137643295738304
                     0.12        0.163490210946558        0.163490210946526        0.409193277827866        0.191845922961481        0.191845922961481        0.191845922961481     0.000605445737036608      0.00437775764538724       0.0301011540734292      0.00288105586479593      0.00288105586479613      0.00138458637294856
                     0.12        0.161200943155449        0.161200943155295        0.408018999681861        0.192096048024012        0.192096048024012        0.192096048024012     0.000607239377095906        0.004400006474843       0.0302090879736538      0.00290123288820833      0.00290123288820931      0.00139266035613194
                     0.12        0.158957042690864        0.158957042690986        0.406877362550641        0.192346173086543        0.192346173086543        0.192346173086543     0.000609045036100642      0.00442186775697016       0.0303149100299069      0.00292107391295146       0.0029210739129507      0.00140064555606847
                     0.12        0.156761604901698         0.15676160490173        0.405769414885475        0.192596298149075        0.192596298149075        0.192596298149075     0.000610862517846672      0.00444332446796133       0.0304185541022047      0.00294056001806245      0.00294056001806224      0.00140853457838585
                     0.12         0.15461693282211        0.154616932822255        0.404695761109781        0.192846423211606        0.192846423211606        0.192846423211606     0.000612691616491915      0.00446436561251985       0.0305199832129838      0.00295967799988656      0.00295967799988566      0.00141632189298304
                     0.12         0.15252460045546        0.152524600455579        0.403656611591661        0.193096548274137        0.193096548274137        0.193096548274137     0.000614532119731896      0.00448498559815352       0.0306191861882736      0.00297841983511334       0.0029784198351126      0.00142400368522238
                     0.12        0.150485531258369        0.150485531258227         0.40265183793981        0.193346673336668        0.193346673336668        0.193346673336668     0.000616383811662256      0.00450518352554906       0.0307161739673623      0.00299678205161505      0.00299678205161592      0.00143157767112273
                     0.12        0.148500083829575         0.14850008382973        0.401681029277545          0.1935967983992          0.1935967983992          0.1935967983992     0.000618246475234747      0.00452496245464466         0.03081097586562       0.0030147650641495      0.00301476506414855      0.00143904289541559
                     0.12        0.146568138989042        0.146568138988902        0.400743546494932        0.193846923461731        0.193846923461731        0.193846923461731     0.000620119894338071      0.00454432868810852        0.030903635985194      0.00303237251572813      0.00303237251572898      0.00144639952641528
                     0.12        0.144689183337715        0.144689183337796        0.399838572193816        0.194097048524262        0.194097048524262        0.194097048524262     0.000622003855522454      0.00456329110495988       0.0309942099218032      0.00304961065748447      0.00304961065748398      0.00145364865914281
                     0.12        0.142862386492553        0.142862386492736        0.398965155169568        0.194347173586793        0.194347173586793        0.194347173586793     0.000623898149361087      0.00458186056152373       0.0310827618402636      0.00306648778501254      0.00306648778501144      0.00146079213347524
                     0.12        0.141086670253506        0.141086670254234        0.398122248902146        0.194597298649325        0.194597298649325        0.194597298649325      0.00062580257153487      0.00460004936846609       0.0311693619512271      0.00308301374129524      0.00308301374129089      0.00146783237138476
                     0.12        0.139360768763177        0.139360768762769        0.397308743944573        0.194847423711856        0.194847423711856        0.194847423711856     0.000627716923592109      0.00461787084691329       0.0312540843939782      0.00309919949050913      0.00309919949051155      0.00147477223542579
                     0.12        0.137683280006025        0.137683280006375         0.39652349470226        0.195097548774387        0.195097548774387        0.195097548774387      0.00062964101353357      0.00463533895797519       0.0313370054911738      0.00311505675871959      0.00311505675871753      0.00148161490773291
                     0.12        0.136052708785975        0.136052708786297        0.395765340987327        0.195347673836918        0.195347673836918        0.195347673836918     0.000631574656184328      0.00465246800158112       0.0314182023488648      0.00313059773851594      0.00313059773851405      0.00148836378909167
                     0.12         0.13446750212375        0.134467502124137        0.395033125065759         0.19559779889945         0.19559779889945         0.19559779889945     0.000633517673396054      0.00466927237549761       0.0314977517531942      0.00314583484981777      0.00314583484981552      0.00149502241590446
                     0.12        0.132926077920718        0.132926077920856        0.394325704832335        0.195847923961981        0.195847923961981        0.195847923961981     0.000635469894147579      0.00468576638651489       0.0315757293216199      0.00316078054980028      0.00316078054979948      0.00150159439303662
                     0.12        0.131426847749395        0.131426847749789        0.393641963719568        0.196098049024512        0.196098049024512        0.196098049024512     0.000637431154543851      0.00470196410598929       0.0316522088681497      0.00317544718500496      0.00317544718500269      0.00150808334046947
                     0.12        0.129968234633441        0.129968234633339        0.392980817898383        0.196348174087043        0.196348174087043        0.196348174087043     0.000639401297694599      0.00471787926244621       0.0317272619453417      0.00318984687892431       0.0031898468789249      0.00151449285174554
                     0.12        0.128548686788235        0.128548686788471        0.392341221354832        0.196598299149575        0.196598299149575        0.196598299149575     0.000641380173607816      0.00473352516344299       0.0318009575250225      0.00320399144799401      0.00320399144799266      0.00152082646191451
                     0.12        0.127166687860621        0.127166687860541        0.391722169188025        0.196848424212106        0.196848424212106        0.196848424212106     0.000643367638989964      0.00474891464218446       0.0318733617943981      0.00321789234167237      0.00321789234167283      0.00152708762369535
                     0.12        0.125820764375601        0.125820764375522        0.391122699537845        0.197098549274637        0.197098549274637        0.197098549274637     0.000645363557020023      0.00476406002336953       0.0319445380409425       0.0032315606015237      0.00323156060152414      0.00153327969017656
                     0.12        0.124509490966899        0.124509490966498        0.390541894460041        0.197348674337169        0.197348674337169        0.197348674337169     0.000647367797116723      0.00477897310396404        0.032014546605241      0.00324500683518614      0.00324500683518837      0.00153940590272615
                     0.12        0.123231493778155        0.123231493778249        0.389978879975334          0.1975987993997          0.1975987993997          0.1975987993997     0.000649380234692052      0.00479366514584862       0.0320834448869689      0.00325824120235562       0.0032582412023551      0.00154546938315676
                     0.12        0.121985452461268        0.121985452461189         0.38943282551077        0.197848924462231        0.197848924462231        0.197848924462231     0.000651400750895474      0.00480814687732493       0.0321512873896591      0.00327127340983706       0.0032712734098375      0.00155147312918539
                     0.12        0.120770101070116         0.12077010106994         0.38890294289377        0.198099049524762        0.198099049524762        0.198099049524762     0.000653429232353817      0.00482242850126736       0.0322181257938235      0.00328411271356282      0.00328411271356378      0.00155742001246754
                     0.12        0.119584228053786        0.119584228053903        0.388388485008684        0.198349174587294        0.198349174587294        0.198349174587294     0.000655465570906403      0.00483651970843624       0.0322840090513882      0.00329676792609769      0.00329676792609705      0.00156331277870526
                     0.12        0.118426675680252        0.118426675680535        0.387888744266163        0.198599299649825        0.198599299649825        0.198599299649825     0.000657509663373163      0.00485042969378085       0.0323489834916716      0.00330924742753878      0.00330924742753725      0.00156915404910925
                     0.12        0.117296338902289        0.117296338902466        0.387403050904181        0.198849424712356        0.198849424712356        0.198849424712356     0.000659561411300153      0.00486416717552559       0.0324130929376327      0.00332155917954398      0.00332155917954303      0.00157494632312232
                     0.12        0.116192163890402        0.116192163890573        0.386930771217272        0.199099549774887        0.199099549774887        0.199099549774887     0.000661620720713952      0.00487774041562936        0.032476378826172      0.00333371074110077      0.00333371074109985      0.00158069198192252
                     0.12        0.115113146372095        0.115113146372278        0.386471305777841        0.199349674837419        0.199349674837419        0.199349674837419     0.000663687501929584        0.004891157240706       0.0325388803286162      0.00334570928517264      0.00334570928517166      0.00158639329237325
                     0.12        0.114058329699872        0.114058329700029        0.386024087613366         0.19959979989995         0.19959979989995         0.19959979989995     0.000665761669285669       0.0049044250639191       0.0326006344732239      0.00335756161655588      0.00335756161655505      0.00159205241158135
                     0.12         0.11302680293571        0.113026802935711        0.385588580463461        0.199849924962481        0.199849924962481        0.199849924962481     0.000667843140976222      0.00491755090604514       0.0326616762624173      0.00336927418934383      0.00336927418934383      0.00159767139142466
                     0.12        0.112017698801145        0.112017698801095        0.385164277048625        0.200100050025012        0.200100050025012        0.200100050025012     0.000669931838839014      0.00493054141668538        0.032722038788656      0.00338085312477166      0.00338085312477192       0.0016032521833646
                     0.12        0.111030191656954        0.111030191657107        0.384750697415139        0.200350175087544        0.200350175087544        0.200350175087544     0.000672027688170349      0.00494340289465848        0.032781753345022      0.00339230422854319      0.00339230422854239      0.00160879664319843
                     0.12        0.110063495476722         0.11006349547678        0.384347387340201        0.200600300150075        0.200600300150075        0.200600300150075     0.000674130617543463      0.00495614130780462       0.0328408495315721      0.00340363300781988      0.00340363300781958      0.00161430653580711
                     0.12        0.109116861890572        0.109116861890653        0.383953916824422        0.200850425212606        0.200850425212606        0.200850425212606     0.000676240558654041      0.00496876231177696       0.0328993553557664      0.00341484468746988      0.00341484468746946      0.00161978353973839
                     0.12        0.108189578237024         0.10818957823702        0.383569878641164        0.201100550275138        0.201100550275138        0.201100550275138     0.000678357446146013      0.00498127126825376       0.0329572973288459       0.0034259442259048      0.00342594422590482      0.00162522925175841
                     0.12        0.107280965722911        0.107280965722911        0.383194886981766        0.201350675337669        0.201350675337669        0.201350675337669     0.000680481217473779      0.00499367326197481       0.0330147005558371      0.00343693632999352      0.00343693632999352      0.00163064519115215
                     0.12        0.106390377633455        0.106390377633436        0.382828576168156          0.2016008004002          0.2016008004002          0.2016008004002     0.000682611812757201      0.00500597311702858       0.0330715888209132      0.00344782546936747      0.00344782546936756      0.00163603280389802
                     0.12        0.105517197614611        0.105517197614624        0.382470599438718        0.201850925462731        0.201850925462731        0.201850925462731     0.000684749174644603      0.00501817541222515       0.0331279846677871      0.00345861589001609      0.00345861589001602      0.00164139346666889
                     0.12        0.104660838067362        0.104660838067306        0.382120627820102        0.202101050525263        0.202101050525263        0.202101050525263     0.000686893248200034      0.00503028449543842       0.0331839094744606      0.00346931162698859      0.00346931162698887      0.00164672849057616
                     0.12        0.103820738563183        0.103820738563184        0.381778349045925        0.202351175587794        0.202351175587794        0.202351175587794     0.000689043980763727      0.00504230449741277       0.0332393835246045      0.00347991651667931      0.00347991651667931      0.00165203912484333
                     0.12        0.102996364414853        0.102996364414807        0.381443466571298        0.202601300650325        0.202601300650325        0.202601300650325     0.000691201321865849      0.00505423934431842       0.0332944260727695      0.00349043420803648       0.0034904342080367      0.00165732656014023
                     0.12        0.102187205241723         0.10218720524184        0.381115698619349        0.202851425712856        0.202851425712856        0.202851425712856     0.000693365223096473      0.00506609276999665       0.0333490554072164      0.00350086817352206      0.00350086817352148      0.00166259193189625
                     0.12        0.101392773692739        0.101392773692744        0.380794777317632        0.203101550775388        0.203101550775388        0.203101550775388     0.000695535638023437      0.00507786832700842       0.0334032889069618      0.00351122171902184      0.00351122171902182      0.00166783632327824
                     0.12         0.10061260418334         0.10061260418334        0.380480447870003        0.203351675837919        0.203351675837919        0.203351675837919     0.000697712522098267      0.00508956939728769       0.0334571430963365      0.00352149799344214      0.00352149799344214      0.00167306076810545
                     0.12       0.0998462517158547       0.0998462517157567        0.380172467785491         0.20360180090045         0.20360180090045         0.20360180090045     0.000699895832552623      0.00510119920208008       0.0335106336957163      0.00353169999766025      0.00353169999766072      0.00167826625357915
                     0.12       0.0990932907912733       0.0990932907913159        0.379870606166654        0.203851925962981        0.203851925962981        0.203851925962981     0.000702085528332893      0.00511276081110151       0.0335637756684504      0.00354183059280896      0.00354183059280876       0.0016834537228031
                     0.12       0.0983533143624232       0.0983533143623846        0.379574643035131        0.204102051025513        0.204102051025513        0.204102051025513      0.00070428157001207      0.00512425715124984       0.0336165832651675      0.00355189250815572       0.0035518925081559      0.00168862407720358
                     0.12       0.0976259328455783       0.0976259328455794        0.379284368701888        0.204352176088044        0.204352176088044        0.204352176088044     0.000706483919716984      0.00513569101475539       0.0336690700652031      0.00356188834850541      0.00356188834850541      0.00169377817880159
                     0.12       0.0969107732083379       0.0969107732084219        0.378999583182732        0.204602301150575        0.204602301150575        0.204602301150575     0.000708692541059625      0.00514706506673432       0.0337212490149897      0.00357182060105513      0.00357182060105473      0.00169891685232618
                     0.12       0.0962074780910198       0.0962074780909556         0.37872009564616        0.204852426213107        0.204852426213107        0.204852426213107     0.000710907399070197       0.0051583818523547       0.0337731324643339      0.00358169164192023      0.00358169164192054      0.00170404088723114
                     0.12       0.0955157049911745       0.0955157049913334        0.378445723900028        0.205102551275638        0.205102551275638        0.205102551275638      0.00071312846013119      0.00516964380349208       0.0338247322000726       0.0035915037422006      0.00359150374219985      0.00170915103957395
                     0.12        0.094835125500747       0.0948351255007086        0.378176293912798        0.205352676338169        0.205352676338169        0.205352676338169     0.000715355691926663      0.00518085324494235       0.0338760594775325      0.00360125907364976      0.00360125907364994      0.00171424803377373
                     0.12       0.0941654245689232       0.0941654245689425        0.377911639359181          0.2056028014007          0.2056028014007          0.2056028014007     0.000717589063375608      0.00519201240033738       0.0339271250502674      0.00361095971408482      0.00361095971408473      0.00171933256429789
                     0.12       0.0935062998310557       0.0935062998311662        0.377651601201962        0.205852926463232        0.205852926463232        0.205852926463232     0.000719828544587603      0.00520312339757737       0.0339779391975062      0.00362060765235572      0.00362060765235521      0.00172440529720885
                     0.12       0.0928574609597191       0.0928574609597631         0.37739602729486        0.206103051525763        0.206103051525763        0.206103051525763      0.00072207410680734      0.00521418827400831       0.0340285117501439        0.003630204793091       0.0036302047930908      0.00172946687164818
                     0.12       0.0922186290619241       0.0922186290619945        0.377144772012701        0.206353176588294        0.206353176588294        0.206353176588294      0.00072432572236843       0.0052252089812388       0.0340788521149648      0.00363975296111505      0.00363975296111472      0.00173451790122011
                     0.12       0.0915895361128227       0.0915895361128501        0.376897695905801        0.206603301650825        0.206603301650825        0.206603301650825     0.000726583364651798      0.00523618738964693       0.0341289692972798      0.00364925390559086      0.00364925390559074      0.00173955897528734
                     0.12       0.0909699244125215       0.0909699244125189        0.376654665371785        0.206853426713357        0.206853426713357        0.206853426713357     0.000728847008035067      0.00524712529266785       0.0341788719223545      0.00365870930395744      0.00365870930395745      0.00174459066021265
                     0.12       0.0903595460869548       0.0903595460869503         0.37641555235265        0.207103551775888        0.207103551775888        0.207103551775888     0.000731116627861048      0.00525802441074603       0.0342285682552726      0.00366812076557198        0.003668120765572      0.00174961350050041
                     0.12        0.089758162605003       0.0897581626049975        0.376180234045679        0.207353676838419        0.207353676838419        0.207353676838419     0.000733392200391522      0.00526888639511854         0.03427806621979      0.00367748983519162      0.00367748983519164      0.00175462801989747
                     0.12       0.0891655443364213       0.0891655443363661        0.375948592636376         0.20760380190095         0.20760380190095         0.20760380190095     0.000735673702776954      0.00527971283130041       0.0343273734158162      0.00368681799618819      0.00368681799618844      0.00175963472240569
                     0.12       0.0885814701204867       0.0885814701204698        0.375720515043227        0.207853926963482        0.207853926963482        0.207853926963482     0.000737961113016532      0.00529050524243227       0.0343764971360625      0.00369610667363892        0.003696106673639      0.00176463409325996
                     0.12       0.0880057268694276       0.0880057268694902        0.375495892680774        0.208104052026013        0.208104052026013        0.208104052026013     0.000740254409929225      0.00530126509237912       0.0344254443815358      0.00370535723718871      0.00370535723718843      0.00176962659983338
                     0.12       0.0874381091904768       0.0874381091904638        0.375274621235404        0.208354177088544        0.208354177088544        0.208354177088544     0.000742553573119416      0.00531199378866688       0.0344742218761505      0.00371457100376248      0.00371457100376254      0.00177461269249853
                     0.12       0.0868784190285957       0.0868784190286205        0.375056600454794        0.208604302151076        0.208604302151076        0.208604302151076      0.00074485858294801      0.00532269268524298       0.0345228360804737      0.00372374924012265      0.00372374924012254      0.00177959280543768
                     0.12        0.086326465327528        0.086326465327514        0.374841733948902        0.208854427213607        0.208854427213607        0.208854427213607     0.000747169420505518      0.00533336308508873       0.0345712932047245      0.00373289316528644       0.0037328931652865       0.0017845673574117
                     0.12       0.0857820637151585       0.0857820637152205        0.374629929004194        0.209104552276138        0.209104552276138        0.209104552276138      0.00074948606758362      0.00534400624265154       0.0346195992208624      0.00374200395278046      0.00374200395278019       0.0017895367524767
                     0.12       0.0852450361974684       0.0852450361974691         0.37442109640585        0.209354677338669        0.209354677338669        0.209354677338669     0.000751808506647841      0.00535462336618356       0.0346677598741802      0.00375108273280604      0.00375108273280603      0.00179450138067619
                     0.12       0.0847152108765595       0.0847152108766192        0.374215150273021        0.209604802401201        0.209604802401201        0.209604802401201     0.000754136720815965      0.00536521561990259       0.0347157806940489       0.0037601305942501      0.00376013059424984      0.00179946161867888
                     0.12       0.0841924216795588       0.0841924216795431        0.374012007901259        0.209854927463732        0.209854927463732        0.209854927463732     0.000756470693833174      0.00537578412606299       0.0347636670041779       0.0037691485866032      0.00376914858660327      0.00180441783039368
                     0.12       0.0836765081028073       0.0836765081027606        0.373811589614537        0.210105052526263        0.210105052526263        0.210105052526263     0.000758810410048567      0.00538632996690037       0.0348114239322401      0.00377813772176811      0.00377813772176832      0.00180937036754736
                     0.12       0.0831673149700273       0.0831673149700183        0.373613818625697        0.210355177588794        0.210355177588794        0.210355177588794     0.000761155854395002      0.00539685418646727       0.0348590564189654      0.00378709897576762      0.00378709897576765      0.00181431957022989
                     0.12       0.0826646922040424       0.0826646922040799        0.373418620904516        0.210605302651326        0.210605302651326        0.210605302651326      0.00076350701237109       0.0054073577923668       0.0349065692267436      0.00379603329035593      0.00379603329035577      0.00181926576741127
                     0.12       0.0821684946068353       0.0821684946068071        0.373225925052109        0.210855427713857        0.210855427713857        0.210855427713857     0.000765863870016099      0.00541784175740768       0.0349539669477562      0.00380494157455881      0.00380494157455893      0.00182420927743594
                     0.12       0.0816785816556123       0.0816785816556435        0.373035662183662        0.211105552776388        0.211105552776388        0.211105552776388     0.000768226413895949      0.00542830702114555       0.0350012540116321      0.00381382470611141      0.00381382470611127      0.00182915040848268
                     0.12       0.0811948173056232       0.0811948173056373        0.372847765815986        0.211355677838919        0.211355677838919        0.211355677838919     0.000770594631083994       0.0054387544913649       0.0350484346927538      0.00382268353283591      0.00382268353283585      0.00183408945900888
                     0.12       0.0807170698041208        0.080717069804079        0.372662171761904        0.211605802901451        0.211605802901451        0.211605802901451      0.00077296850914339      0.00544918504547062       0.0350955131171153      0.00383151887394203      0.00383151887394221      0.00183902671816727
                     0.12       0.0802452115156035        0.080245211515604        0.372478818030406        0.211855927963982        0.211855927963982        0.211855927963982     0.000775348036112056      0.00545959953180156       0.0351424932688151      0.00384033152125178      0.00384033152125177      0.00184396246619998
                     0.12        0.079779118751578       0.0797791187515679        0.372297644730826        0.212106053026513        0.212106053026513        0.212106053026513     0.000777733200486228      0.00546999877089605       0.0351893789962832      0.00384912224037874      0.00384912224037879      0.00184889697481971
                     0.12       0.0793186716133463       0.0793186716133131        0.372118593983525        0.212356178089045        0.212356178089045        0.212356178089045      0.00078012399120574       0.0054803835566672       0.0352361740180749      0.00385789177182773      0.00385789177182787       0.0018538305075628
                     0.12       0.0788637538387181       0.0788637538386764        0.371941609833931        0.212606303151576        0.212606303151576        0.212606303151576     0.000782520397639437       0.0054907546575383       0.0352828819284553       0.0038666408320545      0.00386664083205468      0.00185876332013183
                     0.12       0.0784142526588001        0.078414252658768        0.371766638171731        0.212856428214107        0.212856428214107        0.212856428214107      0.00078492240957213      0.00550111281750759       0.0353295062026465      0.00387537011446121      0.00387537011446135      0.00186369566071674
                     0.12       0.0779700586602714       0.0779700586602454        0.371593626653787        0.213106553276638        0.213106553276638        0.213106553276638     0.000787330017190845       0.0055114587571661       0.0353760502018258       0.0038840802903482       0.0038840802903483      0.00186862777030243
                     0.12       0.0775310656553061       0.0775310656553133        0.371422524631253         0.21335667833917         0.21335667833917         0.21335667833917     0.000789743211073113        0.005521793174659       0.0354225171778591      0.00389277200981424      0.00389277200981421      0.00187355988295926
                     0.12       0.0770971705557738       0.0770971705557518        0.371253283079504        0.213606803401701        0.213606803401701        0.213606803401701     0.000792161982173474      0.00553211674661139       0.0354689102778387      0.00390144590262047      0.00390144590262056       0.0018784922261243
                     0.12        0.076668273256061       0.0766682732560844        0.371085854532794        0.213856928464232        0.213856928464232        0.213856928464232     0.000794586321813007      0.00554243012899047       0.0355152325483235      0.00391010257900114      0.00391010257900105      0.00188342502086171
                     0.12       0.0762442765189949       0.0762442765190076        0.370920193020933        0.214107053526763        0.214107053526763        0.214107053526763     0.000797016221667845      0.00555273395794253       0.0355614869394448      0.00391874263044493      0.00391874263044488      0.00188835848211747
                     0.12        0.075825085867986       0.0758250858679769        0.370756254009611        0.214357178589295        0.214357178589295        0.214357178589295     0.000799451673758694       0.0055630288505814       0.0356076763087759      0.00392736663043499      0.00392736663043503      0.00189329281895891
                     0.12       0.0754106094852044       0.0754106094852203        0.370593994343792        0.214607303651826        0.214607303651826        0.214607303651826     0.000801892670440348      0.00557331540573545       0.0356538034249929      0.00393597513514951      0.00393597513514944      0.00189822823480159
                     0.12       0.0750007581120239       0.0750007581120557        0.370433372193074        0.214857428714357        0.214857428714357        0.214857428714357      0.00080433920439086      0.00558359420467103       0.0356998709714123      0.00394456868413877      0.00394456868413864      0.00190316492763021
                     0.12        0.074595444956098       0.0745954449561082        0.370274347000447        0.215107553776888        0.215107553776888        0.215107553776888     0.000806791268604983      0.00559386581176941       0.0357458815493296      0.00395314780096205      0.00395314780096201      0.00190810309020435
                     0.12       0.0741945856009325       0.0741945856009219        0.370116879432672         0.21535767883942         0.21535767883942         0.21535767883942     0.000809248856380743      0.00560413077518319       0.0357918376812004      0.00396171299380157      0.00396171299380161      0.00191304291025962
                     0.12       0.0737980979226039       0.0737980979225846        0.369960931334258        0.215607803901951        0.215607803901951        0.215607803901951     0.000811711961315568      0.00561438962744355       0.0358377418136503      0.00397026475603579      0.00397026475603587      0.00191798457069176
                     0.12       0.0734059020043797       0.0734059020043664        0.369806465681508        0.215857928964482        0.215857928964482        0.215857928964482     0.000814180577292961      0.00562464288607105        0.035883596320423      0.00397880356680951      0.00397880356680956      0.00192292824974503
                     0.12       0.0730179200614892        0.073017920061472        0.369653446540723        0.216108054027013        0.216108054027013        0.216108054027013     0.000816654698477911      0.00563489105412586        0.035929403505102      0.00398732989155261      0.00398732989155268      0.00192787412117962
                     0.12       0.0726340763649479       0.0726340763649536        0.369501839027186        0.216358179089545        0.216358179089545        0.216358179089545     0.000819134319307316      0.00564513462075219        0.035975165603754      0.00399584418249223      0.00399584418249221      0.00193282235443856
                     0.12       0.0722542971705867        0.072254297170611        0.369351609266239        0.216608304152076        0.216608304152076        0.216608304152076     0.000821619434483858      0.00565537406169244       0.0360208847874568      0.00400434687913449       0.0040043468791344      0.00193777311480564
                     0.12       0.0718785106502142       0.0718785106502021        0.369202724356216        0.216858429214607        0.216858429214607        0.216858429214607     0.000824110038967093      0.00566560983977876       0.0360665631646819      0.00401283840872843      0.00401283840872848      0.00194272656355591
                     0.12       0.0715066468254456       0.0715066468254437        0.369055152332674        0.217108554277139        0.217108554277139        0.217108554277139     0.000826606127966929      0.00567584240540669       0.0361122027836127      0.00402131918671053      0.00402131918671054      0.00194768285810161
                     0.12       0.0711386375063829       0.0711386375063442        0.368908862134843         0.21735867933967         0.21735867933967         0.21735867933967     0.000829107696937871      0.00568607219697835       0.0361578056343169      0.00402978961712187      0.00402978961712202      0.00195264215212801
                     0.12        0.070774416229552        0.070774416229552        0.368763823572765        0.217608804402201        0.217608804402201        0.217608804402201     0.000831614741570719      0.00569629964133939       0.0362033736508595      0.00403825009302001      0.00403825009302001      0.00195760459572814
                     0.12       0.0704139182021589       0.0704139182021597        0.368620007296661        0.217858929464732        0.217858929464732        0.217858929464732     0.000834127257788659      0.00570652515418296       0.0362489087132957      0.00404670099685872      0.00404670099685872      0.00196257033552691
                     0.12       0.0700570802449085       0.0700570802449199        0.368477384766788        0.218109054527264        0.218109054527264        0.218109054527264     0.000836645241739063       0.0057167491404508       0.0362944126496058      0.00405514270086594       0.0040551427008659      0.00196753951480508
                     0.12       0.0697038407401724       0.0697038407401778        0.368335928225305        0.218359179589795        0.218359179589795        0.218359179589795     0.000839168689788571      0.00572697199470493       0.0363398872375151      0.00406357556739411      0.00406357556739408      0.00197251227361364
                     0.12       0.0693541395801171       0.0693541395801162        0.368195610668814        0.218609304652326        0.218609304652326        0.218609304652326     0.000841697598517457      0.00573719410149263       0.0363853342062698      0.00407199994926398      0.00407199994926398       0.0019774887488866
                     0.12       0.0690079181193261       0.0690079181193278        0.368056405822622        0.218859429714857        0.218859429714857        0.218859429714857     0.000844231964714615      0.00574741583568596       0.0364307552382966      0.00408041619008502      0.00408041619008501      0.00198246907454571
                     0.12       0.0686651191256152       0.0686651191256387          0.3679182881151        0.219109554777389        0.219109554777389        0.219109554777389     0.000846771785369922      0.00575763756282388       0.0364761519708466      0.00408882462457648      0.00408882462457639      0.00198745338160682
                     0.12       0.0683256867370987       0.0683256867371142        0.367781232654445         0.21935967983992         0.21935967983992         0.21935967983992     0.000849317057672667       0.0057678596394189       0.0365215259975139      0.00409722557885903      0.00409722557885898       0.0019924417982738
                     0.12        0.067989566417965        0.067989566417964        0.367645215205268        0.219609804902451        0.219609804902451        0.219609804902451     0.000851867779004024       0.0057780824132677       0.0365668788697296      0.00410561937074582      0.00410561937074582      0.00199743445003556
                     0.12       0.0676567049167594         0.06765670491675        0.367510212166682        0.219859929964982        0.219859929964982        0.219859929964982     0.000854423946934364      0.00578830622374255       0.0366122120981909      0.00411400631001868      0.00411400631001871      0.00200243145975582
                     0.12       0.0673270502266126       0.0673270502266034        0.367376200551031        0.220110055027514        0.220110055027514        0.220110055027514       0.0008569855592159      0.00579853140207267       0.0366575271542103      0.00412238669869212      0.00412238669869215      0.00200743294776093
                     0.12       0.0670005515468784       0.0670005515468934        0.367243157963877        0.220360180090045        0.220360180090045        0.220360180090045      0.00085955261378115      0.00580875827161049       0.0367028254710275      0.00413076083126716       0.0041307608312671      0.00201243903192166
                     0.12       0.0666771592460307       0.0666771592460363        0.367111062584218        0.220610305152576        0.220610305152576        0.220610305152576     0.000862125108736261      0.00581898714809353       0.0367481084450672      0.00413912899497591      0.00413912899497589      0.00201744982773538
                     0.12       0.0663568248261475       0.0663568248261443        0.366979893145988        0.220860430215108        0.220860430215108        0.220860430215108     0.000864703042358562      0.00582921833989028       0.0367933774371437      0.00414749147001583      0.00414749147001584      0.00202246544840185
                     0.12       0.0660395008885263       0.0660395008885314        0.366849628919961        0.221110555277639        0.221110555277639        0.221110555277639     0.000867286413091806      0.00583945214824043        0.036838633773622      0.00415584852977562       0.0041558485297756      0.00202748600489829
                     0.12       0.0657251411010304       0.0657251411010305        0.366720249696564         0.22136068034017         0.22136068034017         0.22136068034017     0.000869875219542064      0.00584968886748274       0.0368838787475219      0.00416420044105071      0.00416420044105071       0.0020325116060501
                     0.12       0.0654137001660823       0.0654137001660919        0.366591735769289        0.221610805402701        0.221610805402701        0.221610805402701      0.00087246946047468      0.00585992878527573       0.0369291136195923      0.00417254746425246      0.00417254746425243      0.00203754235859953
                     0.12       0.0651051337901571       0.0651051337901497        0.366464067918657        0.221860930465233        0.221860930465233        0.221860930465233     0.000875069134809607      0.00587017218281035       0.0369743396193369      0.00418088985360829      0.00418088985360832      0.00204257836727211
                     0.12       0.0647993986544687       0.0647993986544693        0.366337227396962        0.222111055527764        0.222111055527764        0.222111055527764     0.000877674241618633      0.00588041933501248       0.0370195579460005      0.00418922785735381       0.0041892278573538      0.00204761973483969
                     0.12       0.0644964523865107       0.0644964523864967        0.366211195913464        0.222361180590295        0.222361180590295        0.222361180590295     0.000880284780122288      0.00589067051073987       0.0370647697695266      0.00419756171791851      0.00419756171791856      0.00205266656218188
                     0.12       0.0641962535325402       0.0641962535325388        0.366085955620195        0.222611305652826        0.222611305652826        0.222611305652826     0.000882900749684258      0.00590092597297071        0.037109976231451      0.00420589167210486      0.00420589167210486      0.00205771894834492
                     0.12       0.0638987615316106       0.0638987615315984        0.365961489098359        0.222861430715358        0.222861430715358        0.222861430715358     0.000885522149812367      0.00591118597898408       0.0371551784458118      0.00421421795125855      0.00421421795125859      0.00206277699059794
                     0.12       0.0636039366898206       0.0636039366898241        0.365837779345097        0.223111555777889        0.223111555777889        0.223111555777889     0.000888148980151025      0.00592145078053596       0.0372003774999643      0.00422254078143514      0.00422254078143512      0.00206784078448815
                     0.12       0.0633117401558982       0.0633117401558987        0.365714809760844         0.22336168084042         0.22336168084042         0.22336168084042     0.000890781240481281       0.0059317206240272       0.0372455744554192      0.00423086038355897      0.00423086038355897      0.00207291042389324
                     0.12       0.0630221338974283       0.0630221338974215        0.365592564137121        0.223611805902951        0.223611805902951        0.223611805902951     0.000893418930715338      0.00594199575066596       0.0372907703486076      0.00423917697357707      0.00423917697357709      0.00207798600107226
                     0.12       0.0627350806780991       0.0627350806781151        0.365471026644804        0.223861930965483        0.223861930965483        0.223861930965483     0.000896062050896543      0.00595227639662344       0.0373359661916574      0.00424749076260676       0.0042474907626067      0.00208306760671431
                     0.12       0.0624505440357007       0.0624505440356931        0.365350181822784        0.224112056028014        0.224112056028014        0.224112056028014      0.00089871060119474      0.00596256279318479       0.0373811629731074      0.00425580195707814      0.00425580195707816      0.00208815532998587
                     0.12       0.0621684882608188       0.0621684882607986         0.36523001456703        0.224362181090545        0.224362181090545        0.224362181090545     0.000901364581902906      0.00597285516689412       0.0374263616586039      0.00426411075887161      0.00426411075887168      0.00209324925857632
                     0.12       0.0618888783759581       0.0618888783759618        0.365110510120088        0.224612306153077        0.224612306153077        0.224612306153077     0.000904023993437534      0.00598315373969506       0.0374715631916018      0.00427241736545165      0.00427241736545163      0.00209834947874174
                     0.12       0.0616116801162594       0.0616116801162512        0.364991654060927        0.224862431215608        0.224862431215608        0.224862431215608     0.000906688836333533      0.00599345872906472       0.0375167684939933      0.00428072196999263      0.00428072196999266      0.00210345607534729
                     0.12        0.061336859909695       0.0613368599097033        0.364873432295104        0.225112556278139        0.225112556278139        0.225112556278139     0.000909359111241105      0.00600377034814531       0.0375619784667362      0.00428902476150447      0.00428902476150444      0.00210856913190833
                     0.12       0.0610643848590711       0.0610643848590787         0.36475583104539         0.22536268134067         0.22536268134067         0.22536268134067     0.000912034818926852      0.00601408880586824       0.0376071939904832      0.00429732592494975      0.00429732592494972      0.00211368873062944
                     0.12       0.0607942227235281       0.0607942227235422        0.364638836842568        0.225612806403202        0.225612806403202        0.225612806403202     0.000914715960267522      0.00602441430707721       0.0376524159261419      0.00430562564136075       0.0043056256413607      0.00211881495244308
                     0.12       0.0605263419016551       0.0605263419016497        0.364522436516698        0.225862931465733        0.225862931465733        0.225862931465733      0.00091740253625041      0.00603474705264383       0.0376976451154557      0.00431392408794885      0.00431392408794887        0.002123947877046
                     0.12       0.0602607114143857       0.0602607114143922        0.364406617188575        0.226113056528264        0.226113056528264        0.226113056528264     0.000920094547970512      0.00604508723958174       0.0377428823815482      0.00432222143821295      0.00432222143821293      0.00212908758293509
                     0.12       0.0599973008892863       0.0599973008892682        0.364291366261611        0.226363181590795        0.226363181590795        0.226363181590795     0.000922791996627925      0.00605543506115407       0.0377881285294385      0.00433051786204128      0.00433051786204134      0.00213423414744115
                     0.12       0.0597360805439613       0.0597360805439696        0.364176671413719        0.226613306653327        0.226613306653327        0.226613306653327     0.000925494883526057      0.00606579070698234        0.037833384346567      0.00433881352581454      0.00433881352581451      0.00213938764676342
                     0.12       0.0594770211717249       0.0594770211717246        0.364062520589873        0.226863431715858        0.226863431715858        0.226863431715858     0.000928203210069485      0.00607615436314485       0.0378786506032689       0.0043471085924997       0.0043471085924997       0.0021445481560002
                     0.12       0.0592200941265342       0.0592200941265304        0.363948901994553        0.227113556778389        0.227113556778389        0.227113556778389     0.000930916977762007      0.00608652621227719         0.03792392805326       0.0043554032217447      0.00435540322174471      0.00214971574918097
                     0.12       0.0589652713086131       0.0589652713086049        0.363835804084692         0.22736368184092         0.22736368184092         0.22736368184092     0.000933636188205019      0.00609690643366687       0.0379692174340916      0.00436369756996927       0.0043636975699693      0.00215489049929576
                     0.12       0.0587125251510861       0.0587125251510814        0.363723215562716        0.227613806903452        0.227613806903452        0.227613806903452     0.000936360843095826      0.00610729520334502       0.0380145194675972      0.00437199179045097      0.00437199179045098      0.00216007247832447
                     0.12        0.058461828606047       0.0584618286060602        0.363611125369842        0.227863931965983        0.227863931965983        0.227863931965983     0.000939090944225861      0.00611769269417668       0.0380598348603237       0.0043802860334116      0.00438028603341156      0.00216526175726516
                     0.12       0.0582131551321277        0.058213155132124        0.363499522679624        0.228114057028514        0.228114057028514        0.228114057028514      0.00094182649347695       0.0061280990759459       0.0381051643039273      0.00438858044609732      0.00438858044609733      0.00217045840616104
                     0.12       0.0579664786815898        0.057966478681578        0.363388396891726        0.228364182091046        0.228364182091046        0.228364182091046      0.00094456749282246      0.00613851451543937       0.0381505084755972        0.004396875172859      0.00439687517285904      0.00217566249412677
                     0.12       0.0577217736884869       0.0577217736884781        0.363277737625847        0.228614307153577        0.228614307153577        0.228614307153577     0.000947313944324572      0.00614893917652681       0.0381958680384351      0.00440517035522774      0.00440517035522777      0.00218087408937398
                     0.12       0.0574790150566184       0.0574790150566174        0.363167534715871        0.228864432216108        0.228864432216108        0.228864432216108     0.000950065850132249      0.00615937322023936       0.0382412436418277      0.00441346613198991      0.00441346613198991      0.00218609325923595
                     0.12       0.0572381781483704       0.0572381781483641        0.363057778204209        0.229114557278639        0.229114557278639        0.229114557278639     0.000952823212479602      0.00616981680484462       0.0382866359218071      0.00442176263925803      0.00442176263925805      0.00219132007019144
                     0.12        0.056999238773241        0.056999238773234        0.362948458336241        0.229364682341171        0.229364682341171        0.229364682341171     0.000955586033685001      0.00618027008592113       0.0383320455014141       0.0044300600105416      0.00443006001054163      0.00219655458788831
                     0.12        0.056762173177698       0.0567621731777013        0.362839565555169        0.229614807403702        0.229614807403702        0.229614807403702     0.000958354316149754      0.00619073321642646       0.0383774729910264      0.00443835837681242      0.00443835837681241       0.0022017968771648
                     0.12       0.0565269580339698         0.05652695803397        0.362731090496642        0.229864932466233        0.229864932466233        0.229864932466233     0.000961128062355675      0.00620120634676966       0.0384229189886987      0.00444665786657238      0.00444665786657237      0.00220704700207287
                     0.12       0.0562935704309167       0.0562935704309088        0.362623023984026        0.230115057528764        0.230115057528764        0.230115057528764     0.000963907274864152      0.00621168962487319       0.0384683840804643       0.0044549586059134      0.00445495860591342      0.00221230502589746
                     0.12       0.0560619878631091       0.0560619878631143        0.362515357023312        0.230365182591296        0.230365182591296        0.230365182591296     0.000966691956314589      0.00622218319624207       0.0385138688406647      0.00446326071858231      0.00446326071858229      0.00221757101117875
                     0.12       0.0558321882222998       0.0558321882222997        0.362408080798678        0.230615307653827        0.230615307653827        0.230615307653827      0.00096948210942396      0.00623268720402211       0.0385593738322371      0.00447156432603688      0.00447156432603688      0.00222284501973029
                     0.12       0.0556041497874743       0.0556041497874716         0.36230118666778        0.230865432716358        0.230865432716358        0.230865432716358     0.000972277736984328       0.0062432017890633       0.0386048996070084      0.00447986954750567      0.00447986954750568      0.00222812711265936
                     0.12       0.0553778512163543       0.0553778512163618        0.362194666157472        0.231115557778889        0.231115557778889        0.231115557778889     0.000975078841861623      0.00625372708997647       0.0386504467059679      0.00448817650004221      0.00448817650004219      0.00223341735038483
                     0.12       0.0551532713857638       0.0551532713857696        0.362088510929648        0.231365682841421        0.231365682841421        0.231365682841421     0.000977885426996374      0.00626426324367569       0.0386960156613252      0.00449648529906558      0.00449648529906556      0.00223871579286297
                     0.12       0.0549303901362137       0.0549303901362139        0.361982712926261        0.231615807903952        0.231615807903952        0.231615807903952     0.000980697495399255      0.00627481038301203       0.0387416069879301      0.00450479605598526      0.00450479605598526      0.00224402249856834
                     0.12       0.0547091867579379       0.0547091867579401        0.361877264067086        0.231865932966483        0.231865932966483        0.231865932966483     0.000983515050152435      0.00628536864166816        0.038787221201178      0.00451310888310606      0.00451310888310606       0.0022493375265835
                     0.12       0.0544896414885291       0.0544896414885353        0.361772156544048        0.232116058029014        0.232116058029014        0.232116058029014     0.000986338094407152      0.00629593814936956       0.0388328587996218      0.00452142388882377      0.00452142388882375      0.00225466093454295
                     0.12       0.0542717347524098       0.0542717347524197        0.361667382668361        0.232366183091546        0.232366183091546        0.232366183091546     0.000989166631383626       0.0063065190343549       0.0388785202740325      0.00452974118009972      0.00452974118009969      0.00225999277968521
                     0.12       0.0540554473037235       0.0540554473037306        0.361562934896637        0.232616308154077        0.232616308154077        0.232616308154077      0.00099200066436899      0.00631711142294158       0.0389242061058672      0.00453806086202236      0.00453806086202234      0.00226533311866155
                     0.12       0.0538407602192255       0.0538407602192275        0.361458805827427        0.232866433216608        0.232866433216608        0.232866433216608     0.000994840196716314       0.0063277154395718       0.0389699167674896      0.00454638303785158      0.00454638303785158      0.00227068200755044
                     0.12       0.0536276548909553       0.0536276548909512          0.3613549881977         0.23311655827914         0.23311655827914         0.23311655827914     0.000997685231844483      0.00633833120685969       0.0390156527224032      0.00455470780906319       0.0045547078090632      0.00227603950187266
                     0.12       0.0534161130192705        0.053416113019264        0.361251474879513        0.233366683341671        0.233366683341671        0.233366683341671      0.00100053577323601      0.00634895884563586        0.039061414425455       0.0045630352753915      0.00456303527539152      0.00228140565660545
                     0.12       0.0532061166063672       0.0532061166063651        0.361148258876801        0.233616808404202        0.233616808404202        0.233616808404202      0.00100339182443663      0.00635959847498994       0.0391072023230437      0.00457136553486984      0.00457136553486985      0.00228678052619607
                     0.12         0.05299764794937       0.0529976479493635        0.361045333322171        0.233866933466733        0.233866933466733        0.233866933466733      0.00100625338905461      0.00637025021231392       0.0391530168533288      0.00457969868387174      0.00457969868387176       0.0022921641645756
                     0.12       0.0527906896341467       0.0527906896341543        0.360942691473873        0.234117058529265        0.234117058529265        0.234117058529265      0.00100912047075898      0.00638091417334222       0.0391988584464158       0.0045880348171493      0.00458803481714928      0.00229755662517167
                     0.12       0.0525852245291709       0.0525852245291734        0.360840326712815        0.234367183591796        0.234367183591796        0.234367183591796      0.00101199307327937      0.00639159047219158       0.0392447275245533      0.00459637402787084      0.00459637402787083       0.0023029579609213
                     0.12        0.052381235779177       0.0523812357791808        0.360738232539658        0.234617308654327        0.234617308654327        0.234617308654327      0.00101487120040467      0.00640227922140029       0.0392906245023157      0.00460471640765862       0.0046047164076586      0.00230836822428324
                     0.12       0.0521787067995895       0.0521787067995893        0.360636402572045        0.234867433716858        0.234867433716858        0.234867433716858      0.00101775485598236      0.00641298053196476       0.0393365497867807      0.00461306204662363      0.00461306204662363       0.0023137874672497
                     0.12       0.0519776212706631       0.0519776212706612        0.360534830541842         0.23511755877939         0.23511755877939         0.23511755877939      0.00102064404391754      0.00642369451337659       0.0393825037777049       0.0046214110334008      0.00462141103340081      0.00231921574135824
                     0.12       0.0517779631318648       0.0517779631318677        0.360433510292475        0.235367683841921        0.235367683841921        0.235367683841921       0.0010235387681722      0.00643442127365824       0.0394284868676947      0.00462976345518291       0.0046297634551829      0.00232465309770309
                     0.12       0.0515797165765309       0.0515797165765374          0.3603324357764        0.235617808904452        0.235617808904452        0.235617808904452      0.00102643903276434      0.00644516091939678       0.0394744994423673      0.00463811939775319      0.00463811939775317      0.00233009958694586
                     0.12        0.051382866046511       0.0513828660465223        0.360231601052534        0.235867933966983        0.235867933966983        0.235867933966983      0.00102934484176665      0.00645591355577822       0.0395205418805099      0.00464647894551746      0.00464647894551743      0.00233555525932666
                     0.12       0.0511873962270559       0.0511873962270607        0.360131000283871        0.236118059029515        0.236118059029515        0.236118059029515      0.00103225619930707      0.00646667928661956       0.0395666145542435      0.00465484218153518      0.00465484218153516      0.00234102016467418
                     0.12       0.0509932920417665        0.050993292041765        0.360030627735067        0.236368184092046        0.236368184092046        0.236368184092046      0.00103517310956654      0.00647745821440086       0.0396127178291638      0.00466320918754969      0.00466320918754969      0.00234649435241603
                     0.12       0.0508005386477617       0.0508005386477676        0.359930477770188        0.236618309154577        0.236618309154577        0.236618309154577      0.00103809557677881      0.00648825044029555       0.0396588520644898      0.00467158004401752       0.0046715800440175      0.00235197787158835
                     0.12       0.0506091214308257       0.0506091214308209        0.359830544850392        0.236868434217109        0.236868434217109        0.236868434217109      0.00104102360523058       0.0064990560642014       0.0397050176132193      0.00467995483013727      0.00467995483013728       0.0023574707708458
                     0.12       0.0504190260008873       0.0504190260008894        0.359730823531841         0.23711855927964         0.23711855927964         0.23711855927964      0.00104395719925924      0.00650987518476844       0.0397512148222483      0.00468833362387708      0.00468833362387708      0.00236297309847034
                     0.12       0.0502302381873609       0.0502302381873591        0.359631308463484        0.237368684342171        0.237368684342171        0.237368684342171      0.00104689636325319      0.00652070789942863        0.039797444032521      0.00469671650200219      0.00469671650200219      0.00236848490238091
                     0.12       0.0500427440348121       0.0500427440348161        0.359531994385058        0.237618809404702        0.237618809404702        0.237618809404702      0.00104984110165061      0.00653155430442271       0.0398437055791531      0.00470510354010101        0.004705103540101      0.00237400623014181
                     0.12       0.0498565297986776       0.0498565297986835        0.359432876125051        0.237868934467234        0.237868934467234        0.237868934467234      0.00105279141893951      0.00654241449482735       0.0398899997915669      0.00471349481261086      0.00471349481261084      0.00237953712897152
                     0.12       0.0496715819409863        0.049671581940984        0.359333948598741        0.238119059529765        0.238119059529765        0.238119059529765      0.00105574731965618      0.00655328856458152       0.0399363269936092      0.00472189039284314      0.00472189039284314      0.00238507764575109
                     0.12       0.0494878871261913       0.0494878871261912        0.359235206806274        0.238369184592296        0.238369184592296        0.238369184592296      0.00105870880838483      0.00656417660651226       0.0399826875036757      0.00473029035300799      0.00473029035300799      0.00239062782703244
                     0.12       0.0493054322178915       0.0493054322178969         0.35913664583093        0.238619309654827        0.238619309654827        0.238619309654827      0.00106167588975823      0.00657507871235739       0.0400290816348319      0.00473869476423586      0.00473869476423585      0.00239618771904539
                     0.12       0.0491242042736848       0.0491242042736807        0.359038260837114        0.238869434717359        0.238869434717359        0.238869434717359       0.0010646485684551      0.00658599497279349       0.0400755096949253      0.00474710369660438      0.00474710369660439      0.00240175736770695
                     0.12       0.0489441905423684       0.0489441905423674        0.358940047068748         0.23911955977989         0.23911955977989         0.23911955977989      0.00106762684920021      0.00659692547745645        0.040121971986692      0.00475551721915788      0.00475551721915788      0.00240733681862769
                     0.12       0.0487653784598445       0.0487653784598442        0.358841999847498        0.239369684842421        0.239369684842421        0.239369684842421      0.00107061073676445      0.00660787031496568       0.0401684688078762      0.00476393539993049      0.00476393539993049      0.00241292611711956
                     0.12       0.0485877556456128       0.0485877556456131        0.358744114571125        0.239619809904952        0.239619809904952        0.239619809904952      0.00107360023596359      0.00661882957294616       0.0402150004513292      0.00477235830596719      0.00477235830596719       0.0024185253082029
                     0.12       0.0484113098991905        0.048411309899189        0.358646386711853        0.239869934967484        0.239869934967484        0.239869934967484      0.00107659535165798      0.00662980333805031       0.0402615672051151      0.00478078600334482      0.00478078600334482      0.00242413443661347
                     0.12       0.0482360291967232       0.0482360291967227        0.358548811814787        0.240120060030015        0.240120060030015        0.240120060030015      0.00107959608875244      0.00664079169597913        0.040308169352616      0.00478921855719215      0.00478921855719216      0.00242975354680922
                     0.12        0.048061901687557       0.0480619016875609        0.358451385496368        0.240370185092546        0.240370185092546        0.240370185092546      0.00108260245219392      0.00665179473150304       0.0403548071726137      0.00479765603170994      0.00479765603170993       0.0024353826829769
                     0.12       0.0478889156910423       0.0478889156910457        0.358354103442865        0.240620310155078        0.240620310155078        0.240620310155078      0.00108561444697369        0.006662812528482       0.0404014809394099      0.00480609849018991       0.0048060984901899      0.00244102188903863
                     0.12       0.0477170596932564       0.0477170596932546        0.358256961408905        0.240870435217609        0.240870435217609        0.240870435217609      0.00108863207812457      0.00667384516988528          0.0404481909229      0.00481454599503379      0.00481454599503379      0.00244667120865814
                     0.12       0.0475463223439085       0.0475463223439109        0.358159955216064         0.24112056028014         0.24112056028014         0.24112056028014      0.00109165535072207      0.00668489273781035        0.040494937388676      0.00482299860777154      0.00482299860777153      0.00245233068524678
                     0.12       0.0473766924532749       0.0473766924532749        0.358063080751451        0.241370685342671        0.241370685342671        0.241370685342671      0.00109468426988167      0.00669595531350196       0.0405417205980989      0.00483145638907928      0.00483145638907928      0.00245800036196974
                     0.12        0.047208158989275       0.0472081589892748         0.35796633396636        0.241620810405203        0.241620810405203        0.241620810405203      0.00109771884076114      0.00670703297737001       0.0405885408084071      0.00483991939879652      0.00483991939879652      0.00246368028175169
                     0.12       0.0470407110744129       0.0470407110744159        0.357869710874939        0.241870935467734        0.241870935467734        0.241870935467734      0.00110075906855829      0.00671812580900773       0.0406353982727858      0.00484838769594362      0.00484838769594362      0.00246937048728263
                     0.12       0.0468743379831012       0.0468743379831022        0.357773207552907        0.242121060530265        0.242121060530265        0.242121060530265      0.00110380495851003      0.00672923388720867       0.0406822932404459      0.00485686133873785      0.00485686133873785      0.00247507102102332
                     0.12       0.0467090291387679       0.0467090291387722        0.357676820136288        0.242371185592796        0.242371185592796        0.242371185592796      0.00110685651589453      0.00674035728998376       0.0407292259567247       0.0048653403846099      0.00486534038460988      0.00248078192521076
                     0.12       0.0465447741112243       0.0465447741112215        0.357580544820182        0.242621310655328        0.242621310655328        0.242621310655328      0.00110991374602779      0.00675149609457779       0.0407761966631395      0.00487382489021945      0.00487382489021946      0.00248650324186345
                     0.12       0.0463815626138781       0.0463815626138782         0.35748437785757        0.242871435717859        0.242871435717859        0.242871435717859      0.00111297665426433      0.00676265037748561       0.0408232055974737      0.00488231491147092      0.00488231491147092      0.00249223501278657
                     0.12       0.0462193845012739       0.0462193845012688        0.357388315558137         0.24312156078039         0.24312156078039         0.24312156078039      0.00111604524599762      0.00677382021446774       0.0408702529938572      0.00489081050352816      0.00489081050352817      0.00249797727957699
                     0.12       0.0460582297664627       0.0460582297664571        0.357292354287132        0.243371685842921        0.243371685842921        0.243371685842921       0.0011191195266583      0.00678500568056584       0.0409173390828287      0.00489931172082934      0.00489931172082935      0.00250373008362823
                     0.12       0.0458980885386066       0.0458980885386081        0.357196490464269        0.243621810905453        0.243621810905453        0.243621810905453      0.00112219950171501      0.00679620685011734       0.0409644640914149      0.00490781861710107      0.00490781861710107      0.00250949346613512
                     0.12       0.0457389510804887       0.0457389510804894        0.357100720562617        0.243871935967984        0.243871935967984        0.243871935967984      0.00112528517667246      0.00680742379677049       0.0410116282431888      0.00491633124537257      0.00491633124537256      0.00251526746809864
                     0.12       0.0455808077861134       0.0455808077861142        0.357005041107557        0.244122061030515        0.244122061030515        0.244122061030515      0.00112837655707291      0.00681865659349839       0.0410588317583508      0.00492484965798937      0.00492484965798937      0.00252105213033034
                     0.12       0.0454236491785141       0.0454236491785135        0.356909448675739        0.244372186093047        0.244372186093047        0.244372186093047      0.00113147364849422      0.00682990531261284       0.0411060748537826      0.00493337390662636      0.00493337390662636      0.00252684749345689
                     0.12        0.045267465907324       0.0452674659073284        0.356813939894065        0.244622311155578        0.244622311155578        0.244622311155578      0.00113457645655081      0.00684117002577821       0.0411533577431221      0.00494190404230118      0.00494190404230116      0.00253265359792441
                     0.12       0.0451122487466792        0.045112248746682        0.356718511438711        0.244872436218109        0.244872436218109        0.244872436218109      0.00113768498689113      0.00685245080402451        0.041200680636808      0.00495044011538664      0.00495044011538663      0.00253847048400274
                     0.12       0.0449579885930224       0.0449579885930232        0.356623160034174         0.24512256128064         0.24512256128064         0.24512256128064      0.00114079924520038       0.0068637477177602       0.0412480437421654      0.00495898217562323      0.00495898217562323      0.00254429819178938
                     0.12       0.0448046764629393       0.0448046764629425        0.356527882452303        0.245372686343172        0.245372686343172        0.245372686343172      0.00114391923719731      0.00687506083678527       0.0412954472634439      0.00496753027213134      0.00496753027213133      0.00255013676121389
                     0.12       0.0446523034911112       0.0446523034911073          0.3564326755114        0.245622811405703        0.245622811405703        0.245622811405703      0.00114704496863567      0.00688639023030333       0.0413428914018895      0.00497608445342303      0.00497608445342304      0.00255598623204156
                     0.12       0.0445008609282926       0.0445008609282941        0.356337536075326        0.245872936468234        0.245872936468234        0.245872936468234      0.00115017644530289      0.00689773596693361       0.0413903763557926       0.0049846447674136       0.0049846447674136      0.00256184664387731
                     0.12       0.0443503401393038       0.0443503401393063        0.356242461052598        0.246123061530765        0.246123061530765        0.246123061530765      0.00115331367302015      0.00690909811472313        0.041437902320549      0.00499321126143296      0.00499321126143295      0.00256771803616967
                     0.12        0.044200732601103       0.0442007326011063        0.356147447395573        0.246373186593297        0.246373186593297        0.246373186593297      0.00115645665764254      0.00692047674115777       0.0414854694887165      0.00500178398223662      0.00500178398223661      0.00257360044821412
                     0.12       0.0440520299008847       0.0440520299008851        0.356052492099577        0.246623311655828        0.246623311655828        0.246623311655828      0.00115960540505745      0.00693187191317381        0.041533078050057      0.00501036297601649      0.00501036297601649      0.00257949391915694
                     0.12       0.0439042237341502       0.0439042237341485        0.355957592202102        0.246873436718359        0.246873436718359        0.246873436718359      0.00116275992118577      0.00694328369716901       0.0415807281916022      0.00501894828841166      0.00501894828841167      0.00258539848799866
                     0.12       0.0437573059029628       0.0437573059029603        0.355862744781997         0.24712356178089         0.24712356178089         0.24712356178089      0.00116592021197972      0.00695471215901329       0.0416284200976889      0.00502753996451846      0.00502753996451846      0.00259131419359752
                     0.12       0.0436112683141789       0.0436112683141803        0.355767946958723        0.247373686843422        0.247373686843422        0.247373686843422      0.00116908628342521      0.00696615736405883       0.0416761539500269      0.00503613804890048      0.00503613804890048      0.00259724107467255
                     0.12        0.043466102977596       0.0434661029775971        0.355673195891527        0.247623811905953        0.247623811905953        0.247623811905953      0.00117225814153856      0.00697761937715125       0.0417239299277282      0.00504474258559882      0.00504474258559882      0.00260317916980739
                     0.12       0.0433218020043376       0.0433218020043368        0.355578488778768        0.247873936968484        0.247873936968484        0.247873936968484      0.00117543579236843      0.00698909826263866        0.041771748207367      0.00505335361814136      0.00505335361814136      0.00260912851745287
                     0.12       0.0431783576050957       0.0431783576050971         0.35548382285713        0.248124062031016        0.248124062031016        0.248124062031016      0.00117861924199366      0.00700059408438231       0.0418196089630146      0.00506197118955247      0.00506197118955247      0.00261508915593062
                     0.12       0.0430357620885408       0.0430357620885396        0.355389195400938        0.248374187093547        0.248374187093547        0.248374187093547      0.00118180849652608      0.00701210690576577       0.0418675123663078      0.00507059534236208      0.00507059534236208      0.00262106112343591
                     0.12       0.0428940078597383       0.0428940078597372        0.355294603721467        0.248624312156078        0.248624312156078        0.248624312156078      0.00118500356210659      0.00702363678970422       0.0419154585864628      0.00507922611861464      0.00507922611861464      0.00262704445804054
                     0.12       0.0427530874184803       0.0427530874184795        0.355200045166237        0.248874437218609        0.248874437218609        0.248874437218609      0.00118820444490682      0.00703518379865405       0.0419634477903353      0.00508786355987817      0.00508786355987817      0.00263303919769603
                     0.12       0.0426129933578215       0.0426129933578195        0.355105517118374        0.249124562281141        0.249124562281141        0.249124562281141       0.0011914111511284      0.00704674799462148       0.0420114801424575       0.0050965077072527       0.0050965077072527      0.00263904538023621
                     0.12       0.0424737183625493       0.0424737183625482        0.355011016995944        0.249374687343672        0.249374687343672        0.249374687343672      0.00119462368700366      0.00705832943917142       0.0420595558050875      0.00510515860137875      0.00510515860137875      0.00264506304338012
                     0.12          0.0423352552077       0.0423352552077072        0.354916542251315        0.249624812406203        0.249624812406203        0.249624812406203      0.00119784205879368      0.00706992819343618       0.0421076749382363       0.0051138162824456      0.00511381628244558      0.00265109222473477
                     0.12        0.042197596757057       0.0421975967570562        0.354822090370546        0.249874937468734        0.249874937468734        0.249874937468734       0.0012010662727894      0.00708154431812381       0.0421558376997177       0.0051224807901995       0.0051224807901995       0.0026571329617977
                     0.12       0.0420607359618083        0.042060735961807        0.354727658872763        0.250125062531266        0.250125062531266        0.250125062531266       0.0012042963353105      0.00709317787352633       0.0422040442451793      0.00513115216395136      0.00513115216395137      0.00266318529195968
                     0.12       0.0419246658591002       0.0419246658591021        0.354633245309584        0.250375187593797        0.250375187593797        0.250375187593797      0.00120753225270621      0.00710482891952763        0.042252294728149      0.00513983044258466      0.00513983044258465      0.00266924925250715
                     0.12       0.0417893795707012       0.0417893795707018        0.354538847264515        0.250625312656328        0.250625312656328        0.250625312656328      0.00121077403135387      0.00711649751561156        0.042300589300062      0.00514851566456288      0.00514851566456288      0.00267532488062478
                     0.12       0.0416548703016176       0.0416548703016172        0.354444462352394        0.250875437718859        0.250875437718859        0.250875437718859      0.00121402167765943      0.00712818372086955        0.042348928110303      0.00515720786793709      0.00515720786793709       0.0026814122133979
                     0.12       0.0415211313388138       0.0415211313388149        0.354350088218829        0.251125562781391        0.251125562781391        0.251125562781391      0.00121727519805692      0.00713988759400808       0.0423973113062382      0.00516590709035309      0.00516590709035309      0.00268751128781482
                     0.12       0.0413881560499369       0.0413881560499346         0.35425572253965        0.251375687843922        0.251375687843922        0.251375687843922      0.00122053459900876      0.00715160919335615       0.0424457390332547      0.00517461336905848      0.00517461336905849       0.0026936221407692
                     0.12       0.0412559378820399       0.0412559378820403        0.354161363020386        0.251625812906453        0.251625812906453        0.251625812906453      0.00122379988700463      0.00716334857687229       0.0424942114347863      0.00518332674090967      0.00518332674090967      0.00269974480906228
                     0.12       0.0411244703602762       0.0411244703602786        0.354067007395726        0.251875937968984        0.251875937968984        0.251875937968984      0.00122707106856189      0.00717510580215206       0.0425427286523521      0.00519204724237883      0.00519204724237882      0.00270587932940516
                     0.12        0.040993747086846       0.0409937470868484        0.353972653429026        0.252126063031516        0.252126063031516        0.252126063031516      0.00123034815022492      0.00718688092643437       0.0425912908255842      0.00520077490956017      0.00520077490956016      0.00271202573842088
                     0.12       0.0408637617395968       0.0408637617395953        0.353878298911785        0.252376188094047        0.252376188094047        0.252376188094047      0.00123363113856611       0.0071986740066089        0.042639898092271      0.00520950977817701      0.00520950977817702      0.00271818407264668
                     0.12       0.0407345080710702        0.040734508071071         0.35378394166319        0.252626313156578        0.252626313156578        0.252626313156578      0.00123692004018397      0.00721048509922203       0.0426885505883713      0.00521825188358761      0.00521825188358761      0.00272435436853585
                     0.12       0.0406059799071973       0.0406059799071992        0.353689579529605         0.25287643821911         0.25287643821911         0.25287643821911      0.00124021486170402      0.00722231426048387       0.0427372484480556      0.00522700126079181      0.00522700126079181      0.00273053666245997
                     0.12       0.0404781711462271       0.0404781711462288        0.353595210384108        0.253126563281641        0.253126563281641        0.253126563281641        0.001243515609778      0.00723416154627453       0.0427859918037309       0.0052357579444371       0.0052357579444371      0.00273673099071088
                     0.12       0.0403510757576593       0.0403510757576585        0.353500832126052        0.253376688344172        0.253376688344172        0.253376688344172      0.00124682229108448      0.00724602701214998       0.0428347807860744      0.00524452196882447      0.00524452196882447      0.00274293738950241
                     0.12       0.0402246877811195       0.0402246877811209        0.353406442680595        0.253626813406703        0.253626813406703        0.253626813406703      0.00125013491232757       0.0072579107133485       0.0428836155240544      0.00525329336791444      0.00525329336791443      0.00274915589497247
                     0.12       0.0400990013253019       0.0400990013253001        0.353312039998259        0.253876938469235        0.253876938469235        0.253876938469235       0.0012534534802376       0.0072698127047966       0.0429324961449651       0.0052620721753328      0.00526207217533281       0.0027553865431849
                     0.12         0.03997401056694       0.0399740105669394        0.353217622054513        0.254127063531766        0.254127063531766        0.254127063531766      0.00125677800157072      0.00728173304111475       0.0429814227744511      0.00527085842437626      0.00527085842437626      0.00276162937013121
                     0.12       0.0398497097497952       0.0398497097497941        0.353123186849344        0.254377188594297        0.254377188594297        0.254377188594297      0.00126010848310819      0.00729367177662305       0.0430303955365293       0.0052796521480179       0.0052796521480179      0.00276788441173231
                     0.12       0.0397260931836486       0.0397260931836488        0.353028732406841        0.254627313656828        0.254627313656828        0.254627313656828      0.00126344493165783      0.00730562896534698       0.0430794145536302      0.00528845337891266      0.00528845337891266      0.00277415170384035
                     0.12       0.0396031552432735       0.0396031552432748        0.352934256774789         0.25487743871936         0.25487743871936         0.25487743871936      0.00126678735405137      0.00731760466102296       0.0431284799466013      0.00529726214940275      0.00529726214940274       0.0027804312822404
                     0.12       0.0394808903675609       0.0394808903675594        0.352839758024282        0.255127563781891        0.255127563781891        0.255127563781891      0.00127013575714628      0.00732959891710336       0.0431775918347485       0.0053060784915226      0.00530607849152261        0.002786723182652
                     0.12       0.0393592930584773       0.0393592930584757        0.352745234249325        0.255377688844422        0.255377688844422        0.255377688844422      0.00127349014782447      0.00734161178676217       0.0432267503358522      0.00531490243700425      0.00531490243700426       0.0027930274407309
                     0.12        0.039238357880205       0.0392383578802031         0.35265068356646        0.255627813906953        0.255627813906953        0.255627813906953      0.00127685053299297       0.0073536433228999       0.0432759555661974      0.00532373401728213      0.00532373401728213      0.00279934409207057
                     0.12       0.0391180794581618        0.039118079458164        0.352556104114387        0.255877938969485        0.255877938969485        0.255877938969485      0.00128021691958317      0.00736569357814883       0.0433252076405929      0.00533257326349816      0.00533257326349815      0.00280567317220379
                     0.12       0.0389984524781909       0.0389984524781903        0.352461494053604        0.256128064032016        0.256128064032016        0.256128064032016      0.00128358931455129      0.00737776260487774        0.043374506672398      0.00534142020650631      0.00534142020650631      0.00281201471660414
                     0.12       0.0388794716856116       0.0388794716856108        0.352366851566053        0.256378189094547        0.256378189094547        0.256378189094547      0.00128696772487628       0.0073898504551969       0.0434238527735306      0.00535027487687753      0.00535027487687754      0.00281836876068745
                     0.12       0.0387611318843726       0.0387611318843688        0.352272174854758        0.256628314157079        0.256628314157079        0.256628314157079      0.00129035215756337      0.00740195718096286       0.0434732460545185       0.0053591373049043      0.00535913730490431       0.0028247353398133
                     0.12       0.0386434279362055       0.0386434279362063        0.352177462143493         0.25687843921961         0.25687843921961         0.25687843921961      0.00129374261963996      0.00741408283378302       0.0435226866244893      0.00536800752060513      0.00536800752060513      0.00283111448928642
                     0.12       0.0385263547598082       0.0385263547598094        0.352082711676439        0.257128564282141        0.257128564282141        0.257128564282141      0.00129713911815858      0.00742622746502023       0.0435721745912164        0.005376885553729      0.00537688555372899      0.00283750624435807
                     0.12       0.0384099073299935       0.0384099073299936        0.351987921717858        0.257378689344672        0.257378689344672        0.257378689344672       0.0013005416601936      0.00743839112579729       0.0436217100611139      0.00538577143375978      0.00538577143375978      0.00284391064022734
                     0.12       0.0382940806769241        0.038294080676926        0.351893090551768        0.257628814407204        0.257628814407204        0.257628814407204      0.00130395025284462      0.00745057386700128       0.0436712931392865       0.0053946651899204       0.0053946651899204      0.00285032771204256
                     0.12       0.0381788698852784       0.0381788698852791        0.351798216481631        0.257878939469735        0.257878939469735        0.257878939469735      0.00130736490323405       0.0074627757392879       0.0437209239295293      0.00540356685117717      0.00540356685117717      0.00285675749490249
                     0.12       0.0380642700935179       0.0380642700935168        0.351703297830033        0.258129064532266        0.258129064532266        0.258129064532266      0.00131078561850684      0.00747499679308571        0.043770602534348      0.00541247644624375      0.00541247644624375      0.00286320002385768
                     0.12       0.0379502764930982       0.0379502764930965        0.351608332938392        0.258379189594797        0.258379189594797        0.258379189594797      0.00131421240583181      0.00748723707860019       0.0438203290549885      0.00542139400358526      0.00542139400358527      0.00286965533391164
                     0.12       0.0378368843277328       0.0378368843277328         0.35151332016665        0.258629314657329        0.258629314657329        0.258629314657329      0.00131764527239999      0.00749949664581785       0.0438701035914435      0.00543031955142223      0.00543031955142223      0.00287612346002205
                     0.12       0.0377240888926422       0.0377240888926382        0.351418257892987         0.25887943971986         0.25887943971986         0.25887943971986      0.00132108422542634      0.00751177554451024       0.0439199262424869      0.00543925311773449       0.0054392531177345      0.00288260443710198
                     0.12       0.0376118855338501       0.0376118855338516         0.35132314451353        0.259129564782391        0.259129564782391        0.259129564782391      0.00132452927214715      0.00752407382423771       0.0439697971056697      0.00544819473026489      0.00544819473026489      0.00288909830002097
                     0.12       0.0375002696474949       0.0375002696474942        0.351227978442086        0.259379689844922        0.259379689844922        0.259379689844922      0.00132798041982233      0.00753639153435326       0.0440197162773586      0.00545714441652308      0.00545714441652308      0.00289560508360617
                     0.12        0.037389236679041       0.0373892366790402         0.35113275810984        0.259629814907454        0.259629814907454        0.259629814907454      0.00133143767573306      0.00754872872400648        0.044069683852735       0.0054661022037893       0.0054661022037893      0.00290212482264353
                     0.12       0.0372787821227029       0.0372787821227057        0.351037481965114        0.259879939969985        0.259879939969985        0.259879939969985      0.00133490104718426      0.00756108544214696       0.0441196999258328      0.00547506811911776      0.00547506811911775      0.00290865755187874
                     0.12       0.0371689015207177        0.037168901520719        0.350942148473084        0.260130065032516        0.260130065032516        0.260130065032516      0.00133837054150163      0.00757346173752802       0.0441697645895318      0.00548404218934026      0.00548404218934025      0.00291520330601836
                     0.12       0.0370595904626838        0.037059590462684        0.350846756115531        0.260380190095047        0.260380190095047        0.260380190095047      0.00134184616603412      0.00758585765871016       0.0442198779355945      0.00549302444106968      0.00549302444106968      0.00292176211973079
                     0.12        0.036950844584911       0.0369508445849104        0.350751303390579        0.260630315157579        0.260630315157579        0.260630315157579      0.00134532792815121      0.00759827325406466       0.0442700400546621      0.00550201490070339      0.00550201490070339      0.00292833402764732
                     0.12       0.0368426595697898       0.0368426595697898        0.350655788812447         0.26088044022011         0.26088044022011         0.26088044022011      0.00134881583524549      0.00761070857177688       0.0443202510362911      0.00551101359442649      0.00551101359442649      0.00293491906436312
                     0.12       0.0367350311451656       0.0367350311451657        0.350560210911215        0.261130565282641        0.261130565282641        0.261130565282641      0.00135230989473085       0.0076231636598495       0.0443705109689547      0.00552002054821514      0.00552002054821514      0.00294151726443807
                     0.12        0.036627955083691       0.0366279550836915        0.350464568232566        0.261380690345173        0.261380690345173        0.261380690345173      0.00135581011404223      0.00763563856610607       0.0444208199400573      0.00552903578783982      0.00552903578783982      0.00294812866239786
                     0.12       0.0365214272022644       0.0365214272022631        0.350368859337571        0.261630815407704        0.261630815407704        0.261630815407704      0.00135931650063697       0.0076481333381938       0.0444711780359601      0.00553805933886838      0.00553805933886839      0.00295475329273473
                     0.12       0.0364154433613995       0.0364154433613981        0.350273082802442        0.261880940470235        0.261880940470235        0.261880940470235      0.00136282906199282      0.00766064802358709       0.0445215853419813       0.0055470912266692      0.00554709122666921       0.0029613911899085
                     0.12        0.036309999464644       0.0363099994646448        0.350177237218313        0.262131065532766        0.262131065532766        0.262131065532766      0.00136634780560935      0.00767318266959037       0.0445720419424218      0.00555613147641424      0.00555613147641423      0.00296804238834734
                     0.12       0.0362050914579983       0.0362050914579986         0.35008132119102        0.262381190595298        0.262381190595298        0.262381190595298      0.00136987273900724      0.00768573732334125       0.0446225479205741      0.00556518011308196      0.00556518011308196      0.00297470692244867
                     0.12       0.0361007153293641       0.0361007153293646        0.349985333340882        0.262631315657829        0.262631315657829        0.262631315657829      0.00137340386972835      0.00769831203181336        0.044673103358738      0.00557423716146033      0.00557423716146033      0.00298138482657991
                     0.12       0.0359968671079782       0.0359968671079801        0.349889272302486         0.26288144072036         0.26288144072036         0.26288144072036      0.00137694120533447      0.00771090684181934       0.0447237083382234      0.00558330264614962      0.00558330264614962      0.00298807613507935
                     0.12       0.0358935428638213       0.0358935428638226        0.349793136724473        0.263131565782891        0.263131565782891        0.263131565782891      0.00138048475340973      0.00772352180001384       0.0447743629393855      0.00559237659156537      0.00559237659156537      0.00299478088225695
                     0.12       0.0357907387071883       0.0357907387071892         0.34969692526935        0.263381690845423        0.263381690845423        0.263381690845423      0.00138403452155848      0.00773615695289587       0.0448250672416189      0.00560145902194089      0.00560145902194088      0.00300149910239497
                     0.12       0.0356884507880108       0.0356884507880104        0.349600636613266        0.263631815907954        0.263631815907954        0.263631815907954       0.0013875905174052      0.00774881234681211       0.0448758213233725      0.00561054996133033      0.00561054996133033      0.00300823082974891
                     0.12       0.0355866752954458       0.0355866752954455        0.349504269445833        0.263881940970485        0.263881940970485        0.263881940970485      0.00139115274859543      0.00776148802795919       0.0449266252621681       0.0056196494336111       0.0056196494336111      0.00301497609854806
                     0.12       0.0354854084573075       0.0354854084573079         0.34940782246992        0.264132066033016        0.264132066033016        0.264132066033016      0.00139472122279461      0.00777418404238651       0.0449774791346053      0.00562875746248663      0.00562875746248663      0.00302173494299629
                     0.12       0.0353846465395934       0.0353846465395935        0.349311294401471        0.264382191095548        0.264382191095548        0.264382191095548      0.00139829594768944      0.00778690043599879       0.0450283830163849      0.00563787407148885      0.00563787407148885      0.00302850739727274
                     0.12       0.0352843858459554        0.035284385845955        0.349214683969314        0.264632316158079        0.264632316158079        0.264632316158079      0.00140187693098642       0.0077996372545586       0.0450793369823084      0.00564699928398083      0.00564699928398083      0.00303529349553245
                     0.12       0.0351846227172321       0.0351846227172326         0.34911798991498         0.26488244122061         0.26488244122061         0.26488244122061      0.00140546418041202      0.00781239454368894       0.0451303411062926      0.00565613312315918      0.00565613312315918      0.00304209327190706
                     0.12       0.0350853535309495       0.0350853535309498        0.349021210992523        0.265132566283142        0.265132566283142        0.265132566283142      0.00140905770371284      0.00782517234887554        0.045181395461382       0.0056652756120566       0.0056652756120566      0.00304890676050538
                     0.12       0.0349865747008746       0.0349865747008746        0.348924345968344        0.265382691345673        0.265382691345673        0.265382691345673      0.00141265750865587      0.00783797071546941       0.0452325001197637      0.00567442677354416      0.00567442677354416      0.00305573399541409
                     0.12       0.0348882826765114       0.0348882826765106        0.348827393621015        0.265632816408204        0.265632816408204        0.265632816408204      0.00141626360302798      0.00785078968868916       0.0452836551527735      0.00568358663033378      0.00568358663033378      0.00306257501069827
                     0.12       0.0347904739426678       0.0347904739426689        0.348730352741115        0.265882941470735        0.265882941470735        0.265882941470735      0.00141987599463567      0.00786362931362322       0.0453348606309054      0.00569275520498048      0.00569275520498048      0.00306942984040203
                     0.12        0.034693145019007       0.0346931450190064        0.348633222131061        0.266133066533267        0.266133066533267        0.266133066533267      0.00142349469130499      0.00787648963523224       0.0453861166238225      0.00570193251988468      0.00570193251988468      0.00307629851854904
                     0.12       0.0345962924595773       0.0345962924595772        0.348536000604944        0.266383191595798        0.266383191595798        0.266383191595798      0.00142711970088213      0.00788937069835125       0.0454374232003722      0.00571111859729443      0.00571111859729443      0.00308318107914311
                     0.12       0.0344999128524099       0.0344999128524083        0.348438686988372        0.266633316658329        0.266633316658329        0.266633316658329      0.00143075103123262      0.00790227254769182       0.0454887804285896      0.00572031345930765      0.00572031345930765      0.00309007755616869
                     0.12       0.0344040028190435       0.0344040028190423        0.348341280118304         0.26688344172086         0.26688344172086         0.26688344172086      0.00143438869024148      0.00791519522784433       0.0455401883757112      0.00572951712787426      0.00572951712787427      0.00309698798359149
                     0.12        0.034308559014149        0.034308559014147        0.348243778842909        0.267133566783392        0.267133566783392        0.267133566783392       0.0014380326858134      0.00792813878327991       0.0455916471081845      0.00573872962479832      0.00573872962479833      0.00310391239535885
                     0.12       0.0342135781250668       0.0342135781250674        0.348146182021403        0.267383691845923        0.267383691845923        0.267383691845923       0.0014416830258722      0.00794110325835265       0.0456431566916742      0.00574795097174014      0.00574795097174014       0.0031108508254003
                     0.12       0.0341190568714394       0.0341190568714392        0.348048488523909        0.267633816908454        0.267633816908454        0.267633816908454      0.00144533971836073      0.00795408869730151       0.0456947171910716      0.00575718119021827      0.00575718119021828      0.00311780330762805
                     0.12       0.0340249920047729       0.0340249920047723        0.347950697231304        0.267883941970985        0.267883941970985        0.267883941970985      0.00144900277124196      0.00796709514425241       0.0457463286705133       0.0057664203016116      0.00576642030161161      0.00312476987593743
                     0.12       0.0339313803080457       0.0339313803080472         0.34785280703508        0.268134067033517        0.268134067033517        0.268134067033517      0.00145267219249711      0.00798012264322015       0.0457979911933748      0.00577566832716133      0.00577566832716133      0.00313175056420732
                     0.12       0.0338382185953422       0.0338382185953403        0.347754816837203        0.268384192096048        0.268384192096048        0.268384192096048      0.00145634799012675      0.00799317123811029        0.045849704822289      0.00578492528797285      0.00578492528797285      0.00313874540630061
                     0.12       0.0337455037114134       0.0337455037114131        0.347656725549977        0.268634317158579        0.268634317158579        0.268634317158579      0.00146003017215079      0.00800624097272106       0.0459014696191556      0.00579419120501779      0.00579419120501779      0.00314575443606461
                     0.12        0.033653232531364       0.0336532325313653        0.347558532095902        0.268884442221111        0.268884442221111        0.268884442221111      0.00146371874660711      0.00801933189074524       0.0459532856451381      0.00580346609913578      0.00580346609913578      0.00315277768733146
                     0.12       0.0335614019602303       0.0335614019602303        0.347460235407552        0.269134567283642        0.269134567283642        0.269134567283642      0.00146741372155347      0.00803244403577189       0.0460051529606892      0.00581274999103636      0.00581274999103636      0.00315981519391848
                     0.12       0.0334700089326213       0.0334700089326203        0.347361834427434        0.269384692346173        0.269384692346173        0.269384692346173      0.00147111510506591      0.00804557745128822       0.0460570716255456      0.00582204290130084      0.00582204290130084      0.00316686698962864
                     0.12       0.0333790504123548       0.0333790504123549        0.347263328107867        0.269634817408704        0.269634817408704        0.269634817408704      0.00147482290523945      0.00805873218068128       0.0461090416987425      0.00583134485038406      0.00583134485038406      0.00317393310825082
                     0.12       0.0332885233921256       0.0332885233921235        0.347164715410853        0.269884942471236        0.269884942471236        0.269884942471236      0.00147853713018727       0.0080719082672397       0.0461610632386152       0.0058406558586161       0.0058406558586161      0.00318101358356023
                     0.12       0.0331984248931078       0.0331984248931062        0.347065995307956        0.270135067533767        0.270135067533767        0.270135067533767      0.00148225778804128      0.00808510575415534       0.0462131363028117      0.00584997594620414      0.00584997594620414      0.00318810844931874
                     0.12       0.0331087519646544       0.0331087519646541        0.346967166780183        0.270385192596298        0.270385192596298        0.270385192596298      0.00148598488695276      0.00809832468452493       0.0462652609483062      0.00585930513323405      0.00585930513323405      0.00319521773927514
                     0.12       0.0330195016839221       0.0330195016839228        0.346868228817856        0.270635317658829        0.270635317658829        0.270635317658829      0.00148971843509067       0.0081115651013518       0.0463174372313934      0.00586864343967213      0.00586864343967213      0.00320234148716561
                     0.12       0.0329306711555474       0.0329306711555474        0.346769180420507        0.270885442721361        0.270885442721361        0.270885442721361      0.00149345844064204      0.00812482704754731       0.0463696652076988      0.00587799088536676      0.00587799088536676      0.00320947972671382
                     0.12       0.0328422575113182        0.032842257511317        0.346670020596758        0.271135567783892        0.271135567783892        0.271135567783892        0.001497204911813      0.00813811056593253       0.0464219449321949      0.00588734749004998      0.00588734749004998      0.00321663249163139
                     0.12       0.0327542579098448       0.0327542579098446        0.346570748364209        0.271385692846423        0.271385692846423        0.271385692846423      0.00150095785682755       0.0081514156992397        0.046474276459199      0.00589671327333915      0.00589671327333915      0.00322379981561807
                     0.12       0.0326666695362388        0.032666669536238        0.346471362749331        0.271635817908954        0.271635817908954        0.271635817908954      0.00150471728392783      0.00816474249011376       0.0465266598423821      0.00590608825473846      0.00590608825473846      0.00323098173236202
                     0.12       0.0325794896017886       0.0325794896017886        0.346371862787352        0.271885942971486        0.271885942971486        0.271885942971486       0.0015084832013746      0.00817809098111385       0.0465790951347804      0.00591547245364052      0.00591547245364052      0.00323817827554011
                     0.12       0.0324927153436599       0.0324927153436603        0.346272247522155        0.272136068034017        0.272136068034017        0.272136068034017        0.001512255617446       0.0081914612147147       0.0466315823887922      0.00592486588932787      0.00592486588932787      0.00324538947881812
                     0.12       0.0324063440245787       0.0324063440245779        0.346172516006174        0.272386193096548        0.272386193096548        0.272386193096548      0.00151603454043889      0.00820485323330811       0.0466841216561956      0.00593426858097445      0.00593426858097445        0.003252615375851
                     0.12       0.0323203729325287       0.0323203729325292        0.346072667300293         0.27263631815908         0.27263631815908         0.27263631815908      0.00151981997866723      0.00821826707920425       0.0467367129881419      0.00594368054764713      0.00594368054764713      0.00325985600028304
                     0.12       0.0322347993804672       0.0322347993804669        0.345972700473737        0.272886443221611        0.272886443221611        0.272886443221611      0.00152361194046454      0.00823170279463317        0.046789356435183      0.00595310180830707      0.00595310180830707      0.00326711138574815
                     0.12       0.0321496207060055       0.0321496207060057        0.345872614603991        0.273136568284142        0.273136568284142        0.273136568284142      0.00152741043418034      0.00824516042174597       0.0468420520472479      0.00596253238181124      0.00596253238181124      0.00327438156586999
                     0.12       0.0320648084708711       0.0320648084698803         0.34577240556762        0.273386693346673        0.273386693346673        0.273386693346673      0.00153121545275414      0.00825864007716484       0.0468948000397389      0.00597197234318877      0.00597197234319094      0.00328166660506676
                     0.12       0.0319804118591876       0.0319804118567535        0.345672079036796        0.273636818409205        0.273636818409205        0.273636818409205      0.00153502703628151      0.00827214165175785       0.0469476001249648      0.00598142159800515      0.00598142159801045      0.00328896647384567
                     0.12       0.0318964022575101       0.0318964022586708        0.345571630729188        0.273886943471736        0.273886943471736        0.273886943471736      0.00153884517680488      0.00828566526421878       0.0470004525218251      0.00599088022168271      0.00599088022168019      0.00329628123822775
                     0.12       0.0318127771251275       0.0318127771228266        0.345471059771379        0.274137068534267        0.274137068534267        0.274137068534267      0.00154266988284012      0.00829921095618346       0.0470533572774715      0.00600034823261886      0.00600034823262385      0.00330361093163372
                     0.12       0.0317295339189982       0.0317295339214239        0.345370365275349        0.274387193596798        0.274387193596798        0.274387193596798      0.00154650116279516      0.00831277876947251       0.0471063144389658      0.00600982564916938      0.00600982564916413      0.00331095558769017
                     0.12       0.0316466701195842       0.0316466701217003        0.345269546363351         0.27463731865933         0.27463731865933         0.27463731865933      0.00155033902511141      0.00832636874582924       0.0471593240527996      0.00601931248959279      0.00601931248958822      0.00331831523998984
                     0.12       0.0315641832382344       0.0315641832365222        0.345168602184153        0.274887443721861        0.274887443721861        0.274887443721861      0.00155418347852009      0.00833998092670069       0.0472123861658557      0.00602880877203514      0.00602880877203883      0.00332568992193312
                     0.12       0.0314820707671031       0.0314820707690244        0.345067531859749        0.275137568784392        0.275137568784392        0.275137568784392      0.00155803453107893      0.00835361535388858       0.0472655008211014      0.00603831451463867      0.00603831451463453      0.00333307966724361
                     0.12       0.0314003302830757       0.0314003302828265        0.344966334544173        0.275387693846923        0.275387693846923        0.275387693846923      0.00156189219149809      0.00836727206878565       0.0473186680644401      0.00604782973531837       0.0060478297353189      0.00334048450939779
                     0.12       0.0313189593495696       0.0313189593463337        0.344865009389915        0.275637818909455        0.275637818909455        0.275637818909455      0.00156575646828958       0.0083809511128539       0.0473718879401027      0.00605735445197447      0.00605735445198141      0.00334790448194969
                     0.12       0.0312379555385807       0.0312379555385891        0.344763555564743        0.275887943971986        0.275887943971986        0.275887943971986       0.0015696273700304      0.00839465252742295       0.0474251604916749      0.00606688868244524      0.00606688868244522      0.00335533961836666
                     0.12       0.0311573164796576       0.0311573164787274        0.344661972231922        0.276138069034517        0.276138069034517        0.276138069034517      0.00157350490524495      0.00840837635384035       0.0474784857623126      0.00607643244440269      0.00607643244440468      0.00336278995222157
                     0.12       0.0310770398262455       0.0310770398203486        0.344560258571349        0.276388194097049        0.276388194097049        0.276388194097049       0.0015773890825284      0.00842212263327607       0.0475318637944223      0.00608598575542575      0.00608598575543832       0.0033702555169859
                     0.12        0.030997123197795       0.0309971231953269        0.344458413760967         0.27663831915958         0.27663831915958         0.27663831915958      0.00158127991044685       0.0084358914070097       0.0475852946302437      0.00609554863312413      0.00609554863312938      0.00337773634621083
                     0.12       0.0309175642724947       0.0309175642724217        0.344356437004524        0.276888444222111        0.276888444222111        0.276888444222111      0.00158517739768622      0.00844968271601565       0.0476387783110065      0.00610512109494088      0.00610512109494104      0.00338523247325412
                     0.12       0.0308383607671579       0.0308383607684429        0.344254327488942        0.277138569284642        0.277138569284642        0.277138569284642      0.00158908155281546      0.00846349660142628       0.0476923148778073      0.00611470315819638      0.00611470315819365      0.00339274393169811
                     0.12       0.0307595103845956       0.0307595103881696        0.344152084426469        0.277388694347174        0.277388694347174        0.277388694347174      0.00159299238452645      0.00847733310416801       0.0477459043709795      0.00612429484020066       0.0061242948401931      0.00340027075493478
                     0.12       0.0306810108598322       0.0306810108619547        0.344049707014766        0.277638819409705        0.277638819409705        0.277638819409705      0.00159690990140726      0.00849119226532343       0.0477995468307253      0.00613389615815576      0.00613389615815127      0.00340781297655834
                     0.12       0.0306028599474657       0.0306028599481347        0.343947194485719        0.277888944472236        0.277888944472236        0.277888944472236       0.0016008341122179      0.00850507412561641       0.0478532422961867      0.00614350712918311       0.0061435071291817      0.00341537062988276
                     0.12       0.0305250554317944       0.0305250554278099        0.343844546056483        0.278139069534767        0.278139069534767        0.278139069534767      0.00160476502561471      0.00851897872593244       0.0479069908063919      0.00615312777030285      0.00615312777031124      0.00342294374842455
                     0.12       0.0304475950939641       0.0304475950967714        0.343741760958606        0.278389194597299        0.278389194597299        0.278389194597299      0.00160870265031536      0.00853290610703826       0.0479607923997591       0.0061627580985036      0.00616275809849771       0.0034305323656145
                     0.12       0.0303704767639365       0.0303704767617302        0.343638838422814         0.27863931965983         0.27863931965983         0.27863931965983       0.0016126469950131      0.00854685630970741       0.0480146471143155       0.0061723981306336      0.00617239813063822      0.00343813651494775
                     0.12        0.030293698257659       0.0302936982585974        0.343535777713622        0.278889444722361        0.278889444722361        0.278889444722361      0.00161659806857177      0.00856082937438335       0.0480685549870987      0.00618204788353331      0.00618204788353134       0.0034457562296386
                     0.12       0.0302172574498109       0.0302172574484671        0.343432578064078        0.279139569784892        0.279139569784892        0.279139569784892      0.00162055587965898      0.00857482534182612       0.0481225160553148      0.00619170737388339       0.0061917073738862       0.0034533915432695
                     0.12       0.0301411521804581       0.0301411521818749        0.343329238731483        0.279389694847424        0.279389694847424        0.279389694847424      0.00162452043706165      0.00858884425261418       0.0481765303554772      0.00620137661840063      0.00620137661839767      0.00346104248923593
                     0.12       0.0300653803573402       0.0300653803612288        0.343225758982661        0.279639819909955        0.279639819909955        0.279639819909955      0.00162849174959942      0.00860288614717518       0.0482305979234039      0.00621105563362453      0.00621105563361644      0.00346870910089195
                     0.12       0.0299899398834445       0.0299899398866177         0.34312213808312        0.279889944972486        0.279889944972486        0.279889944972486      0.00163246982606784      0.00861695106599974       0.0482847187946581      0.00622074443606927      0.00622074443606268      0.00347639141165805
                     0.12       0.0299148286903639       0.0299148286905493        0.343018375310761        0.280140070035018        0.280140070035018        0.280140070035018      0.00163645467531348      0.00863103904944171       0.0483388930041607      0.00623044304215458       0.0062304430421542       0.0034840894548833
                     0.12       0.0298400447107643       0.0298400447141752        0.342914469946624        0.280390195097549        0.280390195097549        0.280390195097549      0.00164044630618316      0.00864515013785682       0.0483931205864585      0.00624015146826346       0.0062401514682564      0.00349180326393738
                     0.12       0.0297655858939929       0.0297655858915949         0.34281042128319         0.28064032016008         0.28064032016008         0.28064032016008      0.00164444472757228      0.00865928437151335       0.0484474015755784      0.00624986973071009      0.00624986973071505      0.00349953287212638
                     0.12       0.0296914502371523       0.0296914502381203        0.342706228605987        0.280890445222611        0.280890445222611        0.280890445222611       0.0016484499483177      0.00867344179069806       0.0485017360051624      0.00625959784567622      0.00625959784567423      0.00350727831287776
                     0.12       0.0296176357263752       0.0296176357289692        0.342601891214527        0.281140570285143        0.281140570285143        0.281140570285143      0.00165246197731926      0.00868762243562931       0.0485561239083778      0.00626933582933312      0.00626933582932777      0.00351503961952867
                     0.12       0.0295441403684643       0.0295441403696828        0.342497408411088        0.281390695347674        0.281390695347674        0.281390695347674      0.00165648082347664      0.00870182634649906       0.0486105653179721       0.0062790836977765      0.00627908369777399      0.00352281682543845
                     0.12       0.0294709622046263       0.0294709622058067         0.34239277951846        0.281640820410205        0.281640820410205        0.281640820410205        0.001660506495786      0.00871605356326388       0.0486650602658723       0.0062888414669989      0.00628884146699647      0.00353060996380792
                     0.12       0.0293980992487823        0.029398099250837        0.342288003833568        0.281890945472736        0.281890945472736        0.281890945472736      0.00166453900308689      0.00873030412624636       0.0487196087843392      0.00629860915301677      0.00629860915301256      0.00353841906814972
                     0.12        0.029325549602924       0.0293255496064937        0.342183080700642        0.282141070535268        0.282141070535268        0.282141070535268      0.00166857835446242      0.00874457807516692       0.0487742109041141      0.00630838677163431      0.00630838677162702      0.00354624417154395
                     0.12       0.0292533113160635       0.0292533113125636        0.342078009432067        0.282391195597799        0.282391195597799        0.282391195597799      0.00167262455880689      0.00875887545021876       0.0488288666564828       0.0063181743387331      0.00631817433874024      0.00355408530744284
                     0.12       0.0291813824962756       0.0291813824996908        0.341972789371866         0.28264132066033         0.28264132066033         0.28264132066033      0.00167667762517336      0.00877319629118133       0.0488835760715781      0.00632797187004296        0.006327971870036      0.00356194250902346
                     0.12       0.0291097612430518       0.0291097612441001        0.341867419853839        0.282891445722861        0.282891445722861        0.282891445722861      0.00168073756254522      0.00878754063803408       0.0489383391795641      0.00633777938128081      0.00633777938127868      0.00356981580961414
                     0.12       0.0290384456886058       0.0290384456874546        0.341761900219292        0.283141570785393        0.283141570785393        0.283141570785393      0.00168480437993166      0.00880190853064203       0.0489931560088749      0.00634759688806675      0.00634759688806909      0.00357770524251305
                     0.12       0.0289674339666824       0.0289674339695122        0.341656229815774        0.283391695847924        0.283391695847924        0.283391695847924      0.00168887808636343      0.00881630000884459       0.0490480265909796      0.00635742440598802      0.00635742440598229      0.00358561084100044
                     0.12       0.0288967242309035       0.0288967242310456        0.341550408010592        0.283641820910455        0.283641820910455        0.283641820910455        0.001692958690966      0.00883071511229318       0.0491029509532041      0.00636726195056203      0.00636726195056175      0.00359353263819865
                     0.12       0.0288263146712545       0.0288263146756874        0.341444434153207        0.283891945972986        0.283891945972986        0.283891945972986      0.00169704620275143      0.00884515388079721       0.0491579291239352       0.0063771095372036      0.00637710953719464      0.00360147066745842
                     0.12       0.0287562229128424       0.0287562229128418        0.341338305440193        0.284142071035518        0.284142071035518        0.284142071035518      0.00170114061832503      0.00885961634789467       0.0492129611080545       0.0063869671421254       0.0063869671421254      0.00360942498444074
                     0.12        0.028686408126715        0.028686408126715        0.341232025490274        0.284392196098049        0.284392196098049        0.284392196098049      0.00170524197131225       0.0088741025667935       0.0492680469814947      0.00639683485940078      0.00639683485940078      0.00361739557847299
                     0.12       0.0286168881079564       0.0286168881079564         0.34112559160769         0.28464232116058         0.28464232116058         0.28464232116058      0.00170935025883619       0.0088886125696574       0.0493231867456065      0.00640671266477337      0.00640671266477337      0.00362538250415319
                     0.12       0.0285476610871679       0.0285476610871676        0.341019003174317        0.284892446223112        0.284892446223112        0.284892446223112      0.00171346549003613      0.00890314639605716       0.0493783804269529       0.0064166005734634       0.0064166005734634      0.00363338579467167
                     0.12       0.0284787253094196       0.0284787253094192        0.340912259577217        0.285142571285643        0.285142571285643        0.285142571285643       0.0017175876740676      0.00891770408552578       0.0494336280516827      0.00642649860063467      0.00642649860063467      0.00364140548320716
                     0.12       0.0284100790340939       0.0284100790340944        0.340805360208592        0.285392696348174        0.285392696348174        0.285392696348174       0.0017217168201016      0.00893228567755915       0.0494889296455276      0.00643640676139525      0.00643640676139525      0.00364944160292665
                     0.12       0.0283417205347542        0.028341720534754        0.340698304465754        0.285642821410705        0.285642821410705        0.285642821410705      0.00172585293732538      0.00894689121161639       0.0495442852338111      0.00644632507079814      0.00644632507079814      0.00365749418698507
                     0.12       0.0282736480989782       0.0282736480989786        0.340591091751085        0.285892946473237        0.285892946473237        0.285892946473237      0.00172999603494181      0.00896152072712036       0.0495996948414455      0.00645625354384191      0.00645625354384191      0.00366556326852512
                     0.12       0.0282058600282245       0.0282058600282245        0.340483721472004        0.286143071535768        0.286143071535768        0.286143071535768      0.00173414612216995      0.00897617426345812       0.0496551584929395      0.00646619219547141      0.00646619219547141      0.00367364888067699
                     0.12       0.0281383546376903       0.0281383546376903         0.34037619304093        0.286393196598299        0.286393196598299        0.286393196598299       0.0017383032082438      0.00899085185998136       0.0497106762123899      0.00647614104057832      0.00647614104057832      0.00368175105655814
                     0.12       0.0280711302561658       0.0280711302561662         0.34026850587525         0.28664332166083         0.28664332166083         0.28664332166083      0.00174246730241328      0.00900555355600682       0.0497662480234927      0.00648610009400186      0.00648610009400185      0.00368986982927299
                     0.12       0.0280041852258943       0.0280041852258941        0.340160659397284        0.286893446723362        0.286893446723362        0.286893446723362       0.0017466384139449      0.00902027939081675       0.0498218739495506      0.00649606937052934      0.00649606937052934      0.00369800523191272
                     0.12       0.0279375179024409       0.0279375179024396        0.340052653034254        0.287143571785893        0.287143571785893        0.287143571785893       0.0017508165521198      0.00903502940365922       0.0498775540134593      0.00650604888489686      0.00650604888489686      0.00370615729755495
                     0.12       0.0278711266545513       0.0278711266545512        0.339944486218252        0.287393696848424        0.287393696848424        0.287393696848424      0.00175500172623477      0.00904980363374867       0.0499332882377181      0.00651603865178982      0.00651603865178982      0.00371432605926351
                     0.12       0.0278050098640214       0.0278050098640209        0.339836158386208        0.287643821910955        0.287643821910955        0.287643821910955      0.00175919394560311      0.00906460212026613       0.0499890766444393      0.00652603868584359       0.0065260386858436      0.00372251155008807
                     0.12       0.0277391659167229       0.0277391659167223         0.33972766897899        0.287893946973487        0.287893946973487        0.287893946973487      0.00176339321955297      0.00907942490237786       0.0500449192553825      0.00653604900166142      0.00653604900166142      0.00373071380307321
                     0.12       0.0276735932379072       0.0276735932379064        0.339619017444869        0.288144072036018        0.288144072036018        0.288144072036018      0.00176759955742798      0.00909427201916296       0.0501008160917784      0.00654606961374539       0.0065460696137454      0.00373893285122095
                     0.12       0.0276082902388192       0.0276082902388184        0.339510203234229        0.288394197098549        0.288394197098549        0.288394197098549      0.00177181296858726      0.00910914350972302       0.0501567671746075      0.00655610053660172      0.00655610053660173      0.00374716872754627
                     0.12       0.0275432553521383       0.0275432553521381        0.339401225803061        0.288644322161081        0.288644322161081        0.288644322161081      0.00177603346240653      0.00912403941310948       0.0502127725244256      0.00656614178467133      0.00656614178467133      0.00375542146503945
                     0.12       0.0274784870229499       0.0274784870229506        0.339292084612048        0.288894447223612        0.288894447223612        0.288894447223612      0.00178026104827548       0.0091389597683422       0.0502688321613919      0.00657619337234793      0.00657619337234793      0.00376369109667519
                     0.12       0.0274139837086172       0.0274139837086172        0.339182779126539        0.289144572286143        0.289144572286143        0.289144572286143      0.00178449573560016      0.00915390461440986       0.0503249461052896      0.00658625531397858      0.00658625531397858      0.00377197765541224
                     0.12       0.0273497438786591       0.0273497438786591        0.339073308816525        0.289394697348674        0.289394697348674        0.289394697348674      0.00178873753380149       0.0091688739902702       0.0503811143755161      0.00659632762386425      0.00659632762386425      0.00378028117419303
                     0.12       0.0272857660228024       0.0272857660228029          0.3389636731574        0.289644822411206        0.289644822411206        0.289644822411206       0.0017929864523161      0.00918386793483383       0.0504373369910507      0.00660641031624443      0.00660641031624443      0.00378860168593495
                     0.12        0.027222048618041       0.0272220486180405        0.338853871626764        0.289894947473737        0.289894947473737        0.289894947473737      0.00179724250059583      0.00919888648703105       0.0504936139706176      0.00661650340536145      0.00661650340536145      0.00379693922356398
                     0.12       0.0271585901779278        0.027158590177928        0.338743903709178        0.290145072536268        0.290145072536268        0.290145072536268      0.00180150568810788      0.00921392968571193       0.0505499453324403      0.00662660690536497      0.00662660690536497       0.0038052938199631
                     0.12       0.0270953892194034       0.0270953892194037        0.338633768892946        0.290395197598799        0.290395197598799        0.290395197598799      0.00180577602433497      0.00922899756971361       0.0506063310944105      0.00663672083037678      0.00663672083037677      0.00381366550800622
                     0.12       0.0270324442709765       0.0270324442709757        0.338523466670883        0.290645322661331        0.290645322661331        0.290645322661331      0.00181005351877462      0.00924409017784381       0.0506627712740431      0.00664684519447509      0.00664684519447509      0.00382205432054926
                     0.12        0.026969753872596       0.0269697538725955        0.338412996540303        0.290895447723862        0.290895447723862        0.290895447723862      0.00181433818094003      0.00925920754888106       0.0507192658884851      0.00665698001169515      0.00665698001169515       0.0038304602904297
                     0.12       0.0269073165755585       0.0269073165755587        0.338302358002995        0.291145572786393        0.291145572786393        0.291145572786393       0.0018186300203593      0.00927434972157496       0.0507758149545104      0.00666712529602966      0.00666712529602966      0.00383888345046628
                     0.12       0.0268451309423757       0.0268451309423757        0.338191550565193        0.291395697848924        0.291395697848924        0.291395697848924      0.00182292904657584      0.00928951673464642       0.0508324184885252      0.00667728106142928      0.00667728106142928      0.00384732383345861
                     0.12       0.0267831955466782        0.026783195546678        0.338080573737565        0.291645822911456        0.291645822911456        0.291645822911456      0.00182723526914876      0.00930470862678795        0.050889076506573      0.00668744732180309      0.00668744732180309      0.00385578147218676
                     0.12       0.0267215089731065       0.0267215089731063        0.337969427035189        0.291895947973987        0.291895947973987        0.291895947973987       0.0018315486976515      0.00931992543666375       0.0509457890243247      0.00669762409101909      0.00669762409101909      0.00386425639941086
                     0.12       0.0266600698171923       0.0266600698171926        0.337858109977532        0.292146073036518        0.292146073036518        0.292146073036518      0.00183586934167291      0.00933516720291012       0.0510025560570891      0.00670781138290466      0.00670781138290466      0.00387274864787071
                     0.12       0.0265988766852648       0.0265988766852646        0.337746622088431        0.292396198099049        0.292396198099049        0.292396198099049      0.00184019721081746      0.00935043396413551       0.0510593776198167        0.006718009211247        0.006718009211247      0.00388125825028542
                     0.12       0.0265379281943425       0.0265379281943425        0.337634962896075        0.292646323161581        0.292646323161581        0.292646323161581      0.00184453231470319      0.00936572575892085       0.0511162537270835      0.00672821758979358      0.00672821758979358      0.00388978523935294
                     0.12       0.0264772229720205       0.0264772229720204        0.337523131932985        0.292896448224112        0.292896448224112        0.292896448224112       0.0018488746629651      0.00938104262581964       0.0511731843931212      0.00673843653225263      0.00673843653225263      0.00389832964774967
                     0.12        0.026416759656387        0.026416759656387        0.337411128735998        0.293146573286643        0.293146573286643        0.293146573286643       0.0018532242652519       0.0093963846033582       0.0512301696317915      0.00674866605229353      0.00674866605229353      0.00390689150813002
                     0.12       0.0263565368958961       0.0263565368958958         0.33729895284625        0.293396698349175        0.293396698349175        0.293396698349175      0.00185758113122806      0.00941175173003586       0.0512872094566047      0.00675890616354729      0.00675890616354729      0.00391547085312601
                     0.12       0.0262965533492962       0.0262965533492964        0.337186603809153        0.293646823411706        0.293646823411706        0.293646823411706      0.00186194527057215      0.00942714404432511       0.0513443038807074      0.00676915687960692      0.00676915687960692      0.00392406771534684
                     0.12       0.0262368076855062       0.0262368076855065        0.337074081174389        0.293896948474237        0.293896948474237        0.293896948474237      0.00186631669297838      0.00944256158467174       0.0514014529168964      0.00677941821402794      0.00677941821402794      0.00393268212737839
                     0.12       0.0261772985835365        0.026177298583537        0.336961384495886        0.294147073536768        0.294147073536768        0.294147073536768      0.00187069540815572      0.00945800438949503       0.0514586565776128      0.00678969018032871      0.00678969018032871      0.00394131412178283
                     0.12       0.0261180247323807        0.026118024732381        0.336848513331805          0.2943971985993          0.2943971985993          0.2943971985993      0.00187508142582801      0.00947347249718795       0.0515159148749453       0.0067999727919909       0.0067999727919909      0.00394996373109818
                     0.12       0.0260589848309255       0.0260589848309253        0.336735467244527        0.294647323661831        0.294647323661831        0.294647323661831      0.00187947475573393      0.00948896594611719       0.0515732278206293      0.00681026606245987      0.00681026606245987      0.00395863098783779
                     0.12       0.0260001775878545       0.0260001775878548        0.336622245800632        0.294897448724362        0.294897448724362        0.294897448724362      0.00188387540762738      0.00950448477462339       0.0516305954260534      0.00682057000514508      0.00682057000514508      0.00396731592448994
                     0.12       0.0259416017215582       0.0259416017215579        0.336508848570896        0.295147573786893        0.295147573786893        0.295147573786893       0.0018882833912762      0.00952002902102124       0.0516880177022486      0.00683088463342051      0.00683088463342051      0.00397601857351732
                     0.12       0.0258832559600311       0.0258832559600314        0.336395275130264        0.295397698849425        0.295397698849425        0.295397698849425      0.00189269871646397      0.00953559872359958       0.0517454946599055      0.00684120996062502      0.00684120996062502      0.00398473896735661
                     0.12       0.0258251390408003       0.0258251390407995        0.336281525057851        0.295647823911956        0.295647823911956        0.295647823911956      0.00189712139298805      0.00955119392062155       0.0518030263093587      0.00685154600006272      0.00685154600006272      0.00399347713841794
                     0.12       0.0257672497108132       0.0257672497108132        0.336167597936916        0.295897948974487        0.295897948974487        0.295897948974487        0.001901551430662       0.0095668146503247       0.0518606126606079      0.00686189276500341      0.00686189276500341      0.00400223311908445
                     0.12       0.0257095867263677       0.0257095867263676        0.336053493354859        0.296148074037018        0.296148074037018        0.296148074037018      0.00190598883931258      0.00958246095092103       0.0519182537232953      0.00687225026868293      0.00687225026868293      0.00401100694171177
                     0.12       0.0256521488530122       0.0256521488530117        0.335939210903205         0.29639819909955         0.29639819909955         0.29639819909955      0.00191043362878221      0.00959813286059716       0.0519759495067256      0.00688261852430348      0.00688261852430348      0.00401979863862755
                     0.12       0.0255949348654613       0.0255949348654612        0.335824750177592        0.296648324162081        0.296648324162081        0.296648324162081      0.00191488580892734      0.00961383041751442       0.0520337000198553      0.00689299754503409      0.00689299754503409      0.00402860824213096
                     0.12        0.025537943547512       0.0255379435475123        0.335710110777764        0.296898449224612        0.296898449224612        0.296898449224612      0.00191934538962006      0.00962955365980883       0.0520915052713057      0.00690338734401089      0.00690338734401089       0.0040374357844921
                     0.12       0.0254811736919605       0.0254811736919603        0.335595292307556        0.297148574287144        0.297148574287144        0.297148574287144      0.00192381238074564       0.0096453026255913       0.0521493652693446      0.00691378793433751      0.00691378793433751      0.00404628129795161
                     0.12       0.0254246241005097       0.0254246241005098        0.335480294374885        0.297398699349675        0.297398699349675        0.297398699349675      0.00192828679220536      0.00966107735294762       0.0522072800219105      0.00692419932908544      0.00692419932908544      0.00405514481472008
                     0.12       0.0253682935836948       0.0253682935836948        0.335365116591742        0.297648824412206        0.297648824412206        0.297648824412206      0.00193276863391456      0.00967687787993857       0.0522652495365977      0.00693462154129434      0.00693462154129434      0.00406402636697752
                     0.12       0.0253121809607975       0.0253121809607978        0.335249758574179        0.297898949474737        0.297898949474737        0.297898949474737       0.0019372579158028      0.00969270424459993       0.0523232738206581      0.00694505458397244      0.00694505458397244      0.00407292598687286
                     0.12       0.0252562850597688       0.0252562850597686        0.335134219942304        0.298149074537269        0.298149074537269        0.298149074537269      0.00194175464781428      0.00970855648494257       0.0523813528810066      0.00695549847009682      0.00695549847009682      0.00408184370652341
                     0.12       0.0252006047171394       0.0252006047171398        0.335018500320269          0.2983991995998          0.2983991995998          0.2983991995998      0.00194625883990851      0.00972443463895246       0.0524394867242269      0.00696595321261378      0.00696595321261378      0.00409077955801429
                     0.12       0.0251451387779519       0.0251451387779509        0.334902599336263        0.298649324662331        0.298649324662331        0.298649324662331      0.00195077050205851      0.00974033874459075       0.0524976753565582      0.00697641882443917      0.00697641882443917      0.00409973357339794
                     0.12       0.0250898860956708       0.0250898860956707        0.334786516622506        0.298899449724862        0.298899449724862        0.298899449724862      0.00195528964425192      0.00975626883979375       0.0525559187839049      0.00698689531845873      0.00698689531845873      0.00410870578469348
                     0.12       0.0250348455321193       0.0250348455321186        0.334670251815237        0.299149574787394        0.299149574787394        0.299149574787394      0.00195981627649141      0.00977222496247299       0.0526142170118412      0.00699738270752836      0.00699738270752836      0.00411769622388624
                     0.12       0.0249800159573866       0.0249800159573864        0.334553804554707        0.299399699849925        0.299399699849925        0.299399699849925      0.00196435040879314      0.00978820715051527       0.0526725700455992      0.00700788100447449      0.00700788100447449       0.0041267049229272
                     0.12       0.0249253962497623       0.0249253962497618         0.33443717448518        0.299649824912456        0.299649824912456        0.299649824912456       0.0019688920511889      0.00980421544178257       0.0527309778900877      0.00701839022209439      0.00701839022209439      0.00413573191373231
                     0.12       0.0248709852956599         0.02487098529566        0.334320361254914        0.299899949974987        0.299899949974987        0.299899949974987      0.00197344121372391      0.00982024987411218       0.0527894405498747      0.00702891037315644      0.00702891037315644      0.00414477722818207
                     0.12       0.0248167819895435       0.0248167819895431        0.334203364516168        0.300150075037519        0.300150075037519        0.300150075037519      0.00197799790645803      0.00983631048531663       0.0528479580291988      0.00703944147040048      0.00703944147040049      0.00415384089812084
                     0.12       0.0247627852338459       0.0247627852338453        0.334086183925182         0.30040020010005         0.30040020010005         0.30040020010005      0.00198256213946495      0.00985239731318373       0.0529065303319623      0.00704998352653812      0.00704998352653812      0.00416292295535631
                     0.12       0.0247089939389068        0.024708993938908        0.333968819142185        0.300650325162581        0.300650325162581        0.300650325162581      0.00198713392283369      0.00986851039547648       0.0529651574617459      0.00706053655425298      0.00706053655425298      0.00417202343165889
                     0.12       0.0246554070228993       0.0246554070228995        0.333851269831381        0.300900450225113        0.300900450225113        0.300900450225113      0.00199171326666682      0.00988464976993318       0.0530238394217939      0.00707110056620105      0.00707110056620105      0.00418114235876113
                     0.12       0.0246020234117519       0.0246020234117526        0.333733535660947        0.301150575287644        0.301150575287644        0.301150575287644      0.00199630018108148       0.0099008154742673       0.0530825762150235      0.00708167557501094      0.00708167557501094      0.00419027976835712
                     0.12       0.0245488420390842       0.0245488420390838        0.333615616303026        0.301400700350175        0.301400700350175        0.301400700350175      0.00200089467620856      0.00991700754616755       0.0531413678440197       0.0070922615932842       0.0070922615932842      0.00419943569210191
                     0.12         0.02449586184614       0.0244958618461391        0.333497511433729        0.301650825412706        0.301650825412706        0.301650825412706      0.00200549676219386      0.00993322602329772       0.0532002143110439      0.00710285863359556      0.00710285863359556      0.00420861016161081
                     0.12       0.0244430817817095       0.0244430817817092        0.333379220733123        0.301900950475238        0.301900950475238        0.301900950475238      0.00201010644919661      0.00994947094329684       0.0532591156180253      0.00711346670849328      0.00711346670849328      0.00421780320845893
                     0.12       0.0243905008020697       0.0243905008020692        0.333260743885233        0.302151075537769        0.302151075537769        0.302151075537769       0.0020147237473913      0.00996574234377893       0.0533180717665738      0.00712408583049934      0.00712408583049934      0.00422701486418042
                     0.12       0.0243381178709143       0.0243381178709144        0.333142080578036          0.3024012006003          0.3024012006003          0.3024012006003      0.00201934866696486      0.00998204026233308       0.0533770827579596       0.0071347160121098       0.0071347160121098      0.00423624516026793
                     0.12       0.0242859319592872       0.0242859319592878        0.333023230503457        0.302651325662831        0.302651325662831        0.302651325662831      0.00202398121812019      0.00999836473652344       0.0534361485931421      0.00714535726579502      0.00714535726579501      0.00424549412817195
                     0.12       0.0242339420455186       0.0242339420455183         0.33290419335737        0.302901450725363        0.302901450725363        0.302901450725363       0.0020286214110729        0.010014715803889        0.053495269272744      0.00715600960399992      0.00715600960399992      0.00425476179930019
                     0.12       0.0241821471151574       0.0241821471151568        0.332784968839595        0.303151575787894        0.303151575787894        0.303151575787894      0.00203326925605334       0.0100310935019436       0.0535544447970691      0.00716667303914429      0.00716667303914429      0.00426404820501693
                     0.12       0.0241305461609026        0.024130546160903        0.332665556653888        0.303401700850425        0.303401700850425        0.303401700850425      0.00203792476330584       0.0100474978681761       0.0536136751660964      0.00717734758362302      0.00717734758362302       0.0042733533766424
                     0.12       0.0240791381825568       0.0240791381825569        0.332545956507949        0.303651825912956        0.303651825912956        0.303651825912956       0.0020425879430887       0.0100639289400499       0.0536729603794807      0.00718803324980634      0.00718803324980634      0.00428267734545212
                     0.12       0.0240279221869397       0.0240279221869403        0.332426168113416        0.303901950975488        0.303901950975488        0.303901950975488       0.0020472588056742       0.0100803867550031       0.0537323004365537      0.00719873005004014      0.00719873005004013      0.00429202014267624
                     0.12       0.0239768971878473       0.0239768971878472        0.332306191185864        0.304152076038019        0.304152076038019        0.304152076038019       0.0020519373613487       0.0100968713504485       0.0537916953363254      0.00720943799664613      0.00720943799664613      0.00430138179949888
                     0.12       0.0239260622059715       0.0239260622059722        0.332186025444801         0.30440220110055         0.30440220110055         0.30440220110055      0.00205662362041202       0.0101133827637733       0.0538511450774796      0.00722015710192218      0.00722015710192218      0.00431076234705753
                     0.12       0.0238754162688591       0.0238754162688591        0.332065670613672        0.304652326163082        0.304652326163082        0.304652326163082      0.00206131759317857        0.010129921032339        0.053910649658384      0.00723088737814249      0.00723088737814249       0.0043201618164423
                     0.12       0.0238249584108308       0.0238249584108305        0.331945126419855        0.304902451225613        0.304902451225613        0.304902451225613      0.00206601928997643       0.0101464861934819       0.0539702090770833       0.0072416288375579       0.0072416288375579       0.0043295802386953
                     0.12       0.0237746876729382       0.0237746876729384        0.331824392594664        0.305152576288144        0.305152576288144        0.305152576288144       0.0020707287211474       0.0101630782845119       0.0540298233313003      0.00725238149239607      0.00725238149239607      0.00433901764480994
                     0.12       0.0237246031028974       0.0237246031028972        0.331703468873341        0.305402701350675        0.305402701350675        0.305402701350675      0.00207544589704738       0.0101796973427135       0.0540894924184397      0.00726314535486173      0.00726314535486173      0.00434847406573029
                     0.12       0.0236747037550296       0.0236747037550303        0.331582354995068        0.305652826413207        0.305652826413207        0.305652826413207      0.00208017082804568        0.010196343405345       0.0541492163355826      0.00727392043713697      0.00727392043713697      0.00435794953235034
                     0.12       0.0236249886902084       0.0236249886902087        0.331461050702955        0.305902951475738        0.305902951475738        0.305902951475738      0.00208490352452615       0.0102130165096387       0.0542089950794974       0.0072847067513814      0.00728470675138139      0.00436744407551339
                     0.12       0.0235754569757942       0.0235754569757943         0.33133955574405        0.306153076538269        0.306153076538269        0.306153076538269      0.00208964399688548       0.0102297166928006       0.0542688286466259       0.0072955043097324       0.0072955043097324      0.00437695772601126
                     0.12       0.0235261076855915       0.0235261076855919        0.331217869869334          0.3064032016008          0.3064032016008          0.3064032016008      0.00209439225553526       0.0102464439920105       0.0543287170331006      0.00730631312430536      0.00730631312430536      0.00438649051458369
                     0.12       0.0234769398997772       0.0234769398997774        0.331095992833725        0.306653326663332        0.306653326663332        0.306653326663332      0.00209914831089927       0.0102631984444217       0.0543886602347235       0.0073171332071939       0.0073171332071939      0.00439604247191758
                     0.12       0.0234279527048574       0.0234279527048573        0.330973924396078        0.306903451725863        0.306903451725863        0.306903451725863      0.00210391217341706       0.0102799800871609        0.054448658246996      0.00732796457047009      0.00732796457047009      0.00440561362864628
                     0.12       0.0233791451936035       0.0233791451936032        0.330851664319186        0.307153576788394        0.307153576788394        0.307153576788394      0.00210868385354006       0.0102967889573282       0.0545087110650877      0.00733880722618464      0.00733880722618464      0.00441520401534892
                     0.12       0.0233305164650086       0.0233305164650083        0.330729212369783        0.307403701850925        0.307403701850925        0.307403701850925      0.00211346336173414       0.0103136250919967       0.0545688186838577      0.00734966118636716      0.00734966118636716      0.00442481366254968
                     0.12       0.0232820656242211       0.0232820656242207        0.330606568318545        0.307653826913457        0.307653826913457        0.307653826913457      0.00211825070847869       0.0103304885282126       0.0546289810978479      0.00736052646302634      0.00736052646302634      0.00443444260071707
                     0.12       0.0232337917825037       0.0232337917825038        0.330483731940092        0.307903951975988        0.307903951975988        0.307903951975988      0.00212304590426698       0.0103473793029951       0.0546891983012865      0.00737140306815016      0.00737140306815016      0.00444409086026318
                     0.12       0.0231856940571719       0.0231856940571719        0.330360703012989        0.308154077038519        0.308154077038519        0.308154077038519       0.0021278489596052        0.010364297453336       0.0547494702880805      0.00738229101370614      0.00738229101370614      0.00445375847154303
                     0.12       0.0231377715715489       0.0231377715715487        0.330237481319754        0.308404202101051        0.308404202101051        0.308404202101051      0.00213265988501406       0.0103812430161997       0.0548097970518303      0.00739319031164149      0.00739319031164149      0.00446344546485376
                     0.12       0.0230900234549054       0.0230900234549053        0.330114066646852        0.308654327163582        0.308654327163582        0.308654327163582      0.00213747869102678        0.010398216028523       0.0548701785858123      0.00740410097388333      0.00740410097388333       0.0044731518704339
                     0.12       0.0230424488424208       0.0230424488424212        0.329990458784704        0.308904452226113        0.308904452226113        0.308904452226113      0.00214230538819095       0.0104152165272151       0.0549306148829959      0.00741502301233892      0.00741502301233892      0.00448287771846272
                     0.12       0.0229950468751225       0.0229950468751226        0.329866657527689        0.309154577288644        0.309154577288644        0.309154577288644      0.00214713998706714       0.0104322445491572       0.0549911059360326      0.00742595643889581      0.00742595643889581      0.00449262303905942
                     0.12       0.0229478166998223       0.0229478166998225        0.329742662674147        0.309404702351176        0.309404702351176        0.309404702351176      0.00215198249822968       0.0104493001312025       0.0550516517372623      0.00743690126542211      0.00743690126542211      0.00450238786228232
                     0.12       0.0229007574691373       0.0229007574691378         0.32961847402638        0.309654827413707        0.309654827413707        0.309654827413707      0.00215683293226603        0.010466383310176       0.0551122522787092      0.00744785750376654      0.00744785750376653      0.00451217221812826
                     0.12       0.0228538683413393        0.022853868341339         0.32949409139066        0.309904952476238        0.309904952476238        0.309904952476238      0.00216169129977712       0.0104834941228741       0.0551729075520851      0.00745882516575878      0.00745882516575878      0.00452197613653173
                     0.12       0.0228071484803667       0.0228071484803665        0.329369514577228        0.310155077538769        0.310155077538769        0.310155077538769      0.00216655761137771        0.010500632606065        0.055233617548793       0.0074698042632096       0.0074698042632096      0.00453179964736416
                     0.12       0.0227605970557674       0.0227605970557673        0.329244743400305        0.310405202601301        0.310405202601301        0.310405202601301      0.00217143187769597       0.0105177987964879       0.0552943822599239      0.00748079480791103      0.00748079480791103      0.00454164278043314
                     0.12       0.0227142132426524       0.0227142132426524        0.329119777678082        0.310655327663832        0.310655327663832        0.310655327663832      0.00217631410937245        0.010534992730853       0.0553552016762492      0.00749179681163655      0.00749179681163655       0.0045515055654817
                     0.12       0.0226679962216438       0.0226679962216437        0.328994617232744        0.310905452726363        0.310905452726363        0.310905452726363      0.00218120431706178       0.0105522144458417        0.055416075788235      0.00750281028614126      0.00750281028614126      0.00456138803218745
                     0.12       0.0226219451788316       0.0226219451788312        0.328869261890459        0.311155577788894        0.311155577788894        0.311155577788894      0.00218610251143211       0.0105694639781057       0.0554770045860383      0.00751383524316212      0.00751383524316212      0.00457129021016191
                     0.12       0.0225760593057237       0.0225760593057237        0.328743711481385        0.311405702851426        0.311405702851426        0.311405702851426      0.00219100870316409       0.0105867413642676        0.055537988059499      0.00752487169441806      0.00752487169441806      0.00458121212894967
                     0.12       0.0225303377992053       0.0225303377992057        0.328617965839682        0.311655827913957        0.311655827913957        0.311655827913957      0.00219592290295198         0.01060404664092       0.0555990261981496      0.00753591965161017      0.00753591965161017      0.00459115381802764
                     0.12       0.0224847798614939        0.022484779861494        0.328492024803512        0.311905952976488        0.311905952976488        0.311905952976488      0.00220084512150337       0.0106213798446258       0.0556601189912135      0.00754697912642193      0.00754697912642193      0.00460111530680422
                     0.12       0.0224393847000906       0.0224393847000899        0.328365888215041         0.31215607803902         0.31215607803902         0.31215607803902      0.00220577536953887       0.0106387410119177       0.0557212664276028      0.00755805013051929      0.00755805013051929      0.00461109662461861
                     0.12       0.0223941515277383       0.0223941515277378        0.328239555920449        0.312406203101551        0.312406203101551        0.312406203101551       0.0022107136577926       0.0106561301792981       0.0557824684959231      0.00756913267555093      0.00756913267555093       0.0046210978007399
                     0.12       0.0223490795623783        0.022349079562378        0.328113027769935        0.312656328164082        0.312656328164082        0.312656328164082      0.00221565999701147        0.010673547383239       0.0558437251844682      0.00758022677314836      0.00758022677314836      0.00463111886436638
                     0.12       0.0223041680271058       0.0223041680271051        0.327986303617719        0.312906453226613        0.312906453226613        0.312906453226613      0.00222061439795508       0.0106909926601816       0.0559050364812197      0.00759133243492614      0.00759133243492614      0.00464115984462469
                     0.12       0.0222594161501306       0.0222594161501309         0.32785938332205        0.313156578289145        0.313156578289145        0.313156578289145       0.0022255768713971       0.0107084660465362       0.0559664023738586        0.007602449672482        0.007602449672482      0.00465122077056904
                     0.12       0.0222148231647296       0.0222148231647297        0.327732266745213        0.313406703351676        0.313406703351676        0.313406703351676      0.00223054742812357       0.0107259675786821       0.0560278228497525      0.00761357849739703      0.00761357849739703      0.00466130167118037
                     0.12       0.0221703883092081       0.0221703883092084        0.327604953753531        0.313656828414207        0.313656828414207        0.313656828414207      0.00223552607893372       0.0107434972929669       0.0560892978959625      0.00762471892123582      0.00762471892123582      0.00467140257536562
                     0.12       0.0221261108268583       0.0221261108268584        0.327477444217375        0.313906953476738        0.313906953476738        0.313906953476738      0.00224051283463998       0.0107610552257069       0.0561508274992436      0.00763587095554665      0.00763587095554665      0.00468152351195683
                     0.12       0.0220819899659169       0.0220819899659166        0.327349738011167         0.31415707853927         0.31415707853927         0.31415707853927       0.0022455077060676       0.0107786414131866       0.0562124116460428      0.00764703461186162      0.00764703461186162      0.00469166450971042
                     0.12       0.0220380249795234       0.0220380249795237        0.327221835013388        0.314407203601801        0.314407203601801        0.314407203601801      0.00225051070405437       0.0107962558916582       0.0562740503224968      0.00765820990169681      0.00765820990169681      0.00470182559730629
                     0.12       0.0219942151256828       0.0219942151256824        0.327093735106583        0.314657328664332        0.314657328664332        0.314657328664332      0.00225552183945203       0.0108138986973421       0.0563357435144442      0.00766939683655246      0.00766939683655246      0.00471200680334706
                     0.12        0.021950559667223       0.0219505596672236        0.326965438177369        0.314907453726863        0.314907453726863        0.314907453726863      0.00226054112312388       0.0108315698664257       0.0563974912074067      0.00768059542791306      0.00768059542791306      0.00472220815635725
                     0.12       0.0219070578717589       0.0219070578717588        0.326836944116441        0.315157578789395        0.315157578789395        0.315157578789395       0.0022655685659473        0.010849269435064       0.0564592933866101      0.00769180568724758      0.00769180568724758      0.00473242968478239
                     0.12       0.0218637090116469       0.0218637090116467        0.326708252818577        0.315407703851926        0.315407703851926        0.315407703851926      0.00227060417881145       0.0108669974393789       0.0565211500369662      0.00770302762600956      0.00770302762600956       0.0047426714169883
                     0.12       0.0218205123639524       0.0218205123639524        0.326579364182645        0.315657828914457        0.315657828914457        0.315657828914457      0.00227564797261953       0.0108847539154592       0.0565830611430915      0.00771426125563728      0.00771426125563728      0.00475293338126017
                     0.12       0.0217774672104099       0.0217774672104102        0.326450278111614        0.315907953976988        0.315907953976988        0.315907953976988      0.00228069995828606       0.0109025388993602        0.056645026689286      0.00772550658755389      0.00772550658755389      0.00476321560580176
                     0.12       0.0217345728373796       0.0217345728373795        0.326320994512557         0.31615807903952         0.31615807903952         0.31615807903952      0.00228576014673981       0.0109203524271035       0.0567070466595574      0.00773676363316759      0.00773676363316759      0.00477351811873456
                     0.12       0.0216918285358195       0.0216918285358196        0.326191513296656        0.316408204102051        0.316408204102051        0.316408204102051      0.00229082854892134       0.0109381945346767       0.0567691210376015      0.00774803240387172      0.00774803240387172      0.00478384094809701
                     0.12        0.021649233601239       0.0216492336012392        0.326061834379215        0.316658329164582        0.316658329164582        0.316658329164582      0.00229590517578361       0.0109560652580333       0.0568312498068082      0.00775931291104495      0.00775931291104495      0.00479418412184357
                     0.12       0.0216067873336667       0.0216067873336671        0.325931957679661        0.316908454227114        0.316908454227114        0.316908454227114      0.00230099003829325       0.0109739646330924       0.0568934329502719      0.00777060516605139      0.00777060516605139      0.00480454766784391
                     0.12       0.0215644890376146       0.0215644890376149        0.325801883121557        0.317158579289645        0.317158579289645        0.317158579289645      0.00230608314742914       0.0109918926957384       0.0569556704507809      0.00778190918024071      0.00778190918024071      0.00481493161388213
                     0.12       0.0215223380220369       0.0215223380220371        0.325671610632606        0.317408704352176        0.317408704352176        0.317408704352176      0.00231118451418239       0.0110098494818207       0.0570179622908174      0.00779322496494835      0.00779322496494835      0.00482533598765581
                     0.12       0.0214803336003006       0.0214803336003007        0.325541140144657        0.317658829414707        0.317658829414707        0.317658829414707      0.00231629414955691       0.0110278350271535       0.0570803084525636      0.00780455253149555      0.00780455253149555      0.00483576081677526
                     0.12       0.0214384750901456       0.0214384750901459        0.325410471593717        0.317908954477239        0.317908954477239        0.317908954477239      0.00232141206456968       0.0110458493675156       0.0571427089179032      0.00781589189118957      0.00781589189118957      0.00484620612876257
                     0.12       0.0213967618136506       0.0213967618136505        0.325279604919957         0.31815907953977         0.31815907953977         0.31815907953977      0.00232653827024951         0.01106389253865       0.0572051636684127      0.00782724305532378      0.00782724305532378      0.00485667195105084
                     0.12       0.0213551930971958       0.0213551930971958        0.325148540067714        0.318409204602301        0.318409204602301        0.318409204602301      0.00233167277763791       0.0110819645762638       0.0572676726853695      0.00783860603517781      0.00783860603517781       0.0048671583109833
                     0.12       0.0213137682714354       0.0213137682714358        0.325017276985506        0.318659329664832        0.318659329664832        0.318659329664832       0.0023368155977888       0.0111000655160279        0.057330235949749      0.00784998084201765      0.00784998084201765      0.00487766523581245
                     0.12       0.0212724866712585       0.0212724866712586        0.324885815626041        0.318909454727364        0.318909454727364        0.318909454727364      0.00234196674176877       0.0111181953935766       0.0573928534422283      0.00786136748709579      0.00786136748709579      0.00488819275269916
                     0.12       0.0212313476357503       0.0212313476357504        0.324754155946214        0.319159579789895        0.319159579789895        0.319159579789895      0.00234712622065676       0.0111363542445074       0.0574555251431836      0.00787276598165139      0.00787276598165139      0.00489874088871192
                     0.12       0.0211903505081707       0.0211903505081709        0.324622297907127        0.319409704852426        0.319409704852426        0.319409704852426      0.00235229404554393       0.0111545421043808       0.0575182510326903      0.00788417633691031      0.00788417633691031      0.00490930967082583
                     0.12       0.0211494946359111       0.0211494946359109        0.324490241474089        0.319659829914957        0.319659829914957        0.319659829914957      0.00235747022753399       0.0111727590087199       0.0575810310905258      0.00789559856408533      0.00789559856408533      0.00491989912592188
                     0.12       0.0211087793704641        0.021108779370464        0.324357986616628        0.319909954977489        0.319909954977489        0.319909954977489      0.00236265477774257       0.0111910049930104       0.0576438652961652      0.00790703267437622      0.00790703267437622      0.00493050928078596
                     0.12       0.0210682040673923       0.0210682040673921        0.324225533308498         0.32016008004002         0.32016008004002         0.32016008004002      0.00236784770729805          0.0112092800927       0.0577067536287891      0.00791847867896986      0.00791847867896986      0.00494114016210811
                     0.12       0.0210277680862953       0.0210277680862955        0.324092881527684        0.320410205102551        0.320410205102551        0.320410205102551      0.00237304902734103       0.0112275843431983        0.057769696067279      0.00792993658904037      0.00792993658904037      0.00495179179648155
                     0.12       0.0209874707907785       0.0209874707907785        0.323960031256417        0.320660330165082        0.320660330165082        0.320660330165082      0.00237825874902356       0.0112459177798763       0.0578326925902127      0.00794140641574924      0.00794140641574924      0.00496246421040186
                     0.12        0.020947311548419       0.0209473115484189        0.323826982481175        0.320910455227614        0.320910455227614        0.320910455227614      0.00238347688351134       0.0112642804380665       0.0578957431758822      0.00795288817024543      0.00795288817024543      0.00497315743026609
                     0.12       0.0209072897307373        0.020907289730737        0.323693735192694        0.321160580290145        0.321160580290145        0.321160580290145       0.0023887034419813       0.0112826723530625       0.0579588478022749      0.00796438186366548      0.00796438186366548      0.00498387148237193
                     0.12       0.0208674047131633       0.0208674047131632         0.32356028938598        0.321410705352676        0.321410705352676        0.321410705352676      0.00239393843562222       0.0113010935601183       0.0580220064470792      0.00797588750713364      0.00797588750713364      0.00499460639291676
                     0.12       0.0208276558750071       0.0208276558750077        0.323426645060307        0.321660830415208        0.321660830415208        0.321660830415208      0.00239918187563538       0.0113195440944487       0.0580852190876907      0.00798740511176198      0.00798740511176198      0.00500536218799686
                     0.12       0.0207880425994287       0.0207880425994286        0.323292802219237        0.321910955477739        0.321910955477739        0.321910955477739      0.00240443377323432       0.0113380239912284       0.0581484857012109       0.0079989346886505       0.0079989346886505      0.00501613889360646
                     0.12       0.0207485642734077       0.0207485642734077        0.323158760870622         0.32216108054027         0.32216108054027         0.32216108054027      0.00240969413964481       0.0113565332855923        0.058211806264447      0.00801047624888722      0.00801047624888722       0.0050269365356369
                     0.12       0.0207092202877124       0.0207092202877124        0.323024521026611        0.322411205602801        0.322411205602801        0.322411205602801      0.00241496298610354       0.0113750720126346       0.0582751807539032      0.00802202980354832      0.00802202980354832      0.00503775513987575
                     0.12       0.0206700100368701       0.0206700100368696        0.322890082703664        0.322661330665333        0.322661330665333        0.322661330665333      0.00242024032386026       0.0113936402074089       0.0583386091457975      0.00803359536369825      0.00803359536369825      0.00504859473200591
                     0.12       0.0206309329191389       0.0206309329191388        0.322755445922553        0.322911455727864        0.322911455727864        0.322911455727864        0.002425526164176       0.0114122379049278        0.058402091416049       0.0080451729403898       0.0080451729403898      0.00505945533760478
                     0.12        0.020591988336478       0.0205919883364777        0.322620610708377        0.323161580790395        0.323161580790395        0.323161580790395      0.00243082051832412       0.0114308651401628       0.0584656275402863      0.00805676254466424      0.00805676254466425       0.0050703369821433
                     0.12       0.0205531756945188       0.0205531756945185        0.322485577090568        0.323411705852926        0.323411705852926        0.323411705852926      0.00243612339759015       0.0114495219480437       0.0585292174938475      0.00806836418755142      0.00806836418755142      0.00508123969098512
                     0.12       0.0205144944025353       0.0205144944025356        0.322350345102893        0.323661830915458        0.323661830915458        0.323661830915458      0.00244143481327035       0.0114682083634583       0.0585928612517691      0.00807997788006985      0.00807997788006985      0.00509216348938576
                     0.12       0.0204759438734184       0.0204759438734185        0.322214914783476        0.323911955977989        0.323911955977989        0.323911955977989      0.00244675477667415       0.0114869244212527       0.0586565587888067      0.00809160363322684      0.00809160363322684      0.00510310840249162
                     0.12       0.0204375235236438       0.0204375235236437        0.322079286174793         0.32416208104052         0.32416208104052         0.32416208104052      0.00245208329912153       0.0115056701562301        0.058720310079414      0.00810324145801855      0.00810324145801855      0.00511407445533917
                     0.12       0.0203992327732497       0.0203992327732499        0.321943459323687        0.324412206103051        0.324412206103051        0.324412206103051      0.00245742039194435       0.0115244456031511       0.0587841150977546      0.00811489136543017      0.00811489136543017      0.00512506167285407
                     0.12       0.0203610710458031       0.0203610710458033        0.321807434281377        0.324662331165583        0.324662331165583        0.324662331165583      0.00246276606648795       0.0115432507967336       0.0588479738177162      0.00812655336643592      0.00812655336643592      0.00513607007985023
                     0.12       0.0203230377683767       0.0203230377683768        0.321671211103462        0.324912456228114        0.324912456228114        0.324912456228114      0.00246812033410702       0.0115620857716516       0.0589118862128774      0.00813822747199924      0.00813822747199924      0.00514709970102898
                     0.12       0.0202851323715203       0.0202851323715204        0.321534789849931        0.325162581290645        0.325162581290645        0.325162581290645      0.00247348320616937        0.011580950562536       0.0589758522565394      0.00814991369307282      0.00814991369307282       0.0051581505609782
                     0.12       0.0202473542892348       0.0202473542892351        0.321398170585172        0.325412706353177        0.325412706353177        0.325412706353177      0.00247885469405364       0.0115998452039736       0.0590398719217073      0.00816161204059872      0.00816161204059872      0.00516922268417136
                     0.12       0.0202097029589432        0.020209702958943        0.321261353377982        0.325662831415708        0.325662831415708        0.325662831415708       0.0024842348091503       0.0116187697305069       0.0591039451811008      0.00817332252550851      0.00817332252550851       0.0051803160949667
                     0.12        0.020172177821469       0.0201721778214694        0.321124338301572        0.325912956478239        0.325912956478239        0.325912956478239       0.0024896235628615        0.011637724176634       0.0591680720071518      0.00818504515872327      0.00818504515872327      0.00519143081760631
                     0.12       0.0201347783210058       0.0201347783210057        0.320987125433577         0.32616308154077         0.32616308154077         0.32616308154077      0.00249502096660088       0.0116567085768081       0.0592322523720051      0.00819677995115376      0.00819677995115376      0.00520256687621528
                     0.12       0.0200975039050911        0.020097503905091        0.320849714856059        0.326413206603302        0.326413206603302        0.326413206603302       0.0025004270317934       0.0116757229654375       0.0592964862475176       0.0082085269137005       0.0082085269137005      0.00521372429480082
                     0.12       0.0200603540245838       0.0200603540245837        0.320712106655529        0.326663331665833        0.326663331665833        0.326663331665833      0.00250584176987581       0.0116947673768849       0.0593607736052623      0.00822028605725382      0.00822028605725382      0.00522490309725128
                     0.12       0.0200233281336387       0.0200233281336389        0.320574300922934        0.326913456728364        0.326913456728364        0.326913456728364      0.00251126519229558       0.0117138418454674       0.0594251144165216        0.008232057392694        0.008232057392694      0.00523610330733544
                     0.12       0.0199864256896791       0.0199864256896789        0.320436297753688        0.327163581790895        0.327163581790895        0.327163581790895      0.00251669731051216        0.011732946405456       0.0594895086522969      0.00824384093089134      0.00824384093089134      0.00524732494870144
                     0.12       0.0199496461533702       0.0199496461533705        0.320298097247659        0.327413706853427        0.327413706853427        0.327413706853427      0.00252213813599608       0.0117520810910755       0.0595539562833039      0.00825563668270623      0.00825563668270623      0.00525856804487608
                     0.12       0.0199129889886007       0.0199129889886003        0.320159699509194        0.327663831915958        0.327663831915958        0.327663831915958      0.00252758768022936       0.0117712459365041       0.0596184572799753      0.00826744465898928      0.00826744465898928      0.00526983261926376
                     0.12       0.0198764536624534       0.0198764536624531        0.320021104647114        0.327913956978489        0.327913956978489        0.327913956978489      0.00253304595470491       0.0117904409758732        0.059683011612458      0.00827926487058135      0.00827926487058135      0.00528111869514577
                     0.12       0.0198400396451798       0.0198400396451801        0.319882312774732         0.32816408204102         0.32816408204102         0.32816408204102      0.00253851297092719       0.0118096662432666       0.0597476192506187       0.0082910973283137       0.0082910973283137      0.00529242629567926
                     0.12       0.0198037464101796         0.01980374641018        0.319743324009854        0.328414207103552        0.328414207103552        0.328414207103552      0.00254398874041205       0.0118289217727211       0.0598122801640438      0.00830294204300803      0.00830294204300803      0.00530375544389647
                     0.12       0.0197675734339781        0.019767573433978        0.319604138474788        0.328664332166083        0.328664332166083        0.328664332166083      0.00254947327468604       0.0118482075982255       0.0598769943220344      0.00831479902547658      0.00831479902547658      0.00531510616270381
                     0.12       0.0197315201961948       0.0197315201961947        0.319464756296353        0.328914457228614        0.328914457228614        0.328914457228614      0.00255496658528695       0.0118675237537204       0.0599417616936122      0.00832666828652219      0.00832666828652219      0.00532647847488101
                     0.12       0.0196955861795286       0.0196955861795284        0.319325177605889        0.329164582291146        0.329164582291146        0.329164582291146      0.00256046868376404       0.0118868702730982       0.0600065822475218      0.00833854983693844      0.00833854983693844      0.00533787240308014
                     0.12       0.0196597708697296       0.0196597708697298        0.319185402539259        0.329414707353677        0.329414707353677        0.329414707353677      0.00256597958167692       0.0119062471902025       0.0600714559522229      0.00835044368750965      0.00835044368750965      0.00534928796982493
                     0.12       0.0196240737555796         0.01962407375558        0.319045431236858        0.329664832416208        0.329664832416208        0.329664832416208       0.0025714992905966       0.0119256545388279       0.0601363827758997      0.00836234984901104      0.00836234984901104      0.00536072519750974
                     0.12       0.0195884943288619       0.0195884943288618        0.318905263843624        0.329914957478739        0.329914957478739        0.329914957478739      0.00257702782210525       0.0119450923527199       0.0602013626864604      0.00837426833220877      0.00837426833220877      0.00537218410839873
                     0.12       0.0195530320843505       0.0195530320843504        0.318764900509045        0.330165082541271        0.330165082541271        0.330165082541271      0.00258256518779579        0.011964560665574       0.0602663956515336      0.00838619914786001      0.00838619914786001      0.00538366472462498
                     0.12       0.0195176865197757       0.0195176865197758        0.318624341387159        0.330415207603802        0.330415207603802        0.330415207603802      0.00258811139927178       0.0119840595110363       0.0603314816384699      0.00839814230671303      0.00839814230671303      0.00539516706818972
                     0.12       0.0194824571358113       0.0194824571358111         0.31848358663657        0.330665332666333        0.330665332666333        0.330665332666333      0.00259366646814791       0.0120035889227024       0.0603966206143463      0.00841009781950729      0.00841009781950729      0.00540669116096132
                     0.12        0.019447343436045        0.019447343436045        0.318342636420449        0.330915457728864        0.330915457728864        0.330915457728864      0.00259923040605012       0.0120231489341176       0.0604618125459682      0.00842206569697351      0.00842206569697351      0.00541823702467453
                     0.12       0.0194123449269609       0.0194123449269609        0.318201490906549        0.331165582791396        0.331165582791396        0.331165582791396      0.00260480322461397       0.0120427395787764       0.0605270573998567      0.00843404594983373      0.00843404594983373      0.00542980468092955
                     0.12       0.0193774611179186       0.0193774611179187        0.318060150267199        0.331415707853927        0.331415707853927        0.331415707853927      0.00261038493548734       0.0120623608901221       0.0605923551422732       0.0084460385888014       0.0084460385888014      0.00544139415119125
                     0.12       0.0193426915211297       0.0193426915211295        0.317918614679323        0.331665832916458        0.331665832916458        0.331665832916458      0.00261597555032685       0.0120820129015467       0.0606577057391894      0.00845804362458146      0.00845804362458146      0.00545300545678823
                     0.12       0.0193080356516338       0.0193080356516335         0.31777688432444        0.331915957978989        0.331915957978989        0.331915957978989        0.002621575080802       0.0121016956463908       0.0607231091563239       0.0084700610678704       0.0084700610678704      0.00546463861891204
                     0.12       0.0192734930272835       0.0192734930272834        0.317634959388674        0.332166083041521        0.332166083041521        0.332166083041521      0.00262718353859075       0.0121214091579428       0.0607885653591055      0.00848209092935633      0.00848209092935633      0.00547629365861624
                     0.12       0.0192390631687196       0.0192390631687195        0.317492840062762        0.332416208104052        0.332416208104052        0.332416208104052      0.00263280093538373       0.0121411534694388       0.0608540743127107      0.00849413321971907      0.00849413321971907      0.00548797059681562
                     0.12       0.0192047455993513       0.0192047455993513        0.317350526542048        0.332666333166583        0.332666333166583        0.332666333166583      0.00263842728288097       0.0121609286140625        0.060919635982036      0.00850618794963021      0.00850618794963021       0.0054996694542854
                     0.12       0.0191705398453359       0.0191705398453357         0.31720801902651        0.332916458229115        0.332916458229115        0.332916458229115      0.00264406259279244       0.0121807346249449       0.0609852503317054      0.00851825512975319      0.00851825512975319      0.00551139025166021
                     0.12       0.0191364454355555       0.0191364454355555        0.317065317720749        0.333166583291646        0.333166583291646        0.333166583291646      0.00264970687684021       0.0122005715351637       0.0610509173260879      0.00853033477074334      0.00853033477074334      0.00552313300943342
                     0.12       0.0191024619016021       0.0191024619016021        0.316922422834002        0.333416708354177        0.333416708354177        0.333416708354177      0.00265536014675538       0.0122204393777432       0.0611166369292741        0.008542426883248        0.008542426883248      0.00553489774795625
                     0.12       0.0190685887777546       0.0190685887777544        0.316779334580149        0.333666833416708        0.333666833416708        0.333666833416708      0.00266102241427983       0.0122403381856543       0.0611824091050918      0.00855453147790654      0.00855453147790654      0.00554668448743689
                     0.12        0.019034825600957        0.019034825600957        0.316636053177716         0.33391695847924         0.33391695847924         0.33391695847924      0.00266669369116614       0.0122602679918136        0.061248233817106      0.00856664856535046      0.00856664856535046       0.0055584932479397
                     0.12       0.0190011719108021       0.0190011719108019        0.316492578849882        0.334167083541771        0.334167083541771        0.334167083541771        0.002672373989177       0.0122802288290836       0.0613141110286165      0.00857877815620343      0.00857877815620343      0.00557032404938442
                     0.12       0.0189676272495103       0.0189676272495101        0.316348911824483        0.334417208604302        0.334417208604302        0.334417208604302      0.00267806332008542       0.0123002207302723       0.0613800407026597       0.0085909202610814       0.0085909202610814      0.00558217691154525
                     0.12       0.0189341911619119       0.0189341911619118        0.316205052334023        0.334667333666833        0.334667333666833        0.334667333666833       0.0026837616956745       0.0123202437281328       0.0614460228020075      0.00860307489059261      0.00860307489059261      0.00559405185405012
                     0.12       0.0189008631954235       0.0189008631954236        0.316061000615672        0.334917458729365        0.334917458729365        0.334917458729365      0.00268946912773759       0.0123402978553633       0.0615120572891722      0.00861524205533771      0.00861524205533771      0.00560594889637981
                     0.12       0.0188676429000353       0.0188676429000352        0.315916756911276        0.335167583791896        0.335167583791896        0.335167583791896      0.00269518562807838       0.0123603831446063       0.0615781441264059      0.00862742176590976      0.00862742176590976      0.00561786805786716
                     0.12       0.0188345298282865       0.0188345298282863        0.315772321467361        0.335417708854427        0.335417708854427        0.335417708854427      0.00270091120851033        0.012380499628449        0.061644283275699      0.00863961403289439      0.00863961403289439      0.00562980935769627
                     0.12       0.0188015235352497         0.01880152353525        0.315627694535136        0.335667833916958        0.335667833916958        0.335667833916958      0.00270664588085739       0.0124006473394224        0.061710474698786      0.00865181886686974      0.00865181886686974      0.00564177281490165
                     0.12        0.018768623578513        0.018768623578513        0.315482876370503         0.33591795897949         0.33591795897949         0.33591795897949      0.00271238965695292       0.0124208263100014        0.061776718357139      0.00866403627840665      0.00866403627840665      0.00565375844836743
                     0.12       0.0187358295181576       0.0187358295181574        0.315337867234055        0.336168084042021        0.336168084042021        0.336168084042021       0.0027181425486413       0.0124410365726046        0.061843014211982      0.00867626627806862      0.00867626627806862      0.00566576627682661
                     0.12       0.0187031409167435       0.0187031409167439        0.315192667391087        0.336418209104552        0.336418209104552        0.336418209104552      0.00272390456777549       0.0124612781595936       0.0619093622242719      0.00868850887641192      0.00868850887641192      0.00567779631886018
                     0.12       0.0186705573392909       0.0186705573392908        0.315047277111594        0.336668334167084        0.336668334167084        0.336668334167084      0.00272967572621969       0.0124815511032731       0.0619757623547222      0.00870076408398566      0.00870076408398566       0.0056898485928964
                     0.12       0.0186380783532602         0.01863807835326        0.314901696670281        0.336918459229615        0.336918459229615        0.336918459229615      0.00273545603584749       0.0125018554358906       0.0620422145637884      0.00871303191133181      0.00871303191133181      0.00570192311720996
                     0.12        0.018605703528535       0.0186057035285351        0.314755926346564        0.337168584292146        0.337168584292146        0.337168584292146      0.00274124550854157       0.0125221911896359       0.0621087188116682      0.00872531236898531      0.00872531236898531      0.00571401990992123
                     0.12       0.0185734324374065       0.0185734324374064        0.314609966424575        0.337418709354677        0.337418709354677        0.337418709354677      0.00274704415619523       0.0125425583966411       0.0621752750583141      0.00873760546747408      0.00873760546747408      0.00572613898899545
                     0.12       0.0185412577798034        0.018541257778438         0.31446382860609        0.337668834417209        0.337668834417209        0.337668834417209      0.00275285204035551       0.0125629569667125       0.0622418830573632      0.00874991122731873      0.00874991122732072      0.00573828021039784
                     0.12        0.018509192911652       0.0185091929130713        0.314317490348787         0.33791895947974         0.33791895947974         0.33791895947974      0.00275866907355135       0.0125833871764354        0.062308543180662      0.00876222963897813      0.00876222963897607      0.00575044391541508
                     0.12       0.0184772305071518       0.0184772305064781          0.3141709633743        0.338169084542271        0.338169084542271        0.338169084542271      0.00276449531744532       0.0126038489354658       0.0623752551810805      0.00877456072301689      0.00877456072301787      0.00576262995974806
                     0.12       0.0184453701494855       0.0184453701495104         0.31402424799044        0.338419209604802        0.338419209604802        0.338419209604802      0.00277033078399176       0.0126243422756396       0.0624420190174799      0.00878690448993345      0.00878690448993341      0.00577483836066581
                     0.12       0.0184136114216927           0.018413611421        0.313877344479794        0.338669334667334        0.338669334667334        0.338669334667334      0.00277617548501916       0.0126448672290906       0.0625088346490467      0.00879926095022309      0.00879926095022408        0.005787069135705
                     0.12       0.0183819539071793       0.0183819539094574         0.31373025318659        0.338919459729865        0.338919459729865        0.338919459729865      0.00278202943261979       0.0126654238272333       0.0625757020336511      0.00881163011437723      0.00881163011437393      0.00579932230143248
                     0.12       0.0183503972034574       0.0183503972038003        0.313582974420168        0.339169584792396        0.339169584792396        0.339169584792396      0.00278789263871931       0.0126860121018727       0.0626426211296549      0.00882401199286362      0.00882401199286313      0.00581159787481852
                     0.12       0.0183189408927646       0.0183189408924241        0.313435508486798        0.339419709854927        0.339419709854927        0.339419709854927      0.00279376511521722       0.0127066320848582       0.0627095918953445      0.00883640659616883      0.00883640659616932      0.00582389587278449
                     0.12       0.0182875845729329       0.0182875845742475        0.313287855734851        0.339669834917459        0.339669834917459        0.339669834917459      0.00279964687418933       0.0127272838075332       0.0627766142880403      0.00884881393475364      0.00884881393475175      0.00583621631155598
                     0.12       0.0182563278391292       0.0182563278380939        0.313140016471151         0.33991995997999         0.33991995997999         0.33991995997999       0.0028055379275148       0.0127479673017269       0.0628436882657115      0.00886123401907951        0.008861234019081      0.00584855920785814
                     0.12       0.0182251702861029       0.0182251702860942        0.312991991058801        0.340170085042521        0.340170085042521        0.340170085042521      0.00281143828730986       0.0127686825986071       0.0629108137851052      0.00887366685960529       0.0088736668596053      0.00586092457751485
                     0.12       0.0181941115134364       0.0181941115147664        0.312843779829372        0.340420210105053        0.340420210105053        0.340420210105053      0.00281734796554065       0.0127894297297033       0.0629779908034307       0.0088861124667797      0.00888611246677779      0.00587331243670545
                     0.12       0.0181631511308287       0.0181631511298553        0.312695383115645        0.340670335167584        0.340670335167584        0.340670335167584      0.00282326697416653        0.012810208726515          0.0630452192777      0.00889857085103384      0.00889857085103524      0.00588572280149603
                     0.12       0.0181322887324247       0.0181322887340068        0.312546801283129        0.340920460230115        0.340920460230115        0.340920460230115      0.00282919532527895       0.0128310196201727       0.0631124991641951        0.008911042022818      0.00891104202281574       0.0058981556873852
                     0.12       0.0181015239326531       0.0181015239315371        0.312398034678166        0.341170585292646        0.341170585292646        0.341170585292646      0.00283513303087353       0.0128518624420098       0.0631798304193913      0.00892352599255032      0.00892352599255192      0.00591061111004926
                     0.12       0.0180708563302601       0.0180708563316405        0.312249083665632        0.341420710355178        0.341420710355178        0.341420710355178      0.00284108010301495       0.0128727372231488       0.0632472129992895      0.00893602277066831      0.00893602277066634      0.00592308908479937
                     0.12       0.0180402855463404       0.0180402855476416        0.312099948615693        0.341670835417709        0.341670835417709        0.341670835417709      0.00284703655378075       0.0128936439946296       0.0633146468596299      0.00894853236757452      0.00894853236757267      0.00593558962677102
                     0.12       0.0180098111867331       0.0180098111871099        0.311950629879779         0.34192096048024         0.34192096048024         0.34192096048024      0.00285300239515263        0.012914582787718       0.0633821319563844      0.00896105479369027      0.00896105479368973       0.0059481127512711
                     0.12       0.0179794328724616       0.0179794328727076        0.311801127851957        0.342171085542771        0.342171085542771        0.342171085542771      0.00285897763928905       0.0129355536331623       0.0634496682445638      0.00897359005941225       0.0089735900594119      0.00596065847288995
                     0.12       0.0179491502141962       0.0179491502138147        0.311651442898298        0.342421210605303        0.342421210605303        0.342421210605303      0.00286496229821183       0.0129565565620454       0.0635172556795884      0.00898613817514892      0.00898613817514946      0.00597322680652214
                     0.12       0.0179189628346024       0.0179189628348848         0.31150157540663        0.342671335667834        0.342671335667834        0.342671335667834      0.00287095638402794       0.0129775916051755       0.0635848942163161      0.00899869915128875      0.00899869915128835      0.00598581776664598
                     0.12       0.0178888703542074       0.0178888703548476         0.31135152577472        0.342921460730365        0.342921460730365        0.342921460730365      0.00287695990887504       0.0129986587932457       0.0636525838092965      0.00901127299822034      0.00901127299821943      0.00599843136749326
                     0.12       0.0178588723945217         0.01785887239453        0.311201294383725        0.343171585792896        0.343171585792896        0.343171585792896      0.00288297288480545       0.0130197581571339       0.0637203244132488      0.00902385972632799      0.00902385972632798      0.00601106762343465
                     0.12       0.0178289685807938       0.0178289685817145        0.311050881630583        0.343421710855428        0.343421710855428        0.343421710855428      0.00288899532392919       0.0130408897275228       0.0637881159824616      0.00903645934598782      0.00903645934598652      0.00602372654850877
                     0.12       0.0177991585392307       0.0177991585401028        0.310900287924434        0.343671835917959        0.343671835917959        0.343671835917959      0.00289502723839754       0.0130620535349497       0.0638559584708768      0.00904907186757176      0.00904907186757053      0.00603640815647289
                     0.12       0.0177694419057702       0.0177694419064953         0.31074951366116         0.34392196098049         0.34392196098049         0.34392196098049      0.00290106864029283       0.0130832496100846       0.0639238518325313      0.00906169730143521      0.00906169730143418      0.00604911246117349
                     0.12       0.0177398183043035       0.0177398183037783        0.310598559272333        0.344172086043021        0.344172086043021        0.344172086043021      0.00290711954183802       0.0131044779831944       0.0639917960206942       0.0090743356579477      0.00907433565794844      0.00606183947583142
                     0.12       0.0177102873714353       0.0177102873711195        0.310447425166867        0.344422211105553        0.344422211105553        0.344422211105553       0.0029131799551477       0.0131257386847833       0.0640597909889095      0.00908698694745813      0.00908698694745858      0.00607458921389283
                     0.12       0.0176808487388543       0.0176808487375235        0.310296111766611        0.344672336168084        0.344672336168084        0.344672336168084      0.00291924989237861       0.0131470317452086        0.064127836690367       0.0090996511803195      0.00909965118032136       0.0060873616885092
                     0.12       0.0176515020435073        0.017651502043757        0.310144619487657        0.344922461230615        0.344922461230615        0.344922461230615       0.0029253293656523       0.0131683571948762       0.0641959330782331      0.00911232836687468      0.00911232836687433      0.00610015691281026
                     0.12       0.0176222469286104       0.0176222469298237        0.309992948779827        0.345172586293147        0.345172586293147        0.345172586293147      0.00293141838722314       0.0131897150637901       0.0642640801049163      0.00912501851745508      0.00912501851745338      0.00611297489932427
                     0.12       0.0175930830296491       0.0175930830302751        0.309841100071338        0.345422711355678        0.345422711355678        0.345422711355678      0.00293751696923958       0.0132111053822062       0.0643322777231261      0.00913772164240019      0.00913772164239932      0.00612581566078871
                     0.12       0.0175640099947805       0.0175640099947504        0.309689073798466        0.345672836418209        0.345672836418209        0.345672836418209      0.00294362512387442       0.0132325281802611       0.0644005258852801      0.00915043775202914      0.00915043775202918      0.00613867920971513
                     0.12        0.017535027466283       0.0175350274672413        0.309536870405417         0.34592296148074         0.34592296148074         0.34592296148074      0.00294974286332061       0.0132539834879992       0.0644688245435364       0.0091631668566666      0.00916316685666527      0.00615156555839018
                     0.12       0.0175061350880747       0.0175061350886947        0.309384490352138        0.346173086543272        0.346173086543272        0.346173086543272      0.00295587019982711        0.013275471335275       0.0645371736496558      0.00917590896663232      0.00917590896663146      0.00616447471875946
                     0.12       0.0174773325126713       0.0174773325129819        0.309231934079248        0.346423211605803        0.346423211605803        0.346423211605803       0.0029620071455481       0.0132969917521454       0.0646055731556187      0.00918866409223143        0.009188664092231      0.00617740670294412
                     0.12       0.0174486193874063       0.0174486193864018        0.309079202070279        0.346673336668334        0.346673336668334        0.346673336668334      0.00296815371280973       0.0133185447681684       0.0646740230125214      0.00920143224377372      0.00920143224377512      0.00619036152232174
                     0.12       0.0174199953632279       0.0174199953632074        0.308926294760231        0.346923461730865        0.346923461730865        0.346923461730865      0.00297430991371711       0.0133401304134502       0.0647425231722257      0.00921421343156134      0.00921421343156137      0.00620333918887648
                     0.12       0.0173914600968407       0.0173914600961768        0.308773212644716        0.347173586793397        0.347173586793397        0.347173586793397      0.00298047576062364       0.0133617487173805       0.0648110735853688      0.00922700766588591      0.00922700766588683      0.00621633971358516
                     0.12       0.0173630132436466        0.017363013244001         0.30861995617589        0.347423711855928        0.347423711855928        0.347423711855928      0.00298665126568458       0.0133833997098426       0.0648796742032783      0.00923981495703835      0.00923981495703785      0.00622936310795632
                     0.12       0.0173346544578327       0.0173346544593593        0.308466525849294        0.347673836918459        0.347673836918459        0.347673836918459      0.00299283644122718       0.0134050834202106       0.0649483249763786      0.00925263531530868      0.00925263531530657      0.00624240938274355
                     0.12        0.017306383404671       0.0173063834037802        0.308312922147471         0.34792396198099         0.34792396198099         0.34792396198099      0.00299903129951247       0.0134267998779876       0.0650170258552166      0.00926546875096916      0.00926546875097039      0.00625547854878026
                     0.12       0.0172781997371728       0.0172781997359318        0.308159145542321        0.348174087043522        0.348174087043522        0.348174087043522       0.0030052358527425       0.0134485491128006       0.0650857767904433      0.00927831527430647      0.00927831527430818      0.00626857061694551
                     0.12       0.0172501031226073       0.0172501031231986        0.308005196549594        0.348424212106053        0.348424212106053        0.348424212106053      0.00301145011329526       0.0134703311537416       0.0651545777317837      0.00929117489558515      0.00929117489558434      0.00628168559735256
                     0.12       0.0172220932248667       0.0172220932263844        0.307851075630855        0.348674337168584        0.348674337168584        0.348674337168584      0.00301767409330457       0.0134921460305302       0.0652234286298612        0.009304047625072      0.00930404762506991      0.00629482350080777
                     0.12         0.01719416971061       0.0171941697100072        0.307696783324978        0.348924462231116        0.348924462231116        0.348924462231116      0.00302390780522166       0.0135139937719711       0.0652923294337852      0.00931693347302754      0.00931693347302837       0.0063079843368509
                     0.12       0.0171663322481754        0.017166332247575        0.307542320128565        0.349174587293647        0.349174587293647        0.349174587293647      0.00303015126130611       0.0135358744073443       0.0653612800933324      0.00932983244970762      0.00932983244970845      0.00632116811553661
                     0.12       0.0171385805064676       0.0171385805061507        0.307387686547506        0.349424712356178        0.349424712356178        0.349424712356178      0.00303640447384362       0.0135577879658145       0.0654302805580152      0.00934274456536491      0.00934274456536535        0.006334374846666
                     0.12       0.0171109141538783       0.0171109141539114        0.307232883102543        0.349674837418709        0.349674837418709        0.349674837418709      0.00304266745517017       0.0135797344763627       0.0654993307769779      0.00935566983025041      0.00935566983025037      0.00634760453970234
                     0.12       0.0170833328676233       0.0170833328669091        0.307077910304543        0.349924962481241        0.349924962481241        0.349924962481241      0.00304894021757005       0.0136017139680631         0.06556843069945       0.0093686082546007      0.00936860825460168      0.00636085720414058
                     0.12       0.0170558363201074        0.017055836319201         0.30692276869352        0.350175087543772        0.350175087543772        0.350175087543772      0.00305522277343669       0.0136237264696433        0.065637580274036      0.00938155984865659      0.00938155984865783      0.00637413284892213
                     0.12       0.0170284241885252       0.0170284241882459        0.306767458785043        0.350425212606303        0.350425212606303        0.350425212606303      0.00306151513504814       0.0136457720100996       0.0657067794496873      0.00939452462265005      0.00939452462265043      0.00638743148323793
                     0.12       0.0170010961520096       0.0170010961513992        0.306611981126407        0.350675337668834        0.350675337668834        0.350675337668834      0.00306781731480508       0.0136678506180453       0.0657760281746978      0.00940750258680811      0.00940750258680894      0.00640075311568497
                     0.12       0.0169738518851429       0.0169738518845855        0.306456336251678        0.350925462731366        0.350925462731366        0.350925462731366      0.00307412932503836       0.0136899623222407       0.0658453263975125      0.00942049375136171      0.00942049375136247      0.00641409775494092
                     0.12       0.0169466910777458       0.0169466910771432         0.30630052471045        0.351175587793897        0.351175587793897        0.351175587793897      0.00308045117813491       0.0137121071512341       0.0659146740661947      0.00943349812651881      0.00943349812651963      0.00642746540933128
                     0.12       0.0169196134047114       0.0169196134044983        0.306144547037857        0.351425712856428        0.351425712856428        0.351425712856428      0.00308678288640472       0.0137342851337496       0.0659840711289978       0.0094465157225054      0.00944651572250569      0.00644085608728092
                     0.12       0.0168926185511644       0.0168926185520757        0.305988403796782        0.351675837918959        0.351675837918959        0.351675837918959      0.00309312446226474       0.0137564962981618       0.0660535175335843      0.00945954654953133       0.0094595465495301      0.00645426979667701
                     0.12        0.016865706210088       0.0168657062107076        0.305832095547699        0.351925962981491        0.351925962981491        0.351925962981491      0.00309947591811058       0.0137787406728528       0.0661230132275737      0.00947259061779363       0.0094725906177928      0.00646770654532309
                     0.12       0.0168388760635841       0.0168388760617854        0.305675622851243        0.352176088044022        0.352176088044022        0.352176088044022      0.00310583726632314       0.0138010182862031       0.0661925581585091      0.00948564793750185      0.00948564793750428       0.0064811663409002
                     0.12       0.0168121277982948        0.016812127797392        0.305518986267251        0.352426213106553        0.352426213106553        0.352426213106553      0.00311220851926972       0.0138233291665803       0.0662621522738664      0.00949871851885719      0.00949871851885841       0.0064946491909813
                     0.12       0.0167854611107734       0.0167854611095744        0.305362186370755        0.352676338169085        0.352676338169085        0.352676338169085      0.00311858968936926        0.013845673342155       0.0663317955207627      0.00951180237204535      0.00951180237204696       0.0065081551027885
                     0.12       0.0167588756910722       0.0167588756909683        0.305205223740433        0.352926463231616        0.352926463231616        0.352926463231616      0.00312498078904341       0.0138680508410462       0.0664014878461832      0.00952489950725861      0.00952489950725875      0.00652168408336727
                     0.12       0.0167323712344935       0.0167323712345042         0.30504809895437        0.353176588294147        0.353176588294147        0.353176588294147      0.00313138183069875       0.0138904616913628       0.0664712291970433      0.00953800993468009      0.00953800993468008      0.00653523613965051
                     0.12       0.0167059474310961        0.016705947430857        0.304890812604927        0.353426713356678        0.353426713356678        0.353426713356678      0.00313779282678905       0.0139129059210384       0.0665410195199428       0.0095511336644978      0.00955113366449812       0.0065488112782321
                     0.12       0.0166796039813677       0.0166796039834809        0.304733365267811         0.35367683841921         0.35367683841921         0.35367683841921      0.00314421378968726       0.0139353835581727       0.0666108587616864      0.00956427070688366      0.00956427070688083      0.00656240950583716
                     0.12        0.016653340588173       0.0166533405876033        0.304575757561529        0.353926963481741        0.353926963481741        0.353926963481741      0.00315064473193324        0.013957894630355       0.0666807468682624      0.00957742107200432      0.00957742107200508      0.00657603082841624
                     0.12       0.0166271569448836       0.0166271569454636        0.304417990062057        0.354177088544272        0.354177088544272        0.354177088544272      0.00315708566587571       0.0139804391656599       0.0667506837863444      0.00959058477003709      0.00959058477003631      0.00658967525244494
                     0.12       0.0166010527547503        0.016601052755317        0.304260063380448        0.354427213606803        0.354427213606803        0.354427213606803      0.00316353660399816       0.0140030171917336       0.0668206694619156      0.00960376181114396      0.00960376181114321      0.00660334278374092
                     0.12       0.0165750277200883       0.0165750277203969        0.304101978119573        0.354677338669335        0.354677338669335        0.354677338669335      0.00316999755873748       0.0140256287363014       0.0668907038346857      0.00961695220548619      0.00961695220548577      0.00661703342812295
                     0.12       0.0165490815476289       0.0165490815479619         0.30394373490642        0.354927463731866        0.354927463731866        0.354927463731866       0.0031764685426208       0.0140482738267865       0.0669607868629519      0.00963015596321706      0.00963015596321661      0.00663074719091689
                     0.12        0.016523213941273       0.0165232139409367        0.303785334332393        0.355177588794397        0.355177588794397        0.355177588794397      0.00318294956801261       0.0140709524910187       0.0670309184864858      0.00964337309449165       0.0096433730944921      0.00664448407786897
                     0.12        0.016497424610738       0.0164974246096083        0.303626777048127        0.355427713856928        0.355427713856928        0.355427713856928      0.00318944064751318       0.0140936647561113       0.0671010986503216      0.00965660360945531      0.00965660360945681      0.00665824409369345
                     0.12       0.0164717132605022       0.0164717132610557        0.303468063657687         0.35567783891946         0.35567783891946         0.35567783891946       0.0031959417935159       0.0141164106497135       0.0671713273002616      0.00966984751825835      0.00966984751825761      0.00667202724369336
                     0.12       0.0164460796017629       0.0164460796020716        0.303309194802232        0.355927963981991        0.355927963981991        0.355927963981991      0.00320245301855654       0.0141391901990208       0.0672416043813972      0.00968310483104017      0.00968310483103976      0.00668583353247746
                     0.12       0.0164205233474841       0.0164205233477031        0.303150171110401        0.356178089044522        0.356178089044522        0.356178089044522      0.00320897433510772        0.014162003431354       0.0673119298389825      0.00969637555793591      0.00969637555793562      0.00669966296472109
                     0.12       0.0163950442105887       0.0163950442096692        0.302990993220692        0.356428214107053        0.356428214107053        0.356428214107053      0.00321550575567033       0.0141848503739053        0.067382303618049       0.0097096597090788      0.00970965970908002      0.00671351554482226
                     0.12       0.0163696419066809       0.0163696419068635        0.302831661784365        0.356678339169585        0.356678339169585        0.356678339169585      0.00322204729278655       0.0142077310536953       0.0674527256633489      0.00972295729459663      0.00972295729459639      0.00672739127685619
                     0.12       0.0163443161498608       0.0163443161502087        0.302672177432595        0.356928464232116        0.356928464232116        0.356928464232116      0.00322859895890274        0.014230645497971       0.0675231959199458      0.00973626832461724      0.00973626832461678      0.00674129016508133
                     0.12       0.0163190666547836       0.0163190666544315        0.302512540831983        0.357178589294647        0.357178589294647        0.357178589294647      0.00323516076659917       0.0142535937335453       0.0675937143322305      0.00974959280926584       0.0097495928092663      0.00675521221308306
                     0.12       0.0162938931419528       0.0162938931419874        0.302352752636914        0.357428714357179        0.357428714357179        0.357428714357179      0.00324173272839601       0.0142765757873497       0.0676642808447659      0.00976293075865804      0.00976293075865799      0.00676915742450801
                     0.12       0.0162687953341886       0.0162687953333396        0.302192813506742         0.35767883941971         0.35767883941971         0.35767883941971      0.00324831485682024       0.0142995916862416       0.0677348954019722      0.00977628218290454      0.00977628218290566      0.00678312580279884
                     0.12        0.016243772947873       0.0162437729484337        0.302032724108012        0.357928964482241        0.357928964482241        0.357928964482241      0.00325490716441669        0.014322641456982       0.0678055579481171      0.00978964709212266      0.00978964709212192      0.00679711735115948
                     0.12       0.0162188257085994       0.0162188257094676        0.301872485098431        0.358179089544772        0.358179089544772        0.358179089544772       0.0032615096636833       0.0143457251264123       0.0678762684275784      0.00980302549641575      0.00980302549641461      0.00681113207280325
                     0.12       0.0161939533388023       0.0161939533393682        0.301712097167208        0.358429214607304        0.358429214607304        0.358429214607304       0.0032681223672338       0.0143688427209894       0.0679470267841405      0.00981641740588949      0.00981641740588875      0.00682516997032709
                     0.12       0.0161691555658008       0.0161691555646703        0.301551560974274        0.358679339669835        0.358679339669835        0.358679339669835      0.00327474528755195       0.0143919942674917       0.0680178329620666      0.00982982283064135      0.00982982283064283      0.00683923104665406
                     0.12       0.0161444321121726       0.0161444321135965        0.301390877231907        0.358929464732366        0.358929464732366        0.358929464732366      0.00328137843732344       0.0144151797920684       0.0680886869046794      0.00984324178077318      0.00984324178077132      0.00685331530376538
                     0.12       0.0161197827102445         0.01611978271052        0.301230046602993        0.359179589794897        0.359179589794897        0.359179589794897      0.00328802182901958       0.0144383993214283       0.0681595885561157      0.00985667426637231      0.00985667426637195      0.00686742274428132
                     0.12       0.0160952070853345       0.0160952070852468        0.301069069770597        0.359429714857429        0.359429714857429        0.359429714857429      0.00329467547518372       0.0144616528820274       0.0682305378601438      0.00987012029753342      0.00987012029753354      0.00688155337038012
                     0.12       0.0160707049712429       0.0160707049700854        0.300907947443904         0.35967983991996         0.35967983991996         0.35967983991996      0.00330133938845435       0.0144849404999906        0.068301534760041       0.0098835798843384       0.0098835798843399      0.00689570718370397
                     0.12        0.016046276093663       0.0160462760942487        0.300746680303245        0.359929964982491        0.359929964982491        0.359929964982491      0.00330801358133852       0.0145082622017722       0.0683725791995552      0.00989705303687789      0.00989705303687713      0.00690988418621574
                     0.12       0.0160219201943912       0.0160219201944012        0.300585269089974        0.360180090045022        0.360180090045022        0.360180090045022      0.00331469806658422       0.0145316180130765       0.0684436711213613      0.00991053976521989      0.00991053976521987      0.00692408437879593
                     0.12       0.0159976370024086       0.0159976370017398        0.300423714479803        0.360430215107554        0.360430215107554        0.360430215107554      0.00332139285665752       0.0145550079603743       0.0685148104692431      0.00992404007944729      0.00992404007944816      0.00693830776322062
                     0.12       0.0159734262511915       0.0159734262515348        0.300262017189737        0.360680340170085        0.360680340170085        0.360680340170085      0.00332809796418188       0.0145784320696277       0.0685859971862481      0.00993755398963546      0.00993755398963502      0.00695255434049116
                     0.12       0.0159492876818149        0.015949287682674        0.300100177939443        0.360930465232616        0.360930465232616        0.360930465232616      0.00333481340178181       0.0146018903667428        0.068657231215361      0.00995108150584818      0.00995108150584707      0.00696682411143699
                     0.12       0.0159252210304998       0.0159252210296714        0.299938197434583        0.361180590295148        0.361180590295148        0.361180590295148      0.00334153918201173       0.0146253828777787       0.0687285124997865      0.00996462263815383       0.0099646226381549      0.00698111707697709
                     0.12       0.0159012260361968       0.0159012260359256        0.299776076411911        0.361430715357679        0.361430715357679        0.361430715357679      0.00334827531754207       0.0146489096284036       0.0687998409821787      0.00997817739661559      0.00997817739661594      0.00699543323741262
                     0.12       0.0158773024396001       0.0158773024401535        0.299613815604072         0.36168084042021         0.36168084042021         0.36168084042021      0.00335502182101463       0.0146724706443178       0.0688712166052501      0.00999174579129272      0.00999174579129201       0.0070097725929783
                     0.12       0.0158534499817679       0.0158534499818598        0.299451415732165        0.361930965482741        0.361930965482741        0.361930965482741      0.00336177870501331       0.0146960659513388       0.0689426393118993       0.0100053278322423       0.0100053278322422       0.0070241351439598
                     0.12       0.0158296684057973       0.0158296684062826        0.299288877530121        0.362181090545273        0.362181090545273        0.362181090545273      0.00336854598216355       0.0147196955751102       0.0690141090447924       0.0100189235295173       0.0100189235295166      0.00703852089031067
                     0.12       0.0158059574565275       0.0158059574578371        0.299126201749576        0.362431215607804        0.362431215607804        0.362431215607804      0.00337532366515079       0.0147433595410483       0.0690856257462855       0.0100325328931665       0.0100325328931648      0.00705292983157468
                     0.12       0.0157823168792967       0.0157823168795842        0.298963389117339        0.362681340670335        0.362681340670335        0.362681340670335      0.00338211176654925       0.0147670578748438       0.0691571893591529       0.0100461559332368       0.0100461559332364       0.0070673619675559
                     0.12       0.0157587464190235       0.0157587464187101        0.298800440392978        0.362931465732866        0.362931465732866        0.362931465732866       0.0033889102990541       0.0147907906017811       0.0692287998256046       0.0100597926597737       0.0100597926597741        0.007081817297411
                     0.12       0.0157352458232593       0.0157352458230453        0.298637356321781        0.363181590795398        0.363181590795398        0.363181590795398      0.00339571927529238       0.0148145577472922       0.0693004570880907       0.0100734430828179       0.0100734430828181      0.00709629582039063
                     0.12       0.0157118148436642        0.015711814844531         0.29847413764951        0.363431715857929        0.363431715857929        0.363431715857929      0.00340253870788272       0.0148383593367797       0.0693721610890468       0.0100871072124032       0.0100871072124021      0.00711079753560721
                     0.12       0.0156884532269166       0.0156884532280134        0.298310785156843         0.36368184092046         0.36368184092046         0.36368184092046      0.00340936860957216       0.0148621953952237       0.0694439117703313       0.0101007850585682       0.0101007850585668      0.00712532244148944
                     0.12       0.0156651607251562       0.0156651607248492         0.29814729960798        0.363931965982991        0.363931965982991        0.363931965982991      0.00341620899303047       0.0148860659477722       0.0695157090740689       0.0101144766313429       0.0101144766313433      0.00713987053659474
                     0.12       0.0156419370921678       0.0156419370922055         0.29798368172269        0.364182091045523        0.364182091045523        0.364182091045523      0.00342305987074106       0.0149099710200735        0.069587552943145       0.0101281819407537       0.0101281819407537      0.00715444182005406
                     0.12       0.0156187820779602       0.0156187820780124        0.297819932336923        0.364432216108054        0.364432216108054        0.364432216108054      0.00342992125563939       0.0149339106363954       0.0696594433184982       0.0101419009968304       0.0101419009968303      0.00716903628902453
                     0.12       0.0155956954395039       0.0155956954389544        0.297656052177504        0.364682341170585        0.364682341170585        0.364682341170585      0.00343679316021468       0.0149578848222635       0.0697313801428992        0.010155633809592       0.0101556338095927      0.00718365394226264
                     0.12       0.0155726769332358       0.0155726769335218        0.297492042045122        0.364932466233117        0.364932466233117        0.364932466233117      0.00344367559724231       0.0149818936023124       0.0698033633579003       0.0101693803890571       0.0101693803890568      0.00719829477722093
                     0.12       0.0155497263133389       0.0155497263138476        0.297327902706721        0.365182591295648        0.365182591295648        0.365182591295648       0.0034505685793498       0.0150059370015612       0.0698753929056241       0.0101831407452454       0.0101831407452448      0.00721295879175644
                     0.12       0.0155268433375728       0.0155268433381102        0.297163634975093        0.365432716358179        0.365432716358179        0.365432716358179      0.00345747211933889       0.0150300150444626       0.0699474687274461       0.0101969148881706       0.0101969148881699      0.00722764598286473
                     0.12       0.0155040277677916       0.0155040277680967        0.296999239583278         0.36568284142071         0.36568284142071         0.36568284142071      0.00346438622968347       0.0150541277563866         0.07001959076608       0.0102107028278397       0.0102107028278394      0.00724235634868037
                     0.12       0.0154812793610453       0.0154812793621345        0.296834717386305        0.365932966483242        0.365932966483242        0.365932966483242      0.00347131092333166       0.0150782751612488        0.070091758962229       0.0102245045742644        0.010224504574263      0.00725708988526181
                     0.12       0.0154585978803261       0.0154585978804441        0.296670069152496        0.366183091545773        0.366183091545773        0.366183091545773      0.00347824621287728       0.0151024572839643       0.0701639732580611       0.0102383201374472       0.0102383201374471      0.00727184658991793
                     0.12       0.0154359830872387       0.0154359830863906        0.296505295678942        0.366433216608304        0.366433216608304        0.366433216608304      0.00348519211101791       0.0151266741490879        0.070236233595281       0.0102521495273912       0.0102521495273922      0.00728662645936739
                     0.12       0.0154134347446624        0.015413434744165        0.296340397773179        0.366683341670835        0.366683341670835        0.366683341670835      0.00349214863048321       0.0151509257810302       0.0703085399154489       0.0102659927540961       0.0102659927540967      0.00730142949003021
                     0.12       0.0153909526170044       0.0153909526170858         0.29617537624465        0.366933466733367        0.366933466733367        0.366933466733367      0.00349911578399995       0.0151752122041593       0.0703808921601177       0.0102798498275584       0.0102798498275583      0.00731625567816397
                     0.12       0.0153685364694466       0.0153685364687883        0.296010231894069        0.367183591795898        0.367183591795898        0.367183591795898      0.00350609358425007       0.0151995334429261       0.0704532902710089       0.0102937207577722       0.0102937207577731      0.00733110502003453
                     0.12       0.0153461860691754       0.0153461860690544        0.295844965550974        0.367433716858429        0.367433716858429        0.367433716858429      0.00351308204402048       0.0152238895214161       0.0705257341893961       0.0103076055547277       0.0103076055547279      0.00734597751131412
                     0.12       0.0153239011836444       0.0153239011833562        0.295679578026939         0.36768384192096         0.36768384192096         0.36768384192096      0.00352008117601665       0.0152482804639097       0.0705982238568835       0.0103215042284132       0.0103215042284136      0.00736087314783111
                     0.12       0.0153016815812317       0.0153016815811586        0.295514070137342        0.367933966983492        0.367933966983492        0.367933966983492      0.00352709099294991       0.0152727062946197       0.0706707592150447       0.0103354167888146       0.0103354167888147       0.0073757919252216
                     0.12       0.0152795270306986       0.0152795270314026        0.295348442722837        0.368184092046023        0.368184092046023        0.368184092046023      0.00353411150762091       0.0152971670374403       0.0707433402050707       0.0103493432459157       0.0103493432459148      0.00739073383858385
                     0.12       0.0152574373027561       0.0152574373016598        0.295182696572363        0.368434217108554        0.368434217108554        0.368434217108554      0.00354114273261767       0.0153216627168567       0.0708159667690425       0.0103632836096966        0.010363283609698      0.00740569888371664
                     0.12       0.0152354121685104       0.0152354121693211        0.295016832552334        0.368684342171086        0.368684342171086        0.368684342171086       0.0035481846808237       0.0153461933564121       0.0708886388477985       0.0103772378901357       0.0103772378901347      0.00742068705504094
                     0.12       0.0152134514043321       0.0152134514056457        0.294850851496017        0.368934467233617        0.368934467233617        0.368934467233617      0.00355523736498285       0.0153707589800218       0.0709613563827688       0.0103912060972031       0.0103912060972015      0.00743569834737926
                     0.12       0.0151915547783398       0.0151915547784122        0.294684754239485        0.369184592296148        0.369184592296148        0.369184592296148      0.00356230079783887       0.0153953596115553       0.0710341193153825       0.0104051882408782       0.0104051882408781      0.00745073275537771
                     0.12       0.0151697220692477       0.0151697220690936         0.29451854160874        0.369434717358679        0.369434717358679        0.369434717358679      0.00356937499208951       0.0154199952749662       0.0711069275872684       0.0104191843311256       0.0104191843311258      0.00746579027371413
                     0.12       0.0151479530498938       0.0151479530485833        0.294352214444541        0.369684842421211        0.369684842421211        0.369684842421211      0.00357645996047944       0.0154446659940238       0.0711797811398688       0.0104331943779158       0.0104331943779175      0.00748087089669765
                     0.12       0.0151262474971637       0.0151262474974062        0.294185773620713        0.369934967483742        0.369934967483742        0.369934967483742      0.00358355571642468       0.0154693717920773       0.0712526799187147       0.0104472183912133        0.010447218391213       0.0074959746179716
                     0.12       0.0151046051920955       0.0151046051920212        0.294019219970057        0.370185092546273        0.370185092546273        0.370185092546273        0.003590662271516       0.0154941126929413       0.0713256238562584       0.0104612563809757       0.0104612563809758      0.00751110143171167
                     0.12       0.0150830259094444       0.0150830259097025        0.293852554350182        0.370435217608804        0.370435217608804        0.370435217608804      0.00359777963909179       0.0155188887201198       0.0713986128984398       0.0104753083571675       0.0104753083571671      0.00752625133156169
                     0.12       0.0150615094293867       0.0150615094293827        0.293685777611106        0.370685342671336        0.370685342671336        0.370685342671336      0.00360490783189768       0.0155436998971824       0.0714716469867492       0.0104893743297447       0.0104893743297447      0.00754142431115803
                     0.12       0.0150400555340023       0.0150400555341308         0.29351889062861        0.370935467733867        0.370935467733867        0.370935467733867      0.00361204686277171       0.0155685462473696       0.0715447260623174         0.01050345430866       0.0105034543086599      0.00755662036358883
                     0.12       0.0150186640028983       0.0150186640026362        0.293351894254455        0.371185592796398        0.371185592796398        0.371185592796398      0.00361919674444758       0.0155934277941903       0.0716178500667149       0.0105175483038678       0.0105175483038682      0.00757183948220142
                     0.12       0.0149973346178239        0.014997334618382        0.293184789375309        0.371435717858929        0.371435717858929        0.371435717858929      0.00362635748978735       0.0156183445607154        0.071691018941013       0.0105316563253186       0.0105316563253179      0.00758708165964618
                     0.12       0.0149760671647019       0.0149760671652484        0.293017576821205        0.371685842921461        0.371685842921461        0.371685842921461      0.00363352911142572       0.0156432965706638       0.0717642326272597       0.0105457783829562       0.0105457783829555      0.00760234688936413
                     0.12       0.0149548614277934       0.0149548614278653         0.29285025748515        0.371935967983992        0.371935967983992        0.371935967983992      0.00364071162223144       0.0156682838469886        0.071837491066539       0.0105599144867255       0.0105599144867254      0.00761763516364304
                     0.12       0.0149337171887409       0.0149337171883682         0.29268283225286        0.372186093046523        0.372186093046523        0.372186093046523      0.00364790503503717        0.015693306412712       0.0719107942001351       0.0105740646465734       0.0105740646465738      0.00763294647475889
                     0.12       0.0149126342375634       0.0149126342382228        0.292515301996519        0.372436218109054        0.372436218109054        0.372436218109054       0.0036551093626161       0.0157183642909855       0.0719841419696042       0.0105882288724349       0.0105882288724341      0.00764828081507852
                     0.12        0.014891612360048       0.0148916123594678        0.292347667596782        0.372686343171586        0.372686343171586        0.372686343171586      0.00366232461776392       0.0157434575048483       0.0720575343164382       0.0106024071742493         0.01060240717425      0.00766363817670165
                     0.12       0.0148706513416121        0.014870651341004        0.292179929922586        0.372936468234117        0.372936468234117        0.372936468234117      0.00366955081322429       0.0157685860774544       0.0721309711823893        0.010616599561955       0.0106165995619557       0.0076790185517905
                     0.12       0.0148497509753461       0.0148497509753436        0.292012089871591        0.373186593296648        0.373186593296648        0.373186593296648      0.00367678796184419         0.01579375003159       0.0722044525088152       0.0106308060454797       0.0106308060454797      0.00769442193190968
                     0.12       0.0148289110461746       0.0148289110463276        0.291844148343196         0.37343671835918         0.37343671835918         0.37343671835918      0.00368403607646769       0.0158189493900106       0.0722779782371328         0.01064502663476       0.0106450266347598      0.00770984830846628
                     0.12       0.0148081313488577       0.0148081313489923        0.291676106225139        0.373686843421711        0.373686843421711        0.373686843421711      0.00369129516988784       0.0158441841755769       0.0723515483090095       0.0106592613397193       0.0106592613397191      0.00772529767292951
                     0.12       0.0147874116739418       0.0147874116731997        0.291507964395654        0.373936968484242        0.373936968484242        0.373936968484242      0.00369856525485262       0.0158694544112479       0.0724251626663469       0.0106735101702847       0.0106735101702856      0.00774077001679649
                     0.12       0.0147667518117071       0.0147667518109389        0.291339723768794        0.374187093546773        0.374187093546773        0.374187093546773      0.00370584634423991       0.0158947601195364        0.072498821250558       0.0106877731363827       0.0106877731363836      0.00775626533084996
                     0.12       0.0147461515585994       0.0147461515590113        0.291171385237046        0.374437218609305        0.374437218609305        0.374437218609305      0.00371313845083802       0.0159201013231839       0.0725725240034731       0.0107020502479309       0.0107020502479304      0.00777178360609815
                     0.12       0.0147256107068018       0.0147256107066653        0.291002949714916        0.374687343671836        0.374687343671836        0.374687343671836      0.00372044158751123       0.0159454780446579       0.0726462708666685       0.0107163415148512       0.0107163415148513      0.00778732483306072
                     0.12       0.0147051290500887       0.0147051290499378        0.290834418095102        0.374937468734367        0.374937468734367        0.374937468734367      0.00372775576703303       0.0159708903066592       0.0727200617821407        0.010730646947062       0.0107306469470622      0.00780288900248812
                     0.12       0.0146847063873601       0.0146847063872901        0.290665791285408        0.375187593796898        0.375187593796898        0.375187593796898      0.00373508100222893       0.0159963381316847       0.0727938966917385       0.0107449665544746       0.0107449665544747      0.00781847610475619
                     0.12       0.0146643425139127       0.0146643425143725        0.290497070216033         0.37543771885943         0.37543771885943         0.37543771885943      0.00374241730600101       0.0160218215419492       0.0728677755370457       0.0107593003470035        0.010759300347003      0.00783408612974557
                     0.12       0.0146440372294446       0.0146440372288702        0.290328255783899        0.375687843921961        0.375687843921961        0.375687843921961      0.00374976469111815       0.0160473405600383       0.0729416982602596       0.0107736483345566       0.0107736483345573       0.0078497190677579
                     0.12       0.0146237903282814       0.0146237903282089        0.290159348901077        0.375937968984492        0.375937968984492        0.375937968984492       0.0037571231703996       0.0160728952083415       0.0730156648034367       0.0107880105270472       0.0107880105270473      0.00786537490871995
                     0.12       0.0146036016122103       0.0146036016131057        0.289990350497243        0.376188094047023        0.376188094047023        0.376188094047023      0.00376449275672528       0.0160984855090123       0.0730896751084454       0.0108023869343785       0.0108023869343774      0.00788105364214253
                     0.12       0.0145834708826355       0.0145834708830964        0.289821261482816        0.376438219109555        0.376438219109555        0.376438219109555      0.00377187346289535       0.0161241114844141       0.0731637291175573        0.010816777566453       0.0108167775664525      0.00789675525772849
                     0.12        0.014563397938611       0.0145633979383851        0.289652082787094        0.376688344172086        0.376688344172086        0.376688344172086      0.00377926530177392        0.016149773156667       0.0732378267728424       0.0108311824331749       0.0108311824331752       0.0079124797447442
                     0.12       0.0145433825806952       0.0145433825811534         0.28948281533221        0.376938469234617        0.376938469234617        0.376938469234617      0.00378666828619145       0.0161754705479541       0.0733119680165805       0.0108456015444455        0.010845601544445      0.00792822709244949
                     0.12       0.0145234246142675       0.0145234246134605        0.289313460047145        0.377188594297149        0.377188594297149        0.377188594297149      0.00379408242899933       0.0162012036803545        0.073386152791054       0.0108600349101592       0.0108600349101602      0.00794399728986664
                     0.12       0.0145035238404726       0.0145035238412123        0.289144017855626         0.37743871935968         0.37743871935968         0.37743871935968       0.0038015077430212       0.0162269725759901       0.0734603810387202       0.0108744825402144       0.0108744825402135       0.0079597903259808
                     0.12       0.0144836800664522        0.014483680066077        0.288974489716378        0.377688844422211        0.377688844422211        0.377688844422211      0.00380894424120749        0.016252777256546       0.0735346527016067       0.0108889444445011       0.0108889444445016      0.00797560618907376
                     0.12        0.014463893094846       0.0144638930956714        0.288804876540914        0.377938969484742        0.377938969484742        0.377938969484742      0.00381639193632402       0.0162786177442477       0.0736089677225782       0.0109034206329138       0.0109034206329129      0.00799144486808558
                     0.12       0.0144441627323888       0.0144441627323219        0.288635179244768        0.378189094547274        0.378189094547274        0.378189094547274      0.00382385084114488        0.016304494061254       0.0736833260445369        0.010917911115341        0.010917911115341      0.00800730635176768
                     0.12       0.0144244887861534       0.0144244887861818        0.288465398812263        0.378439219609805        0.378439219609805        0.378439219609805      0.00383132096869913       0.0163304062288817       0.0737577276094431       0.0109324159016694       0.0109324159016694       0.0080231906276075
                     0.12       0.0144048710630895       0.0144048710625888          0.2882955361511        0.378689344672336        0.378689344672336        0.378689344672336      0.00383880233171992       0.0163563542693414       0.0738321723605449       0.0109469350017853       0.0109469350017859      0.00803909768424134
                     0.12       0.0143853093708816       0.0143853093714338         0.28812559221811        0.378939469734867        0.378939469734867        0.378939469734867      0.00384629494312014       0.0163823382042372       0.0739066602404488       0.0109614684255727        0.010961468425572      0.00805502750936816
                     0.12        0.014365803519489       0.0143658035192757        0.287955567961269        0.379189594797399        0.379189594797399        0.379189594797399      0.00385379881577343       0.0164083580552595       0.0739811911920145       0.0109760161829119       0.0109760161829121      0.00807098009071211
                     0.12       0.0143463533173878       0.0143463533173732        0.287785464304227         0.37943971985993         0.37943971985993         0.37943971985993      0.00386131396245663       0.0164344138443666        0.074055765158587       0.0109905782836839        0.010990578283684      0.00808695541628114
                     0.12       0.0143269585765757       0.0143269585762502        0.287615282214412        0.379689844922461        0.379689844922461        0.379689844922461      0.00386884039610572       0.0164605055929753       0.0741303820829631       0.0110051547377647       0.0110051547377651      0.00810295347323406
                     0.12       0.0143076191085212        0.014307619108667        0.287445022637346        0.379939969984992        0.379939969984992        0.379939969984992      0.00387637812956904       0.0164866333227426       0.0742050419083935       0.0110197455550297       0.0110197455550295      0.00811897424897376
                     0.12        0.014288334724735       0.0142883347243424         0.28727468654026        0.380190095047524        0.380190095047524        0.380190095047524       0.0038839271757711       0.0165127970550498       0.0742797445779288       0.0110343507453532       0.0110343507453536      0.00813501773042126
                     0.12       0.0142691052378645       0.0142691052373477        0.287104274854761        0.380440220110055        0.380440220110055        0.380440220110055      0.00389148754749662       0.0165389968116794       0.0743544900352659       0.0110489703186072       0.0110489703186078      0.00815108390497223
                     0.12       0.0142499304609047       0.0142499304612415        0.286933788549189        0.380690345172586        0.380690345172586        0.380690345172586      0.00389905925766437       0.0165652326139584       0.0744292782236874       0.0110636042846622       0.0110636042846618      0.00816717275929056
                     0.12       0.0142308102102628       0.0142308102102414        0.286763228576151        0.380940470235118        0.380940470235118        0.380940470235118      0.00390664231912891       0.0165915044833791       0.0745041090868334       0.0110782526533839       0.0110782526533839      0.00818328428018401
                     0.12       0.0142117442997785       0.0142117442995388        0.286592595898645        0.381190595297649        0.381190595297649        0.381190595297649      0.00391423674477798       0.0166178124412924       0.0745789825683135       0.0110929154346398         0.01109291543464      0.00819941845416856
                     0.12       0.0141927325453692       0.0141927325449219        0.286421891483498         0.38144072036018         0.38144072036018         0.38144072036018      0.00392184254750981       0.0166441565089833       0.0746538986118172       0.0111075926382939       0.0111075926382944      0.00821557526757815
                     0.12       0.0141737747636184       0.0141737747639102        0.286251116267295        0.381690845422711        0.381690845422711        0.381690845422711      0.00392945974010488       0.0166705367080763       0.0747288571616117       0.0111222842742086       0.0111222842742083      0.00823175470713585
                     0.12       0.0141548707725827        0.014154870772505        0.286080271254965        0.381940970485243        0.381940970485243        0.381940970485243      0.00393708833559344       0.0166969532037814       0.0748038581610785       0.0111369903522437       0.0111369903522437      0.00824795675830338
                     0.12       0.0141360203895683       0.0141360203889946        0.285909357386839        0.382191095547774        0.382191095547774        0.382191095547774      0.00394472834676148       0.0167234057291047       0.0748789015547025       0.0111517108822585       0.0111517108822591       0.0082641814075079
                     0.12        0.014117223433943       0.0141172234338584        0.285738375634832        0.382441220610305        0.382441220610305        0.382441220610305      0.00395237978650799       0.0167498944493104        0.074953987286627       0.0111664458741092       0.0111664458741093      0.00828042864053169
                     0.12       0.0140984797238655       0.0140984797240914        0.285567326968124        0.382691345672836        0.382691345672836        0.382691345672836      0.00396004266771673       0.0167764193855608       0.0750291153011798       0.0111811953376525       0.0111811953376522       0.0082966984430873
                     0.12       0.0140797890820004       0.0140797890817732        0.285396212356943        0.382941470735368        0.382941470735368        0.382941470735368      0.00396771700327266       0.0168029805589813       0.0751042855428092       0.0111959592827387        0.011195959282739      0.00831299080075482
                     0.12       0.0140611513272391       0.0140611513270033        0.285225032766963        0.383191595797899        0.383191595797899        0.383191595797899      0.00397540280603848       0.0168295779907369       0.0751794979561707       0.0112107377192216       0.0112107377192219      0.00832930569907645
                     0.12       0.0140425662806193       0.0140425662807717        0.285053789187773         0.38344172086043         0.38344172086043         0.38344172086043      0.00398310008896254       0.0168562117016882       0.0752547524857169       0.0112255306569516       0.0112255306569515      0.00834564312307829
                     0.12       0.0140240337670401       0.0140240337675294        0.284882482572422        0.383691845922961        0.383691845922961        0.383691845922961      0.00399080886485431       0.0168828817131081       0.0753300490765747       0.0112403381057737       0.0112403381057731      0.00836200305828758
                     0.12       0.0140055536092405       0.0140055536093723        0.284711113925055        0.383941970985493        0.383941970985493        0.383941970985493      0.00399852914670787       0.0169095880456463       0.0754053876732705       0.0112551600755342       0.0112551600755341      0.00837838548925865
                     0.12       0.0139871256300343       0.0139871256297545        0.284539684205008        0.384192096048024        0.384192096048024        0.384192096048024      0.00400626094734836       0.0169363307204673       0.0754807682211359       0.0112699965760788       0.0112699965760792      0.00839479040118771
                     0.12         0.01396874965373       0.0139687496535147        0.284368194387504        0.384442221110555        0.384442221110555        0.384442221110555       0.0040140042796564        0.016963109758527        0.075556190665417       0.0112848476172503       0.0112848476172505      0.00841121777889177
                     0.12       0.0139504255049352       0.0139504255051729        0.284196645454842        0.384692346173087        0.384692346173087        0.384692346173087      0.00402175915653474       0.0169899251806796       0.0756316549514041       0.0112997132088901       0.0112997132088899      0.00842766760695721
                     0.12       0.0139321530105996       0.0139321530096041          0.2840250383879        0.384942471235618        0.384942471235618        0.384942471235618       0.0040295255908789        0.017016777007777       0.0757071610245685       0.0113145933608364       0.0113145933608375      0.00844413986988343
                     0.12       0.0139139319972233       0.0139139319962408         0.28385337417513        0.385192596298149        0.385192596298149        0.385192596298149      0.00403730359560802       0.0170436652605615       0.0757827088304133       0.0113294880829265       0.0113294880829276      0.00846063455193159
                     0.12       0.0138957622909893       0.0138957622909741        0.283681653805984         0.38544272136068         0.38544272136068         0.38544272136068      0.00404509318364207       0.0170705899597481       0.0758582983145908       0.0113443973849974       0.0113443973849975      0.00847715163723583
                     0.12       0.0138776437215882       0.0138776437211706        0.283509878250862        0.385692846423212        0.385692846423212        0.385692846423212      0.00405289436782864       0.0170975511262592       0.0759339294231836       0.0113593212768814       0.0113593212768819      0.00849369111014333
                     0.12       0.0138595761156212       0.0138595761152588        0.283338048492083        0.385942971485743        0.385942971485743        0.385942971485743        0.004060707161056        0.017124548780859       0.0760096021022593        0.011374259768413       0.0113742597684135      0.00851025295469131
                     0.12       0.0138415593027045       0.0138415593028585        0.283166165513057        0.386193096548274        0.386193096548274        0.386193096548274      0.00406853157621361       0.0171515829442797       0.0760853162980245       0.0113892128694227       0.0113892128694226      0.00852683715479059
                     0.12       0.0138235931142899       0.0138235931140787        0.282994230328656        0.386443221610805        0.386443221610805        0.386443221610805      0.00407636762630423       0.0171786536368605        0.076161071956402       0.0114041805897379       0.0114041805897381      0.00854344369371114
                     0.12       0.0138056773793811        0.013805677379754        0.282822243902383        0.386693346673337        0.386693346673337        0.386693346673337      0.00408421532413929        0.017205760879537       0.0762368690242074       0.0114191629391878       0.0114191629391874      0.00856007255548632
                     0.12       0.0137878119296328       0.0137878119296008        0.282650207225663        0.386943471735868        0.386943471735868        0.386943471735868      0.00409207468263065       0.0172329046928949       0.0763127074480244       0.0114341599275979       0.0114341599275979      0.00857672372357011
                     0.12       0.0137699965963582        0.013769996596109        0.282478121292826        0.387193596798399        0.387193596798399        0.387193596798399      0.00409994571469818       0.0172600850974673       0.0763885871745563        0.011449171564793       0.0114491715647933      0.00859339718126135
                     0.12       0.0137522312131778       0.0137522312131175        0.282305987102746         0.38744372186093         0.38744372186093         0.38744372186093       0.0041078284332763       0.0172873021137151       0.0764645081506071       0.0114641978605947       0.0114641978605947      0.00861009291167619
                     0.12       0.0137345156108138       0.0137345156113202        0.282133805623748        0.387693846923462        0.387693846923462        0.387693846923462      0.00411572285118616       0.0173145557624505       0.0765404703235895       0.0114792388248267       0.0114792388248261      0.00862681089834534
                     0.12       0.0137168496252885        0.013716849625753        0.281961577863638        0.387943971985993        0.387943971985993        0.387943971985993      0.00412362898139113       0.0173418460639938        0.076616473640518       0.0114942944673061       0.0114942944673055      0.00864355112402471
                     0.12        0.013699233091645       0.0136992330918804        0.281789304814354        0.388194097048524        0.388194097048524        0.388194097048524       0.0041315468367944       0.0173691730388389          0.0766925180488       0.0115093647978501       0.0115093647978498      0.00866031357163625
                     0.12       0.0136816658428316       0.0136816658429472        0.281616987476977        0.388444222111056        0.388444222111056        0.388444222111056      0.00413947643033128       0.0173965367073575       0.0767686034958978       0.0115244498262774       0.0115244498262773       0.0086770982238435
                     0.12        0.013664147716522       0.0136641477166293        0.281444626816907        0.388694347173587        0.388694347173587        0.388694347173587      0.00414741777480597       0.0174239370903259       0.0768447299299347       0.0115395495624008       0.0115395495624007      0.00869390506381549
                     0.12       0.0136466785456587       0.0136466785464774         0.28127222385849        0.388944472236118        0.388944472236118        0.388944472236118       0.0041553708832342       0.0174513742078077       0.0769208972983891       0.0115546640160373       0.0115546640160363      0.00871073407361576
                     0.12        0.013629258170822       0.0136292581705556        0.281099779581721        0.389194597298649        0.389194597298649        0.389194597298649      0.00416333576847096       0.0174788480803728       0.0769971055495328       0.0115697931969944       0.0115697931969947      0.00872758523596237
                     0.12       0.0136118864279043       0.0136118864277818        0.280927294978549        0.389444722361181        0.389444722361181        0.389444722361181      0.00417131244341244       0.0175063587284356       0.0770733546316448       0.0115849371150844       0.0115849371150846      0.00874445853326957
                     0.12       0.0135945631553219       0.0135945631552963        0.280754771059054        0.389694847423712        0.389694847423712        0.389694847423712      0.00417930092101958       0.0175339061721792       0.0771496444929342       0.0116000957801158       0.0116000957801158      0.00876135394754244
                     0.12        0.013577288191321       0.0135772881917437        0.280582208812795        0.389944972486243        0.389944972486243        0.389944972486243        0.004187301214178       0.0175614904320159       0.0772259750820728       0.0116152692018962       0.0116152692018957      0.00877827146103711
                     0.12       0.0135600613760798        0.013560061376339        0.280409609223294        0.390195097548774        0.390195097548774        0.390195097548774      0.00419531333575112        0.017589111528414       0.0773023463479966       0.0116304573902305       0.0116304573902302      0.00879521105601477
                     0.12       0.0135428825491876       0.0135428825499538        0.280236973298027        0.390445222611306        0.390445222611306        0.390445222611306       0.0042033372986875       0.0176167694815408       0.0773787582394882       0.0116456603549235       0.0116456603549226      0.00881217271422959
                     0.12       0.0135257515516352       0.0135257515513909        0.280064302047087        0.390695347673837        0.390695347673837        0.390695347673837      0.00421137311594495       0.0176444643115188       0.0774552107054863       0.0116608781057774       0.0116608781057777       0.0088291564172934
                     0.12        0.013508668224684       0.0135086682251423        0.279891596455254        0.390945472736368        0.390945472736368        0.390945472736368      0.00421942080038896       0.0176721960387547       0.0775317036954499       0.0116761106525936        0.011676110652593      0.00884616214715465
                     0.12       0.0134916324077983       0.0134916324082588        0.279718857508749        0.391195597798899        0.391195597798899        0.391195597798899      0.00422748036488986       0.0176999646836295       0.0776082371590137       0.0116913580051743       0.0116913580051738      0.00886318988564168
                     0.12       0.0134746439474597       0.0134746439468001        0.279546086232563        0.391445722861431        0.391445722861431        0.391445722861431       0.0042355518224578       0.0177277702660388       0.0776848110454616       0.0117066201733134       0.0117066201733141      0.00888023961382356
                     0.12       0.0134577026830643       0.0134577026837479        0.279373283599667        0.391695847923962        0.391695847923962        0.391695847923962      0.00424363518591556       0.0177556128064906       0.0777614253049799       0.0117218971668119       0.0117218971668111      0.00889731131356607
                     0.12       0.0134408084606454       0.0134408084599708        0.279200450618909        0.391945972986493        0.391945972986493        0.391945972986493        0.004251730468214       0.0177834923250491       0.0778380798874504       0.0117371889954625       0.0117371889954632      0.00891440496602647
                     0.12       0.0134239611210959       0.0134239611214495        0.279027588281347        0.392196098049024        0.392196098049024        0.392196098049024      0.00425983768224088       0.0178114086847951       0.0779147747431915       0.0117524956690629       0.0117524956690625      0.00893152055257393
                     0.12        0.013407160513354       0.0134071605132433        0.278854697602169        0.392446223111556        0.392446223111556        0.392446223111556      0.00426795684097042       0.0178393622197266       0.0779915098223797        0.011767817197401       0.0117678171974011       0.0089486580540709
                     0.12       0.0133904064793364       0.0133904064797863        0.278681779546583        0.392696348174087        0.392696348174087        0.392696348174087      0.00427608795719789       0.0178673527935312       0.0780682850760627        0.011783153590272       0.0117831535902715      0.00896581745214648
                     0.12       0.0133736988669259       0.0133736988669253         0.27850883515106        0.392946473236618        0.392946473236618        0.392946473236618      0.00428423104397397       0.0178953804258877       0.0781451004545195       0.0117985048574634       0.0117985048574634      0.00898299872711444
                     0.12       0.0133570375220134       0.0133570375223364        0.278335865387473         0.39319659829915         0.39319659829915         0.39319659829915      0.00429238611411924       0.0179234451372327        0.078221955909093       0.0118138710087643       0.0118138710087639      0.00900020186030814
                     0.12       0.0133404222902435       0.0133404222904676        0.278162871258568        0.393446723361681        0.393446723361681        0.393446723361681      0.00430055318056469       0.0179515469476245       0.0782988513909093       0.0118292520539634       0.0118292520539631      0.00901742683244079
                     0.12       0.0133238530220292       0.0133238530214793        0.277989853780868        0.393696848424212        0.393696848424212        0.393696848424212      0.00430873225629119       0.0179796858769383        0.078375786851099       0.0118446480028431       0.0118446480028437      0.00903467362389911
                     0.12       0.0133073295623639       0.0133073295626819        0.277816813914927        0.393946973486743        0.393946973486743        0.393946973486743       0.0043169233540812       0.0180078619457101       0.0784527622417445       0.0118600588651915       0.0118600588651911      0.00905194221594524
                     0.12       0.0132908517623497       0.0132908517625935        0.277643752691571        0.394197098549275        0.394197098549275        0.394197098549275      0.00432512648696814       0.0180360751736213       0.0785297775141873       0.0118754846507887       0.0118754846507884      0.00906923258854359
                     0.12       0.0132744194720208       0.0132744194718168        0.277470671095896        0.394447223611806        0.394447223611806        0.394447223611806      0.00433334166782404       0.0180643255808866       0.0786068326205763       0.0118909253694156       0.0118909253694158      0.00908654472235925
                     0.12       0.0132580325373626       0.0132580325380126        0.277297570118086        0.394697348674337        0.394697348674337        0.394697348674337      0.00434156890953932       0.0180926131876526        0.078683927513195       0.0119063810308567       0.0119063810308559      0.00910387859788369
                     0.12       0.0132416908117092       0.0132416908114923        0.277124450751683        0.394947473736868        0.394947473736868        0.394947473736868      0.00434980822501855       0.0181209380140087       0.0787610621444802       0.0119218516448877       0.0119218516448879      0.00912123419546518
                     0.12       0.0132253941450785       0.0132253941454194        0.276951314014891          0.3951975987994          0.3951975987994          0.3951975987994      0.00435805962725457       0.0181493000797392       0.0788382364667475       0.0119373372212872       0.0119373372212868      0.00913861149494135
                     0.12       0.0132091423900356       0.0132091423907207        0.276778160886127        0.395447723861931        0.395447723861931        0.395447723861931      0.00436632312910139        0.018177699405092       0.0789154504330433       0.0119528377698304       0.0119528377698296      0.00915601047675257
                     0.12       0.0131929353979627       0.0131929353978392        0.276604992355657        0.395697848924462        0.395697848924462        0.395697848924462      0.00437459874345523       0.0182061360101639       0.0789927039964532       0.0119683533002929       0.0119683533002931      0.00917343112105162
                     0.12       0.0131767730183686       0.0131767730192379        0.276431809423074        0.395947973986993        0.395947973986993        0.395947973986993      0.00438288648324772       0.0182346099149296        0.079069997110154       0.0119838838224519       0.0119838838224509      0.00919087340774748
                     0.12       0.0131606551116578       0.0131606551113263        0.276258613087563        0.396198099049525        0.396198099049525        0.396198099049525      0.00439118636141252       0.0182631211393499       0.0791473297275326       0.0119994293460716       0.0119994293460719      0.00920833731667414
                     0.12       0.0131445815234407       0.0131445815235555        0.276085404335006        0.396448224112056        0.396448224112056        0.396448224112056      0.00439949839083423       0.0182916697035467       0.0792247018023485       0.0120149898809319       0.0120149898809318      0.00922582282781466
                     0.12       0.0131285521127535       0.0131285521126184        0.275912184158027        0.396698349174587        0.396698349174587        0.396698349174587      0.00440782258442728       0.0183202556275395       0.0793021132884915       0.0120305654367975       0.0120305654367976      0.00924332992095506
                     0.12       0.0131125667328839       0.0131125667327982        0.275738953559186        0.396948474237119        0.396948474237119        0.396948474237119      0.00441615895514098       0.0183488789312243       0.0793795641399256       0.0120461560234383       0.0120461560234384       0.0092608585756296
                     0.12       0.0130966252395723       0.0130966252394607        0.275565713516736         0.39719859929965         0.39719859929965         0.39719859929965      0.00442450751584176       0.0183775396347752       0.0794570543111366       0.0120617616506212       0.0120617616506213      0.00927840877171456
                     0.12        0.013080727487708       0.0130807274879088        0.275392465037476        0.397448724362181        0.397448724362181        0.397448724362181      0.00443286827949918       0.0184062377580173       0.0795345837564618       0.0120773823281131       0.0120773823281128      0.00929598048851343
                     0.12       0.0130648733343753       0.0130648733338447         0.27521920908265        0.397698849424712        0.397698849424712        0.397698849424712      0.00444124125892444       0.0184349733213081       0.0796121524310207       0.0120930180656778       0.0120930180656784      0.00931357370604207
                     0.12       0.0130490626356706       0.0130490626353581         0.27504594667817        0.397948974487244        0.397948974487244        0.397948974487244      0.00444962646715879       0.0184637463442241       0.0796897602893274       0.0121086688730797       0.0121086688730801      0.00933118840311809
                     0.12       0.0130332952497696       0.0130332952497809          0.2748726787749        0.398199099549775        0.398199099549775        0.398199099549775      0.00445802391698333       0.0184925568472275       0.0797674072870631       0.0121243347600802       0.0121243347600802      0.00934882455978514
                     0.12       0.0130175710333868       0.0130175710337921        0.274699406388472        0.398449224612306        0.398449224612306        0.398449224612306      0.00446643362140768       0.0185214048500003       0.0798450933792962       0.0121400157364416       0.0121400157364411      0.00936648215488765
                     0.12       0.0130018898458156       0.0130018898461185        0.274526130485163        0.398699349674837        0.398699349674837        0.398699349674837      0.00447485559327303       0.0185502903728026       0.0799228185219408       0.0121557118119226       0.0121557118119222      0.00938416116805247
                     0.12       0.0129862515455918       0.0129862515457933        0.274352852065139        0.398949474737369        0.398949474737369        0.398949474737369      0.00448328984554043       0.0185792134354821       0.0800005826706874       0.0121714229962822        0.012171422996282      0.00940186157824414
                     0.12       0.0129706559929234       0.0129706559928095        0.274179572118088          0.3991995997999          0.3991995997999          0.3991995997999      0.00449173639113869        0.018608174058002       0.0800783857815844       0.0121871492992769       0.0121871492992771        0.009419583364536
                     0.12       0.0129551030455891       0.0129551030451853        0.274006291601845        0.399449724862431        0.399449724862431        0.399449724862431      0.00450019524288783       0.0186371722607004       0.0801562278112933       0.0122028907306653       0.0122028907306658      0.00943732650648337
                     0.12       0.0129395925660776       0.0129395925663884        0.273833011514538        0.399699849924962        0.399699849924962        0.399699849924962      0.00450866641375242       0.0186662080634212       0.0802341087161832       0.0122186473002001       0.0122186473001998      0.00945509098286936
                     0.12       0.0129241244144623       0.0129241244146764        0.273659732837901        0.399949974987494        0.399949974987494        0.399949974987494      0.00451714991664267       0.0186952814862011       0.0803120284530526       0.0122344190176359       0.0122344190176357      0.00947287677269146
                     0.12       0.0129086984511861       0.0129086984514907        0.273486456554791        0.400200100050025        0.400200100050025        0.400200100050025      0.00452564576447575       0.0187243925490541       0.0803899869788977       0.0122502058927265       0.0122502058927262      0.00949068385485765
                     0.12       0.0128933145395634       0.0128933145398714        0.273313183645311        0.400450225112556        0.400450225112556        0.400450225112556      0.00453415397016407       0.0187535412720177       0.0804679842509748       0.0122660079352217       0.0122660079352214      0.00950851220825462
                     0.12       0.0128779725425244       0.0128779725424665        0.273139915077451        0.400700350175088        0.400700350175088        0.400700350175088      0.00454267454658086       0.0187827276752675       0.0805460202269032       0.0122818251548713       0.0122818251548713      0.00952636181191187
                     0.12       0.0128626723204967       0.0128626723202985        0.272966651830509        0.400950475237619        0.400950475237619        0.400950475237619      0.00455120750664235       0.0188119517788401       0.0806240948643886        0.012297657561427       0.0122976575614272      0.00954423264459423
                     0.12       0.0128474137388705       0.0128474137392891        0.272793394880343         0.40120060030015         0.40120060030015         0.40120060030015       0.0045597528632571       0.0188412136028014       0.0807022081213923       0.0123135051646346       0.0123135051646341      0.00956212468505961
                     0.12       0.0128321966609413       0.0128321966618693        0.272620145222688        0.401450725362681        0.401450725362681        0.401450725362681      0.00456831062940628       0.0188705131669772       0.0807803599558629       0.0123293679742415       0.0123293679742405      0.00958003791165279
                     0.12       0.0128170209502978       0.0128170209502786        0.272446903793729        0.401700850425213        0.401700850425213        0.401700850425213      0.00457688081786836       0.0188998504918977       0.0808585503266901       0.0123452459999943       0.0123452459999943      0.00959797230369254
                     0.12       0.0128018864732383       0.0128018864726383        0.272273671581825        0.401950975487744        0.401950975487744        0.401950975487744      0.00458546344160803       0.0189292255974603       0.0809367791923539       0.0123611392516359       0.0123611392516365      0.00961592783952256
                     0.12       0.0127867930935933       0.0127867930929693        0.272100449554316        0.402201100550275        0.402201100550275        0.402201100550275      0.00459405851352032       0.0189586385038115       0.0810150465118123       0.0123770477389113        0.012377047738912      0.00963390449778958
                     0.12       0.0127717406771739       0.0127717406773066        0.271927238689242        0.402451225612806        0.402451225612806        0.402451225612806      0.00460266604654205       0.0189880892309625       0.0810933522441181       0.0123929714715627       0.0123929714715626      0.00965190225689033
                     0.12       0.0127567290916359       0.0127567290914108        0.271754039942053        0.402701350675338        0.402701350675338        0.402701350675338      0.00461128605353675       0.0190175777991883       0.0811716963488207       0.0124089104593299       0.0124089104593301        0.009669921095554
                     0.12       0.0127417582024078       0.0127417582032063        0.271580854301717        0.402951475737869        0.402951475737869        0.402951475737869      0.00461991854748751       0.0190471042283595       0.0812500787852901       0.0124248647119543       0.0124248647119534      0.00968796099186223
                     0.12       0.0127268278777317       0.0127268278781476        0.271407682709159          0.4032016008004          0.4032016008004          0.4032016008004      0.00462856354121681       0.0190766685389145       0.0813284995136976       0.0124408342391737       0.0124408342391733      0.00970602192467613
                     0.12       0.0127119379841621       0.0127119379843628        0.271234526127224        0.403451725862931        0.403451725862931        0.403451725862931       0.0046372210476277       0.0191062707510258       0.0814069584941793       0.0124568190507273       0.0124568190507271      0.00972410387241369
                     0.12        0.012697088390489       0.0126970883912912        0.271061385527776        0.403701850925463        0.403701850925463        0.403701850925463       0.0046458910796589       0.0191359108847521       0.0814854556869862       0.0124728191563511       0.0124728191563502      0.00974220681327565
                     0.12       0.0126822789652958       0.0126822789645626        0.270888261858272        0.403951975987994        0.403951975987994        0.403951975987994      0.00465457365017041       0.0191655889604417       0.0815639910528926       0.0124888345657807       0.0124888345657815      0.00976033072583172
                     0.12       0.0126675095764056       0.0126675095758994        0.270715156085524        0.404202101050525        0.404202101050525        0.404202101050525      0.00466326877209304       0.0191953049982051       0.0816425645526591       0.0125048652887523       0.0125048652887528      0.00977847558825502
                     0.12       0.0126527800948259       0.0126527800961118        0.270542069165888        0.404452226113056        0.404452226113056        0.404452226113056      0.00467197645832824       0.0192250590182732       0.0817211761474078       0.0125209113349976       0.0125209113349962      0.00979664137884487
                     0.12       0.0126380903913874       0.0126380903914823        0.270369002062148        0.404702351175588        0.404702351175588        0.404702351175588      0.00468069672180311       0.0192548510407995       0.0817998257984071       0.0125369727142484       0.0125369727142483      0.00981482807573171
                     0.12       0.0126234403342711       0.0126234403343865         0.27019595570457        0.404952476238119        0.404952476238119        0.404952476238119      0.00468942957534002       0.0192846810863201       0.0818785134675391       0.0125530494362383       0.0125530494362382      0.00983303565756099
                     0.12       0.0126088297955238       0.0126088297964038        0.270022931064932         0.40520260130065         0.40520260130065         0.40520260130065      0.00469817503190815        0.019314549174872       0.0819572391164228       0.0125691415106966       0.0125691415106956      0.00985126410219554
                     0.12        0.012594258646333       0.0125942586464477        0.269849929081577        0.405452726363182        0.405452726363182        0.405452726363182      0.00470693310436803       0.0193444553268902       0.0820360027073017       0.0125852489473527       0.0125852489473525      0.00986951338803092
                     0.12        0.012579726758753       0.0125797267587293          0.2696769507061        0.405702851425713        0.405702851425713        0.405702851425713      0.00471570380563126       0.0193743995626457       0.0821148042024892       0.0126013717559346       0.0126013717559346      0.00988778349317714
                     0.12       0.0125652340044909       0.0125652340046783        0.269503996881034        0.405952976488244        0.405952976488244        0.405952976488244      0.00472448714858394       0.0194043819025175       0.0821936435646355       0.0126175099461701       0.0126175099461699       0.0099060743958511
                     0.12       0.0125507802569748       0.0125507802575773        0.269331068557606        0.406203101550775        0.406203101550775        0.406203101550775      0.00473328314614817        0.019434402366777       0.0822725207565222       0.0126336635277846        0.012633663527784      0.00992438607406544
                     0.12       0.0125363653877632       0.0125363653887563        0.269158166673442        0.406453226613307        0.406453226613307        0.406453226613307      0.00474209181120439       0.0194644609758582        0.082351435741313        0.012649832510505        0.012649832510504      0.00994271850602108
                     0.12       0.0125219892732552       0.0125219892723632        0.268985292153034        0.406703351675838        0.406703351675838        0.406703351675838      0.00475091315659599       0.0194945577503458        0.082430388482555       0.0126660169040525       0.0126660169040534          0.0099610716701
                     0.12       0.0125076517851602       0.0125076517843579        0.268812445966963        0.406953476738369        0.406953476738369        0.406953476738369      0.00475974719532775       0.0195246927102761       0.0825093789434967       0.0126822167181525       0.0126822167181533       0.0099794455438246
                     0.12       0.0124933527992861       0.0124933527990558        0.268639629038798          0.4072036018009          0.4072036018009          0.4072036018009      0.00476859394025173        0.019554865876243        0.082588407088158       0.0126984319625258       0.0126984319625261      0.00999784010549542
                     0.12       0.0124790921880187       0.0124790921880943        0.268466842273443        0.407453726863432        0.407453726863432        0.407453726863432      0.00477745340416265       0.0195850772690652       0.0826674728810015       0.0127146626468962       0.0127146626468961       0.0100162553336942
                     0.12       0.0124648698307601       0.0124648698303313        0.268294086646101        0.407703851925963        0.407703851925963        0.407703851925963      0.00478632560009951        0.019615326908716       0.0827465762859125       0.0127309087809795         0.01273090878098       0.0100346912057185
                     0.12       0.0124506855996329        0.012450685599542        0.268121363045333        0.407953976988494        0.407953976988494        0.407953976988494      0.00479521054081496       0.0196456148162071       0.0828257172680022       0.0127471703744987       0.0127471703744988        0.010053147700345
                     0.12        0.012436539373694       0.0124365393733303        0.267948672446364        0.408204102051025        0.408204102051025        0.408204102051025      0.00480410823936071       0.0196759410115121       0.0829048957916261       0.0127634474371688       0.0127634474371692       0.0100716247947791
                     0.12       0.0124224310269015       0.0124224310267021        0.267776015733535        0.408454227113557        0.408454227113557        0.408454227113557      0.00481301870848817       0.0197063055156913       0.0829841118224004       0.0127797399787098         0.01277973997871       0.0100901224677821
                     0.12       0.0124083604379793       0.0124083604384898        0.267603393844015        0.408704352176088        0.408704352176088        0.408704352176088      0.00482194196113432       0.0197367083491716       0.0830633653255766       0.0127960480088362       0.0127960480088357       0.0101086406971412
                     0.12       0.0123943274848845       0.0123943274851767        0.267430807710967        0.408954477238619        0.408954477238619        0.408954477238619      0.00483087801022814       0.0197671495324302       0.0831426562666806       0.0128123715372626       0.0128123715372623       0.0101271794606709
                     0.12       0.0123803320446485       0.0123803320443607        0.267258258237343        0.409204602301151        0.409204602301151        0.409204602301151      0.00483982686860474       0.0197976290863044       0.0832219846118138       0.0128287105737043       0.0128287105737046        0.010145738736676
                     0.12       0.0123663739949626       0.0123663739952465        0.267085746354698        0.409454727363682        0.409454727363682        0.409454727363682      0.00484878854920162       0.0198281470312912       0.0833013503269865       0.0128450651278751       0.0128450651278748       0.0101643185029156
                     0.12       0.0123524532164124       0.0123524532166888        0.266913272961346        0.409704852426213        0.409704852426213        0.409704852426213       0.0048577630648524       0.0198587033882831        0.083380753378812       0.0128614352094854       0.0128614352094851       0.0101829187376942
                     0.12       0.0123385695869523       0.0123385695871517        0.266740838963373        0.409954977488744        0.409954977488744        0.409954977488744      0.00486675042842348       0.0198892981780831       0.0834601937340496       0.0128778208282479       0.0128778208282476       0.0102015394191394
                     0.12       0.0123247229866678       0.0123247229872336        0.266568445307708        0.410205102551276        0.410205102551276        0.410205102551276      0.00487575065292485       0.0199199314210079        0.083539671359239       0.0128942219938724       0.0128942219938718       0.0102201805246185
                     0.12       0.0123109132950243        0.012310913295326        0.266396092860547        0.410455227613807        0.410455227613807        0.410455227613807      0.00488476375110358       0.0199506031383385       0.0836191862220404        0.012910638716069       0.0129106387160687       0.0102388420328857
                     0.12       0.0122971403927371       0.0122971403930241        0.266223782551588        0.410705352676338        0.410705352676338        0.410705352676338      0.00489378973592683       0.0199813133505998       0.0836987382896516       0.0129270710045458       0.0129270710045456       0.0102575239215361
                     0.12       0.0122834041612617       0.0122834041612615        0.266051515279293        0.410955477738869        0.410955477738869        0.410955477738869      0.00490282862026488       0.0200120620786912       0.0837783275298467         0.01294351886901         0.01294351886901       0.0102762261686795
                     0.12        0.012269704482088       0.0122697044822711         0.26587929193924        0.411205602801401        0.411205602801401        0.411205602801401       0.0049118804169854       0.0200428493435481       0.0838579539106582       0.0129599823191678       0.0129599823191676       0.0102949487524404
                     0.12       0.0122560412343581       0.0122560412345406        0.265707113424586        0.411455727863932        0.411455727863932        0.411455727863932       0.0049209451389548        0.020073675166141       0.0839376174003781       0.0129764613647276       0.0129764613647274       0.0103136916509509
                     0.12       0.0122424143042308        0.012242414303866        0.265534980653639        0.411705852926463        0.411705852926463        0.411705852926463      0.00493002279913256       0.0201045395671369       0.0840173179672616         0.01299295601539       0.0129929560153904       0.0103324548418634
                     0.12       0.0122288235705098       0.0122288235705026        0.265362894487087        0.411955977988994        0.411955977988994        0.411955977988994      0.00493911341029269        0.020135442567898       0.0840970555804173       0.0130094662808627       0.0130094662808627       0.0103512383038152
                     0.12       0.0122152689186159       0.0122152689183397        0.265190855846377        0.412206103051526        0.412206103051526        0.412206103051526      0.00494821698541985       0.0201663841890626        0.084176830208533       0.0130259921708461       0.0130259921708464       0.0103700420143361
                     0.12       0.0122017502303802       0.0122017502299832        0.265018865594411        0.412456228114057        0.412456228114057        0.412456228114057      0.00495733353731106       0.0201973644519712       0.0842566418211518       0.0130425336950438       0.0130425336950442       0.0103888659519587
                     0.12       0.0121882673899335       0.0121882673895178        0.264846924632164        0.412706353176588        0.412706353176588        0.412706353176588      0.00496646307889842        0.020228383377514       0.0843364903876477       0.0130590908631564       0.0130590908631568       0.0104077100945103
                     0.12       0.0121748202814849       0.0121748202817785        0.264675033831115         0.41295647823912         0.41295647823912         0.41295647823912      0.00497560562302408       0.0202594409869353       0.0844163758779384       0.0130756636848842       0.0130756636848839       0.0104265744203094
                     0.12       0.0121614087900572       0.0121614087899914        0.264503194093466        0.413206603301651        0.413206603301651        0.413206603301651      0.00498476118263973       0.0202905373011198        0.084496298261851       0.0130922521699261       0.0130922521699261       0.0104454589070999
                     0.12       0.0121480328001343       0.0121480327995898        0.264331406260037        0.413456728364182        0.413456728364182        0.413456728364182      0.00499392977050236       0.0203216723416849       0.0845762575100892       0.0131088563279809       0.0131088563279814       0.0104643635336835
                     0.12       0.0121346921973879       0.0121346921972972        0.264159671246898        0.413706853426713        0.413706853426713        0.413706853426713      0.00500311139962518       0.0203528461293581        0.084656253592794       0.0131254761687459        0.013125476168746          0.0104832882775
                     0.12       0.0121213868665355       0.0121213868670173        0.263987989888299        0.413956978489245        0.413956978489245        0.413956978489245      0.00501230608276031        0.020384058685846       0.0847362864812044       0.0131421117019188       0.0131421117019183       0.0105022331174107
                     0.12        0.012108116694019       0.0121081166939035         0.26381636307574        0.414207103551776        0.414207103551776        0.414207103551776      0.00502151383285637       0.0204153100321788       0.0848163561461861       0.0131587629371952       0.0131587629371953       0.0105211980312353
                     0.12       0.0120948815670695        0.012094881568107        0.263644791676682        0.414457228614307        0.414457228614307        0.414457228614307      0.00503073466279202       0.0204466001896751       0.0848964625590898       0.0131754298842693       0.0131754298842682       0.0105401829971925
                     0.12       0.0120816813728075       0.0120816813729855        0.263473276553347        0.414707353676838        0.414707353676838        0.414707353676838      0.00503996858543583       0.0204779291797252       0.0849766056915497       0.0131921125528349       0.0131921125528347       0.0105591879935681
                     0.12       0.0120685159969243       0.0120685159977874         0.26330181855493         0.41495747873937         0.41495747873937         0.41495747873937      0.00504921561362291        0.020509297023878       0.0850567855155666        0.013208810952587       0.0132088109525861       0.0105782129988538
                     0.12       0.0120553853283796       0.0120553853288741        0.263130418546637        0.415207603801901        0.415207603801901        0.415207603801901       0.0050584757602495       0.0205407037434983       0.0851370020032077       0.0132255250932166       0.0132255250932161       0.0105972579912329
                     0.12       0.0120422892550988       0.0120422892552763        0.262959077392493        0.415457728864432        0.415457728864432        0.415457728864432      0.00506774903821643       0.0205721493599706       0.0852172551267823       0.0132422549844154       0.0132422549844152       0.0106163229488857
                     0.12       0.0120292276654133       0.0120292276658546        0.262787795937121        0.415707853926963        0.415707853926963        0.415707853926963      0.00507703546037015       0.0206036338949167       0.0852975448590337       0.0132590006358742       0.0132590006358737       0.0106354078503138
                     0.12       0.0120162004481877       0.0120162004484768        0.262616575029993        0.415957978989495        0.415957978989495        0.415957978989495      0.00508633503958025       0.0206351573699077       0.0853778711728732       0.0132757620572829       0.0132757620572826       0.0106545126739103
                     0.12       0.0120032074926241       0.0120032074928284        0.262445415527403        0.416208104052026        0.416208104052026        0.416208104052026      0.00509564778874878       0.0206667198064403       0.0854582340413842       0.0132925392583304       0.0132925392583302       0.0106736373979255
                     0.12       0.0119902486878183       0.0119902486882686        0.262274318264348        0.416458229114557        0.416458229114557        0.416458229114557      0.00510497372071676       0.0206983212262714       0.0855386334380934       0.0133093322487055       0.0133093322487051       0.0106927820009671
                     0.12       0.0119773239234439       0.0119773239238923        0.262103284068103        0.416708354177089        0.416708354177089        0.416708354177089      0.00511431284830872        0.020729961651257       0.0856190693368306       0.0133261410380958       0.0133261410380954       0.0107119464617596
                     0.12        0.011964433092382       0.0119644330923706        0.261932313809998         0.41695847923962         0.41695847923962         0.41695847923962      0.00512366518450295       0.0207616411027351       0.0856995417112177       0.0133429656361853       0.0133429656361853       0.0107311307582255
                     0.12       0.0119515760821831       0.0119515760825351        0.261761408305084        0.417208604302151        0.417208604302151        0.417208604302151      0.00513303074210142       0.0207933596027239       0.0857800505356637       0.0133598060526629       0.0133598060526626       0.0107503348692679
                     0.12       0.0119387527852135       0.0119387527857446        0.261590568396039        0.417458729364682        0.417458729364682        0.417458729364682      0.00514240953400658       0.0208251171729189       0.0858605957845346       0.0133766622972122       0.0133766622972117       0.0107695587732812
                     0.12       0.0119259630937546       0.0119259630935803        0.261419794902715        0.417708854427214        0.417708854427214        0.417708854427214      0.00515180157305561       0.0208569138352945       0.0859411774326501       0.0133935343795165       0.0133935343795166        0.010788802449048
                     0.12       0.0119132068986645       0.0119132068991344        0.261249088645028        0.417958979489745        0.417958979489745        0.417958979489745       0.0051612068720953        0.020888749611833       0.0860217954550572         0.01341042230926       0.0134104223092595       0.0108080658753327
                     0.12       0.0119004840925533       0.0119004840921707        0.261078450469178        0.418209104552276        0.418209104552276        0.418209104552276      0.00517062544406618       0.0209206245242153       0.0861024498267693       0.0134273260961248       0.0134273260961252       0.0108273490304166
                     0.12       0.0118877945674771       0.0118877945673803        0.260907881175304        0.418459229614807        0.418459229614807        0.418459229614807      0.00518005730176959       0.0209525385946751       0.0861831405234824       0.0134442457497931       0.0134442457497932       0.0108466518933844
                     0.12        0.011875138216923       0.0118751382170949        0.260737381590792        0.418709354677339        0.418709354677339        0.418709354677339      0.00518950245810433       0.0209844918451332       0.0862638675208514       0.0134611812799453       0.0134611812799451       0.0108659744428215
                     0.12       0.0118625149337295       0.0118625149335386        0.260566952523298         0.41895947973987         0.41895947973987         0.41895947973987       0.0051989609259146       0.0210164842977542       0.0863446307949508       0.0134781326962619       0.0134781326962621       0.0108853166576504
                     0.12       0.0118499246124023       0.0118499246123279        0.260396594794747        0.419209604802401        0.419209604802401        0.419209604802401      0.00520843271810064       0.0210485159745409       0.0864254303219415       0.0134951000084213       0.0134951000084214       0.0109046785165261
                     0.12       0.0118373671463729       0.0118373671469085        0.260226309203489        0.419459729864932        0.419459729864932        0.419459729864932      0.00521791784749574       0.0210805868977874       0.0865062660784401       0.0135120832261028       0.0135120832261022       0.0109240599985103
                     0.12       0.0118248424304471       0.0118248424302025        0.260056096557225        0.419709854927464        0.419709854927464        0.419709854927464      0.00522741632697282       0.0211126970896867       0.0865871380411955       0.0135290823589835       0.0135290823589838       0.0109434610824862
                     0.12       0.0118123503587665       0.0118123503588489        0.259885957659864        0.419959979989995        0.419959979989995        0.419959979989995      0.00523692816940285        0.021144846572486       0.0866680461872217       0.0135460974167412       0.0135460974167411       0.0109628817473934
                     0.12        0.011799890827104       0.0117998908272926        0.259715893316146        0.420210105052526        0.420210105052526        0.420210105052526      0.00524645338766901       0.0211770353684335       0.0867489904937499       0.0135631284090513       0.0135631284090511       0.0109823219721455
                     0.12       0.0117874637313641       0.0117874637309994        0.259545904305045        0.420460230115058        0.420460230115058        0.420460230115058      0.00525599199458057       0.0212092635000929       0.0868299709384727       0.0135801753455888       0.0135801753455892        0.011001781736105
                     0.12       0.0117750689654462       0.0117750689655267        0.259375991437598        0.420710355177589        0.420710355177589        0.420710355177589      0.00526554400306051       0.0212415309896606       0.0869109874990121       0.0135972382360304       0.0135972382360303        0.011021261018054
                     0.12        0.011762706428487        0.011762706428133        0.259206155496721         0.42096048024012         0.42096048024012         0.42096048024012      0.00527510942595134       0.0212738378596736       0.0869920401534739       0.0136143170900469       0.0136143170900473       0.0110407597972664
                     0.12       0.0117503760143693        0.011750376014118        0.259036397257274        0.421210605302651        0.421210605302651        0.421210605302651      0.00528468827607914       0.0213061841327797       0.0870731288802645       0.0136314119173142       0.0136314119173145       0.0110602780531515
                     0.12       0.0117380776213291       0.0117380776217813        0.258866717503513        0.421460730365183        0.421460730365183        0.421460730365183      0.00529428056631034       0.0213385698315234       0.0871542536579187       0.0136485227275034       0.0136485227275029        0.011079815764944
                     0.12       0.0117258111469306       0.0117258111468583        0.258697117031423        0.421710855427714        0.421710855427714        0.421710855427714      0.00530388630955912       0.0213709949783243        0.087235414465091       0.0136656495302857       0.0136656495302857       0.0110993729116623
                     0.12       0.0117135764875263       0.0117135764878818        0.258527596609286        0.421960980490245        0.421960980490245        0.421960980490245      0.00531350551866083       0.0214034595959413       0.0873166112809137       0.0136827923353332       0.0136827923353329       0.0111189494728124
                     0.12       0.0117013735423083       0.0117013735424846        0.258358157007487        0.422211105552776        0.422211105552776        0.422211105552776      0.00532313820646759       0.0214359637071196       0.0873978440847169        0.013699951152315       0.0136999511523149        0.011138545427857
                     0.12       0.0116892022096906        0.011689202209695        0.258188798995197        0.422461230615308        0.422461230615308        0.422461230615308      0.00533278438583799       0.0214685073346313       0.0874791128560638       0.0137171259909003       0.0137171259909003       0.0111581607562757
                     0.12       0.0116770623877005       0.0116770623869967        0.258019523352103        0.422711355677839        0.422711355677839        0.422711355677839      0.00534244406967412        0.021501090501138       0.0875604175746429       0.0137343168607584       0.0137343168607591       0.0111777954373561
                     0.12        0.011664953974559       0.0116649539742267        0.257850330816648         0.42296148074037         0.42296148074037         0.42296148074037      0.00535211727075673       0.0215337132298006       0.0876417582207353       0.0137515237715579       0.0137515237715583        0.011197449451117
                     0.12        0.011652876871271       0.0116528768712718        0.257681222165642        0.423211605802901        0.423211605802901        0.423211605802901      0.00536180400200004       0.0215663755433385       0.0877231347744968       0.0137687467329645       0.0137687467329645       0.0112171227768907
                     0.12       0.0116408309767803       0.0116408309767575        0.257512198163058        0.423461730865433        0.423461730865433        0.423461730865433      0.00537150427628615       0.0215990774646381        0.087804547216411       0.0137859857546455       0.0137859857546455       0.0112368153942352
                     0.12       0.0116288161913179       0.0116288161909523        0.257343259541764        0.423711855927964        0.423711855927964        0.423711855927964      0.00538121810640948       0.0216318190169651       0.0878859955274641       0.0138032408462662       0.0138032408462666       0.0112565272832614
                     0.12       0.0116168324148308       0.0116168324151055         0.25717440705971        0.423961980990495        0.423961980990495        0.423961980990495      0.00539094550525475       0.0216646002233028       0.0879674796886336       0.0138205120174923        0.013820512017492       0.0112762584236318
                     0.12       0.0116048795495111         0.01160487954967        0.257005641481072        0.424212106053027        0.424212106053027        0.424212106053027      0.00540068648573677       0.0216974211065744       0.0880489996810597       0.0138377992779866       0.0138377992779864       0.0112960087948967
                     0.12       0.0115929574945915       0.0115929574948287        0.256836963524351        0.424462231115558        0.424462231115558        0.424462231115558      0.00541044106063525       0.0217302816902584       0.0881305554865024       0.0138551026374144       0.0138551026374142       0.0113157783774214
                     0.12       0.0115810661529355       0.0115810661529371        0.256668373947174        0.424712356178089        0.424712356178089        0.424712356178089      0.00542020924286521       0.0217631819973827       0.0882121470865909       0.0138724221054374       0.0138724221054374       0.0113355671508733
                     0.12       0.0115692054251617        0.011569205424892        0.256499873477073         0.42496248124062         0.42496248124062         0.42496248124062      0.00542999104525642       0.0217961220513473       0.0882937744634358       0.0138897576917188        0.013889757691719       0.0113553750954579
                     0.12       0.0115573752137938       0.0115573752137168        0.256331462844731        0.425212606303152        0.425212606303152        0.425212606303152       0.0054397864806594       0.0218291018755278       0.0883754375993314       0.0139071094059195       0.0139071094059196       0.0113752021913262
                     0.12        0.011545575421917       0.0115455754219366        0.256163142772652        0.425462731365683        0.425462731365683        0.425462731365683      0.00544959556190994       0.0218621214934111       0.0884571364768604       0.0139244772576999       0.0139244772576999       0.0113950484187772
                     0.12        0.011533805951147       0.0115338059512963        0.255994914011333        0.425712856428214        0.425712856428214        0.425712856428214      0.00545941830194198        0.021895180928171       0.0885388710785719       0.0139418612567211        0.013941861256721       0.0114149137576132
                     0.12       0.0115220667058226       0.0115220667054106        0.255826777266233        0.425962981490745        0.425962981490745        0.425962981490745      0.00546925471355861        0.021928280203525       0.0886206413876196       0.0139592614126413       0.0139592614126417       0.0114347981884434
                     0.12       0.0115103575882663       0.0115103575882833        0.255658733261715        0.426213106553277        0.426213106553277        0.426213106553277      0.00547910480963336       0.0219614193429848       0.0887024473872074       0.0139766777351203       0.0139766777351202       0.0114547016915439
                     0.12       0.0114986785032414       0.0114986785028128         0.25549078271927        0.426463231615808        0.426463231615808        0.426463231615808      0.00548896860304144       0.0219945983701107       0.0887842890607749       0.0139941102338151       0.0139941102338155       0.0114746242472461
                     0.12       0.0114870293539969       0.0114870293542557        0.255322926337214        0.426713356678339        0.426713356678339        0.426713356678339      0.00549884610659503       0.0220278173087521       0.0888661663921621       0.0140115589183839       0.0140115589183837       0.0114945658363004
                     0.12       0.0114754100456089       0.0114754100453593        0.255155164839694         0.42696348174087         0.42696348174087         0.42696348174087      0.00550873733319952       0.0220610761824706       0.0889480793652094       0.0140290237984828        0.014029023798483       0.0115145264390015
                     0.12       0.0114638204819347       0.0114638204822787        0.254987498910579        0.427213606803402        0.427213606803402        0.427213606803402      0.00551864229564421       0.0220943750153177       0.0890300279643023       0.0140465048837686       0.0140465048837682       0.0115345060363694
                     0.12        0.011452260569053        0.011452260569041        0.254819929272737        0.427463731865933        0.427463731865933        0.427463731865933      0.00552856100685194        0.022127713830902       0.0891120121737071       0.0140640021838956       0.0140640021838956       0.0115545046087345
                     0.12        0.011440730212069       0.0114407302124901        0.254652456623355        0.427713856928464        0.427713856928464        0.427713856928464      0.00553849347967563       0.0221610926531508       0.0891940319781128       0.0140815157085189       0.0140815157085185       0.0115745221368929
                     0.12        0.011429229316531        0.011429229316626        0.254485081652104        0.427963981990995        0.427963981990995        0.427963981990995      0.00554843972695537        0.022194511506098       0.0892760873624784       0.0140990454672925       0.0140990454672925       0.0115945586017825
                     0.12       0.0114177577888846       0.0114177577888779        0.254317805052874        0.428214107053527        0.428214107053527        0.428214107053527      0.00555839976155627       0.0222279704137428       0.0893581783119368       0.0141165914698695       0.0141165914698695       0.0116146139842743
                     0.12       0.0114063155348322       0.0114063155348381        0.254150627502171        0.428464232116058        0.428464232116058        0.428464232116058      0.00556837359629922       0.0222614694003078       0.0894403048119655       0.0141341537259032       0.0141341537259032       0.0116346882655588
                     0.12        0.011394902461864       0.0113949024621141        0.253983549722028        0.428714357178589        0.428714357178589        0.428714357178589      0.00557836124415929       0.0222950084894958        0.089522466847878       0.0141517322450447       0.0141517322450445       0.0116547814260223
                     0.12       0.0113835184765832       0.0113835184763354        0.253816572334716        0.428964482241121        0.428964482241121        0.428964482241121      0.00558836271780988       0.0223285877062019       0.0896046644060025       0.0141693270369459       0.0141693270369462       0.0116748934478429
                     0.12       0.0113721634863243       0.0113721634860497        0.253649696065715        0.429214607303652        0.429214607303652        0.429214607303652      0.00559837803025908        0.022362207074124       0.0896868974720352       0.0141869381112575       0.0141869381112578       0.0116950243113659
                     0.12       0.0113608373987983       0.0113608373990495         0.25348292156302        0.429464732366183        0.429464732366183        0.429464732366183      0.00560840719428349       0.0223958666178892       0.0897691660325007       0.0142045654776295       0.0142045654776293       0.0117151739983311
                     0.12       0.0113495401216719       0.0113495401218217        0.253316249516614        0.429714857428714        0.429714857428714        0.429714857428714      0.00561845022280169       0.0224295663616502       0.0898514700737869       0.0142222091457117       0.0142222091457116       0.0117353424897401
                     0.12       0.0113382715636054       0.0113382715637072        0.253149680581031        0.429964982491246        0.429964982491246        0.429964982491246      0.00562850712863355       0.0224633063299927       0.0899338095827697       0.0142398691251524       0.0142398691251523       0.0117555297672393
                     0.12       0.0113270316335358       0.0113270316336228        0.252983215420106        0.430215107553777        0.430215107553777        0.430215107553777      0.00563857792463898        0.022497086547412       0.0900161845464498       0.0142575454255996       0.0142575454255995       0.0117757358123215
                     0.12       0.0113158202396691       0.0113158202399284        0.252816854700797        0.430465232616308        0.430465232616308        0.430465232616308      0.00564866262369899       0.0225309070383864       0.0900985949520066       0.0142752380567013       0.0142752380567011       0.0117959606064365
                     0.12       0.0113046372918205       0.0113046372920838        0.252650599064162        0.430715357678839        0.430715357678839        0.430715357678839      0.00565876123862469       0.0225647678277157       0.0901810407870147        0.014292947028104       0.0142929470281037       0.0118162041315103
                     0.12       0.0112934826997607       0.0112934826994074        0.252484449193455        0.430965482741371        0.430965482741371        0.430965482741371      0.00566887378237031       0.0225986689397239        0.090263522038925       0.0143106723494537        0.014310672349454        0.011836466368729
                     0.12       0.0112823563723223       0.0112823563718995        0.252318405703371        0.431215607803902        0.431215607803902        0.431215607803902       0.0056790002676879       0.0226326103995593        0.090346038695916        0.014328414030397       0.0143284140303974       0.0118567473005176
                     0.12       0.0112712582200942       0.0112712582201592        0.252152469253951        0.431465732866433        0.431465732866433        0.431465732866433      0.00568914070748239       0.0226665922318563       0.0904285907460136       0.0143461720805785       0.0143461720805784        0.011877046908506
                     0.12       0.0112601881542843       0.0112601881538098        0.251986640504866        0.431715857928964        0.431715857928964        0.431715857928964      0.00569929511466812       0.0227006144612737       0.0905111781774413       0.0143639465096419       0.0143639465096423       0.0118973651743461
                     0.12       0.0112491460843916       0.0112491460847816        0.251820920065533        0.431965982991496        0.431965982991496        0.431965982991496      0.00570946350201566       0.0227346771130792       0.0905938009790067       0.0143817373272322       0.0143817373272319       0.0119177020806032
                     0.12       0.0112381319228732       0.0112381319227885        0.251655308582065        0.432216108054027        0.432216108054027        0.432216108054027      0.00571964588242045       0.0227687802121303       0.0906764591394282       0.0143995445429914       0.0143995445429915       0.0119380576092033
                     0.12        0.011227145580559       0.0112271455803725        0.251489806696407        0.432466233116558        0.432466233116558        0.432466233116558      0.00572984226877656       0.0228029237833525       0.0907591526476527       0.0144173681665625       0.0144173681665626       0.0119584317421636
                     0.12         0.01121618696877       0.0112161869689335        0.251324415012906        0.432716358179089        0.432716358179089        0.432716358179089      0.00574005267387281       0.0228371078521331       0.0908418814930994       0.0144352082075878       0.0144352082075876       0.0119788244621902
                     0.12       0.0112052560000542       0.0112052560001351        0.251159134171799        0.432966483241621        0.432966483241621        0.432966483241621      0.00575027711062116       0.0228713324434586       0.0909246456651154       0.0144530646757081        0.014453064675708       0.0119992357513656
                     0.12       0.0111943525869842       0.0111943525873207        0.250993964804442        0.433216608304152        0.433216608304152        0.433216608304152      0.00576051559191705       0.0229055975824395       0.0910074451533025        0.014470937580564       0.0144709375805637        0.012019665591949
                     0.12       0.0111834766414031       0.0111834766410074        0.250828907502871        0.433466733366683        0.433466733366683        0.433466733366683      0.00577076813054658       0.0229399032946694       0.0910902799477513       0.0144888269317964       0.0144888269317968       0.0120401139669205
                     0.12       0.0111726280764507       0.0111726280763725        0.250663962895878        0.433716858429215        0.433716858429215        0.433716858429215      0.00578103473941999       0.0229742496053297       0.0911731500384586       0.0145067327390446       0.0145067327390446       0.0120605808586226
                     0.12       0.0111618068057365       0.0111618068056771        0.250499131595409        0.433966983491746        0.433966983491746        0.433966983491746      0.00579131543140819       0.0230086365398216       0.0912560554157475       0.0145246550119471       0.0145246550119472       0.0120810662497182
                     0.12       0.0111510127421254       0.0111510127421087        0.250334414201088        0.434217108554277        0.434217108554277        0.434217108554277      0.00580161021935498       0.0230430641237117       0.0913389960702124        0.014542593760143       0.0145425937601431       0.0121015701231099
                     0.12       0.0111402457997732       0.0111402458001656        0.250169811318294        0.434467233616808        0.434467233616808        0.434467233616808      0.00581191911613374       0.0230775323825196       0.0914219719925941       0.0145605489932698       0.0145605489932694       0.0121220924616179
                     0.12       0.0111295058937611       0.0111295058938395        0.250005323534239         0.43471735867934         0.43471735867934         0.43471735867934      0.00582224213457343       0.0231120413419987       0.0915049831739482       0.0145785207209637       0.0145785207209636       0.0121426332484075
                     0.12       0.0111187929374382       0.0111187929370409        0.249840951459062        0.434967483741871        0.434967483741871        0.434967483741871      0.00583257928758547       0.0231465910276573       0.0915880296053576       0.0145965089528624       0.0145965089528627       0.0121631924662556
                     0.12       0.0111081068449181       0.0111081068454583        0.249676695684899        0.435217608804402        0.435217608804402        0.435217608804402      0.00584293058803721       0.0231811814652351       0.0916711112782149       0.0146145136986024       0.0146145136986019       0.0121837700982821
                     0.12       0.0110974475326086       0.0110974475328458        0.249512556789423        0.435467733866933        0.435467733866933        0.435467733866933      0.00585329604876368       0.0232158126806625       0.0917542281842018       0.0146325349678179       0.0146325349678177       0.0122043661278873
                     0.12        0.011086814915057       0.0110868149149194        0.249348535360961        0.435717858929465        0.435717858929465        0.435717858929465      0.00586367568264355       0.0232504846997679       0.0918373803151016       0.0146505727701445       0.0146505727701446       0.0122249805383032
                     0.12       0.0110762089080572       0.0110762089084721        0.249184631991552        0.435967983991996        0.435967983991996        0.435967983991996      0.00587406950257947       0.0232851975483577       0.0919205676628624       0.0146686271152164        0.014668627115216       0.0122456133127185
                     0.12       0.0110656294280622       0.0110656294276581         0.24902084725499        0.436218109054527        0.436218109054527        0.436218109054527      0.00588447752142955        0.023319951252475       0.0920037902197405       0.0146866980126667        0.014686698012667       0.0122662644346707
                     0.12       0.0110550763900628       0.0110550763897391        0.248857181708405        0.436468234117058        0.436468234117058        0.436468234117058      0.00589489975201227       0.0233547458383794       0.0920870479782823       0.0147047854721297         0.01470478547213       0.0122869338880184
                     0.12       0.0110445497107302       0.0110445497107832        0.248693635935215         0.43671835917959         0.43671835917959         0.43671835917959      0.00590533620723863       0.0233895813320464       0.0921703409310361       0.0147228895032379       0.0147228895032379       0.0123076216561747
                     0.12       0.0110340493076233       0.0110340493080797        0.248530210503601        0.436968484242121        0.436968484242121        0.436968484242121        0.005915786899985       0.0234244577596513       0.0922536690708357       0.0147410101156226       0.0147410101156222        0.012328327722849
                     0.12       0.0110235750982986       0.0110235750983787        0.248366905979084        0.437218609304652        0.437218609304652        0.437218609304652      0.00592625184321904       0.0234593751473359       0.0923370323907083       0.0147591473189149       0.0147591473189148       0.0123490520718228
                     0.12        0.011013126715474       0.0110131267155686        0.248203722891046        0.437468734367184        0.437468734367184        0.437468734367184      0.00593673104947753       0.0234943335222442       0.0924204308840633       0.0147773011230086       0.0147773011230085       0.0123697946875478
                     0.12       0.0110027046436755       0.0110027046437433        0.248040661842867        0.437718859429715        0.437718859429715        0.437718859429715      0.00594722453200332       0.0235293329095379       0.0925038645441076       0.0147954715370101         0.01479547153701       0.0123905555531803
                     0.12       0.0109923085173469       0.0109923085176568        0.247877723353215        0.437968984492246        0.437968984492246        0.437968984492246      0.00595773230350079       0.0235643733363555       0.0925873333646746       0.0148136585708114       0.0148136585708111       0.0124113346534142
                     0.12       0.0109819382553465       0.0109819382556117        0.247714907988552        0.438219109554777        0.438219109554777        0.438219109554777      0.00596825437681215       0.0235994548290965       0.0926708373394908       0.0148318622340412        0.014831862234041       0.0124321319721168
                     0.12       0.0109715940573177       0.0109715940574676        0.247552216297404        0.438469234617309        0.438469234617309        0.438469234617309      0.00597879076506627       0.0236345774138416       0.0927543764626185       0.0148500825360695       0.0148500825360694       0.0124529474935016
                     0.12       0.0109612752785488       0.0109612752783691        0.247389648794111         0.43871935967984         0.43871935967984         0.43871935967984      0.00598934148083575       0.0236697411182254       0.0928379507283937       0.0148683194870434       0.0148683194870436       0.0124737812024195
                     0.12       0.0109509821200129       0.0109509821199447        0.247227206033146        0.438969484742371        0.438969484742371        0.438969484742371      0.00599990653711654       0.0237049459684809        0.092921560131183       0.0148865730963308       0.0148865730963309       0.0124946330830319
                     0.12       0.0109407145013548       0.0109407145014407        0.247064888554688        0.439219609804902        0.439219609804902        0.439219609804902      0.00601048594680568       0.0237401919913221       0.0930052046655793       0.0149048433735585       0.0149048433735584       0.0125155031197831
                     0.12       0.0109304723424172       0.0109304723421051        0.246902696888354        0.439469734867434        0.439469734867434        0.439469734867434      0.00602107972277935       0.0237754792136105       0.0930888843264097        0.014923130328353       0.0149231303283533       0.0125363912973336
                     0.12       0.0109202555611086       0.0109202555607115        0.246740631540515        0.439719859929965        0.439719859929965        0.439719859929965      0.00603168787785588       0.0238108076625035        0.093172599108825       0.0149414339703421       0.0149414339703425        0.012557297600787
                     0.12       0.0109100640802594       0.0109100640803365         0.24657869306618        0.439969984992496        0.439969984992496        0.439969984992496      0.00604231042501278       0.0238461773646134       0.0932563490078304       0.0149597543091489       0.0149597543091489       0.0125782220144076
                     0.12       0.0108998978180194       0.0108998978180241        0.246416881943756        0.440220110055027        0.440220110055027        0.440220110055027      0.00605294737700704       0.0238815883474729       0.0933401340190851       0.0149780913544006       0.0149780913544006       0.0125991645238548
                     0.12       0.0108897566972986       0.0108897566975924        0.246255198740916        0.440470235117559        0.440470235117559        0.440470235117559      0.00606359874687769       0.0239170406375969       0.0934239541378504       0.0149964451157196       0.0149964451157193       0.0126201251132256
                     0.12       0.0108796406372756       0.0108796406376542        0.246093643934856         0.44072036018009         0.44072036018009         0.44072036018009      0.00607426454740233       0.0239525342625809       0.0935078093601268       0.0150148156027316       0.0150148156027312       0.0126411037682595
                     0.12       0.0108695495609001       0.0108695495607299        0.245932218057515        0.440970485242621        0.440970485242621        0.440970485242621      0.00608494479153561       0.0239880692494063       0.0935916996817329       0.0150332028250584       0.0150332028250586         0.01266210047375
                     0.12        0.010859483387746        0.010859483388198        0.245770921584384        0.441220610305153        0.441220610305153        0.441220610305153       0.0060956394920737       0.0240236456257372       0.0936756250990008       0.0150516067923249       0.0150516067923245        0.012683115215527
                     0.12       0.0108494420410276       0.0108494420408015        0.245609755044671        0.441470735367684        0.441470735367684        0.441470735367684      0.00610634866198664       0.0240592634186385       0.0937595856080972       0.0150700275141522       0.0150700275141524       0.0127041479784935
                     0.12       0.0108394254427517       0.0108394254422948        0.245448718919468        0.441720860430215        0.441720860430215        0.441720860430215      0.00611707231411159        0.024094922655758       0.0938435812056426       0.0150884650001622       0.0150884650001626       0.0127251987484404
                     0.12        0.010829433514762       0.0108294335149122        0.245287813728519        0.441970985492746        0.441970985492746        0.441970985492746      0.00612781046141371       0.0241306233643219       0.0939276118881887       0.0151069192599769       0.0151069192599768       0.0127462675105012
                     0.12       0.0108194661799723        0.010819466180197        0.245127039924575        0.442221110555278        0.442221110555278        0.442221110555278      0.00613856311666847       0.0241663655723591       0.0940116776528446       0.0151253903032168       0.0151253903032166       0.0127673542510346
                     0.12       0.0108095233613707       0.0108095233615197         0.24496639803513        0.442471235617809        0.442471235617809        0.442471235617809      0.00614933029288789       0.0242021493070569       0.0940957784964356       0.0151438781395024       0.0151438781395022       0.0127884589550989
                     0.12       0.0107996049818838       0.0107996049821125        0.244805888522066         0.44272136068034         0.44272136068034         0.44272136068034      0.00616011200289916       0.0242379745963892       0.0941799144163371       0.0151623827784536       0.0151623827784534       0.0128095816089534
                     0.12       0.0107897109651346        0.010789710965138        0.244645511863481        0.442971485742871        0.442971485742871        0.442971485742871      0.00617090825958966       0.0242738414681683       0.0942640854099817       0.0151809042296898       0.0151809042296898       0.0128307221986009
                     0.12        0.010779841235173       0.0107798412350097        0.244485268546895        0.443221610805403        0.443221610805403        0.443221610805403      0.00618171907588706       0.0243097499501224       0.0943482914749047       0.0151994425028295       0.0151994425028296       0.0128518807099084
                     0.12       0.0107699957151264       0.0107699957151982        0.244325159051623        0.443471735867934        0.443471735867934        0.443471735867934      0.00619254446470601       0.0243457000701027       0.0944325326088465       0.0152179976074918       0.0152179976074917       0.0128730571289222
                     0.12       0.0107601743300588       0.0107601743302239        0.244165183836844        0.443721860930465        0.443721860930465        0.443721860930465      0.00620338443891347       0.0243816918562183       0.0945168088098206        0.015236569553294       0.0152365695532938       0.0128942514420803
                     0.12       0.0107503770042845       0.0107503770043849        0.244005343363375        0.443971985992996        0.443971985992996        0.443971985992996      0.00621423901139272       0.0244177253365864       0.0946011200759807       0.0152551583498535       0.0152551583498534       0.0129154636358244
                     0.12       0.0107406036622131       0.0107406036623575        0.243845638120859        0.444222111055528        0.444222111055528        0.444222111055528      0.00622510819512437       0.0244538005390178       0.0946854664054677       0.0152737640067878       0.0152737640067876       0.0129366936961168
                     0.12       0.0107308542297801       0.0107308542298604        0.243686068538565        0.444472236118059        0.444472236118059        0.444472236118059      0.00623599200292232       0.0244899174920468        0.094769847796925       0.0152923865337123       0.0152923865337122       0.0129579416100284
                     0.12       0.0107211286305304       0.0107211286309006        0.243526635090771         0.44472236118059         0.44472236118059         0.44472236118059      0.00624689044774501       0.0245260762237165       0.0948542642488857       0.0153110259402447       0.0153110259402443       0.0129792073638629
                     0.12       0.0107114267925533       0.0107114267927064        0.243367338230387        0.444972486243122        0.444972486243122        0.444972486243122          0.0062578035425       0.0245622767623403       0.0949387157601553        0.015329682235998       0.0153296822359979       0.0130004909443388
                     0.12       0.0107017486395171       0.0107017486395895        0.243208178396626        0.445222611305653        0.445222611305653        0.445222611305653       0.0062687313000654       0.0245985191364208       0.0950232023297652       0.0153483554305893       0.0153483554305892       0.0130217923384527
                     0.12       0.0106920940981429       0.0106920940983652        0.243049156037402        0.445472736368184        0.445472736368184        0.445472736368184      0.00627967373335753       0.0246348033743845       0.0951077239568465       0.0153670455336325       0.0153670455336323       0.0130431115330812
                     0.12       0.0106824630951284       0.0106824630952715        0.242890271603898        0.445722861430715        0.445722861430715        0.445722861430715      0.00629063085531398       0.0246711295046483       0.0951922806406595       0.0153857525547412       0.0153857525547411        0.013064448515078
                     0.12       0.0106728555568874       0.0106728555568909        0.242731525531052        0.445972986493247        0.445972986493247        0.445972986493247      0.00630160267883588       0.0247074975558439       0.0952768723806995       0.0154044765035293       0.0154044765035293       0.0130858032716208
                     0.12       0.0106632714104678       0.0106632714107672        0.242572918247733        0.446223111555778        0.446223111555778        0.446223111555778      0.00631258921681885       0.0247439075566999       0.0953614991766429       0.0154232173896096       0.0154232173896094       0.0131071757900308
                     0.12       0.0106537105828335       0.0106537105829145        0.242414450193491        0.446473236618309        0.446473236618309        0.446473236618309      0.00632359048220112       0.0247803595358503       0.0954461610282488        0.015441975222595       0.0154419752225949       0.0131285660574751
                     0.12       0.0106441730011747       0.0106441730010365        0.242256121795614         0.44672336168084         0.44672336168084         0.44672336168084      0.00633460648789666       0.0248168535220976       0.0955308579354865       0.0154607500120977       0.0154607500120978       0.0131499740613746
                     0.12       0.0106346585938201       0.0106346585939627        0.242097933481015        0.446973486743372        0.446973486743372        0.446973486743372      0.00634563724683088       0.0248533895442753       0.0956155898984739       0.0154795417677287       0.0154795417677286       0.0131713997891933
                     0.12       0.0106251672877728       0.0106251672871182        0.241939885665482        0.447223611805903        0.447223611805903        0.447223611805903      0.00635668277190705       0.0248899676313756       0.0957003569175248       0.0154983504991002       0.0154983504991008       0.0131928432286291
                     0.12       0.0106156990113514       0.0106156990110497        0.241781978770518        0.447473736868434        0.447473736868434        0.447473736868434      0.00636774307605792       0.0249265878123497        0.095785158993065       0.0155171762158228        0.015517176215823        0.013214304367315
                     0.12       0.0106062536933839       0.0106062536934525        0.241624213207739        0.447723861930965        0.447723861930965        0.447723861930965      0.00637881817219874       0.0249632501162922       0.0958699961257127       0.0155360189275063       0.0155360189275062       0.0132357831930965
                     0.12       0.0105968312620655       0.0105968312619874        0.241466589398559        0.447973986993497        0.447973986993497        0.447973986993497       0.0063899080732852       0.0249999545722137       0.0959548683161754       0.0155548786437609        0.015554878643761        0.013257279693682
                     0.12       0.0105874316464283       0.0105874316464293         0.24130910774446        0.448224112056028        0.448224112056028        0.448224112056028      0.00640101279222606        0.025036701209381       0.0960397755653973       0.0155737553741961       0.0155737553741961       0.0132787938571713
                     0.12       0.0105780547765716       0.0105780547764272        0.241151768648088        0.448474237118559        0.448474237118559        0.448474237118559      0.00641213234194572       0.0250734900570756       0.0961247178744567       0.0155926491284199       0.0155926491284201       0.0133003256716809
                     0.12       0.0105687005803109       0.0105687005803702        0.240994572511882        0.448724362181091        0.448724362181091        0.448724362181091      0.00642326673537927       0.0251103211446118       0.0962096952445685       0.0156115599160422       0.0156115599160422       0.0133218751253683
                     0.12       0.0105593689881531       0.0105593689883067          0.2408375197303        0.448974487243622        0.448974487243622        0.448974487243622      0.00643441598545078       0.0251471945014222       0.0962947076771246       0.0156304877466703       0.0156304877466702       0.0133434422065709
                     0.12        0.010550059929933       0.0105500599299265        0.240680610699731        0.449224612306153        0.449224612306153        0.449224612306153      0.00644558010510091       0.0251841101569465       0.0963797551736359       0.0156494326299119       0.0156494326299119       0.0133650269036293
                     0.12       0.0105407733357749       0.0105407733358374        0.240523845828331        0.449474737368684        0.449474737368684        0.449474737368684      0.00645675910731688       0.0252210681405176       0.0964648377356939       0.0156683945753741       0.0156683945753741       0.0133866292047141
                     0.12       0.0105315091363589       0.0105315091364237        0.240367225481064        0.449724862431216        0.449724862431216        0.449724862431216      0.00646795300497169       0.0252580684819933       0.0965499553652359       0.0156873735926634       0.0156873735926634       0.0134082490988002
                     0.12       0.0105222672616477       0.0105222672617879        0.240210750054903        0.449974987493747        0.449974987493747        0.449974987493747      0.00647916181104283       0.0252951112108933       0.0966351080641695       0.0157063696913868       0.0157063696913867       0.0134298865743331
                     0.12       0.0105130476428964       0.0105130476428987         0.24005441992907        0.450225112556278        0.450225112556278        0.450225112556278      0.00649038553846829       0.0253321963569693       0.0967202958346234       0.0157253828811497       0.0157253828811496       0.0134515416201121
                     0.12       0.0105038502116541       0.0105038502115909        0.239898235473628        0.450475237618809        0.450475237618809        0.450475237618809      0.00650162420017077       0.0253693239501065       0.0968055186788957       0.0157444131715571       0.0157444131715571       0.0134732142251376
                     0.12       0.0104946748981099        0.010494674898253        0.239742197070258        0.450725362681341        0.450725362681341        0.450725362681341       0.0065128778091187       0.0254064940200877       0.0968907765993624       0.0157634605722151        0.015763460572215        0.013494904378243
                     0.12       0.0104855216359945        0.010485521635641        0.239586305092313        0.450975487743872        0.450975487743872        0.450975487743872      0.00652414637826788       0.0254437065968176       0.0969760695985631       0.0157825250927264       0.0157825250927267       0.0135166120684487
                     0.12       0.0104763903545194       0.0104763903545295        0.239430559894537        0.451225612806403        0.451225612806403        0.451225612806403       0.0065354299205316       0.0254809617104468       0.0970613976792549       0.0158016067426975       0.0158016067426975        0.013538337285144
                     0.12       0.0104672809876695       0.0104672809875996        0.239274961862832        0.451475737868934        0.451475737868934        0.451475737868934      0.00654672844892515       0.0255182593907954       0.0971467608441714       0.0158207055317303       0.0158207055317303       0.0135600800172058
                     0.12       0.0104581934669558       0.0104581934670317        0.239119511347703        0.451725862931466        0.451725862931466        0.451725862931466      0.00655804197637307       0.0255555996681197       0.0972321590963406       0.0158398214694289       0.0158398214694288       0.0135818402541777
                     0.12       0.0104491277254653       0.0104491277256729        0.238964208698584        0.451975987993997        0.451975987993997        0.451975987993997      0.00656937051580835       0.0255929825727171       0.0973175924389154       0.0158589545653956       0.0158589545653954        0.013603617985662
                     0.12       0.0104400836960878       0.0104400836959499        0.238809054288023        0.452226113056528        0.452226113056528        0.452226113056528      0.00658071408024238       0.0256304081346503       0.0974030608750682       0.0158781048292329        0.015878104829233       0.0136254132008916
                     0.12       0.0104310613112597        0.010431061311047        0.238654048457936         0.45247623811906         0.45247623811906         0.45247623811906      0.00659207268260961       0.0256678763843624       0.0974885644082331       0.0158972722705433       0.0158972722705435       0.0136472258896819
                     0.12       0.0104220605041443       0.0104220605042925        0.238499191540875        0.452726363181591        0.452726363181591        0.452726363181591      0.00660344633582911       0.0257053873524327       0.0975741030420049       0.0159164568989284       0.0159164568989283        0.013669056042054
                     0.12       0.0104130812097821       0.0104130812095664        0.238344483911837        0.452976488244122        0.452976488244122        0.452976488244122      0.00661483505295418       0.0257429410689844        0.097659676779912       0.0159356587239883       0.0159356587239884       0.0136909036473186
                     0.12       0.0104041233602675       0.0104041233600582        0.238189925899109        0.453226613306653        0.453226613306653        0.453226613306653      0.00662623884691478       0.0257805375647062       0.0977452856258114        0.015954877755325       0.0159548777553251       0.0137127686956531
                     0.12       0.0103951868899037       0.0103951868899679        0.238035517836425        0.453476738369185        0.453476738369185        0.453476738369185      0.00663765773066761       0.0258181768702531       0.0978309295836469       0.0159741140025386       0.0159741140025386       0.0137346511771791
                     0.12       0.0103862717340253       0.0103862717339178         0.23788126007229        0.453726863431716        0.453726863431716        0.453726863431716      0.00664909171722471       0.0258558590161411       0.0979166086574264       0.0159933674752282       0.0159933674752283       0.0137565510817979
                     0.12       0.0103773778252478       0.0103773778257914        0.237727152921998        0.453976988494247        0.453976988494247        0.453976988494247      0.00666054081951288       0.0258935840332969         0.09800232285141        0.016012638182995       0.0160126381829945       0.0137784684000387
                     0.12         0.01036850510057       0.0103685051007762        0.237573196721701        0.454227113556778        0.454227113556778        0.454227113556778      0.00667200505053116        0.025931351952437       0.0980880721698862        0.016031926135436       0.0160319261354358       0.0138004031221029
                     0.12        0.010359653493159       0.0103596534930884        0.237419391802927         0.45447723861931         0.45447723861931         0.45447723861931      0.00668348442327646       0.0259691628043632        0.098173856617281       0.0160512313421514       0.0160512313421515       0.0138223552383148
                     0.12        0.010350822938572       0.0103508229387439        0.237265738483662        0.454727363681841        0.454727363681841        0.454727363681841      0.00669497895071862       0.0260070166200603       0.0982596761981906       0.0160705538127394       0.0160705538127393       0.0138443247392793
                     0.12       0.0103420133733665       0.0103420133729197        0.237112237093842        0.454977488744372        0.454977488744372        0.454977488744372      0.00670648864587259       0.0260449134304074       0.0983455309172709       0.0160898935567969       0.0160898935567972       0.0138663116154314
                     0.12        0.010333224731326       0.0103332247311907        0.236958887936647        0.455227613806903        0.455227613806903        0.455227613806903      0.00671801352168871       0.0260828532666199       0.0984314207794069       0.0161092505839228       0.0161092505839229         0.01388831585772
                     0.12       0.0103244569492922       0.0103244569492153        0.236805691321771        0.455477738869435        0.455477738869435        0.455477738869435      0.00672955359114766       0.0261208361598682       0.0985173457895659       0.0161286249037136       0.0161286249037137       0.0139103374570204
                     0.12       0.0103157099636959       0.0103157099633615        0.236652647573244        0.455727863931966        0.455727863931966        0.455727863931966      0.00674110886728171       0.0261588621411902       0.0986033059527636       0.0161480165257657        0.016148016525766       0.0139323764039967
                     0.12       0.0103069837095488       0.0103069837093107        0.236499756988525        0.455977988994497        0.455977988994497        0.455977988994497      0.00675267936305925       0.0261969312419577       0.0986893012742385       0.0161674254596766       0.0161674254596768       0.0139544326898234
                     0.12       0.0102982781254103       0.0102982781248695        0.236347019879822        0.456228114057028        0.456228114057028        0.456228114057028      0.00676426509150212       0.0262350434934031       0.0987753317592748       0.0161868517150404       0.0161868517150408       0.0139765063054568
                     0.12       0.0102895931459262       0.0102895931462697         0.23619443653951         0.45647823911956         0.45647823911956         0.45647823911956      0.00677586606558708       0.0262731989270174       0.0988613974133483       0.0162062953014545       0.0162062953014542       0.0139985972422446
                     0.12       0.0102809287095753       0.0102809287092399        0.236042007278037        0.456728364182091        0.456728364182091        0.456728364182091      0.00678748229835315       0.0263113975741162       0.0989474982419649        0.016225756228513       0.0162257562285133       0.0140207054912581
                     0.12        0.010272284753054       0.0102722847528145        0.235889732366573        0.456978489244622        0.456978489244622        0.456978489244622       0.0067991138027398       0.0263496394664907       0.0990336342508928        0.016245234505811       0.0162452345058112        0.014042831044303
                     0.12       0.0102636612140393       0.0102636612139703         0.23573761212106        0.457228614307154        0.457228614307154        0.457228614307154      0.00681076059182469       0.0263879246354559       0.0991198054458327       0.0162647301429427       0.0162647301429427       0.0140649738924379
                     0.12       0.0102550580299039       0.0102550580300671        0.235585646818449        0.457478739369685        0.457478739369685        0.457478739369685      0.00682242267858604       0.0264262531128001       0.0992060118327387       0.0162842431495024       0.0162842431495023       0.0140871340274508
                     0.12       0.0102464751384777       0.0102464751386334        0.235433836739171        0.457728864432216        0.457728864432216        0.457728864432216      0.00683410007602316        0.026464624930303       0.0992922534176524       0.0163037735350838       0.0163037735350837       0.0141093114411106
                     0.12       0.0102379124783464       0.0102379124783472        0.235282182191522        0.457978989494747        0.457978989494747        0.457978989494747      0.00684579279722644       0.0265030401194589       0.0993785302066232       0.0163233213092799       0.0163233213092799       0.0141315061247381
                     0.12       0.0102293699871086       0.0102293699872089        0.235130683420909        0.458229114557279        0.458229114557279        0.458229114557279      0.00685750085511814       0.0265414987125066       0.0994648422060227        0.016342886481684        0.016342886481684       0.0141537180708035
                     0.12       0.0102208476042453       0.0102208476042782        0.234979340728208         0.45847923961981         0.45847923961981         0.45847923961981      0.00686922426278982       0.0265800007410865       0.0995511894221281       0.0163624690618881        0.016362469061888       0.0141759472708433
                     0.12         0.01021234526816        0.010212345267955        0.234828154373898        0.458729364682341        0.458729364682341        0.458729364682341      0.00688096303322999       0.0266185462373286       0.0996375718614641       0.0163820690594844       0.0163820690594846       0.0141981937171473
                     0.12       0.0102038629172229       0.0102038629170288        0.234677124638848        0.458979489744872        0.458979489744872        0.458979489744872      0.00689271717949519       0.0266571352331635       0.0997239895305757       0.0164016864840654       0.0164016864840656       0.0142204574016895
                     0.12       0.0101954004912119       0.0101954004911022        0.234526251776509        0.459229614807404        0.459229614807404        0.459229614807404       0.0069044867145766       0.0266957677608622       0.0998104424362076        0.016421321345222       0.0164213213452221       0.0142427383169684
                     0.12       0.0101869579298263       0.0101869579296303        0.234375536076742        0.459479739869935        0.459479739869935        0.459479739869935      0.00691627165157942       0.0267344438523156       0.0998969305850781       0.0164409736525449       0.0164409736525451       0.0142650364548857
                     0.12        0.010178535171903       0.0101785351719958        0.234224977775673        0.459729864932466        0.459729864932466        0.459729864932466      0.00692807200346767       0.0267731635400541       0.0999834539841807       0.0164606434156256       0.0164606434156255       0.0142873518083297
                     0.12       0.0101701321589424       0.0101701321589738        0.234074577139823        0.459979989994997        0.459979989994997        0.459979989994997      0.00693988778330314       0.0268119268562942        0.100070012640505        0.016480330644053        0.016480330644053       0.0143096843696979
                     0.12       0.0101617488287845        0.010161748828583        0.233924334430627        0.460230115057529        0.460230115057529        0.460230115057529      0.00695171900414406       0.0268507338333444        0.100156606561157       0.0165000353474189       0.0165000353474191       0.0143320341315199
                     0.12       0.0101533851235291       0.0101533851232082        0.233774249891721         0.46048024012006         0.46048024012006         0.46048024012006      0.00696356567900951        0.026889584503742        0.100243235753385       0.0165197575353114       0.0165197575353117       0.0143544010866807
                     0.12       0.0101450409825302       0.0101450409823926        0.233624323784252        0.460730365182591        0.460730365182591        0.460730365182591      0.00697542782097936       0.0269284788998608        0.100329900224486       0.0165394972173208       0.0165394972173209       0.0143767852278013
                     0.12       0.0101367163471474       0.0101367163471464        0.233474556348176        0.460980490245123        0.460980490245123        0.460980490245123      0.00698730544308505        0.026967417054344        0.100416599981912       0.0165592544030352       0.0165592544030352       0.0143991865479172
                     0.12        0.010128411158186        0.010128411157831        0.233324947821892        0.461230615307654        0.461230615307654        0.461230615307654      0.00699919855836466       0.0270063989998843        0.100503335033213       0.0165790291020435       0.0165790291020438       0.0144216050401344
                     0.12       0.0101201253572859       0.0101201253569678        0.233175498466218        0.461480740370185        0.461480740370185        0.461480740370185       0.0070111071799302       0.0270454247689524        0.100590105385959       0.0165988213239333       0.0165988213239336       0.0144440406972091
                     0.12       0.0101118588845659       0.0101118588845228        0.233026208501878        0.461730865432716        0.461730865432716        0.461730865432716      0.00702303132079232       0.0270844943945047        0.100676911047937       0.0166186310782935       0.0166186310782935       0.0144664935126432
                     0.12       0.0101036116821453       0.0101036116822706        0.232877078171486        0.461980990495248        0.461980990495248        0.461980990495248      0.00703497099403397       0.0271236079092807        0.100763752026953       0.0166384583747111        0.016638458374711       0.0144889634795984
                     0.12       0.0100953836924188       0.0100953836925838        0.232728107706461        0.462231115557779        0.462231115557779        0.462231115557779       0.0070469262127183       0.0271627653461777         0.10085062833094       0.0166583032227727       0.0166583032227726       0.0145114505914757
                     0.12       0.0100871748571482       0.0100871748573155        0.232579297338881         0.46248124062031         0.46248124062031         0.46248124062031      0.00705889698992108       0.0272019667381182        0.100937539967914       0.0166781656320652       0.0166781656320651       0.0145339548417076
                     0.12       0.0100789851180181       0.0100789851178643        0.232430647293407        0.462731365682841        0.462731365682841        0.462731365682841      0.00707088333870824         0.02724121211814        0.101024486946002       0.0166980456121756       0.0166980456121757       0.0145564762239001
                     0.12       0.0100708144177993       0.0100708144176052        0.232282157787263        0.462981490745373        0.462981490745373        0.462981490745373      0.00708288527213603       0.0272805015193954        0.101111469273437       0.0167179431726896       0.0167179431726897       0.0145790147318321
                     0.12       0.0100626626991967       0.0100626626990765        0.232133829067333        0.463231615807904        0.463231615807904        0.463231615807904      0.00709490280335445       0.0273198349747359        0.101198486958453       0.0167378583231928       0.0167378583231929       0.0146015703588075
                     0.12       0.0100545299045884       0.0100545299048128        0.231985661321149        0.463481740870435        0.463481740870435        0.463481740870435      0.00710693594535911       0.0273592125177116        0.101285540009538        0.016757791073271       0.0167577910732709       0.0146241430992113
                     0.12       0.0100464159774672       0.0100464159772438        0.231837654792041        0.463731865932966        0.463731865932966        0.463731865932966      0.00711898471131175       0.0273986341812783        0.101372628435108        0.016777741432509       0.0167777414325092       0.0146467329464961
                     0.12       0.0100383208609479       0.0100383208604683        0.231689809670272        0.463981990995498        0.463981990995498        0.463981990995498      0.00713104911423761       0.0274380999990183        0.101459752243808       0.0167977094104914       0.0167977094104918       0.0146693398950858
                     0.12       0.0100302444981506       0.0100302444984788        0.231542126187962        0.464232116058029        0.464232116058029        0.464232116058029      0.00714312916728931       0.0274776100040772        0.101546911444252        0.016817695016803       0.0168176950168027       0.0146919639387159
                     0.12       0.0100221868335083       0.0100221868329673        0.231394604535621         0.46448224112056         0.46448224112056         0.46448224112056      0.00715522488351426       0.0275171642300992        0.101634106045246       0.0168376982610271       0.0168376982610276       0.0147146050718923
                     0.12       0.0100141478094004       0.0100141478096875         0.23124724492261        0.464732366183091        0.464732366183091        0.464732366183091      0.00716733627602364       0.0275567627105489        0.101721336055628       0.0168577191527487       0.0168577191527485       0.0147372632888349
                     0.12       0.0100061273717646       0.0100061273717329        0.231100047558156        0.464982491245623        0.464982491245623        0.464982491245623      0.00717946335793919       0.0275964054789242        0.101808601484318       0.0168777577015497       0.0168777577015497       0.0147599385838096
                     0.12      0.00999812546356601      0.00999812546362805        0.230953012634961        0.465232616308154        0.465232616308154        0.465232616308154      0.00719160614234692       0.0276360925689409        0.101895902340352        0.016897813917014       0.0168978139170139       0.0147826309514137
                     0.12      0.00999014202949398      0.00999014202911709        0.230806140356681        0.465482741370685        0.465482741370685        0.465482741370685       0.0072037646423747       0.0276758240142244        0.101983238632825       0.0169178878087242       0.0169178878087246       0.0148053403860972
                     0.12      0.00998217701405321      0.00998217701379735        0.230659430908409        0.465732866433217        0.465732866433217        0.465732866433217      0.00721593887110998       0.0277155998486388        0.102070610370951        0.016937979386263       0.0169379793862632       0.0148280668826769
                     0.12      0.00997423036215002       0.0099742303623078        0.230512884488463        0.465982991495748        0.465982991495748        0.465982991495748      0.00722812884168697       0.0277554201059334        0.102158017563989       0.0169580886592122       0.0169580886592121       0.0148508104357824
                     0.12      0.00996630201978391      0.00996630201940526        0.230366501292638        0.466233116558279        0.466233116558279        0.466233116558279      0.00724033456724414       0.0277952848199174         0.10224546022128       0.0169782156371529       0.0169782156371532       0.0148735710401307
                     0.12      0.00995839193073922       0.0099583919309019        0.230220281494605         0.46648324162081         0.46648324162081         0.46648324162081      0.00725255606086948         0.02783519402468        0.102332938352297       0.0169983603296677       0.0169983603296676       0.0148963486908678
                     0.12       0.0099505000413731      0.00995050004134018        0.230074225287196        0.466733366683342        0.466733366683342        0.466733366683342      0.00726479333571435       0.0278751477541283        0.102420451966536        0.017018522746337        0.017018522746337       0.0149191433828489
                     0.12      0.00994262629711037      0.00994262629701487        0.229928332845681        0.466983491745873        0.466983491745873        0.466983491745873      0.00727704640489328       0.0279151460423976        0.102508001073616       0.0170387028967417       0.0170387028967418       0.0149419551112787
                     0.12      0.00993477064376482      0.00993477064367052        0.229782604353089        0.467233616808404        0.467233616808404        0.467233616808404      0.00728931528155207        0.027955188923569        0.102595585683205       0.0170589007904624       0.0170589007904625       0.0149647838712697
                     0.12      0.00992693302725483      0.00992693302753752        0.229637039984201        0.467483741870935        0.467483741870935        0.467483741870935      0.00730159997882449       0.0279952764318478        0.102683205805063       0.0170791164370792        0.017079116437079       0.0149876296581217
                     0.12      0.00991911339391374      0.00991911339391564        0.229491639912127        0.467733866933467        0.467733866933467        0.467733866933467      0.00731390050985084       0.0280354086014909        0.102770861449027        0.017099349846172        0.017099349846172       0.0150104924672064
                     0.12      0.00991131169008178      0.00991131168999048         0.22934640431565        0.467983991995998        0.467983991995998        0.467983991995998      0.00732621688779776       0.0280755854667234        0.102858552624994       0.0171196010273203       0.0171196010273204       0.0150333722938404
                     0.12      0.00990352786272575      0.00990352786269887        0.229201333343821        0.468234117058529        0.468234117058529        0.468234117058529      0.00733854912576043       0.0281158070621338        0.102946279342992       0.0171398699901031       0.0171398699901031       0.0150562691339001
                     0.12      0.00989576185835669      0.00989576185836008        0.229056427179184         0.46848424212106         0.46848424212106         0.46848424212106      0.00735089723693699        0.028156073421971         0.10303404161305       0.0171601567440996       0.0171601567440996       0.0150791829827231
                     0.12      0.00988801362369577      0.00988801362378087        0.228911685988081        0.468734367183592        0.468734367183592        0.468734367183592      0.00736326123449111       0.0281963845806965        0.103121839445295       0.0171804612988885       0.0171804612988884        0.015102113835972
                     0.12      0.00988028310598952      0.00988028310623178        0.228767109913382        0.468984492246123        0.468984492246123        0.468984492246123      0.00737564113153349       0.0282367405730646        0.103209672849975       0.0172007836640481       0.0172007836640479       0.0151250616897594
                     0.12      0.00987257025350004      0.00987257025334855        0.228622699132176        0.469234617308654        0.469234617308654        0.469234617308654      0.00738803694127892       0.0282771414334816        0.103297541837337       0.0172211238491558       0.0172211238491559       0.0151480265396477
                     0.12      0.00986487501290838      0.00986487501285065        0.228478453792204        0.469484742371186        0.469484742371186        0.469484742371186      0.00740044867687208       0.0283175871967129        0.103385446417748       0.0172414818637898       0.0172414818637899       0.0151710083817512
                     0.12      0.00985719733205902      0.00985719733211761        0.228334374046824        0.469734867433717        0.469734867433717        0.469734867433717      0.00741287635148394       0.0283580778974938        0.103473386601633       0.0172618577175276       0.0172618577175276         0.01519400721213
                     0.12      0.00984953715935138      0.00984953715928529        0.228190460044339        0.469984992496248        0.469984992496248        0.469984992496248      0.00742531997828245       0.0283986135706477        0.103561362399494       0.0172822514199459       0.0172822514199459       0.0152170230269746
                     0.12      0.00984189444251501      0.00984189444246589        0.228046711938736        0.470235117558779        0.470235117558779        0.470235117558779      0.00743777957046064       0.0284391942509681        0.103649373821879       0.0173026629806217       0.0173026629806217       0.0152400558224201
                     0.12      0.00983426913000807      0.00983426912982931        0.227903129885716        0.470485242621311        0.470485242621311        0.470485242621311      0.00745025514122733       0.0284798199732618        0.103737420879405       0.0173230924091314       0.0173230924091316       0.0152631055946153
                     0.12      0.00982666117021155      0.00982666117009497        0.227759713998812        0.470735367683842        0.470735367683842        0.470735367683842      0.00746274670368742       0.0285204907728348        0.103825503582826       0.0173435397150515       0.0173435397150516       0.0152861723404811
                     0.12      0.00981907051159816      0.00981907051166415        0.227616464449923        0.470985492746373        0.470985492746373        0.470985492746373       0.0074752542711139       0.0285612066843802         0.10391362194285       0.0173640049079578       0.0173640049079578       0.0153092560559717
                     0.12      0.00981149710406458       0.0098114971039763        0.227473381365692        0.471235617808904        0.471235617808904        0.471235617808904      0.00748777785666822       0.0286019677431231        0.104001775970331       0.0173844879974253       0.0173844879974254        0.015332356737867
                     0.12      0.00980394089557947      0.00980394089549081        0.227330464876602        0.471485742871436        0.471485742871436        0.471485742871436      0.00750031747353227       0.0286427739842804        0.104089965676175       0.0174049889930301       0.0174049889930302       0.0153554743829229
                     0.12      0.00979640183599509      0.00979640183575145        0.227187715132082        0.471735867933967        0.471735867933967        0.471735867933967      0.00751287313494967       0.0286836254428907        0.104178191071317       0.0174255079043468        0.017425507904347       0.0153786089876111
                     0.12      0.00978887987462335      0.00978887987456218        0.227045132252507        0.471985992996498        0.471985992996498        0.471985992996498       0.0075254448540957       0.0287245221543467        0.104266452166799       0.0174460447409501       0.0174460447409502       0.0154017605489474
                     0.12      0.00978137496077752      0.00978137496083365        0.226902716367156        0.472236118059029        0.472236118059029        0.472236118059029      0.00753803264418049       0.0287654641539758        0.104354748973709       0.0174665995124148       0.0174665995124148       0.0154249290638367
                     0.12      0.00977388704463734      0.00977388704506499        0.226760467608066        0.472486243121561        0.472486243121561        0.472486243121561       0.0075506365184313       0.0288064514771064        0.104443081503185       0.0174871722283148       0.0174871722283144       0.0154481145291789
                     0.12      0.00976641607621876      0.00976641607609841        0.226618386098727        0.472736368184092        0.472736368184092        0.472736368184092      0.00756325649006305        0.028847484159195         0.10453144976644       0.0175077628982238       0.0175077628982239       0.0154713169420638
                     0.12      0.00975896200568168      0.00975896200565267        0.226476471961404        0.472986493246623        0.472986493246623        0.472986493246623      0.00757589257229781       0.0288885622357429        0.104619853774743       0.0175283715317154       0.0175283715317155       0.0154945362996447
                     0.12      0.00975152478297367      0.00975152478284717        0.226334725320112        0.473236618309155        0.473236618309155        0.473236618309155      0.00758854477837211       0.0289296857422663        0.104708293539419       0.0175489981383634       0.0175489981383635       0.0155177725990874
                     0.12      0.00974410435900989      0.00974410435883341        0.226193146281679        0.473486743371686        0.473486743371686        0.473486743371686      0.00760121312148692       0.0289708547145017         0.10479676907187       0.0175696427277403       0.0175696427277404       0.0155410258378961
                     0.12      0.00973670068427542       0.0097367006842744        0.226051734974399        0.473736868434217        0.473736868434217        0.473736868434217      0.00761389761491107       0.0290120691879829        0.104885280383525       0.0175903053094191       0.0175903053094191       0.0155642960132473
                     0.12      0.00972931370978715      0.00972931370972867         0.22591049150478        0.473986993496748        0.473986993496748        0.473986993496748      0.00762659827186495       0.0290533291985157        0.104973827485896       0.0176109858929722       0.0176109858929723       0.0155875831227352
                     0.12      0.00972194338631246      0.00972194338623056        0.225769415985614         0.47423711855928         0.47423711855928         0.47423711855928      0.00763931510559636       0.0290946347818695        0.105062410390544        0.017631684487972       0.0176316844879721       0.0156108871638878
                     0.12      0.00971458966587009      0.00971458966565668          0.2256285085214        0.474487243621811        0.474487243621811        0.474487243621811       0.0076520481293404       0.0291359859739367        0.105151029109084       0.0176524011039897       0.0176524011039899       0.0156342081344179
                     0.12      0.00970725249890214      0.00970725249878069        0.225487769230126        0.474737368684342        0.474737368684342        0.474737368684342      0.00766479735637932       0.0291773828104956        0.105239683653177       0.0176731357505978       0.0176731357505979       0.0156575460318484
                     0.12      0.00969993183753253      0.00969993183750704        0.225347198207279        0.474987493746873        0.474987493746873        0.474987493746873      0.00767756279994461       0.0292188253276028        0.105328374034558       0.0176938884373672       0.0176938884373672        0.015680900854131
                     0.12      0.00969262763350139      0.00969262763355516        0.225206795554763        0.475237618809405        0.475237618809405        0.475237618809405      0.00769034447329563       0.0292603135612779        0.105417100265007        0.017714659173869        0.017714659173869       0.0157042725991489
                     0.12      0.00968533983837599      0.00968533983850208        0.225066561372176        0.475487743871936        0.475487743871936        0.475487743871936      0.00770314238969493        0.029301847547598        0.105505862356353       0.0177354479696744       0.0177354479696743       0.0157276612648668
                     0.12      0.00967806840522706      0.00967806840507057        0.224926495757213        0.475737868934467        0.475737868934467        0.475737868934467       0.0077159565624111       0.0293434273226934        0.105594660320483        0.017756254834353       0.0177562548343531       0.0157510668493238
                     0.12      0.00967081328540577      0.00967081328543886        0.224786598821319        0.475987993996998        0.475987993996998        0.475987993996998      0.00772878700475849       0.0293850529225771        0.105683494169313        0.017777079777476        0.017777079777476       0.0157744893503649
                     0.12      0.00966357443168925      0.00966357443169022        0.224646870641405         0.47623811905953         0.47623811905953         0.47623811905953      0.00774163372996996       0.0294267243836726        0.105772363914847       0.0177979228086131       0.0177979228086131       0.0157979287664691
                     0.12      0.00965635179631514      0.00965635179646282        0.224507311311865        0.476488244122061        0.476488244122061        0.476488244122061      0.00775449675133503       0.0294684417422449        0.105861269569121       0.0178187839373343       0.0178187839373342        0.015821385095857
                     0.12       0.0096491453331772      0.00964914533332639        0.224367920924911        0.476738369184592        0.476738369184592        0.476738369184592      0.00776737608214723       0.0295102050346141        0.105950211144213       0.0178396631732083       0.0178396631732082        0.015844858336828
                     0.12       0.0096419549942164      0.00964195499430134        0.224228699558541        0.476988494247124        0.476988494247124        0.476988494247124       0.0077802717356726       0.0295520142972902        0.106039188652268       0.0178605605258052       0.0178605605258051       0.0158683484879666
                     0.12      0.00963478073329924      0.00963478073320281        0.224089647311599        0.477238619309655        0.477238619309655        0.477238619309655      0.00779318372524227       0.0295938695665866        0.106128202105455       0.0178814760046932       0.0178814760046933       0.0158918555475415
                     0.12      0.00962762250258881      0.00962762250279202        0.223950764254718        0.477488744372186        0.477488744372186        0.477488744372186      0.00780611206412241       0.0296357708791586        0.106217251516013        0.017902409619442       0.0179024096194419       0.0159153795143455
                     0.12      0.00962048025686328      0.00962048025715473        0.223812050480276        0.477738869434717        0.477738869434717        0.477738869434717      0.00781905676564743       0.0296777182714552        0.106306336896211       0.0179233613796191       0.0179233613796188       0.0159389203868406
                     0.12      0.00961335394930109      0.00961335394944504        0.223673506059206        0.477988994497249        0.477988994497249        0.477988994497249      0.00783201784310386       0.0297197117801934        0.106395458258374       0.0179443312947929       0.0179443312947928       0.0159624781638967
                     0.12      0.00960624353351682      0.00960624353362726        0.223535131072183         0.47823911955978         0.47823911955978         0.47823911955978      0.00784499530981493       0.0297617514420158        0.106484615614868       0.0179653193745316       0.0179653193745315        0.015986052844258
                     0.12      0.00959914896375313      0.00959914896407088        0.223396925593496        0.478489244622311        0.478489244622311        0.478489244622311      0.00785798917909629       0.0298038372936671        0.106573808978105       0.0179863256284026       0.0179863256284023       0.0160096444268189
                     0.12      0.00959207019441056      0.00959207019446914        0.223258889697595        0.478739369684842        0.478739369684842        0.478739369684842      0.00787099946427405       0.0298459693719231        0.106663038360539       0.0180073500659731       0.0180073500659731       0.0160332529105117
                     0.12      0.00958500717907549      0.00958500717910638        0.223121023439833        0.478989494747374        0.478989494747374        0.478989494747374      0.00788402617863387       0.0298881477138003        0.106752303774678       0.0180283926968109       0.0180283926968109       0.0160568782946352
                     0.12      0.00957795987255186      0.00957795987270072        0.222983326916095        0.479239619809905        0.479239619809905        0.479239619809905      0.00789706933557791       0.0299303723559062        0.106841605233047       0.0180494535304827       0.0180494535304826       0.0160805205778379
                     0.12      0.00957092823020294        0.009570928230117        0.222845800168263        0.479489744872436        0.479489744872436        0.479489744872436      0.00791012894837617       0.0299726433354677        0.106930942748242       0.0180705325765545       0.0180705325765545       0.0161041797597293
                     0.12      0.00956391220586534      0.00956391220581767        0.222708443274382        0.479739869934967        0.479739869934967        0.479739869934967      0.00792320503040402       0.0300149606893525        0.107020316332887       0.0180916298445935       0.0180916298445935       0.0161278558393432
                     0.12      0.00955691175472981      0.00955691175486988        0.222571256299841        0.479989994997499        0.479989994997499        0.479989994997499      0.00793629759501216       0.0300573244545975        0.107109725999639       0.0181127453441656       0.0181127453441655       0.0161515488159694
                     0.12      0.00954992683284419      0.00954992683272661        0.222434239287146         0.48024012006003         0.48024012006003         0.48024012006003      0.00794940665550236         0.03009973466852        0.107199171761216       0.0181338790848362       0.0181338790848363       0.0161752586893276
                     0.12      0.00954295739416053      0.00954295739390588        0.222297392317765        0.480490245122561        0.480490245122561        0.480490245122561      0.00796253222528711       0.0301421913680485         0.10728865363035       0.0181550310761719       0.0181550310761721       0.0161989854585146
                     0.12      0.00953600339487136      0.00953600339504136          0.2221607154376        0.480740370185093        0.480740370185093        0.480740370185093      0.00797567431769637       0.0301846945905283        0.107378171619831       0.0181762013277376       0.0181762013277374       0.0162227291232724
                     0.12      0.00952906479073331      0.00952906479037098        0.222024208697024        0.480990495247624        0.480990495247624        0.480990495247624      0.00798883294608142       0.0302272443732897        0.107467725742484       0.0181973898490983       0.0181973898490985       0.0162464896833069
                     0.12      0.00952214153710511      0.00952214153712499        0.221887872156013        0.481240620310155        0.481240620310155        0.481240620310155       0.0080020081238278       0.0302698407535905        0.107557316011163       0.0182185966498193       0.0182185966498192       0.0162702671382008
                     0.12      0.00951523359078435      0.00951523359077729        0.221751705859842        0.481490745372686        0.481490745372686        0.481490745372686      0.00801519986429303       0.0303124837688805        0.107646942438768       0.0182398217394646       0.0182398217394646       0.0162940614878262
                     0.12      0.00950834090657502      0.00950834090646066        0.221615709876151        0.481740870435218        0.481740870435218        0.481740870435218      0.00802840818090213       0.0303551734564011        0.107736605038227       0.0182610651275998       0.0182610651275999       0.0163178727317157
                     0.12      0.00950146344169596      0.00950146344180435         0.22147988422677        0.481990995497749        0.481990995497749        0.481990995497749      0.00804163308697057       0.0303979098539198        0.107826303822513       0.0182823268237882       0.0182823268237881       0.0163417008702185
                     0.12      0.00949460115225171      0.00949460115233519        0.221344228967302         0.48224112056028         0.48224112056028         0.48224112056028      0.00805487459591166       0.0304406929988724         0.10791603880463       0.0183036068375942       0.0183036068375941       0.0163655459031506
                     0.12      0.00948775399536087      0.00948775399536538         0.22120874413875        0.482491245622811        0.482491245622811        0.482491245622811       0.0080681327211098       0.0304835229288841        0.108005809997612       0.0183249051785809       0.0183249051785809       0.0163894078306148
                     0.12      0.00948092192712693      0.00948092192701539         0.22107342980105        0.482741370685343        0.482741370685343        0.482741370685343      0.00808140747600896       0.0305263996814094        0.108095617414534       0.0183462218563125       0.0183462218563126       0.0164132866524329
                     0.12      0.00947410490449384      0.00947410490444015          0.2209382859678        0.482991495747874        0.482991495747874        0.482991495747874      0.00809469887394172       0.0305693232944343        0.108185461068502       0.0183675568803522       0.0183675568803522       0.0164371823692504
                     0.12      0.00946730288444242      0.00946730288457348        0.220803312694349        0.483241620810405        0.483241620810405        0.483241620810405      0.00810800692835853       0.0306122938055271        0.108275340972652        0.018388910260263       0.0183889102602629       0.0164610949810453
                     0.12      0.00946051582524543      0.00946051582524534        0.220668510006002        0.483491745872936        0.483491745872936        0.483491745872936      0.00812133165264235       0.0306553112526114        0.108365257140157       0.0184102820056069       0.0184102820056069        0.016485024488343
                     0.12      0.00945374368317349      0.00945374368323071        0.220533877949323        0.483741870935468        0.483741870935468        0.483741870935468      0.00813467306023968       0.0306983756734159        0.108455209584216       0.0184316721259473       0.0184316721259473       0.0165089708913481
                     0.12      0.00944698641563624      0.00944698641558236        0.220399416547207        0.483991995997999        0.483991995997999        0.483991995997999      0.00814803116454582       0.0307414871059555        0.108545198318063       0.0184530806308467       0.0184530806308468       0.0165329341907046
                     0.12      0.00944024398077787      0.00944024398113659        0.220265125832182         0.48424212106053         0.48424212106053         0.48424212106053       0.0081614059789907       0.0307846455881733        0.108635223354963       0.0184745075298669       0.0184745075298666       0.0165569143869321
                     0.12      0.00943351633699936      0.00943351633695006         0.22013100583811        0.484492246123062        0.484492246123062        0.484492246123062      0.00817479751701683       0.0308278511580308        0.108725284708209       0.0184959528325691       0.0184959528325692       0.0165809114805664
                     0.12      0.00942680344142187      0.00942680344139218        0.219997056593921        0.484742371185593        0.484742371185593        0.484742371185593      0.00818820579206384       0.0308711038535751        0.108815382391126       0.0185174165485159       0.0185174165485159       0.0166049254722653
                     0.12      0.00942010525232638      0.00942010525224696        0.219863278111527        0.484992496248124        0.484992496248124        0.484992496248124      0.00820163081753625       0.0309144037130681        0.108905516417061       0.0185388986872684       0.0185388986872685       0.0166289563630119
                     0.12      0.00941342172833343      0.00941342172839601        0.219729670427529        0.485242621310655        0.485242621310655        0.485242621310655       0.0082150726069125       0.0309577507745385        0.108995686799399       0.0185603992583877       0.0185603992583876       0.0166530041534111
                     0.12      0.00940675282724308      0.00940675282719028        0.219596233557703        0.485492746373187        0.485492746373187        0.485492746373187      0.00822853117362637       0.0310011450762718        0.109085893551546       0.0185819182714351       0.0185819182714351       0.0166770688444575
                     0.12      0.00940009850843218      0.00940009850834585        0.219462967525139        0.485742871435718        0.485742871435718        0.485742871435718      0.00824200653113971       0.0310445866565055        0.109176136686934       0.0186034557359709        0.018603455735971       0.0167011504370601
                     0.12      0.00939345873008204      0.00939345872994663        0.219329872355981        0.485992996498249        0.485992996498249        0.485992996498249       0.0082554986929321       0.0310880755534784        0.109266416219032        0.018625011661556       0.0186250116615561        0.016725248932115
                     0.12      0.00938683345148181      0.00938683345137424        0.219196948056923         0.48624312156078         0.48624312156078         0.48624312156078      0.00826900767244253       0.0311316118056685        0.109356732161324       0.0186465860577505       0.0186465860577505       0.0167493643308833
                     0.12      0.00938022263116595      0.00938022263122206        0.219064194641891        0.486493246623312        0.486493246623312        0.486493246623312      0.00828253348313716       0.0311751954515094         0.10944708452732       0.0186681789341147       0.0186681789341147       0.0167734966345418
                     0.12      0.00937362622917169      0.00937362622917119        0.218931612134079        0.486743371685843        0.486743371685843        0.486743371685843       0.0082960761385162       0.0312188265293668        0.109537473330564        0.018689790300208        0.018689790300208       0.0167976458441499
                     0.12      0.00936704420379654      0.00936704420393569        0.218799200538145        0.486993496748374        0.486993496748374        0.486993496748374      0.00830963565204115        0.031262505077838        0.109627898584616       0.0187114201655907       0.0187114201655906       0.0168218119611154
                     0.12      0.00936047651547587      0.00936047651542012        0.218666959870088        0.487243621810905        0.487243621810905        0.487243621810905      0.00832321203721224       0.0313062311354298        0.109718360303065       0.0187330685398217       0.0187330685398217       0.0168459949866935
                     0.12      0.00935392312306027      0.00935392312276498        0.218534890130084        0.487493746873437        0.487493746873437        0.487493746873437      0.00833680530749801       0.0313500047408512        0.109808858499518       0.0187547354324606       0.0187547354324609        0.016870194922442
                     0.12      0.00934738398657649      0.00934738398659584         0.21840299133795        0.487743871935968        0.487743871935968        0.487743871935968      0.00835041547642718       0.0313938259326328        0.109899393187616       0.0187764208530664       0.0187764208530664       0.0168944117696267
                     0.12      0.00934085906609671      0.00934085906612388        0.218271263488639        0.487993996998499        0.487993996998499        0.487993996998499      0.00836404255747401       0.0314376947496029        0.109989964381011       0.0187981248111978       0.0187981248111977       0.0169186455299674
                     0.12       0.0093343483216395      0.00933434832172055        0.218139706587684         0.48824412206103         0.48824412206103         0.48824412206103      0.00837768656414858        0.031481611230509        0.110080572093379       0.0188198473164132       0.0188198473164132       0.0169428962050433
                     0.12      0.00932785171361528      0.00932785171377041        0.218008320641923        0.488494247123562        0.488494247123562        0.488494247123562      0.00839134750997449       0.0315255754141164        0.110171216338428       0.0188415883782711        0.018841588378271       0.0169671637964489
                     0.12      0.00932136920220292      0.00932136920219881        0.217877105646655        0.488744372186093        0.488744372186093        0.488744372186093        0.008405025408454       0.0315695873393458         0.11026189712987       0.0188633480063296       0.0188633480063296       0.0169914483060086
                     0.12      0.00931490074769927      0.00931490074745819        0.217746061609509        0.488994497248624        0.488994497248624        0.488994497248624       0.0084187202731307       0.0316136470450184        0.110352614481455       0.0188851262101469       0.0188851262101471       0.0170157497353771
                     0.12      0.00930844631061948      0.00930844631072528        0.217615188520663        0.489244622311156        0.489244622311156        0.489244622311156      0.00843243211751338       0.0316577545701728        0.110443368406943       0.0189069229992809       0.0189069229992808       0.0170400680865377
                     0.12      0.00930200585256789      0.00930200585246232        0.217484486376776        0.489494747373687        0.489494747373687        0.489494747373687      0.00844616095513559       0.0317019099538105        0.110534158920113       0.0189287383832884       0.0189287383832884       0.0170644033614014
                     0.12      0.00929557933372293      0.00929557933353041        0.217353955168799        0.489744872436218        0.489744872436218        0.489744872436218      0.00845990679952613        0.031746113235026        0.110624986034762       0.0189505723717273       0.0189505723717274        0.017088755562011
                     0.12      0.00928916671502084      0.00928916671504335        0.217223594896318        0.489994997498749        0.489994997498749        0.489994997498749      0.00847366966424448       0.0317903644528538        0.110715849764715       0.0189724249741549       0.0189724249741549       0.0171131246903014
                     0.12      0.00928276795844838      0.00928276795881709        0.217093405555207        0.490245122561281        0.490245122561281        0.490245122561281      0.00848744956285046       0.0318346636463991        0.110806750123814       0.0189942962001276       0.0189942962001273       0.0171375107483056
                     0.12      0.00927638302489104      0.00927638302470504        0.216963387123012        0.490495247623812        0.490495247623812        0.490495247623812       0.0085012465088664       0.0318790108549945        0.110897687125906       0.0190161860592024       0.0190161860592025       0.0171619137383982
                     0.12      0.00927001187612111      0.00927001187607453         0.21683353960857        0.490745372686343        0.490745372686343        0.490745372686343      0.00851506051590226       0.0319234061176714        0.110988660784879       0.0190380945609356       0.0190380945609356       0.0171863336624682
                     0.12      0.00926365447289997      0.00926365447292569        0.216703862962714        0.490995497748874        0.490995497748874        0.490995497748874       0.0085288915974315       0.0319678494741088        0.111079671114592       0.0190600217148842       0.0190600217148841       0.0172107705234061
                     0.12      0.00925731077820696      0.00925731077818518        0.216574357210022        0.491245622811406        0.491245622811406        0.491245622811406       0.0085427397671221       0.0320123409632352        0.111170718128985       0.0190819675306033       0.0190819675306033       0.0172352243229108
                     0.12      0.00925098075300885      0.00925098075308801        0.216445022312242        0.491495747873937        0.491495747873937        0.491495747873937      0.00855660503849326        0.032056880624677        0.111261801841962       0.0191039320176497       0.0191039320176497       0.0172596950637618
                     0.12      0.00924466435970558      0.00924466435970156        0.216315858254452        0.491745872936468        0.491745872936468        0.491745872936468      0.00857048742513149       0.0321014684978449        0.111352922267461       0.0191259151855788       0.0191259151855788       0.0172841827483861
                     0.12      0.00923836156036473      0.00923836156051842        0.216186865026158        0.491995997998999        0.491995997998999        0.491995997998999      0.00858438694064373       0.0321461046221346        0.111444079419443       0.0191479170439461        0.019147917043946       0.0173086873791724
                     0.12      0.00923207231745654      0.00923207231735312        0.216058042596684        0.492246123061531        0.492246123061531        0.492246123061531      0.00859830359859547       0.0321907890371867        0.111535273311867        0.019169937602307       0.0191699376023071       0.0173332089588798
                     0.12      0.00922579659354322      0.00922579659361444        0.215929390952626        0.492496248124062        0.492496248124062        0.492496248124062      0.00861223741260431       0.0322355217824907        0.111626503958723       0.0191919768702165       0.0191919768702164       0.0173577474900156
                     0.12      0.00921953435095135      0.00921953435095049        0.215800910065377        0.492746373186593        0.492746373186593        0.492746373186593      0.00862618839625862       0.0322803028977288           0.111717771374       0.0192140348572296       0.0192140348572296       0.0173823029753743
                     0.12      0.00921328555238054      0.00921328555235868        0.215672599909894        0.492996498249125        0.492996498249125        0.492996498249125      0.00864015656316466        0.032325132422577        0.111809075571704       0.0192361115729012       0.0192361115729012        0.017406875417726
                     0.12      0.00920705016059088      0.00920705016071869        0.215544460459769        0.493246623311656        0.493246623311656        0.493246623311656      0.00865414192693464       0.0323700103967568        0.111900416565859       0.0192582070267858       0.0192582070267857        0.017431464819898
                     0.12      0.00920082813949847      0.00920082813942391        0.215416491702682        0.493496748374187        0.493496748374187        0.493496748374187      0.00866814450122509       0.0324149368598732         0.11199179437052       0.0192803212284373       0.0192803212284373       0.0174560711845193
                     0.12      0.00919461945109654       0.0091946194508633        0.215288693585016        0.493746873436718        0.493746873436718        0.493746873436718      0.00868216429959728       0.0324599118519976        0.112083208999699       0.0193024541874105       0.0193024541874107       0.0174806945149363
                     0.12      0.00918842405883792      0.00918842405865344        0.215161066097523         0.49399699849925         0.49399699849925         0.49399699849925      0.00869620133573346       0.0325049354127662        0.112174660467483       0.0193246059132593       0.0193246059132595        0.017505334813796
                     0.12      0.00918224192673923       0.0091822419265356        0.215033609201575        0.494247123561781        0.494247123561781        0.494247123561781      0.00871025562325059       0.0325500075821547        0.112266148787933       0.0193467764155371       0.0193467764155373       0.0175299920842654
                     0.12      0.00917607301721273      0.00917607301734018         0.21490632285693        0.494497248624312        0.494497248624312        0.494497248624312      0.00872432717577088       0.0325951284001884        0.112357673975118       0.0193689657037983       0.0193689657037982       0.0175546663295721
                     0.12      0.00916991729521267      0.00916991729521627         0.21477920703574        0.494747373686843        0.494747373686843        0.494747373686843      0.00873841600695655       0.0326402979067925        0.112449236043141       0.0193911737875953       0.0193911737875953       0.0175793575527727
                     0.12      0.00916377472359728      0.00916377472329069        0.214652261708782        0.494997498749375        0.494997498749375        0.494997498749375      0.00875252213047437       0.0326855161419397        0.112540835006106       0.0194134006764821       0.0194134006764823       0.0176040657569808
                     0.12      0.00915764526665747      0.00915764526665666        0.214525486835814        0.495247623811906        0.495247623811906        0.495247623811906      0.00876664555997411       0.0327307831457479        0.112632470878129       0.0194356463800114       0.0194356463800114       0.0176287909455254
                     0.12      0.00915152888810779       0.0091515288881569        0.214398882361842        0.495497748874437        0.495497748874437        0.495497748874437      0.00878078630907628       0.0327760989585222        0.112724143673299       0.0194579109077364       0.0194579109077363       0.0176535331220118
                     0.12      0.00914542555290152      0.00914542555292606        0.214272448273891        0.495747873936968        0.495747873936968        0.495747873936968      0.00879494439151539       0.0328214636201579        0.112815853405788        0.019480194269209        0.019480194269209       0.0176782922893868
                     0.12      0.00913933522431767      0.00913933522449956        0.214146184516273          0.4959979989995          0.4959979989995          0.4959979989995      0.00880911982092861         0.03286687717103        0.112907600089712       0.0195024964739827       0.0195024964739826       0.0177030684513338
                     0.12      0.00913325786764986      0.00913325786760174        0.214020091043684        0.496248124062031        0.496248124062031        0.496248124062031      0.00882331261098744       0.0329123396514345         0.11299938373921       0.0195248175316091       0.0195248175316091       0.0177278616113985
                     0.12      0.00912719344690001      0.00912719344707687        0.213894167827594        0.496498249124562        0.496498249124562        0.496498249124562      0.00883752277541411       0.0329578511015246        0.113091204368463       0.0195471574516407       0.0195471574516406       0.0177526717728837
                     0.12      0.00912114192690862      0.00912114192673258        0.213768414812395        0.496748374187093        0.496748374187093        0.496748374187093      0.00885175032787228       0.0330034115617674        0.113183061991613       0.0195695162436294       0.0195695162436295       0.0177774989395705
                     0.12       0.0091151032725069      0.00911510327228499        0.213642831949012        0.496998499249625        0.496998499249625        0.496998499249625      0.00886599528205117       0.0330490210725919        0.113274956622826       0.0195918939171269       0.0195918939171271       0.0178023431151651
                     0.12      0.00910907744883029      0.00910907744872945        0.213517419201314        0.497248624312156        0.497248624312156        0.497248624312156      0.00888025765167969       0.0330946796743242        0.113366888276293       0.0196142904816848       0.0196142904816849       0.0178272043031944
                     0.12      0.00910306442047299      0.00910306442039781        0.213392176513779        0.497498749374687        0.497498749374687        0.497498749374687      0.00889453745044912       0.0331403874075239        0.113458856966191       0.0196367059468547       0.0196367059468547       0.0178520825075356
                     0.12       0.0090970641528508      0.00909706415287909        0.213267103841249        0.497748874437219        0.497748874437219        0.497748874437219      0.00890883469208329        0.033186144312673        0.113550862706708       0.0196591403221877       0.0196591403221877       0.0178769777319286
                     0.12      0.00909107661145666      0.00909107661138525        0.213142201130462         0.49799899949975         0.49799899949975         0.49799899949975      0.00892314939029651       0.0332319504303692        0.113642905512042       0.0196815936172349        0.019681593617235       0.0179018899802786
                     0.12      0.00908510176161216      0.00908510176146026        0.213017468331952        0.498249124562281        0.498249124562281        0.498249124562281      0.00893748155881971       0.0332778058012019        0.113734985396391       0.0197040658415472       0.0197040658415473       0.0179268192564608
                     0.12      0.00907913956884676      0.00907913956881981        0.212892905385337        0.498499249624812        0.498499249624812        0.498499249624812      0.00895183121136714       0.0333237104659046        0.113827102373952       0.0197265570046752       0.0197265570046753       0.0179517655645607
                     0.12      0.00907318999862646      0.00907318999874996        0.212768512247196        0.498749374687344        0.498749374687344        0.498749374687344      0.00896619836170175       0.0333696644650664        0.113919256458951       0.0197490671161699       0.0197490671161698        0.017976728908419
                     0.12       0.0090672530173887      0.00906725301736535        0.212644288852949        0.498999499749875        0.498999499749875        0.498999499749875      0.00898058302354456       0.0334156678395258        0.114011447665585        0.019771596185581        0.019771596185581       0.0180017092922537
                     0.12      0.00906132859013908      0.00906132859033803        0.212520235148308        0.499249624812406        0.499249624812406        0.499249624812406      0.00899498521065027       0.0334617206300469        0.114103676008082       0.0197941442224594       0.0197941442224593       0.0180267067201464
                     0.12      0.00905541668396753      0.00905541668376965        0.212396351074904        0.499499749874937        0.499499749874937        0.499499749874937      0.00900940493677166       0.0335078228774655        0.114195941500656       0.0198167112363545       0.0198167112363547        0.018051721196277
                     0.12      0.00904951726406547      0.00904951726406812        0.212272636584429        0.499749874937469        0.499749874937469        0.499749874937469      0.00902384221569551       0.0335539746225455         0.11428824415756       0.0198392972368169       0.0198392972368169       0.0180767527246929
                     0.12      0.00904363029742955      0.00904363029755042        0.212149091596581                      0.5                      0.5                      0.5      0.00903829706113846       0.0336001759064117        0.114380583992978       0.0198619022333956       0.0198619022333955       0.0181018013099943
