         temperature[GeV]            effMassU[GeV]            effMassD[GeV]            effMassS[GeV]            chemPotU[GeV]            chemPotD[GeV]            chemPotS[GeV]          pressure[GeV^4]     energyDensity[GeV^4]    entropyDensity[GeV^3]     quarkDensityU[GeV^3]     quarkDensityD[GeV^3]     quarkDensityS[GeV^3]
                     0.13        0.323478392781104        0.323478392781104        0.506910596324243                        0                        0                        0     0.000355426606493327      0.00198089554185613       0.0179717088334245                        0                        0                        0
                     0.13        0.323478140205748         0.32347814020575        0.506910403075776     0.000250125062531266     0.000250125062531266     0.000250125062531266     0.000355427335636177      0.00198090007300804       0.0179717380796649     2.23263257833536e-06     2.23263257833542e-06     1.36495230042092e-06
                     0.13        0.323477382475164         0.32347738247516        0.506909823327041     0.000500250125062531     0.000500250125062531     0.000500250125062531     0.000355429523077121      0.00198091366650797        0.017971825818655     4.46528265575474e-06     4.46528265575475e-06     2.72991292092422e-06
                     0.13        0.323476119570258        0.323476119570285        0.506908857064118     0.000750375187593797     0.000750375187593797     0.000750375187593797     0.000355433168832502      0.00198093632253276       0.0179719720513805     6.69796773193336e-06     6.69796773193283e-06     4.09489018181653e-06
                     0.13        0.323474351459357        0.323474351459383        0.506907504263927      0.00100050025012506      0.00100050025012506      0.00100050025012506     0.000355438272931156      0.00198096804137589       0.0179721767794873     8.93070530774799e-06     8.93070530774725e-06     5.45989240385592e-06
                     0.13        0.323472078098322         0.32347207809835        0.506905764894322      0.00125062531265633      0.00125062531265633      0.00125062531265633     0.000355444835413284      0.00198100882344631       0.0179724400052637     1.11635128858712e-05     1.11635128858703e-05     6.82492790847673e-06
                     0.13        0.323469299427761        0.323469299427788         0.50690363891197      0.00150075037518759      0.00150075037518759      0.00150075037518759      0.00035545285632041      0.00198105866929214       0.0179727617317446     1.33964079714792e-05     1.33964079714781e-05     8.19000501805265e-06
                     0.13        0.323466015379355        0.323466015379453        0.506901126267173      0.00175087543771886      0.00175087543771886      0.00175087543771886     0.000355462335720549      0.00198111757954697       0.0179731419624931     1.56294080726407e-05     1.56294080726362e-05     9.55513205604932e-06
                     0.13        0.323462225867874        0.323462225867766        0.506898226897537      0.00200100050025012      0.00200100050025012      0.00200100050025012     0.000355473273674654      0.00198118555500006       0.0179735807018814     1.78625307012213e-05      1.7862530701227e-05     1.09203173473596e-05
                     0.13        0.323457930800052        0.323457930800055        0.506894940735316      0.00225112556278139      0.00225112556278139      0.00225112556278139     0.000355485670275706       0.0019812625965149       0.0179740779547657     2.00957933730942e-05     2.00957933730941e-05     1.22855692183869e-05
                     0.13        0.323453130063912         0.32345313006375        0.506891267698761      0.00250125062531266      0.00250125062531266      0.00250125062531266      0.00035549952560316      0.00198134870512601       0.0179746337268793     2.23292136092979e-05     2.23292136093087e-05     1.36508959974686e-05
                     0.13        0.323447823541362        0.323447823541407        0.506887207702074      0.00275137568784392      0.00275137568784392      0.00275137568784392     0.000355514839775556      0.00198144388192704       0.0179752480243773     2.45628089359149e-05     2.45628089359116e-05     1.50163060148487e-05
                     0.13        0.323442011094497        0.323442011094302         0.50688276064411      0.00300150075037519      0.00300150075037519      0.00300150075037519     0.000355531612889266      0.00198154812819655       0.0179759208543325     2.67965968855538e-05     2.67965968855695e-05     1.63818076032328e-05
                     0.13        0.323435692578053        0.323435692578454         0.50687792641983      0.00325162581290645      0.00325162581290645      0.00325162581290645     0.000355549845082508       0.0019816614452724        0.017976652224261     2.90305949971071e-05     2.90305949970722e-05     1.77474090976599e-05
                     0.13        0.323428867830199        0.323428867830168        0.506872704910651      0.00350175087543772      0.00350175087543772      0.00350175087543772     0.000355569536480232      0.00198178383465728       0.0179774421425107     3.12648208170368e-05     3.12648208170397e-05     1.91131188360531e-05
                     0.13        0.323421536679435        0.323421536679291         0.50686709599181      0.00375187593796898      0.00375187593796898      0.00375187593796898     0.000355590687236736       0.0019819152979362       0.0179782906179532     3.34992918994192e-05     3.34992918994337e-05     2.04789451591843e-05
                     0.13        0.323413698941055        0.323413698940849        0.506861099528546      0.00400200100050025      0.00400200100050025      0.00400200100050025     0.000355613297513449      0.00198205583682059       0.0179791976601527     3.57340258068217e-05     3.57340258068437e-05     2.18448964110344e-05
                     0.13        0.323405354412637        0.323405354412688        0.506854715373593      0.00425212606303152      0.00425212606303152      0.00425212606303152     0.000355637367465939       0.0019822054531764       0.0179801632794815     3.79690399838203e-05     3.79690399838145e-05     2.32109808115432e-05
                     0.13         0.32339650288517        0.323396502884926        0.506847943374283      0.00450225112556278      0.00450225112556278      0.00450225112556278     0.000355662897283098      0.00198236414894349       0.0179811874868015     4.02043522593934e-05     4.02043522594227e-05     2.45772069594644e-05
                     0.13        0.323387144130609        0.323387144130646        0.506840783364741      0.00475237618809405      0.00475237618809405      0.00475237618809405     0.000355689887142949      0.00198253192622333        0.017982270293798     4.24399801057261e-05     4.24399801057214e-05     2.59435830898029e-05
                     0.13        0.323377277914136        0.323377277914241        0.506833235173541      0.00500250125062531      0.00500250125062531      0.00500250125062531     0.000355718337257033      0.00198270878719362       0.0179834117126647     4.46759411253305e-05     4.46759411253164e-05     2.73101175615866e-05
                     0.13        0.323366903984593        0.323366903984977         0.50682529861747      0.00525262631315658      0.00525262631315658      0.00525262631315658      0.00035574824783324       0.0019828947341771       0.0179846117563465     4.69122529326882e-05     4.69122529326344e-05     2.86768187383227e-05
                     0.13        0.323356022079361         0.32335602207966        0.506816973505502      0.00550275137568784      0.00550275137568784      0.00550275137568784     0.000355779619101659      0.00198308976960019       0.0179858704384199     4.91489331542577e-05     4.91489331542139e-05     3.00436949880016e-05
                     0.13        0.323344631920526        0.323344631920455        0.506808259635211      0.00575287643821911      0.00575287643821911      0.00575287643821911     0.000355812451292469      0.00198329389602953       0.0179871877732034     5.13859994296304e-05     5.13859994296413e-05     3.14107546835504e-05
                     0.13        0.323332733216924        0.323332733217323        0.506799156794319      0.00600300150075037      0.00600300150075037      0.00600300150075037     0.000355846744643281      0.00198350711615438       0.0179885637756788     5.36234694118975e-05     5.36234694118335e-05     3.27780062029854e-05
                     0.13         0.32332032566831        0.323320325668283        0.506789664763449      0.00625312656328164      0.00625312656328164      0.00625312656328164     0.000355882499416545      0.00198372943275877       0.0179899984614099     5.58613607675748e-05     5.58613607675794e-05     3.41454579294422e-05
                     0.13        0.323307408954111        0.323307408954597         0.50677978330985      0.00650325162581291      0.00650325162581291      0.00650325162581291     0.000355919715866102      0.00198396084879065       0.0179914918468171      5.8099691179049e-05     5.80996911789646e-05     3.55131182518618e-05
                     0.13        0.323293982750555        0.323293982750426        0.506769512196657      0.00675337668834417      0.00675337668834417      0.00675337668834417     0.000355958394284372      0.00198420136725679       0.0179930439487316     6.03384783423455e-05     6.03384783423688e-05     3.68809955645352e-05
                     0.13        0.323280046714127         0.32328004671469        0.506758851175019      0.00700350175087544      0.00700350175087544      0.00700350175087544     0.000355998534964722      0.00198445099131402       0.0179946547848067     6.25777399705166e-05     6.25777399704112e-05     3.82490982679136e-05
                     0.13        0.323265600486399        0.323265600486464        0.506747799981901       0.0072536268134067       0.0072536268134067       0.0072536268134067     0.000356040138181805      0.00198470972428766       0.0179963243735089     6.48174937935519e-05     6.48174937935394e-05     3.96174347690704e-05
                     0.13        0.323250643701961        0.323250643701977        0.506736358352337      0.00750375187593797      0.00750375187593797      0.00750375187593797     0.000356083204268449      0.00198497756954275       0.0179980527337172     6.70577575574696e-05     6.70577575574664e-05     4.09860134809095e-05
                     0.13        0.323235175974221        0.323235175974517        0.506724526004331      0.00775387693846923      0.00775387693846923      0.00775387693846923     0.000356127733524312      0.00198525453064618       0.0179998398852681      6.9298549027677e-05     6.92985490276158e-05     4.23548428236798e-05
                     0.13        0.323219196912611        0.323219196912072        0.506712302652683       0.0080040020010005       0.0080040020010005       0.0080040020010005     0.000356173726297256      0.00198554061121481       0.0180016858484124     7.15398859861891e-05     7.15398859863044e-05     4.37239312240091e-05
                     0.13        0.323202706112758        0.323202706112823        0.506699688004315      0.00825412706353176      0.00825412706353176      0.00825412706353176     0.000356221182955599      0.00198583581496933       0.0180035906440152     7.37817862341116e-05     7.37817862340973e-05     4.50932871155002e-05
                     0.13         0.32318570313399        0.323185703134229        0.506686681736494      0.00850425212606303      0.00850425212606303      0.00850425212606303     0.000356270103770134      0.00198614014597191        0.018005554294476     7.60242675974045e-05     7.60242675973501e-05     4.64629189411462e-05
                     0.13        0.323168187566735        0.323168187566567        0.506673283551979       0.0087543771885943       0.0087543771885943       0.0087543771885943     0.000356320489215245       0.0019864536080186       0.0180075768213717     7.82673479125165e-05     7.82673479125559e-05     4.78328351481285e-05
                     0.13         0.32315015894328        0.323150158943301        0.506659493109004      0.00900450225112556      0.00900450225112556      0.00900450225112556     0.000356372339583685      0.00198677620541074       0.0180096582484245     8.05110450470073e-05     8.05110450470022e-05     4.92030441950238e-05
                     0.13        0.323131616814143        0.323131616814215        0.506645310081407      0.00925462731365683      0.00925462731365683      0.00925462731365683     0.000356425655324174      0.00198710794229633       0.0180117985990343     8.27553768827922e-05     8.27553768827745e-05     5.05735545459485e-05
                     0.13        0.323112560690099        0.323112560689103        0.506630734110876      0.00950475237618809      0.00950475237618809      0.00950475237618809     0.000356480436768128      0.00198744882318879       0.0180139978981641     8.50003613304529e-05     8.50003613307059e-05       5.194437467582e-05
                     0.13        0.323092990093782        0.323092990093923        0.506615764851948      0.00975487743871936      0.00975487743871936      0.00975487743871936     0.000356536684386125      0.00198779885247808       0.0180162561705538     8.72460163172981e-05     8.72460163172613e-05     5.33155130657084e-05
                     0.13        0.323072904514806        0.323072904515271        0.506600401932579       0.0100050025012506       0.0100050025012506       0.0100050025012506     0.000356594398570251      0.00198815803486467       0.0180185734423817     8.94923597991653e-05     8.94923597990411e-05     5.46869782074346e-05
                     0.13        0.323052303438685        0.323052303438755        0.506584644975963       0.0102551275637819       0.0102551275637819       0.0102551275637819     0.000356653579744355      0.00198852637510818       0.0180209497401794     9.17394097537889e-05     9.17394097537698e-05     5.60587786014041e-05
                     0.13        0.323031186336199        0.323031186337089         0.50656849359761       0.0105052526263132       0.0105052526263132       0.0105052526263132     0.000356714228361487      0.00198890387807395       0.0180233850911696     9.39871841841146e-05     9.39871841838644e-05     5.74309227571352e-05
                     0.13        0.323009552663345        0.323009552663734        0.506551947401978       0.0107553776888444       0.0107553776888444       0.0107553776888444     0.000356776344882001      0.00198929054876791       0.0180258795233649     9.62357011190027e-05     9.62357011188909e-05     5.88034191939056e-05
                     0.13         0.32298740185969        0.322987401859715        0.506535005980425       0.0110055027513757       0.0110055027513757       0.0110055027513757      0.00035683992975627       0.0019896863923493       0.0180284330655317     9.84849786144037e-05     9.84849786143964e-05     6.01762764412833e-05
                     0.13        0.322964733360824        0.322964733360748        0.506517668923328        0.011255627813907        0.011255627813907        0.011255627813907     0.000356904983499391       0.0019900914140079       0.0180310457468211     0.000100735034750351     0.000100735034750374     6.15495030377947e-05
                     0.13         0.32294154656613        0.322941546566315        0.506499935790117       0.0115057528764382       0.0115057528764382       0.0115057528764382     0.000356971506515577      0.00199050561928133       0.0180337175978552     0.000102985887641216     0.000102985887641159     6.29231075351441e-05
                     0.13        0.322917840895345        0.322917840894918        0.506481806160777       0.0117558779389695       0.0117558779389695       0.0117558779389695     0.000357039499398401      0.00199092901350665        0.018036448648822     0.000105237555419322     0.000105237555419456     6.42970984915669e-05
                     0.13        0.322893615731106        0.322893615731364        0.506463279586626       0.0120060030015007       0.0120060030015007       0.0120060030015007     0.000357108962646638      0.00199136160234753       0.0180392389313393     0.000107490056252922     0.000107490056252839     6.56714844786568e-05
                     0.13        0.322868870427782        0.322868870427618        0.506444355593671        0.012256128064032        0.012256128064032        0.012256128064032     0.000357179896683768      0.00199180339175611       0.0180420884783117     0.000109743408344744     0.000109743408344798     6.70462740814055e-05
                     0.13        0.322843604366048        0.322843604366531        0.506425033735531       0.0125062531265633       0.0125062531265633       0.0125062531265633     0.000357252302161434      0.00199225438740647       0.0180449973219096     0.000111997629914871      0.00011199762991471     6.84214758908009e-05
                     0.13        0.322817816877023        0.322817816876224        0.506405313520983       0.0127563781890945       0.0127563781890945       0.0127563781890945     0.000357326179542393      0.00199271459546969        0.018047965496317     0.000114252739225961     0.000114252739226234     6.97970985145207e-05
                     0.13        0.322791507296803        0.322791507296935        0.506385194469873       0.0130065032516258       0.0130065032516258       0.0130065032516258     0.000357401529425875      0.00199318402201881       0.0180509930356606     0.000116508754566126      0.00011650875456608     7.11731505690434e-05
                     0.13        0.322764674936844        0.322764674938008        0.506364676080724       0.0132566283141571       0.0132566283141571       0.0132566283141571     0.000357478352361412      0.00199366267337567       0.0180540799752414     0.000118765694259478     0.000118765694259065     7.25496406847024e-05
                     0.13        0.322737319102497        0.322737319102328        0.506343757843887       0.0135067533766883       0.0135067533766883       0.0135067533766883     0.000357556648913425      0.00199415055595724       0.0180572263508508     0.000121023576660456     0.000121023576660518     7.39265775039887e-05
                     0.13        0.322709439082953        0.322709439082246        0.506322439247511       0.0137568784392196       0.0137568784392196       0.0137568784392196      0.00035763641971899      0.00199464767623772       0.0180604321989224     0.000123282420157941     0.000123282420158202     7.53039696807976e-05
                     0.13        0.322681034143667        0.322681034143331        0.506300719753929       0.0140070035017509       0.0140070035017509       0.0140070035017509     0.000357717665327918      0.00199515404097381       0.0180636975570315     0.000125542243178845     0.000125542243178971     7.66818258845117e-05
                     0.13        0.322652103543687        0.322652103543817        0.506278598824339       0.0142571285642821       0.0142571285642821       0.0142571285642821     0.000357800386360362      0.00199566965695792       0.0180670224632107       0.0001278030641825      0.00012780306418245      7.8060154796293e-05
                     0.13        0.322622646529784         0.32262264653083        0.506256075910626       0.0145072536268134       0.0145072536268134       0.0145072536268134     0.000357884583452213      0.00199619453109748        0.018070406956138     0.000130064901663358     0.000130064901662951     7.94389651106205e-05
                     0.13        0.322592662337013        0.322592662336899        0.506233150455478       0.0147573786893447       0.0147573786893447       0.0147573786893447     0.000357970257260438      0.00199672867041666       0.0180738510751902     0.000132327774151394     0.000132327774151439     8.08182655355165e-05
                     0.13        0.322562150165021        0.322562150166228         0.50620982187754       0.0150075037518759       0.0150075037518759       0.0150075037518759     0.000358057408379533      0.00199727208221921       0.0180773548610502     0.000134591700222239     0.000134591700221753      8.2198064795447e-05
                     0.13        0.322531109232565        0.322531109231275        0.506186089606909       0.0152576288144072       0.0152576288144072       0.0152576288144072     0.000358146037536693      0.00199782477369748       0.0180809183542035     0.000136856698476281     0.000136856698476809     8.35783716253267e-05
                     0.13         0.32249953869789        0.322499538698174         0.50616195303311       0.0155077538769385       0.0155077538769385       0.0155077538769385     0.000358236145308912      0.00199838675250592       0.0180845415971664     0.000139122787571347      0.00013912278757123     8.49591947800871e-05
                     0.13        0.322467437744141        0.322467437743507        0.506137411559145       0.0157578789394697       0.0157578789394697       0.0157578789394697     0.000358327732415058      0.00199895802616255       0.0180882246321347     0.000141389986188856     0.000141389986189124      8.6340543025222e-05
                     0.13        0.322434805534025        0.322434805533493        0.506112464578527        0.016008004002001        0.016008004002001        0.016008004002001     0.000358420799597074      0.00199953860230871       0.0180919675020632      0.00014365831305266     0.000143658313052888     8.77224251410849e-05
                     0.13        0.322401641198296        0.322401641197862        0.506087111458271       0.0162581290645323       0.0162581290645323       0.0162581290645323     0.000358515347522063      0.00200012848889049       0.0180957702513053     0.000145927786934972     0.000145927786935161     8.91048499264453e-05
                     0.13        0.322367943869363        0.322367943869063        0.506061351565249       0.0165082541270635       0.0165082541270635       0.0165082541270635     0.000358611376922637      0.00200072769386367       0.0180996329244253     0.000148198426642776     0.000148198426642909      9.0487826193798e-05
                     0.13        0.322333712637721         0.32233371263898        0.506035184241377       0.0167583791895948       0.0167583791895948       0.0167583791895948     0.000358708888479612      0.00200133622548868        0.018103555567559     0.000150470251037578     0.000150470251037012     9.18713627744453e-05
                     0.13        0.322298946607467        0.322298946607899        0.506008608830345       0.0170085042521261       0.0170085042521261       0.0170085042521261     0.000358807882941188      0.00200195409200244       0.0181075382268113     0.000152743279011708     0.000152743279011511     9.32554685135529e-05
                     0.13        0.322263644861788        0.322263644863044        0.505981624669729       0.0172586293146573       0.0172586293146573       0.0172586293146573     0.000358908361107132      0.00200258130173893       0.0181115809490573     0.000155017529504058     0.000155017529503476     9.46401522718591e-05
                     0.13        0.322227806446367        0.322227806445416        0.505954231061671       0.0175087543771886       0.0175087543771886       0.0175087543771886     0.000359010323650117      0.00200321786342756       0.0181156837828584     0.000157293021508813     0.000157293021509261     9.60254229320192e-05
                     0.13        0.322191430435987        0.322191430433585        0.505926427336907       0.0177588794397199       0.0177588794397199       0.0177588794397199     0.000359113771474635      0.00200386378550195       0.0181198467759155     0.000159569774045194     0.000159569774046339     9.74112893856575e-05
                     0.13        0.322154515840355        0.322154515839836        0.505898212773922       0.0180090045022511       0.0180090045022511       0.0180090045022511     0.000359218705270843      0.00200451907698025       0.0181240699783928     0.000161847806202223     0.000161847806202474     9.87977605504617e-05
                     0.13        0.322117061676395        0.322117061675485         0.50586958665727       0.0182591295647824       0.0182591295647824       0.0182591295647824     0.000359325125841962      0.00200518374683491       0.0181283534405978     0.000164127137105719     0.000164127137106166     0.000100184845358351
                     0.13        0.322079066955931        0.322079066955499        0.505840548270383       0.0185092546273137       0.0185092546273137       0.0185092546273137     0.000359433034055567      0.00200585780406165       0.0181326972131345     0.000166407785924394     0.000166407785924608     0.000101572552757088
                     0.13        0.322040530634613         0.32204053063272        0.505811096849405       0.0187593796898449       0.0187593796898449       0.0187593796898449     0.000359542430593565      0.00200654125818545       0.0181371013488624     0.000168689771895995     0.000168689771896949     0.000102960891720787
                     0.13        0.322001451715025        0.322001451715754        0.505781231675345       0.0190095047523762       0.0190095047523762       0.0190095047523762     0.000359653316464804      0.00200723411826189       0.0181415658991738     0.000170973114276778     0.000170973114276405     0.000104349871229766
                     0.13        0.321961829126568        0.321961829125714         0.50575095196619       0.0192596298149075       0.0192596298149075       0.0192596298149075     0.000359765692407261      0.00200793639405053       0.0181460909183983     0.000173257832402315     0.000173257832402757      0.00010573950029487
                     0.13        0.321921661822963        0.321921661821648        0.505720256962697       0.0195097548774387       0.0195097548774387       0.0195097548774387      0.00035987955935499      0.00200864809506902       0.0181506764601358     0.000175543945639078     0.000175543945639768     0.000107129787938501
                     0.13        0.321880948688306        0.321880948687865        0.505689145852882         0.01975987993997         0.01975987993997         0.01975987993997     0.000359994918036427      0.00200936923143523       0.0181553225806251     0.000177831473433763     0.000177831473433997     0.000108520743212267
                     0.13        0.321839688665607        0.321839688665469        0.505657617869622       0.0200100050025013       0.0200100050025013       0.0200100050025013     0.000360111769498538      0.00201009981278532       0.0181600293344752     0.000180120435246719     0.000180120435246793     0.000109912375174497
                     0.13        0.321797880622514        0.321797880623482        0.505625672191231       0.0202601300650325       0.0202601300650325       0.0202601300650325       0.0003602301145719      0.00201083984937397       0.0181647967789883     0.000182410850623355     0.000182410850622828     0.000111304692913829
                     0.13        0.321755523420512        0.321755523419049         0.50559330798674       0.0205102551275638       0.0205102551275638       0.0205102551275638     0.000360349954109215      0.00201158935156419       0.0181696249720797     0.000184702739158769     0.000184702739159576     0.000112697705539028
                     0.13         0.32171261591055        0.321712615911544        0.505560524423419        0.020760380190095        0.020760380190095        0.020760380190095      0.00036047128903122      0.00201234832975362       0.0181745139720644     0.000186996120500629     0.000186996120500073     0.000114091422177379
                     0.13        0.321669156950987         0.32166915695347        0.505527320673027       0.0210105052526263       0.0210105052526263       0.0210105052526263     0.000360594120369984      0.00201311679431262       0.0181794638375131     0.000189291014339638     0.000189291014338233     0.000115485851973254
                     0.13        0.321625145340527        0.321625145340875        0.505493695860609       0.0212606303151576       0.0212606303151576       0.0212606303151576     0.000360718448975603      0.00201389475613284       0.0181844746292022     0.000191587440447901     0.000191587440447702     0.000116881004101248
                     0.13        0.321580579888165        0.321580579887025        0.505459649122657       0.0215107553776888       0.0215107553776888       0.0215107553776888     0.000360844275841397      0.00201468222599343       0.0181895464077527     0.000193885418640699     0.000193885418641359     0.000118276887751986
                     0.13        0.321535459368016        0.321535459369312        0.505425179568986       0.0217608804402201       0.0217608804402201       0.0217608804402201     0.000360971601894286      0.00201547921498017       0.0181946792352306     0.000196184968802856     0.000196184968802096     0.000119673512142048
                     0.13        0.321489782538175         0.32148978254012        0.505390286296068       0.0220110055027514       0.0220110055027514       0.0220110055027514     0.000361100428072702      0.00201628573434313        0.018199873174652     0.000198486110878998     0.000198486110877845     0.000121070886510973
                     0.13        0.321443548177673         0.32144354817626        0.505354968419095       0.0222611305652826       0.0222611305652826       0.0222611305652826     0.000361230755497891      0.00201710179514079       0.0182051282885718     0.000200788864852189     0.000200788864853036      0.00012246902011302
                     0.13         0.32139675500389        0.321396755004763        0.505319225005394       0.0225112556278139       0.0225112556278139       0.0225112556278139     0.000361362585100042      0.00201792740895769       0.0182104446417085     0.000203093250793561     0.000203093250793032     0.000123867922235024
                     0.13        0.321349401730785        0.321349401731427        0.505283055120669       0.0227613806903452       0.0227613806903452       0.0227613806903452     0.000361495917898032      0.00201876258742666       0.0182158222994288     0.000205399288828965     0.000205399288828572     0.000125267602184612
                     0.13        0.321301487040296        0.321301487040544        0.505246457810617       0.0230115057528764       0.0230115057528764       0.0230115057528764     0.000361630754884934       0.0020196073424132       0.0182212613282806      0.00020770699915708     0.000207706999156927     0.000126668069295444
                     0.13        0.321253009640027        0.321253009638981        0.505209432135137       0.0232616308154077       0.0232616308154077       0.0232616308154077     0.000361767097199206      0.00202046168562715       0.0182267617943323     0.000210016402014588     0.000210016402015244     0.000128069332918081
                     0.13        0.321203968156554        0.321203968157225        0.505171977097057        0.023511755877939        0.023511755877939        0.023511755877939     0.000361904945762936      0.00202132562942573       0.0182323237665408     0.000212327517743213     0.000212327517742787      0.00012947140244007
                     0.13        0.321154361249983        0.321154361248747        0.505134091723126       0.0237618809404702       0.0237618809404702       0.0237618809404702     0.000362044301711134      0.00202219918591926       0.0182379473131992      0.00021464036671933     0.000214640366720123     0.000130874287263791
                     0.13        0.321104187560777         0.32110418755907        0.505095775028848       0.0240120060030015       0.0240120060030015       0.0240120060030015     0.000362185166199288      0.00202308236735117        0.018243632503368      0.00021695496938753     0.000216954969388636     0.000132277996816389
                     0.13        0.321053445658425        0.321053445657996        0.505057025976962       0.0242621310655328       0.0242621310655328       0.0242621310655328     0.000362327540190607      0.00202397518656492        0.018249379408811     0.000219271346295175     0.000219271346295455     0.000133682540562225
                     0.13        0.321002134131405        0.321002134130939        0.505017843540879        0.024512256128064        0.024512256128064        0.024512256128064     0.000362471424782872      0.00202487765629086       0.0182551881010465     0.000221589518035577     0.000221589518035886     0.000135087927985091
                     0.13        0.320950251561361        0.320950251561011        0.504978226690446       0.0247623811905953       0.0247623811905953       0.0247623811905953     0.000362616821136242      0.00202578978930906       0.0182610586520373     0.000223909505264884     0.000223909505265119     0.000136494168592433
                     0.13        0.320897796499492        0.320897796499757        0.504938174377993       0.0250125062531266       0.0250125062531266       0.0250125062531266     0.000362763730416535      0.00202671159861823       0.0182669911350443     0.000226231328718535     0.000226231328718356     0.000137901271919763
                     0.13         0.32084476746531        0.320844767463923        0.504897685528934       0.0252626313156578       0.0252626313156578       0.0252626313156578     0.000362912153725647      0.00202764309752013       0.0182729856247376     0.000228555009213434     0.000228555009214381     0.000139309247533927
                     0.13        0.320791163000009        0.320791163000588        0.504856759084441       0.0255127563781891       0.0255127563781891       0.0255127563781891     0.000363062092324375      0.00202858429914351       0.0182790421952634     0.000230880567612529     0.000230880567612129     0.000140718105020534
                     0.13        0.320736981519823        0.320736981518498         0.50481539389146       0.0257628814407204       0.0257628814407204       0.0257628814407204     0.000363213547074942      0.00202953521767994       0.0182851609254124     0.000233208024926456     0.000233208024927379     0.000142127854018061
                     0.13        0.320682221570832        0.320682221569983        0.504773588904218       0.0260130065032516       0.0260130065032516       0.0260130065032516     0.000363366519497973      0.00203049586615751       0.0182913418897065      0.00023553740213894     0.000235537402139537     0.000143538504156172
                     0.13        0.320626881560876        0.320626881563077         0.50473134296482       0.0262631315657829       0.0262631315657829       0.0262631315657829     0.000363521010598021      0.00203146625883807       0.0182975851677141     0.000237868720392988     0.000237868720391424     0.000144950065123791
                     0.13        0.320570959937245        0.320570959937376        0.504688654944389       0.0265132566283142       0.0265132566283142       0.0265132566283142     0.000363677021624025      0.00203244640967876       0.0183038908381204     0.000240202000868527     0.000240202000868433     0.000146362546625788
                     0.13        0.320514455117489        0.320514455116752        0.504645523698295       0.0267633816908454       0.0267633816908454       0.0267633816908454     0.000363834553831564      0.00203343633282403       0.0183102589806619      0.00024253726483143     0.000242537264831964     0.000147775958397159
                     0.13        0.320457365467888         0.32045736546805         0.50460194804315       0.0270135067533767       0.0270135067533767       0.0270135067533767     0.000363993608366669      0.00203443604286079       0.0183166896771822     0.000244874533650577     0.000244874533650458     0.000149190310210935
                     0.13        0.320399689385406        0.320399689384489        0.504557926814541        0.027263631815908        0.027263631815908        0.027263631815908     0.000364154186556116      0.00203544555417021       0.0183231830089053     0.000247213828739443     0.000247213828740119     0.000150605611859911
                     0.13        0.320341425210659        0.320341425213574        0.504513458815309       0.0275137568784392       0.0275137568784392       0.0275137568784392     0.000364316289657354      0.00203646488151844       0.0183297390590259      0.00024955517162017     0.000249555171617998     0.000152021873173711
                     0.13        0.320282571263173        0.320282571265018        0.504468542821115       0.0277638819409705       0.0277638819409705       0.0277638819409705     0.000364479918864288      0.00203749403996859        0.018336357912081     0.000251898583899309     0.000251898583897921     0.000153439104017596
                     0.13        0.320223125859953        0.320223125857821         0.50442317761503       0.0280140070035017       0.0280140070035017       0.0280140070035017     0.000364645075510497      0.00203853304452353       0.0183430396527761     0.000254244087254765     0.000254244087256384     0.000154857314281313
                     0.13        0.320163087305548        0.320163087308559        0.504377361970556        0.028264132066033        0.028264132066033        0.028264132066033     0.000364811760959878      0.00203958191029135         0.01834978436641     0.000256591703443798     0.000256591703441491     0.000156276513884948
                     0.13         0.32010245383763        0.320102453837812        0.504331094610301       0.0285142571285643       0.0285142571285643       0.0285142571285643      0.00036497997642751      0.00204064065297612       0.0183565921412418     0.000258941454345821     0.000258941454345681     0.000157696712793517
                     0.13        0.320041223716888        0.320041223719575        0.504284374275497       0.0287643821910955       0.0287643821910955       0.0287643821910955     0.000365149723293833      0.00204170928806087       0.0183634630646645     0.000261293361894946      0.00026129336189285     0.000159117920993695
                     0.13        0.319979395145586        0.319979395146649        0.504237199659032       0.0290145072536268       0.0290145072536268       0.0290145072536268     0.000365321002789569      0.00204278783158079       0.0183703972266865     0.000263647448143567      0.00026364744814273     0.000160540148517242
                     0.13        0.319916966340042        0.319916966342044        0.504189569475364       0.0292646323161581       0.0292646323161581       0.0292646323161581     0.000365493816362514       0.0020438762993545        0.018377394716872     0.000266003735207182     0.000266003735205592     0.000161963405417114
                     0.13        0.319853935515188        0.319853935513207        0.504141482429113       0.0295147573786893       0.0295147573786893       0.0295147573786893     0.000365668165494056      0.00204497470730949       0.0183844556254199     0.000268362245276579     0.000268362245278167     0.000163387701778543
                     0.13        0.319790300744422        0.319790300744313        0.504092937126341       0.0297648824412206       0.0297648824412206       0.0297648824412206     0.000365844051252354      0.00204608307247028       0.0183915800472719     0.000270723000731455     0.000270723000731543     0.000164813047751413
                     0.13        0.319726060230389        0.319726060231711        0.504043932267778       0.0300150075037519       0.0300150075037519       0.0300150075037519     0.000366021475300425      0.00204720141083678        0.018398768073651     0.000273086023924992     0.000273086023923914     0.000166239453481563
                     0.13        0.319661212081235        0.319661212082268         0.50399446648114       0.0302651325662831       0.0302651325662831       0.0302651325662831     0.000366200439008958      0.00204832973921234       0.0184060197992066     0.000275451337363593     0.000275451337362744     0.000167666929171112
                     0.13         0.31959575435388        0.319595754356754        0.503944538361772       0.0305152576288144       0.0305152576288144       0.0305152576288144     0.000366380943688373      0.00204946807477548       0.0184133353205194     0.000277818963674648     0.000277818963672265     0.000169095485064718
                     0.13        0.319529685133178        0.319529685133977        0.503894146522086       0.0307653826913457       0.0307653826913457       0.0307653826913457     0.000366562990834159      0.00205061643452458       0.0184207147337463     0.000280188925542477      0.00028018892554181     0.000170525131431778
                     0.13        0.319463002431627        0.319463002433984        0.503843289526446       0.0310155077538769       0.0310155077538769       0.0310155077538769     0.000366746581793965      0.00205177483599819       0.0184281581375573     0.000282561245792253     0.000282561245790265     0.000171955878590899
                     0.13        0.319395704323276        0.319395704323617        0.503791965981249       0.0312656328164082       0.0312656328164082       0.0312656328164082     0.000366931718235215      0.00205294329628353       0.0184356656291591      0.00028493594727902      0.00028493594727873     0.000173387736876567
                     0.13        0.319327788786354         0.31932778878721        0.503740174421357       0.0315157578789395       0.0315157578789395       0.0315157578789395     0.000367118401543499       0.0020541218332522       0.0184432373091017     0.000287313053020798     0.000287313053020064     0.000174820716682236
                     0.13        0.319259253747806        0.319259253746829        0.503687913353158       0.0317658829414707       0.0317658829414707       0.0317658829414707      0.00036730663309386      0.00205531046513133       0.0184508732800795     0.000289692586163804     0.000289692586164648     0.000176254828444991
                     0.13           0.319190097208        0.319190097207871         0.50363518132557        0.032016008004002        0.032016008004002        0.032016008004002     0.000367496414540473      0.00205650920964808       0.0184585736426384     0.000292074569875933     0.000292074569876046     0.000177690082618494
                     0.13        0.319120317086579        0.319120317088409        0.503581976839502       0.0322661330665333       0.0322661330665333       0.0322661330665333     0.000367687747429572      0.00205771808510227       0.0184663385003709     0.000294459027479945     0.000294459027478337     0.000179126489708098
                     0.13        0.319049911230852        0.319049911229276        0.503528298330427       0.0325162581290645       0.0325162581290645       0.0325162581290645     0.000367880633051262      0.00205893711049814        0.018474167959787     0.000296845982449243     0.000296845982450638     0.000180564060278716
                     0.13        0.318978877590014        0.318978877590865        0.503474144324058       0.0327663831915958       0.0327663831915958       0.0327663831915958     0.000368075073279309      0.00206016630387228       0.0184820621240055     0.000299235458255255     0.000299235458254495     0.000182002804893833
                     0.13         0.31890721394782        0.318907213947778        0.503419513213884       0.0330165082541271       0.0330165082541271       0.0330165082541271     0.000368271069412174      0.00206140568472144       0.0184900211023628     0.000301627478604752     0.000301627478604789     0.000183442734203898
                     0.13        0.318834918162196        0.318834918161947        0.503364403456362       0.0332666333166583       0.0332666333166583       0.0332666333166583     0.000368468623183252      0.00206265527186282       0.0184980450018551     0.000304022067228746     0.000304022067228972     0.000184883858869356
                     0.13         0.31876198801149        0.318761988010491        0.503308813440944       0.0335167583791896       0.0335167583791896       0.0335167583791896     0.000368667736074722      0.00206391508484422       0.0185061339326173     0.000306419248020779     0.000306419248021693     0.000186326189613052
                     0.13        0.318688421296561          0.3186884212956        0.503252741582085       0.0337668834417209       0.0337668834417209       0.0337668834417209       0.0003688684098202       0.0020651851429628       0.0185142880042973     0.000308819044946078     0.000308819044946963      0.00018776973718354
                     0.13        0.318614215733817        0.318614215732293        0.503196186228462       0.0340170085042521       0.0340170085042521       0.0340170085042521     0.000369070645923533      0.00206646546624178       0.0185225073298025      0.00031122148214042     0.000311221482141835     0.000189214512392639
                     0.13         0.31853936906219        0.318539369063771        0.503139145753814       0.0342671335667834       0.0342671335667834       0.0342671335667834     0.000369274446137824      0.00206775607445022        0.018530792021503     0.000313626583813455     0.000313626583811976     0.000190660526078628
                     0.13         0.31846387892571        0.318463878928272        0.503081618444176       0.0345172586293147       0.0345172586293147       0.0345172586293147     0.000369479811848591      0.00206905698829585       0.0185391421955861     0.000316034374358976     0.000316034374356561     0.000192107789153677
                     0.13         0.31838774307752        0.318387743075284        0.503023602685897       0.0347673836918459       0.0347673836918459       0.0347673836918459     0.000369686745104257      0.00207036822743393       0.0185475579647879     0.000318444878164923     0.000318444878167046     0.000193556312525448
                     0.13        0.318310923447646        0.318310923447647        0.502965071323575       0.0350175087543772       0.0350175087543772       0.0350175087543772     0.000369895121898833      0.00207169009504334       0.0185560406312098     0.000320858153995741     0.000320858153995741     0.000195006118095557
                     0.13        0.318233488312932        0.318233488312933        0.502906072996734       0.0352676338169085       0.0352676338169085       0.0352676338169085     0.000370105192784121      0.00207302205281112       0.0185645879678844     0.000323274159205935     0.000323274159205935     0.000196457195374682
                     0.13        0.318155400241927        0.318155400241927        0.502846581004818       0.0355177588794397       0.0355177588794397       0.0355177588794397     0.000370316836085113      0.00207436439894738       0.0185732012562467      0.00032569295189873      0.00032569295189873     0.000197909566066014
                     0.13        0.318076656789684        0.318076656789686        0.502786593583517        0.035767883941971        0.035767883941971        0.035767883941971     0.000370530053526906      0.00207571715477619       0.0185818806171484     0.000328114557048896     0.000328114557048894     0.000199363241296679
                     0.13        0.317997255482877        0.317997255482877        0.502726108948306       0.0360180090045022       0.0360180090045022       0.0360180090045022     0.000370744846850533      0.00207708034185141       0.0185906261727757     0.000330538999761511     0.000330538999761511     0.000200818232242677
                     0.13        0.317917193819508        0.317917193819507        0.502665125294244       0.0362681340670335       0.0362681340670335       0.0362681340670335     0.000370961217812753      0.00207845398195868       0.0185994380466586     0.000332966305273683     0.000332966305273683     0.000202274550129518
                     0.13        0.317836469268646        0.317836469268645        0.502603640795797       0.0365182591295648       0.0365182591295648       0.0365182591295648     0.000371179168184514      0.00207983809711721       0.0186083163636691      0.00033539649895626     0.000335396498956261     0.000203732206232873
                     0.13        0.317755079270041        0.317755079270043        0.502541653606558        0.036768384192096        0.036768384192096        0.036768384192096     0.000371398699753736      0.00208123270958269       0.0186172612500602     0.000337829606315687     0.000337829606315685      0.00020519121187926
                     0.13        0.317673021233877         0.31767302123388        0.502479161859087       0.0370185092546273       0.0370185092546273       0.0370185092546273     0.000371619814323182      0.00208263784184882       0.0186262728334574     0.000340265652995731     0.000340265652995728     0.000206651578446696
                     0.13         0.31759029254039         0.31759029254039        0.502416163664643       0.0372686343171586       0.0372686343171586       0.0372686343171586     0.000371842513711307      0.00208405351665011       0.0186353512428822     0.000342704664779374     0.000342704664779374     0.000208113317365404
                     0.13        0.317506890539592        0.317506890539592        0.502352657112991       0.0375187593796898       0.0375187593796898       0.0375187593796898     0.000372066799753296      0.00208547975696372       0.0186444966087696     0.000345146667590612     0.000345146667590613     0.000209576440118487
                     0.13        0.317422812550866        0.317422812550866         0.50228864027212       0.0377688844422211       0.0377688844422211       0.0377688844422211     0.000372292674298513      0.00208691658601245       0.0186537090629679     0.000347591687496412     0.000347591687496413     0.000211040958242655
                     0.13        0.317338055862718        0.317338055862718        0.502224111188078       0.0380190095047524       0.0380190095047524       0.0380190095047524     0.000372520139213899       0.0020883640272663       0.0186629887387708     0.000350039750708517     0.000350039750708517     0.000212506883328913
                     0.13        0.317252617732385        0.317252617732384        0.502159067884689       0.0382691345672836       0.0382691345672836       0.0382691345672836     0.000372749196381646      0.00208982210444538       0.0186723357709181     0.000352490883585433     0.000352490883585434     0.000213974227023297
                     0.13        0.317166495385464        0.317166495385465        0.502093508363305       0.0385192596298149       0.0385192596298149       0.0385192596298149     0.000372979847700506      0.00209129084152239       0.0186817502956204     0.000354945112634405     0.000354945112634403     0.000215443001027613
                     0.13        0.317079686015592        0.317079686015593        0.502027430602582       0.0387693846923462       0.0387693846923462       0.0387693846923462     0.000373212095085056      0.00209277026272493       0.0186912324505655     0.000357402464513369     0.000357402464513368     0.000216913217100173
                     0.13        0.316992186784063        0.316992186784064        0.501960832558214       0.0390195097548774       0.0390195097548774       0.0390195097548774     0.000373445940466108      0.00209426039253817       0.0187007823749378     0.000359862966032996     0.000359862966032994     0.000218384887056555
                     0.13        0.316903994819513        0.316903994819511        0.501893712162716       0.0392696348174087       0.0392696348174087       0.0392696348174087     0.000373681385791604      0.00209576125570697        0.018710400209437     0.000362326644158665     0.000362326644158667     0.000219858022770352
                     0.13        0.316815107217417        0.316815107217418        0.501826067325076         0.03951975987994         0.03951975987994         0.03951975987994     0.000373918433024971      0.00209727287723955       0.0187200860962871     0.000364793526012687     0.000364793526012686     0.000221332636173987
                     0.13         0.31672552103986         0.31672552103986        0.501757895930587       0.0397698849424712       0.0397698849424712       0.0397698849424712     0.000374157084147078      0.00209879528240901       0.0187298401792599     0.000367263638876243     0.000367263638876243     0.000222808739259461
                     0.13        0.316635233315045        0.316635233315045         0.50168919584053       0.0400200100050025       0.0400200100050025       0.0400200100050025      0.00037439734115597      0.00210032849675668       0.0187396626036922     0.000369737010191627     0.000369737010191627     0.000224286344079175
                     0.13        0.316544241036974        0.316544241036973        0.501619964891925       0.0402701350675338       0.0402701350675338       0.0402701350675338     0.000374639206064446       0.0021018725460945       0.0187495535164807     0.000372213667564336     0.000372213667564336     0.000225765462746725
                     0.13        0.316452541164949        0.316452541164949        0.501550200897202        0.040520260130065        0.040520260130065        0.040520260130065     0.000374882680904125      0.00210342745650845       0.0187595130661346     0.000374693638765371     0.000374693638765371     0.000227246107437757
                     0.13        0.316360130623291        0.316360130623291        0.501479901644008       0.0407703851925963       0.0407703851925963       0.0407703851925963     0.000375127767722756      0.00210499325436043       0.0187695414027629     0.000377176951733333     0.000377176951733333     0.000228728290390754
                     0.13         0.31626700630076        0.316267006300759        0.501409064894797       0.0410205102551276       0.0410205102551276       0.0410205102551276     0.000375374468585647      0.00210656996629249       0.0187796386781137     0.000379663634576865     0.000379663634576865     0.000230212023907948
                     0.13        0.316173165050352        0.316173165050354          0.5013376883867       0.0412706353176588       0.0412706353176588       0.0412706353176588     0.000375622785574986      0.00210815761922792        0.018789805045571     0.000382153715576705     0.000382153715576703     0.000231697320356102
                     0.13        0.316078603688624        0.316078603688623        0.501265769831044       0.0415207603801901       0.0415207603801901       0.0415207603801901     0.000375872720789996      0.00210975624037641       0.0188000406601899     0.000384647223188299     0.000384647223188301     0.000233184192167468
                     0.13        0.315983318995463        0.315983318995464        0.501193306913207       0.0417708854427214       0.0417708854427214       0.0417708854427214     0.000376124276347846      0.00211136585723522        0.018810345678707     0.000387144186043931     0.000387144186043931     0.000234672651840606
                     0.13        0.315887307713574        0.315887307713575        0.501120297292261       0.0420210105052526       0.0420210105052526       0.0420210105052526     0.000376377454382563      0.00211298649759293       0.0188207202595549     0.000389644632955205     0.000389644632955204       0.0002361627119413
                     0.13        0.315790566547927        0.315790566547927         0.50104673860058       0.0422711355677839       0.0422711355677839       0.0422711355677839     0.000376632257047045      0.00211461818953342       0.0188311645629024     0.000392148592915595     0.000392148592915595     0.000237654385103518
                     0.13        0.315693092165466        0.315693092165467        0.500972628443654       0.0425212606303152       0.0425212606303152       0.0425212606303152     0.000376888686510032      0.00211626096143762       0.0188416787506382     0.000394656095102737     0.000394656095102736     0.000239147684030274
                     0.13        0.315594881194491         0.31559488119449        0.500897964399647       0.0427713856928464       0.0427713856928464       0.0427713856928464     0.000377146744959939      0.00211791484198802         0.01885226298643      0.00039716716888111     0.000397167168881112     0.000240642621494628
                     0.13        0.315495930224291        0.315495930224291        0.500822744019159       0.0430215107553777       0.0430215107553777       0.0430215107553777     0.000377406434601324      0.00211957986017111       0.0188629174357081     0.000399681843804466     0.000399681843804466     0.000242139210340596
                     0.13         0.31539623580464        0.315396235804642        0.500746964824866        0.043271635817909        0.043271635817909        0.043271635817909     0.000377667757659052      0.00212125604528086       0.0188736422657196     0.000402200149618443      0.00040220014961844      0.00024363746348414
                     0.13        0.315295794445214        0.315295794445213        0.500670624311126       0.0435217608804402       0.0435217608804402       0.0435217608804402     0.000377930716373532      0.00212294342692292       0.0188844376455161     0.000404722116263308      0.00040472211626331      0.00024513739391418
                     0.13        0.315194602615194        0.315194602615194        0.500593719943699       0.0437718859429715       0.0437718859429715       0.0437718859429715     0.000378195313005994      0.00212464203501717       0.0188953037460086     0.000407247773876508     0.000407247773876508     0.000246639014693563
                     0.13        0.315092656742709         0.31509265674271        0.500516249159362       0.0440220110055028       0.0440220110055028       0.0440220110055028     0.000378461549833831      0.00212635189980175       0.0189062407399549      0.00040977715279544     0.000409777152795439     0.000248142338960097
                     0.13        0.314989953214377        0.314989953214375        0.500438209365608        0.044272136068034        0.044272136068034        0.044272136068034     0.000378729429154463      0.00212807305183608       0.0189172488020063      0.00041231028356014     0.000412310283560142     0.000249647379927559
                     0.13        0.314886488374617        0.314886488374618        0.500359597940149       0.0445222611305653       0.0445222611305653       0.0445222611305653     0.000378998953283926      0.00212980552200575       0.0189283281087277     0.000414847196916275     0.000414847196916274     0.000251154150886812
                     0.13        0.314782258525299        0.314782258525297        0.500280412230688       0.0447723861930965       0.0447723861930965       0.0447723861930965     0.000379270124555641      0.00213154934152494       0.0189394788385989     0.000417387923817773     0.000417387923817776     0.000252662665206805
                     0.13        0.314677259925071         0.31467725992507        0.500200649554458       0.0450225112556278       0.0450225112556278       0.0450225112556278     0.000379542945323125      0.00213330454194096       0.0189507011720642     0.000419932495429858      0.00041993249542986     0.000254172936335693
                     0.13        0.314571488788872        0.314571488788871        0.500120307197875       0.0452726363181591       0.0452726363181591       0.0452726363181591     0.000379817417959054      0.00213507115513776       0.0189619952915442      0.00042248094313191     0.000422480943131912     0.000255684977801927
                     0.13        0.314464941287362        0.314464941287363        0.500039382416159       0.0455227613806903       0.0455227613806903       0.0455227613806903     0.000380093544855215       0.0021368492133397       0.0189733613814573     0.000425033298520459     0.000425033298520458     0.000257198803215364
                     0.13        0.314357613546204        0.314357613546203        0.499957872432825       0.0457728864432216       0.0457728864432216       0.0457728864432216      0.00038037132842117      0.00213863874911675       0.0189847996282421     0.000427589593412387     0.000427589593412388     0.000258714426268471
                     0.13         0.31424950164568        0.314249501645682        0.499875774439434       0.0460230115057529       0.0460230115057529       0.0460230115057529     0.000380650771087648       0.0021404397953869       0.0189963102203939     0.000430149859847767     0.000430149859847764     0.000260231860737393
                     0.13        0.314140601620011        0.314140601620013        0.499793085595112       0.0462731365682841       0.0462731365682841       0.0462731365682841     0.000380931875304059      0.00214225238542095       0.0190078933484756       0.0004327141300931     0.000432714130093098     0.000261751120483172
                     0.13        0.314030909456637        0.314030909456638        0.499709803026063       0.0465232616308154       0.0465232616308154       0.0465232616308154     0.000381214643540108      0.00214407655284753       0.0190195492051596     0.000435282436644643     0.000435282436644642     0.000263272219452976
                     0.13        0.313920421095818        0.313920421095816        0.499625923825296       0.0467733866933467       0.0467733866933467       0.0467733866933467     0.000381499078284955       0.0021459123316557       0.0190312779852344     0.000437854812231364     0.000437854812231367     0.000264795171681232
                     0.13        0.313809132429711        0.313809132429715         0.49954144505198       0.0470235117558779       0.0470235117558779       0.0470235117558779     0.000381785182046776      0.00214775975620152        0.019043079885643     0.000440431289818618     0.000440431289818614     0.000266319991290985
                     0.13        0.313697039302056        0.313697039302056        0.499456363731231       0.0472736368184092       0.0472736368184092       0.0472736368184092     0.000382072957355716      0.00214961886121001       0.0190549551055127     0.000443011902611064     0.000443011902611064     0.000267846692495015
                     0.13        0.313584137507256        0.313584137507254        0.499370676853494       0.0475237618809405       0.0475237618809405       0.0475237618809405     0.000382362406760959      0.00215148968178158       0.0190669038461732     0.000445596684056419     0.000445596684056421     0.000269375289597217
                     0.13        0.313470422789815        0.313470422789815        0.499284381374147       0.0477738869434717       0.0477738869434717       0.0477738869434717     0.000382653532832126       0.0021533722533958       0.0190789263111884     0.000448185667848781     0.000448185667848781     0.000270905796993871
                     0.13        0.313355890843583        0.313355890843583        0.499197474212961        0.048024012006003        0.048024012006003        0.048024012006003     0.000382946338159156      0.00215526661191691       0.0190910227063885     0.000450778887932257     0.000450778887932257     0.000272438229174995
                     0.13        0.313240537311294        0.313240537311292         0.49910995225383       0.0482741370685343       0.0482741370685343       0.0482741370685343     0.000383240825354018      0.00215717279359638       0.0191031932398947      0.00045337637850423     0.000453376378504233     0.000273972600725575
                     0.13        0.313124357783478        0.313124357783478        0.499021812343983       0.0485242621310655       0.0485242621310655       0.0485242621310655     0.000383536997047934      0.00215909083508106       0.0191154381221506     0.000455978174019523     0.000455978174019523     0.000275508926327117
                     0.13        0.313007347798082        0.313007347798083        0.498933051293736       0.0487743871935968       0.0487743871935968       0.0487743871935968       0.0003838348558939      0.00216102077341533       0.0191277575659496     0.000458584309193639     0.000458584309193639     0.000277047220758884
                     0.13        0.312889502839537        0.312889502839539         0.49884366587586       0.0490245122561281       0.0490245122561281       0.0490245122561281     0.000384134404565473      0.00216296264604769       0.0191401517864669     0.000461194819006813     0.000461194819006811     0.000278587498899395
                     0.13        0.312770818338073        0.312770818338074        0.498753652825099       0.0492746373186593       0.0492746373186593       0.0492746373186593     0.000384435645758765      0.00216491649083538       0.0191526210013005      0.00046380973870776     0.000463809738707758     0.000280129775727847
                     0.13        0.312651289668999        0.312651289668999        0.498663008837688       0.0495247623811906       0.0495247623811906       0.0495247623811906     0.000384738582189681      0.00216688234604932        0.019165165430479     0.000466429103817519     0.000466429103817519     0.000281674066325556
                     0.13        0.312530912151871         0.31253091215187        0.498571730570782       0.0497748874437219       0.0497748874437219       0.0497748874437219     0.000385043216597141      0.00216886025037975       0.0191777852965187     0.000469052950133509     0.000469052950133511     0.000283220385877473
                     0.13        0.312409681049719        0.312409681049719        0.498479814641908       0.0500250125062531       0.0500250125062531       0.0500250125062531     0.000385349551741115      0.00217085024294171       0.0191904808244422     0.000471681313733546     0.000471681313733546     0.000284768749673704
                     0.13        0.312287591568075        0.312287591568075        0.498387257628313       0.0502751375687844       0.0502751375687844       0.0502751375687844     0.000385657590403168      0.00217285236328166       0.0192032522418216     0.000474314230980184     0.000474314230980183     0.000286319173111127
                     0.13        0.312164638854522        0.312164638854521        0.498294056066657       0.0505252626313157       0.0505252626313157       0.0505252626313157     0.000385967335388246       0.0021748666513803       0.0192160997788051     0.000476951738524393     0.000476951738524393     0.000287871671694792
                     0.13        0.312040817997597        0.312040817997595        0.498200206452274       0.0507753876938469       0.0507753876938469       0.0507753876938469     0.000386278789522371      0.00217689314766013       0.0192290236681464     0.000479593873310176     0.000479593873310178     0.000289426261039638
                     0.13        0.311916124025846        0.311916124025847        0.498105705238483       0.0510255127563782       0.0510255127563782       0.0510255127563782     0.000386591955654991       0.0021789318929923       0.0192420241452638     0.000482240672579047     0.000482240672579046     0.000290982956872181
                     0.13        0.311790551907217        0.311790551907216        0.498010548836216       0.0512756378189095       0.0512756378189095       0.0512756378189095     0.000386906836657659      0.00218098292870028       0.0192551014482488     0.000484892173874067     0.000484892173874068     0.000292541775032038
                     0.13        0.311664096547975        0.311664096547972        0.497914733613249       0.0515257628814407       0.0515257628814407       0.0515257628814407      0.00038722343542455      0.00218304629656752       0.0192682558179167     0.000487548415044627     0.000487548415044631      0.00029410273147372
                     0.13        0.311536752791836        0.311536752791839        0.497818255893626        0.051775887943972        0.051775887943972        0.051775887943972      0.00038754175487327      0.00218512203884321       0.0192814874978465      0.00049020943425097     0.000490209434250964     0.000295665842268323
                     0.13        0.311408515419137        0.311408515419136        0.497721111957078       0.0520260130065032       0.0520260130065032       0.0520260130065032     0.000387861797944856      0.00218721019824807       0.0192947967344136     0.000492875269968721     0.000492875269968722     0.000297231123605248
                     0.13        0.311279379145751        0.311279379145748         0.49762329803829       0.0522761380690345       0.0522761380690345       0.0522761380690345     0.000388183567602847      0.00218931081798164        0.019308183776827     0.000495545960993848     0.000495545960993853     0.000298798591794052
                     0.13        0.311149338622205        0.311149338622207        0.497524810326299       0.0525262631315658       0.0525262631315658       0.0525262631315658     0.000388507066835568      0.00219142394172828       0.0193216488771811     0.000498221546447379     0.000498221546447376     0.000300368263266222
                     0.13        0.311018388432742        0.311018388432742        0.497425644963848        0.052776388194097        0.052776388194097        0.052776388194097     0.000388832298653816      0.00219354961366355        0.019335192290475     0.000500902065780273     0.000500902065780273     0.000301940154577018
                     0.13        0.310886523094163        0.310886523094168        0.497325798046594       0.0530265132566283       0.0530265132566283       0.0530265132566283     0.000389159266093675      0.00219568787846221       0.0193488142746827     0.000503587558778673     0.000503587558778665     0.000303514282407434
                     0.13         0.31075373705505        0.310753737055049        0.497225265622569       0.0532766383191596       0.0532766383191596       0.0532766383191596     0.000389487972213998      0.00219783878130342       0.0193625150907616     0.000506278065568659      0.00050627806556866     0.000305090663566012
                     0.13        0.310620024694452        0.310620024694449         0.49712404369131       0.0535267633816908       0.0535267633816908       0.0535267633816908     0.000389818420099462      0.00220000236787952        0.019376295002731     0.000508973626621865      0.00050897362662187     0.000306669314990915
                     0.13        0.310485380320988        0.310485380320987        0.497022128203231       0.0537768884442221       0.0537768884442221       0.0537768884442221     0.000390150612858325      0.00220217868440227       0.0193901542776885     0.000511674282760549     0.000511674282760551     0.000308250253751855
                     0.13        0.310349798171828         0.31034979817183        0.496919515058912       0.0540270135067534       0.0540270135067534       0.0540270135067534     0.000390484553624025      0.00220436777760976       0.0194040931858634     0.000514380075162898     0.000514380075162895     0.000309833497052109
                     0.13        0.310213272411318        0.310213272411319        0.496816200108182       0.0542771385692846       0.0542771385692846       0.0542771385692846     0.000390820245554806      0.00220656969477578       0.0194181120006717      0.00051709104536895     0.000517091045368949      0.00031141906223071
                     0.13        0.310075797130109        0.310075797130108        0.496712179149513       0.0545272636318159       0.0545272636318159       0.0545272636318159     0.000391157691834381      0.00220878448371561       0.0194322109987516     0.000519807235285837     0.000519807235285838     0.000313006966764445
                     0.13        0.309937366344017        0.309937366344018        0.496607447929274       0.0547773886943472       0.0547773886943472       0.0547773886943472     0.000391496895672052      0.00221101219279351       0.0194463904600089     0.000522528687193468     0.000522528687193468     0.000314597228269988
                     0.13        0.309797973992511        0.309797973992516        0.496502002140634       0.0550275137568784       0.0550275137568784       0.0550275137568784     0.000391837860302231      0.00221325287093364       0.0194606506676815      0.00052525544375092     0.000525255443750912     0.000316189864506298
                     0.13        0.309657613938019        0.309657613938018        0.496395837423147       0.0552776388194097       0.0552776388194097       0.0552776388194097     0.000392180588985554      0.00221550656762413        0.019474991908366     0.000527987548001578     0.000527987548001579     0.000317784893376587
                     0.13         0.30951627996423        0.309516279964226        0.496288949361595        0.055527763881941        0.055527763881941        0.055527763881941     0.000392525085008741      0.00221777333292861       0.0194894144720893      0.00053072504337996     0.000530725043379965     0.000319382332930823
                     0.13         0.30937396577511        0.309373965775104        0.496181333485283       0.0557778889444722       0.0557778889444722       0.0557778889444722     0.000392871351684476      0.00222005321749319       0.0195039186523469     0.000533467973717482     0.000533467973717491     0.000320982201367967
                     0.13        0.309230664993658        0.309230664993656        0.496072985267218       0.0560280140070035       0.0560280140070035       0.0560280140070035     0.000393219392353726      0.00222234627255449       0.0195185047461665     0.000536216383248719     0.000536216383248721     0.000322584517038309
                     0.13        0.309086371160392        0.309086371160395        0.495963900123059       0.0562781390695348       0.0562781390695348       0.0562781390695348     0.000393569210382173      0.00222465254995022       0.0195331730541461      0.00053897031661817     0.000538970316618166     0.000324189298446006
                     0.13        0.308941077732023        0.308941077732019        0.495854073410213        0.056528264132066        0.056528264132066        0.056528264132066     0.000393920809163208      0.00222697210212816         0.01954792388053     0.000541729818886829     0.000541729818886835     0.000325796564251568
                     0.13        0.308794778080429        0.308794778080426        0.495743500427202       0.0567783891945973       0.0567783891945973       0.0567783891945973     0.000394274192118495      0.00222930498215215       0.0195627575332433     0.000544494935538328     0.000544494935538333     0.000327406333274154
                     0.13        0.308647465490993        0.308647465490995        0.495632176412437       0.0570285142571286       0.0570285142571286       0.0570285142571286     0.000394629362696002       0.0022316512437145       0.0195776743239547     0.000547265712486224     0.000547265712486221     0.000329018624494361
                     0.13        0.308499133161064        0.308499133161063        0.495520096543216       0.0572786393196598       0.0572786393196598       0.0572786393196598     0.000394986324372088      0.00223401094114589       0.0195926745681516     0.000550042196081155     0.000550042196081157     0.000330633457056875
                     0.13        0.308349774198842        0.308349774198844        0.495407255934991       0.0575287643821911       0.0575287643821911       0.0575287643821911     0.000395345080651439       0.0022363841294225       0.0196077585851776      0.00055282443311741     0.000552824433117407      0.00033225085027297
                     0.13         0.30819938162173         0.30819938162173        0.495293649640215       0.0577788894447224       0.0577788894447224       0.0577788894447224     0.000395705635067425      0.00223877086417747       0.0196229266983054     0.000555612470840464     0.000555612470840464     0.000333870823623345
                     0.13        0.308047948354704        0.308047948354706        0.495179272647227       0.0580290145072536       0.0580290145072536       0.0580290145072536     0.000396067991181238        0.002241171201712       0.0196381792347964     0.000558406356954571     0.000558406356954568     0.000335493396760993
                     0.13        0.307895467228872        0.307895467228871        0.495064119879302       0.0582791395697849       0.0582791395697849       0.0582791395697849     0.000396432152582657      0.00224358519900476       0.0196535165259619     0.000561206139630153     0.000561206139630155     0.000337118589513966
                     0.13        0.307741930980075        0.307741930980076        0.494948186193691       0.0585292646323162       0.0585292646323162       0.0585292646323162     0.000396798122891936      0.00224601291372115       0.0196689389072294      0.00056401186751122     0.000564011867511218     0.000338746421888211
                     0.13        0.307587332246994        0.307587332246986        0.494831466380347       0.0587793896948474       0.0587793896948474       0.0587793896948474     0.000397165905758248      0.00224845440422622       0.0196844467182101     0.000566823589723703     0.000566823589723716      0.00034037691407067
                     0.13        0.307431663569509        0.307431663569513        0.494713955160776       0.0590295147573787       0.0590295147573787       0.0590295147573787     0.000397535504860685      0.00225090972959584       0.0197000403027735     0.000569641355883489     0.000569641355883481     0.000342010086432338
                     0.13        0.307274917387319        0.307274917387316        0.494595647187142       0.0592796398199099       0.0592796398199099       0.0592796398199099     0.000397906923907655       0.0022533789496255       0.0197157200090904     0.000572465216104109     0.000572465216104113     0.000343645959531169
                     0.13        0.307117086037685        0.307117086037683        0.494476537040702       0.0595297648824412       0.0595297648824412       0.0595297648824412     0.000398280166638086      0.00225586212484601       0.0197314861897417     0.000575295221006031     0.000575295221006036     0.000345284554115555
                     0.13          0.3069581617544        0.306958161754401         0.49435661923116       0.0597798899449725       0.0597798899449725       0.0597798899449725     0.000398655236822726       0.0022583593165295       0.0197473392017548     0.000578131421723979     0.000578131421723976     0.000346925891127122
                     0.13         0.30679813666539        0.306798136665389        0.494235888194986       0.0600300150075037       0.0600300150075037       0.0600300150075037     0.000399032138263183      0.00226087058670631       0.0197632794067039     0.000580973869916678      0.00058097386991668     0.000348569991704392
                     0.13        0.306637002790803        0.306637002790807         0.49411433829414        0.060280140070035        0.060280140070035        0.060280140070035       0.0003994108747899      0.00226339599817767       0.0197793071707696     0.000583822617775929     0.000583822617775922     0.000350216877186186
                     0.13        0.306474752041747        0.306474752041753         0.49399196381524       0.0605302651325663       0.0605302651325663       0.0605302651325663     0.000399791450267677      0.00226593561452351       0.0197954228648207     0.000586677718034654     0.000586677718034644     0.000351866569114713
                     0.13        0.306311376217741         0.30631137621774        0.493868758967793       0.0607803901950975       0.0607803901950975       0.0607803901950975     0.000400173868592774      0.00226848950012028       0.0198116268645052     0.000589539223977288     0.000589539223977291     0.000353519089239461
                     0.13        0.306146867005115        0.306146867005112        0.493744717883178       0.0610305152576288       0.0610305152576288       0.0610305152576288     0.000400558133691956      0.00227105772015081       0.0198279195502957     0.000592407189448673     0.000592407189448678      0.00035517445952055
                     0.13        0.305981215974979        0.305981215974986        0.493619834613215       0.0612806403201601       0.0612806403201601       0.0612806403201601     0.000400944249527489       0.0022736403406183       0.0198443013076123     0.000595281668863804     0.000595281668863791     0.000356832702132452
                     0.13        0.305814414580643        0.305814414580633        0.493494103128406       0.0615307653826913       0.0615307653826913       0.0615307653826913     0.000401332220091716      0.00227623742836411        0.019860772526892     0.000598162717218695     0.000598162717218712     0.000358493839468053
                     0.13        0.305646454156159        0.305646454156159        0.493367517317032       0.0617808904452226       0.0617808904452226       0.0617808904452226     0.000401722049411427      0.00227884905107617       0.0198773336036641       0.0006010503900994       0.0006010503900994     0.000360157894142075
                     0.13        0.305477325913929        0.305477325913934        0.493240070983477       0.0620310155077539       0.0620310155077539       0.0620310155077539     0.000402113741547951      0.00228147527730566        0.019893984938653     0.000603944743692814     0.000603944743692806      0.00036182488899518
                     0.13        0.305307020942446        0.305307020942448        0.493111757846687       0.0622811405702851       0.0622811405702851       0.0622811405702851     0.000402507300595045      0.00228411617648222       0.0199107269378528     0.000606845834797395      0.00060684583479739     0.000363494847098019
                     0.13        0.305135530203909        0.305135530203909         0.49298257153862       0.0625312656328164       0.0625312656328164       0.0625312656328164     0.000402902730682435      0.00228677181892929       0.0199275600126464     0.000609753720834232     0.000609753720834232     0.000365167791755375
                     0.13        0.304962844532093        0.304962844532093        0.492852505602749       0.0627813906953477       0.0627813906953477       0.0627813906953477     0.000403300035972724      0.00228944227587865       0.0199444845798672     0.000612668459857852     0.000612668459857851     0.000366843746510301
                     0.13        0.304788954630109        0.304788954630117          0.4927215534926       0.0630315157578789       0.0630315157578789       0.0630315157578789     0.000403699220665167      0.00229212761948483       0.0199615010619107      0.00061559011056732     0.000615590110567307     0.000368522735148309
                     0.13        0.304613851067334        0.304613851067341        0.492589708569626       0.0632816408204102       0.0632816408204102       0.0632816408204102      0.00040410028899409      0.00229482792284637       0.0199786098868573     0.000618518732319054     0.000618518732319042     0.000370204781702177
                     0.13        0.304437524277883        0.304437524277881        0.492456964102248       0.0635317658829415       0.0635317658829415       0.0635317658829415     0.000404503245229122      0.00229754326001467       0.0199958114885142     0.000621454385136952     0.000621454385136956     0.000371889910455845
                     0.13        0.304259964557058         0.30425996455706        0.492323313263396       0.0637818909454727       0.0637818909454727       0.0637818909454727     0.000404908093677471      0.00230027370601872       0.0200131063065933     0.000624397129726408     0.000624397129726404     0.000373578145949651
                     0.13        0.304081162059687         0.30408116205968        0.492188749129422        0.064032016008004        0.064032016008004        0.064032016008004     0.000405314838681808      0.00230301933687529       0.0200304947867434      0.00062734702748502     0.000627347027485033     0.000375269512984471
                     0.13         0.30390110679654        0.303901106796542        0.492053264677705       0.0642821410705353       0.0642821410705353       0.0642821410705353     0.000405723484622911      0.00230578022961302       0.0200479773807239     0.000630304140517008     0.000630304140517003     0.000376964036627054
                     0.13        0.303719788632242        0.303719788632249        0.491916852785173       0.0645322661330665       0.0645322661330665       0.0645322661330665      0.00040613403591739      0.00230855646228644        0.020065554546465     0.000633268531645056     0.000633268531645044     0.000378661742214648
                     0.13        0.303537197282167        0.303537197282167        0.491779506226307       0.0647823911955978       0.0647823911955978       0.0647823911955978     0.000406546497022493      0.00231134811399586       0.0200832267482248      0.00063624026442422      0.00063624026442422     0.000380362655360148
                     0.13        0.303353322309676        0.303353322309676        0.491641217671216       0.0650325162581291       0.0650325162581291       0.0650325162581291     0.000406960872431583      0.00231415526490611       0.0201009944566657     0.000639219403155375     0.000639219403155375     0.000382066801957262
                     0.13        0.303168153123123        0.303168153123115        0.491501979683659       0.0652826413206603       0.0652826413206603       0.0652826413206603     0.000407377166678352       0.0023169779962661       0.0201188581490033     0.000642206012899298     0.000642206012899314     0.000383774208185817
                     0.13        0.302981678972675        0.302981678972671         0.49136178471889       0.0655327663831916       0.0655327663831916       0.0655327663831916     0.000407795384334608      0.00231981639042995       0.0201368183091175     0.000645200159491304     0.000645200159491313     0.000385484900517291
                     0.13        0.302793888947655        0.302793888947655        0.491220625121883       0.0657828914457229       0.0657828914457229       0.0657828914457229      0.00040821553001321       0.0023226705308742       0.0201548754276724     0.000648201909555075     0.000648201909555074     0.000387198905720108
                     0.13        0.302604771972593        0.302604771972594        0.491078493124643       0.0660330165082541       0.0660330165082541       0.0660330165082541     0.000408637608365913      0.00232554050222459       0.0201730300022686     0.000651211330519168     0.000651211330519167     0.000388916250865828
                     0.13        0.302414316805117        0.302414316805129        0.490935380844886       0.0662831415707854       0.0662831415707854       0.0662831415707854     0.000409061624086906      0.00232842639026843       0.0201912825375303     0.000654228490630223     0.000654228490630199     0.000390636963334222
                     0.13        0.302222512031083        0.302222512031085        0.490791280282611       0.0665332666333167       0.0665332666333167       0.0665332666333167     0.000409487581909836      0.00233132828198897       0.0202096335453057     0.000657253458971664      0.00065725345897166     0.000392361070820298
                     0.13        0.302029346062507        0.302029346062506         0.49064618331888       0.0667833916958479       0.0667833916958479       0.0667833916958479     0.000409915486610426      0.00233424626557664       0.0202280835447383      0.00066028630547727     0.000660286305477272     0.000394088601339488
                     0.13        0.301834807133669        0.301834807133674        0.490500081713133       0.0670335167583792       0.0670335167583792       0.0670335167583792     0.000410345343008767      0.00233718043045556       0.0202466330624469     0.000663327100948448      0.00066332710094844     0.000395819583234209
                     0.13        0.301638883296878        0.301638883296871        0.490352967100292       0.0672836418209105       0.0672836418209105       0.0672836418209105     0.000410777155964773      0.00234013086731229       0.0202652826326701     0.000666375917072462     0.000666375917072474     0.000397554045180749
                     0.13        0.301441562419482        0.301441562419476        0.490204830988867       0.0675337668834417       0.0675337668834417       0.0675337668834417     0.000411210930383318      0.00234309766811395       0.0202840327974053     0.000669432826438436     0.000669432826438446     0.000399292016195343
                     0.13        0.301242832179848        0.301242832179856         0.49005566475819        0.067783891945973        0.067783891945973        0.067783891945973      0.00041164667121309       0.0023460809261354       0.0203028841065652     0.000672497902555647     0.000672497902555632     0.000401033525641146
                     0.13        0.301042680063311        0.301042680063315        0.489905459655692       0.0680340170085042       0.0680340170085042       0.0680340170085042     0.000412084383446299      0.00234908073598602       0.0203218371181376     0.000675571219872126     0.000675571219872117     0.000402778603235287
                     0.13        0.300841093358371        0.300841093358371        0.489754206794428       0.0682841420710355       0.0682841420710355       0.0682841420710355     0.000412524072121216      0.00235209719363378       0.0203408923983455      0.00067865285379302     0.000678652853793021     0.000404527279055812
                     0.13        0.300638059152233        0.300638059152237        0.489601897150036       0.0685342671335668       0.0685342671335668       0.0685342671335668     0.000412965742320158      0.00235513039643527       0.0203600505218159     0.000681742880700557     0.000681742880700548     0.000406279583549261
                     0.13        0.300433564327406        0.300433564327417        0.489448521558476        0.068784392196098        0.068784392196098        0.068784392196098     0.000413409399173597      0.00235818044315722       0.0203793120717317     0.000684841377972142      0.00068484137797212     0.000408035547537655
                     0.13         0.30022759555631        0.300227595556313        0.489294070712436       0.0690345172586293       0.0690345172586293       0.0690345172586293     0.000413855047857507      0.00236124743401233       0.0203986776400359      0.00068794842400275     0.000687948424002743     0.000409795202226841
                     0.13        0.300020139297313        0.300020139297319         0.48913853515864       0.0692846423211606       0.0692846423211606       0.0692846423211606     0.000414302693594319      0.00236433147068528       0.0204181478275903     0.000691064098224732     0.000691064098224719     0.000411558579214131
                     0.13         0.29981118179031        0.299811181790311        0.488981905294987       0.0695347673836918       0.0695347673836918       0.0695347673836918     0.000414752341656457      0.00236743265636063       0.0204377232443673     0.000694188481128844     0.000694188481128842     0.000413325710496234
                     0.13        0.299600709051747        0.299600709051746        0.488824171367108       0.0697848924462231       0.0697848924462231       0.0697848924462231     0.000415203997364041      0.00237055109575659       0.0204574045096388     0.000697321654286722     0.000697321654286723     0.000415096628477874
                     0.13        0.299388706869821        0.299388706869829        0.488665323465273       0.0700350175087544       0.0700350175087544       0.0700350175087544     0.000415657666084673      0.00237368689515519       0.0204771922521533     0.000700463700373291     0.000700463700373274     0.000416871365980214
                     0.13        0.299175160799918        0.299175160799909        0.488505351521261       0.0702851425712856       0.0702851425712856       0.0702851425712856     0.000416113353239399       0.0023768401624327       0.0204970871103616      0.00070361470318904     0.000703614703189058     0.000418649956249471
                     0.13        0.298960056158597        0.298960056158604        0.488344245304432       0.0705352676338169       0.0705352676338169       0.0705352676338169     0.000416571064296586      0.00238001100709841       0.0205170897326098      0.00070677474768561     0.000706774747685596     0.000420432432966439
                     0.13        0.298743378019258        0.298743378019251        0.488181994418724       0.0707853926963482       0.0707853926963482       0.0707853926963482     0.000417030804777375      0.00238319954032347       0.0205372007773468     0.000709943919988263     0.000709943919988279     0.000422218830255284
                     0.13        0.298525111206393        0.298525111206383        0.488018588298964       0.0710355177588794       0.0710355177588794       0.0710355177588794     0.000417492580255106      0.00238640587497712       0.0205574209133389     0.000713122307421626     0.000713122307421648     0.000424009182693156
                     0.13        0.298305240289612        0.298305240289597         0.48785401620675       0.0712856428214107       0.0712856428214107       0.0712856428214107     0.000417956396355192      0.00238963012566702       0.0205777508199165     0.000716309998536293     0.000716309998536325     0.000425803525320392
                     0.13        0.298083749578934        0.298083749578923        0.487688267227457        0.071535767883942        0.071535767883942        0.071535767883942     0.000418422258756747      0.00239287240876795       0.0205981911871481     0.000719507083133137      0.00071950708313316     0.000427601893649785
                     0.13        0.297860623117656        0.297860623117654         0.48752133026533       0.0717858929464732       0.0717858929464732       0.0717858929464732     0.000418890173192757      0.00239613284247038       0.0206187427161465     0.000722713652293116     0.000722713652293121     0.000429404323677906
                     0.13        0.297635844677534        0.297635844677534        0.487353194040453       0.0720360180090045       0.0720360180090045       0.0720360180090045     0.000419360145451832      0.00239941154680932       0.0206394061192424      0.00072592979840259      0.00072592979840259     0.000431210851894767
                     0.13        0.297409397751498        0.297409397751512        0.487183847083743       0.0722861430715358       0.0722861430715358       0.0722861430715358     0.000419832181377415      0.00240270864371363       0.0206601821202863     0.000729155615184274     0.000729155615184245     0.000433021515295616
                     0.13         0.29718126554818        0.297181265548188        0.487013277733444        0.072536268134067        0.072536268134067        0.072536268134067     0.000420306286871085      0.00240602425703985        0.020681071454867      0.00073239119772477     0.000732391197724754     0.000434836351391438
                     0.13        0.296951430984234        0.296951430984248        0.486841474129926       0.0727863931965983       0.0727863931965983       0.0727863931965983     0.000420782467889479      0.00240935851262326       0.0207020748706061     0.000735636642507238     0.000735636642507209     0.000436655398221354
                     0.13         0.29671987667874        0.296719876678744        0.486668424212027       0.0730365182591296       0.0730365182591296       0.0730365182591296     0.000421260730449041        0.002412711538313       0.0207231931273944      0.00073889204744006      0.00073889204744005     0.000438478694363671
                     0.13        0.296486584944998           0.296486584945         0.48649411571158       0.0732866433216608       0.0732866433216608       0.0732866433216608     0.000421741080624202      0.00241608346402598       0.0207444269977131     0.000742157511891583     0.000742157511891577     0.000440306278948976
                     0.13        0.296251537784923        0.296251537784917        0.486318536149778       0.0735367683841921       0.0735367683841921       0.0735367683841921     0.000422223524551603      0.00241947442178145       0.0207657772668592     0.000745433136719705     0.000745433136719718     0.000442138191671593
                     0.13        0.296014716879587        0.296014716879591        0.486141672830743       0.0737868934467234       0.0737868934467234       0.0737868934467234     0.000422708068425415      0.00242288454576459       0.0207872447333124     0.000748719024310334     0.000748719024310324     0.000443974472804096
                     0.13         0.29577610358313        0.295776103583139          0.4859635128376       0.0740370185092546       0.0740370185092546       0.0740370185092546     0.000423194718504081      0.00242631397236399       0.0208088302089977     0.000752015278609021     0.000752015278609001     0.000445815163209522
                     0.13        0.295535678914626        0.295535678914613        0.485784043027119       0.0742871435717859       0.0742871435717859       0.0742871435717859     0.000423683481108265      0.00242976284022391       0.0208305345195854     0.000755322005157561     0.000755322005157589     0.000447660304355275
                     0.13        0.295293423549311        0.295293423549309         0.48560325002382       0.0745372686343172       0.0745372686343172       0.0745372686343172      0.00042417436262198      0.00243323129030183       0.0208523585048545     0.000758639311132552     0.000758639311132555     0.000449509938327837
                     0.13        0.295049317810444        0.295049317810423        0.485421120214538       0.0747873936968484       0.0747873936968484       0.0747873936968484     0.000424667369492607      0.00243671946592132       0.0208743030190091     0.000761967305383139     0.000761967305383185     0.000451364107847275
                     0.13        0.294803341661179        0.294803341661192        0.485237639743319       0.0750375187593797       0.0750375187593797       0.0750375187593797     0.000425162508235336      0.00244022751282142       0.0208963689310025     0.000765306098469282     0.000765306098469253     0.000453222856281663
                     0.13        0.294555474695215        0.294555474695217        0.485052794504837       0.0752876438219109       0.0752876438219109       0.0752876438219109      0.00042565978543066       0.0024437555792207       0.0209185571249133     0.000768655802703331     0.000768655802703325     0.000455086227663316
                     0.13        0.294305696127963        0.294305696127969        0.484866570138969       0.0755377688844422       0.0755377688844422       0.0755377688844422     0.000426159207728444      0.00244730381586997       0.0209408685002862     0.000772016532191067     0.000772016532191054      0.00045695426670411
                     0.13        0.294053984786001        0.294053984785984        0.484678952023459       0.0757878939469735       0.0757878939469735       0.0757878939469735     0.000426660781844834      0.00245087237612403       0.0209633039725552     0.000775388402877237     0.000775388402877275     0.000458827018813108
                     0.13        0.293800319098374        0.293800319098383        0.484489925268431       0.0760380190095047       0.0760380190095047       0.0760380190095047      0.00042716451456682       0.0024544614159943       0.0209858644733832     0.000778771532587573     0.000778771532587551     0.000460704530112536
                     0.13        0.293544677087122        0.293544677087121        0.484299474710064        0.076288144072036        0.076288144072036        0.076288144072036      0.00042767041275505      0.00245807109421021       0.0210085509510504     0.000782166041073201     0.000782166041073204      0.00046258684745497
                     0.13        0.293287036354172        0.293287036354157        0.484107584901847       0.0765382691345673       0.0765382691345673       0.0765382691345673     0.000428178483337968      0.00246170157230517        0.021031364370952     0.000785572050064054     0.000785572050064088     0.000464474018443418
                     0.13        0.293027374073969        0.293027374073956        0.483914240109933       0.0767883941970985       0.0767883941970985       0.0767883941970985     0.000428688733321157      0.00246535301466015        0.021054305715902     0.000788989683309888     0.000788989683309917     0.000466366091447381
                     0.13        0.292765666979107        0.292765666979133        0.483719424303413       0.0770385192596298       0.0770385192596298       0.0770385192596298     0.000429201169781401      0.00246902558859961       0.0210773759866973     0.000792419066638082     0.000792419066638024     0.000468263115624708
                     0.13        0.292501891351832        0.292501891351832        0.483523121148907       0.0772886443221611       0.0772886443221611       0.0772886443221611     0.000429715799875167      0.00247271946444254       0.0211005762024647      0.00079586032799871     0.000795860327998709     0.000470165140939163
                     0.13        0.292236023009807        0.292236023009809        0.483325314001184       0.0775387693846923       0.0775387693846923       0.0775387693846923     0.000430232630833003      0.00247643481559461       0.0211239074011939     0.000799313597523612     0.000799313597523608     0.000472072218182674
                     0.13        0.291968037295047        0.291968037295053        0.483125985895774       0.0777888944472236       0.0777888944472236       0.0777888944472236     0.000430751669965507      0.00248017181861923       0.0211473706402049     0.000802779007579015     0.000802779007579001     0.000473984398995818
                     0.13        0.291697909060891        0.291697909060875        0.482925119540496       0.0780390195097549       0.0780390195097549       0.0780390195097549     0.000431272924662652      0.00248393065331994       0.0211709669966425     0.000806256692823512     0.000806256692823549     0.000475901735889883
                     0.13        0.291425612658899        0.291425612658899        0.482722697306801       0.0782891445722861       0.0782891445722861       0.0782891445722861     0.000431796402395289       0.0024877115028241       0.0211946975679949     0.000809746790267112     0.000809746790267111     0.000477824282269568
                     0.13        0.291151121925522        0.291151121925548        0.482518701221083       0.0785392696348174       0.0785392696348174       0.0785392696348174     0.000432322110718249      0.00249151455366738       0.0212185634726253     0.000813249439331736     0.000813249439331674     0.000479752092456152
                     0.13        0.290874410167252        0.290874410167254        0.482313112954734       0.0787893946973487       0.0787893946973487       0.0787893946973487     0.000432850057267981      0.00249533999589013       0.0212425658503474     0.000816764781916246     0.000816764781916241     0.000481685221712522
                     0.13        0.290595450146992        0.290595450146986        0.482105913815493       0.0790395197598799       0.0790395197598799       0.0790395197598799     0.000433380249768359       0.0024991880231211       0.0212667058629647     0.000820292962459551     0.000820292962459566      0.00048362372626722
                     0.13        0.290314214068821        0.290314214068821        0.481897084737265       0.0792896448224112       0.0792896448224112       0.0792896448224112     0.000433912696029725      0.00250305883267594       0.0212909846948645     0.000823834128008526     0.000823834128008526     0.000485567663340694
                     0.13        0.290030673562438        0.290030673562434        0.481686606269977       0.0795397698849425       0.0795397698849425       0.0795397698849425      0.00043444740395307      0.00250695262565556       0.0213154035536453     0.000827388428287738     0.000827388428287748     0.000487517091172024
                     0.13        0.289744799665804        0.289744799665793        0.481474458568086       0.0797898949474737       0.0797898949474737       0.0797898949474737     0.000434984381524482       0.0025108696070579       0.0213399636707622     0.000830956015774608     0.000830956015774633     0.000489472069047695
                     0.13        0.289456562810625        0.289456562810597        0.481260621381323        0.080040020010005        0.080040020010005        0.080040020010005     0.000435523636827573      0.00251480998586663         0.02136466630214     0.000834537045768838     0.000834537045768906     0.000491432657328398
                     0.13         0.28916593280359        0.289165932803607         0.48104507404227       0.0802901450725363       0.0802901450725363       0.0802901450725363     0.000436065178036956      0.00251877397517204       0.0213895127288695     0.000838131676473223     0.000838131676473182     0.000493398917479983
                     0.13        0.288872878808699        0.288872878808694        0.480827795454717       0.0805402701350675       0.0805402701350675       0.0805402701350675     0.000436609013422774      0.00252276179228357       0.0214145042579238     0.000841740069073057     0.000841740069073068     0.000495370912104134
                     0.13        0.288577369328751        0.288577369328751        0.480608764081722       0.0807903951975988       0.0807903951975988       0.0807903951975988      0.00043715515135296      0.00252677365884528       0.0214396422228733      0.00084536238781883     0.000845362387818829     0.000497348704970012
                     0.13        0.288279372186026        0.288279372186032         0.48038795793296       0.0810405202601301       0.0810405202601301       0.0810405202601301     0.000437703600294277      0.00253080980095839       0.0214649279846386     0.000848998800112179     0.000848998800112164     0.000499332361047334
                     0.13        0.287978854502603        0.287978854502613        0.480165354551777       0.0812906453226613       0.0812906453226613       0.0812906453226613     0.000438254368814756      0.00253487044930619       0.0214903629322655     0.000852649476594077     0.000852649476594053     0.000501321946540492
                     0.13        0.287675782678743        0.287675782678748        0.479940931001185       0.0815407703851926       0.0815407703851926       0.0815407703851926      0.00043880746558364      0.00253895583929005       0.0215159484837563     0.000856314591239193     0.000856314591239179     0.000503317528924596
                     0.13        0.287370122372749        0.287370122372728        0.479714663850687       0.0817908954477239       0.0817908954477239       0.0817908954477239     0.000439362899377564      0.00254306621115596       0.0215416860868761     0.000859994321448021     0.000859994321448073     0.000505319176981251
                     0.13        0.287061838476946        0.287061838476952        0.479486529160697       0.0820410205102551       0.0820410205102551       0.0820410205102551     0.000439920679078373      0.00254720181014617       0.0215675772200681     0.000863688848150178     0.000863688848150162     0.000507326960837951
                     0.13        0.286750895096099          0.2867508950961        0.479256502468309       0.0822911455727864       0.0822911455727864       0.0822911455727864      0.00044048081367782      0.00255136288663575       0.0215936233933101     0.000867398355903157     0.000867398355903154      0.00050934095200664
                     0.13        0.286437255521848        0.286437255521839        0.479024558770859       0.0825412706353177       0.0825412706353177       0.0825412706353177     0.000441043312278663       0.0025555496962923       0.0216198261491019     0.000871123033002686     0.000871123033002709     0.000511361223425728
                     0.13        0.286120882209496        0.286120882209493        0.478790672510756       0.0827913956978489       0.0827913956978489       0.0827913956978489     0.000441608184097921      0.00255976250022157       0.0216461870633631     0.000874863071588836     0.000874863071588844     0.000513387849501439
                     0.13        0.285801736749811        0.285801736749821        0.478554817557074       0.0830415207603802       0.0830415207603802       0.0830415207603802     0.000442175438467099      0.00256400156514633       0.0216727077465391     0.000878618667766457     0.000878618667766431     0.000515420906153935
                     0.13        0.285479779843979        0.285479779843967        0.478316967189395       0.0832916458229114       0.0832916458229114       0.0832916458229114     0.000442745084838207       0.0025682671635615       0.0216993898445755     0.000882390021719484     0.000882390021719513     0.000517460470861666
                     0.13        0.285154971274013        0.285154971274036        0.478077094078555       0.0835417708854427       0.0835417708854427       0.0835417708854427     0.000443317132782187      0.00257255957392075       0.0217262350400519     0.000886177337838644     0.000886177337838585     0.000519506622710421
                     0.13         0.28482726987387        0.284827269873885        0.477835170267822        0.083791895947974        0.083791895947974        0.083791895947974     0.000443891591992832      0.00257687908081804       0.0217532450533154     0.000889980824849371     0.000889980824849331     0.000521559442442896
                     0.13        0.284496633499919        0.284496633499916        0.477591167153942       0.0840420210105052       0.0840420210105052       0.0840420210105052     0.000444468472292105      0.00258122597517031       0.0217804216436242     0.000893800695943379     0.000893800695943385     0.000523619012509452
                     0.13        0.284163018997923        0.284163018997928        0.477345055465581       0.0842921460730365       0.0842921460730365       0.0842921460730365     0.000445047783628433      0.00258560055442593       0.0218077666104158      0.00089763716892136     0.000897637168921348     0.000525685417123177
                     0.13        0.283826382170482         0.28382638217048        0.477096805242204       0.0845422711355678       0.0845422711355678       0.0845422711355678     0.000445629536082369      0.00259000312276849       0.0218352817945878     0.000901490466336734     0.000901490466336738     0.000527758742315587
                     0.13        0.283486677744412        0.283486677744419        0.476846385813307        0.084792396198099        0.084792396198099        0.084792396198099     0.000446213739870673      0.00259443399131655       0.0218629690797309     0.000905360815641776     0.000905360815641758     0.000529839075993064
                     0.13        0.283143859331699        0.283143859331707        0.476593765772679       0.0850425212606303       0.0850425212606303       0.0850425212606303     0.000446800405344422      0.00259889347837306       0.0218908303936619     0.000909248449352978     0.000909248449352957     0.000531926508000741
                     0.13        0.282797879393986        0.282797879393963        0.476338912955732       0.0852926463231616       0.0852926463231616       0.0852926463231616     0.000447389542995291      0.00260338190964342       0.0219188677097845     0.000913153605209663     0.000913153605209722      0.00053402113018392
                     0.13        0.282448689205247         0.28244868920523        0.476081794415561       0.0855427713856928       0.0855427713856928       0.0855427713856928     0.000447981163461966      0.00260789961846581       0.0219470830485311     0.000917076526339917     0.000917076526339963     0.000536123036452408
                     0.13        0.282096238807325        0.282096238807343        0.475822376393855       0.0857928964482241       0.0857928964482241       0.0857928964482241     0.000448575277524999       0.0026124469460931       0.0219754784790718     0.000921017461448074     0.000921017461448025     0.000538232322852807
                     0.13        0.281740476971688        0.281740476971702        0.475560624296571       0.0860430215107554       0.0860430215107554       0.0860430215107554     0.000449171896119649      0.00261702424192595       0.0220040561208042     0.000924976664988615     0.000924976664988577     0.000540349087636324
                     0.13        0.281381351152207        0.281381351152198        0.475296502663335       0.0862931465732866       0.0862931465732866       0.0862931465732866     0.000449771030331295      0.00262163186380878       0.0220328181451446     0.000928954397366818     0.000928954397366843     0.000542473431336091
                     0.13        0.281018807440759        0.281018807440718        0.475029975138883       0.0865432716358179       0.0865432716358179       0.0865432716358179     0.000450372691404761      0.00262627017830449        0.022061766777265     0.000932950925135012     0.000932950925135123     0.000544605456843593
                     0.13        0.280652790517723        0.280652790517768        0.474761004441295       0.0867933966983492       0.0867933966983492       0.0867933966983492     0.000450976890743679      0.00263093956100109       0.0220909042979662     0.000936966521205726     0.000936966521205602     0.000546745269490937
                     0.13        0.280283243603229        0.280283243603182        0.474489552330537       0.0870435217608804       0.0870435217608804       0.0870435217608804     0.000451583639918589      0.00263564039681437       0.0221202330455784     0.000941001465066149     0.000941001465066276     0.000548892977134561
                     0.13        0.279910108403562        0.279910108403581        0.474215579574233       0.0872936468234117       0.0872936468234117       0.0872936468234117     0.000452192950668871      0.00264037308031772       0.0221497554179938     0.000945056043009192     0.000945056043009139     0.000551048690244438
                     0.13        0.279533325055341        0.279533325055331        0.473939045911467        0.087543771885943        0.087543771885943        0.087543771885943     0.000452804834904213      0.00264513801609146       0.0221794738748198     0.000949130548374266     0.000949130548374293      0.00055321252199789
                     0.13        0.279152832069017         0.27915283206909        0.473659910016982       0.0877938969484742       0.0877938969484742       0.0877938969484742      0.00045341930471339      0.00264993561906713       0.0222093909395373     0.000953225281793792      0.00095322528179359     0.000555384588375005
                     0.13        0.278768566269706        0.278768566269719        0.473378129462916       0.0880440220110055       0.0880440220110055       0.0880440220110055     0.000454036372367968      0.00265476631489567       0.0222395092017752     0.000957340551450907     0.000957340551450872     0.000557565008259484
                     0.13         0.27838046273215        0.278380462732142        0.473093660677466       0.0882941470735368       0.0882941470735368       0.0882941470735368     0.000454656050325537      0.00265963054034618       0.0222698313197806     0.000961476673357498     0.000961476673357522     0.000559753903545898
                     0.13        0.277988454713426        0.277988454713413        0.472806458901491        0.088544272136068        0.088544272136068        0.088544272136068     0.000455278351231853      0.00266452874372428       0.0223003600230028      0.00096563397164293     0.000965633971642966     0.000561951399252181
                     0.13        0.277592473586782         0.27759247358682        0.472516478146377       0.0887943971985993       0.0887943971985993       0.0887943971985993     0.000455903287929191      0.00266946138527646       0.0223310981146081     0.000969812778844218     0.000969812778844112     0.000564157623633029
                     0.13        0.277192448768267         0.27719244876823        0.472223671147317       0.0890445222611306       0.0890445222611306       0.0890445222611306     0.000456530873464065      0.00267442893764053       0.0223620484742959     0.000974013436220935     0.000974013436221038     0.000566372708302118
                     0.13        0.276788307639487         0.27678830763949        0.471927989313898       0.0892946473236618       0.0892946473236618       0.0892946473236618     0.000457161121087755      0.00267943188632121       0.0223932140612192     0.000978236294085981     0.000978236294085972     0.000568596788360858
                     0.13        0.276379975467218        0.276379975467259        0.471629382678568       0.0895447723861931       0.0895447723861931       0.0895447723861931     0.000457794044260502      0.00268447073018642       0.0224245979170575     0.000982481712150519     0.000982481712150405     0.000570830002533049
                     0.13        0.275967375321856        0.275967375321879        0.471327799845246       0.0897948974487244       0.0897948974487244       0.0897948974487244     0.000458429656665756      0.00268954598196135       0.0224562031691281     0.000986750059877659     0.000986750059877594     0.000573072493302557
                     0.13        0.275550427985781        0.275550427985849        0.471023187930457       0.0900450225112556       0.0900450225112556       0.0900450225112556      0.00045906797220446      0.00269465816879564       0.0224880330338396     0.000991041716870377     0.000991041716870185     0.000575324407064518
                     0.13        0.275129051864188        0.275129051864157        0.470715492506794       0.0902951475737869       0.0902951475737869       0.0902951475737869     0.000459709005009787      0.00269980783280645       0.0225200908201057     0.000995357073258639     0.000995357073258729     0.000577585894276983
                     0.13        0.274703162886377        0.274703162886329        0.470404657540639       0.0905452726363181       0.0905452726363181       0.0905452726363181     0.000460352769453446      0.00270499553167831       0.0225523799330686     0.000999696530119903     0.000999696530120038     0.000579857109624154
                     0.13        0.274272674400904        0.274272674400994        0.470090625324911       0.0907953976988494       0.0907953976988494       0.0907953976988494     0.000460999280144658      0.00271022183931065       0.0225849038780767      0.00100406049992396       0.0010040604999237     0.000582138212190535
                     0.13        0.273837497072937        0.273837497072926        0.469773336414148       0.0910455227613807       0.0910455227613807       0.0910455227613807     0.000461648551946203      0.00271548734644061       0.0226176662645893      0.00100844940697854      0.00100844940697857     0.000584429365636056
                     0.13        0.273397538765689        0.273397538765666         0.46945272954996       0.0912956478239119       0.0912956478239119       0.0912956478239119     0.000462300599977459      0.00272079266136211       0.0226506708106269      0.00101286368792798      0.00101286368792805     0.000586730738389034
                     0.13        0.272952704423256        0.272952704423275        0.469128741586092       0.0915457728864432       0.0915457728864432       0.0915457728864432     0.000462955439619984      0.00272613841064542       0.0226839213472156      0.00101730379225583      0.00101730379225578     0.000589042503844464
                     0.13        0.272502895945197        0.272502895945207        0.468801307409611       0.0917958979489745       0.0917958979489745       0.0917958979489745     0.000463613086529924      0.00273152523989535       0.0227174218231185      0.00102177018281948      0.00102177018281945     0.000591364840572728
                     0.13        0.272048012051122        0.272048012051107        0.468470359855202       0.0920460230115057       0.0920460230115057       0.0920460230115057     0.000464273556643656       0.0027369538145761       0.0227511763099487      0.00102626333642242      0.00102626333642247     0.000593697932543367
                     0.13         0.27158794814027        0.271587948140269        0.468135829616391        0.092296148074037        0.092296148074037        0.092296148074037     0.000464936866180668      0.00274242482086499       0.0227851890074251      0.00103078374441053      0.00103078374441053      0.00059604196935888
                     0.13        0.271122596148723        0.271122596148725        0.467797645156103       0.0925462731365683       0.0925462731365683       0.0925462731365683     0.000465603031667376      0.00274793896651131        0.022819464248785      0.00103533191328455      0.00103533191328455     0.000598397146495398
                     0.13        0.270651844387417         0.27065184438745         0.46745573260415       0.0927963981990995       0.0927963981990995       0.0927963981990995     0.000466272069933632      0.00275349698182347       0.0228540065068431      0.00103990836537922      0.00103990836537912     0.000600763665568397
                     0.13        0.270175577374514        0.270175577374527        0.467110015651471       0.0930465232616308       0.0930465232616308       0.0930465232616308     0.000466943998119071      0.00275909962068644       0.0228888204002934      0.00104451363956982      0.00104451363956978     0.000603141734609987
                     0.13        0.269693675669055         0.26969367566903        0.466760415446828       0.0932966483241621       0.0932966483241621       0.0932966483241621     0.000467618833700743      0.00276474766155331       0.0229239106999431      0.00104914829198625      0.00104914829198632     0.000605531568349715
                     0.13        0.269206015680409        0.269206015680318        0.466406850476133       0.0935467733866933       0.0935467733866933       0.0935467733866933     0.000468296594488597      0.00277044190860646        0.022959282335839      0.00105381289681058      0.00105381289681085     0.000607933388528191
                     0.13        0.268712469468588        0.268712469468632        0.466049236437622       0.0937968984492246       0.0937968984492246       0.0937968984492246     0.000468977298639105      0.00277618319295912       0.0229949404047566      0.00105850804711474      0.00105850804711461     0.000610347424225063
                     0.13        0.268212904543947        0.268212904543881        0.465687486116225       0.0940470235117559       0.0940470235117559       0.0940470235117559     0.000469660964669674      0.00278197237386116       0.0230308901776708      0.00106323435571334      0.00106323435571354     0.000612773912196782
                     0.13        0.267707183639855        0.267707183639962         0.46532150924193       0.0942971485742871       0.0942971485742871       0.0942971485742871     0.000470347611469135      0.00278781034006298        0.023067137108235      0.00106799245611152       0.0010679924561112       0.0006152130972472
                     0.13        0.267195164484726          0.2671951644847         0.46495121234684       0.0945472736368184       0.0945472736368184       0.0945472736368184     0.000471037258311626      0.00279369801118848        0.023103686841287      0.00107278300346976      0.00107278300346983      0.00061766523260999
                     0.13        0.266676699551475        0.266676699551493        0.464576498609511       0.0947973986993497       0.0947973986993497       0.0947973986993497     0.000471729924871787      0.00279963633923225       0.0231405452221601      0.00107760667565253      0.00107760667565247     0.000620130580360495
                     0.13        0.266151635791112        0.266151635791103        0.464197267688202       0.0950475237618809       0.0950475237618809       0.0950475237618809     0.000472425631231916      0.00280562631016389       0.0231777183066038      0.00108246417434191      0.00108246417434194     0.000622609411855502
                     0.13        0.265619814355165        0.265619814355014        0.463813415548735       0.0952976488244122       0.0952976488244122       0.0952976488244122     0.000473124397901949      0.00281166894558255       0.0232152123710727      0.00108735622620295      0.00108735622620341     0.000625102008193177
                     0.13        0.265081070294699        0.265081070294772        0.463424834277385       0.0955477738869435       0.0955477738869435       0.0955477738869435     0.000473826245832421      0.00281776530451688       0.0232530339238895      0.00109228358413917      0.00109228358413894     0.000627608660708508
                     0.13        0.264535232247015        0.264535232247008        0.463031411886151       0.0957978989494747       0.0957978989494747       0.0957978989494747     0.000474531196433613      0.00282391648529683       0.0232911897168636       0.0010972470286058      0.00109724702860582     0.000630129671494135
                     0.13        0.263982122092191        0.263982122092239         0.46263303210067        0.096048024012006        0.096048024012006        0.096048024012006     0.000475239271589822      0.00283012362759466       0.0233296867579489      0.00110224736903683      0.00110224736903668     0.000632665353962475
                     0.13        0.263421554596864        0.263421554596805        0.462229574139101       0.0962981490745373       0.0962981490745373       0.0962981490745373     0.000475950493679281      0.00283638791455046       0.0233685323244323      0.00110728544533393      0.00110728544533412     0.000635216033437641
                     0.13        0.262853337016271        0.262853337016314        0.461820912466112       0.0965482741370685       0.0965482741370685       0.0965482741370685      0.00047666488558094      0.00284271057514132       0.0234077339775918      0.00111236212950877      0.00111236212950863     0.000637782047802919
                     0.13        0.262277268703766        0.262277268703827        0.461406916553387       0.0967983991995998       0.0967983991995998       0.0967983991995998     0.000477382470719365      0.00284909288648159       0.0234472995770585      0.00111747832732709       0.0011174783273269     0.000640363748156447
                     0.13        0.261693140655267        0.261693140655347        0.460987450597715       0.0970485242621311       0.0970485242621311       0.0970485242621311     0.000478103273064766       0.0028555361765377       0.0234872372975741      0.00112263498018264      0.00112263498018239     0.000642961499552573
                     0.13        0.261100735042127        0.261100735042058         0.46056237323434       0.0972986493246623       0.0972986493246623       0.0972986493246623     0.000478827317160823      0.00286204182688647       0.0235275556461228      0.00112783306703632      0.00112783306703653     0.000645575681772181
                     0.13        0.260499824702172         0.26049982470234         0.46013153722357       0.0975487743871936       0.0975487743871936       0.0975487743871936     0.000479554628138479      0.00286861127573085       0.0235682634805924      0.00113307360651735      0.00113307360651682     0.000648206690158045
                     0.13        0.259890172619586        0.259890172619476        0.459694789134373       0.0977988994497248       0.0977988994497248       0.0977988994497248     0.000480285231769576      0.00287524602094411        0.023609370028773      0.00113835765909162      0.00113835765909198     0.000650854936479583
                     0.13        0.259271531314561        0.259271531314716        0.459251968968489       0.0980490245122561       0.0980490245122561       0.0980490245122561      0.00048101915445177      0.00288194762369211       0.0236508849106515      0.00114368632955053      0.00114368632955004     0.000653520849918976
                     0.13        0.258643642253222        0.258643642253359        0.458802909801401       0.0982991495747874       0.0982991495747874       0.0982991495747874     0.000481756423268885      0.00288871771188558       0.0236928181599331      0.00114906076947223      0.00114906076947179     0.000656204878059484
                     0.13        0.258006235160572         0.25800623516053        0.458347437363809       0.0985492746373186       0.0985492746373186       0.0985492746373186     0.000482497066005665      0.00289555798421475       0.0237351802490151      0.00115448218003092      0.00115448218003105     0.000658907488000354
                     0.13        0.257359027308911        0.257359027308921        0.457885369608286       0.0987993996998499       0.0987993996998499       0.0987993996998499     0.000483241111177767      0.00290247021432188       0.0237779821148257      0.00115995181492686      0.00115995181492683     0.000661629167529855
                     0.13        0.256701722750726         0.25670172275096        0.457416516244642       0.0990495247623812       0.0990495247623812       0.0990495247623812     0.000483988588076044      0.00290945625527851       0.0238212351866291      0.00116547098353887      0.00116547098353811     0.000664370426385786
                     0.13        0.256034011464046        0.256034011463889        0.456940678218562       0.0992996498249124       0.0992996498249124       0.0992996498249124      0.00048473952676268      0.00291651804461117       0.0238649514169873       0.0011710410544071      0.00117104105440761     0.000667131797648751
                     0.13        0.255355568492192        0.255355568491916        0.456457647198269       0.0995497748874437       0.0995497748874437       0.0995497748874437     0.000485493958170533      0.00292365760924865       0.0239091433126944      0.00117666345878414      0.00117666345878504     0.000669913839165708
                     0.13        0.254666052954671        0.254666052954654        0.455967204973426        0.099799899949975        0.099799899949975        0.099799899949975     0.000486251914099681      0.00293087707131942       0.0239538239704775      0.00118233969465798      0.00118233969465804     0.000672717135165016
                     0.13        0.253965106988474        0.253965106988436        0.455469122816916        0.100050025012506        0.100050025012506        0.100050025012506     0.000487013427245626       0.0029381786543094       0.0239990071150817      0.00118807133106064      0.00118807133106076     0.000675542297985329
                     0.13        0.253252354655055        0.253252354655076        0.454963160834266        0.100300150075038        0.100300150075038        0.100300150075038     0.000487778531293913      0.00294556468933838       0.0240447071383366      0.00119386001254964      0.00119386001254957     0.000678389969881029
                     0.13         0.25252740067574        0.252527400675649        0.454449067201489        0.100550275137569        0.100550275137569        0.100550275137569     0.000488547260913748      0.00295303762252097       0.0240909391444907      0.00119970746431842      0.00119970746431873     0.000681260825075807
                     0.13        0.251789829141363        0.251789829141248        0.453926577397826          0.1008004002001          0.1008004002001          0.1008004002001     0.000489319651843647      0.00296060002237371       0.0241377189961754       0.0012056154974618      0.00120561549746218     0.000684155571892445
                     0.13        0.251039202061232        0.251039202061113        0.453395413341391        0.101050525262631        0.101050525262631        0.101050525262631     0.000490095740933495      0.00296825458816996        0.024185063366047      0.00121158601484635      0.00121158601484675     0.000687074955120006
                     0.13        0.250275057795654        0.250275057795589        0.452855282457711        0.101300650325163        0.101300650325163        0.101300650325163     0.000490875566191241       0.0029760041589453        0.024232989792431      0.00121762101744748       0.0012176210174477      0.00069001975857632
                     0.13        0.249496909384023        0.249496909383976        0.452305876691879        0.101550775387694        0.101550775387694        0.101550775387694     0.000491659166859004      0.00298385172305172       0.0242815167384153      0.00122372261111817      0.00122372261111833     0.000692990807855339
                     0.13        0.248704242694781        0.248704242694699        0.451746871417747        0.101800900450225        0.101800900450225        0.101800900450225     0.000492446583475196      0.00299180042871791       0.0243306636571028      0.00122989301404246      0.00122989301404273     0.000695988973348551
                     0.13        0.247896514422364        0.247896514422168        0.451177924259549        0.102051025512756        0.102051025512756        0.102051025512756     0.000493237857937333      0.00299985359546166       0.0243804510620576      0.00123613456479777      0.00123613456479843     0.000699015173525037
                     0.13        0.247073149906646        0.247073149906339        0.450598673816652        0.102301150575288        0.102301150575288        0.102301150575288     0.000494033033582413      0.00300801472645259       0.0244309006036466      0.00124244973111572      0.00124244973111676     0.000702070378497855
                     0.13        0.246233540754215        0.246233540754385        0.450008738273949        0.102551275637819        0.102551275637819        0.102551275637819     0.000494832155252027      0.00301628752198972       0.0244820351521138      0.00124884111941924      0.00124884111941866     0.000705155613920354
                     0.13        0.245377042282764        0.245377042283085        0.449407713923966         0.10280140070035         0.10280140070035         0.10280140070035     0.000495635269427096      0.00302467589385501        0.024533878886295      0.00125531148507075      0.00125531148506965     0.000708271965180581
                     0.13        0.244502970621713        0.244502970621653        0.448795173481385        0.103051525762881        0.103051525762881        0.103051525762881     0.000496442424244514       0.0030331839816906       0.0245864573942569      0.00126186374390935      0.00126186374390955     0.000711420582121575
                     0.13        0.243610599707718         0.24361059970751         0.44817066436432        0.103301650825413        0.103301650825413        0.103301650825413     0.000497253669668653      0.00304181616972328       0.0246397977765206      0.00126850098427037      0.00126850098427109     0.000714602683996333
                     0.13        0.242699157854445         0.24269915785481        0.447533706725021        0.103551775887944        0.103551775887944        0.103551775887944     0.000498069057552154       0.0030505771059464       0.0246939287639583      0.00127522648059122      0.00127522648058996     0.000717819565063962
                     0.13        0.241767824093599        0.241767824093225        0.446883791370721        0.103801900950475        0.103801900950475        0.103801900950475     0.000498888641776683      0.00305947172240167       0.0247488808425853      0.00128204370793786      0.00128204370793916     0.000721072600599397
                     0.13        0.240815724167745        0.240815724167268        0.446220377500295        0.104052026013006        0.104052026013006        0.104052026013006     0.000499712478377268       0.0030685052572881       0.0248046863893039      0.00128895635786707      0.00128895635786873     0.000724363253473813
                     0.13        0.239841926077998        0.239841926077966        0.445542890198078        0.104302151075538        0.104302151075538        0.104302151075538     0.000500540625649842      0.00307768327948386       0.0248613798223408      0.00129596835596836      0.00129596835596847        0.000727693081442
                     0.13        0.238845435343227        0.238845435343188        0.444850717799517        0.104552276138069        0.104552276138069        0.104552276138069     0.000501373144338447      0.00308701171437818       0.0249189977596472      0.00130308388054463      0.00130308388054476     0.000731063744958178
                     0.13        0.237825189724135        0.237825189724331        0.444143208971695          0.1048024012006          0.1048024012006          0.1048024012006     0.000502210097756525      0.00309649687255155       0.0249775791942804      0.00131030738328968      0.00131030738328899     0.000734477015841902
                     0.13          0.2367800535515        0.236780053551335        0.443419669617517        0.105052526263132        0.105052526263132        0.105052526263132     0.000503051552007212      0.00310614548028078       0.0250371656809952      0.00131764361147479      0.00131764361147537     0.000737934786632488
                     0.13        0.235708811461924        0.235708811461857        0.442679359476831        0.105302651325663        0.105302651325663        0.105302651325663     0.000503897576107974      0.00311596471310608       0.0250978015407214      0.00132509763232543      0.00132509763232567     0.000741439080909509
                     0.13        0.234610161683445        0.234610161684002         0.44192148854238        0.105552776388194        0.105552776388194        0.105552776388194     0.000504748242208364      0.00312596223136933       0.0251595340768553      0.00133267485907346      0.00133267485907148     0.000744992064406152
                     0.13        0.233482708821574        0.233482708821425        0.441145213276374        0.105802901450725        0.105802901450725        0.105802901450725     0.000505603625869998      0.00313614621790318        0.025222413804185      0.00134038107882917      0.00134038107882971     0.000748596056988341
                     0.13        0.232324955904778         0.23232495590474        0.440349632478587        0.106053026513257        0.106053026513257        0.106053026513257     0.000506463806198003      0.00314652541934663       0.0252864946985157       0.0013482224830932      0.00134822248309334     0.000752253545838413
                     0.13        0.231135296102135        0.231135296102157        0.439533783113376        0.106303151575788        0.106303151575788        0.106303151575788     0.000507328866165183      0.00315710918820832       0.0253518344502516      0.00135620569938862      0.00135620569938854     0.000755967199314896
                     0.13        0.229912003850431        0.229912003850396        0.438696635944961        0.106553276638319        0.106553276638319        0.106553276638319     0.000508198892873513      0.00316790752719908       0.0254184947300219      0.00136433782486682      0.00136433782486694     0.000759739881830305
                     0.13        0.228653225620772         0.22865322562047        0.437837091161165         0.10680340170085         0.10680340170085         0.10680340170085      0.00050907397784368       0.0031789311342005       0.0254865414561321      0.00137262646096154      0.00137262646096263      0.00076357466945789
                     0.13        0.227356970344465        0.227356970344556        0.436953974042784        0.107053526763382        0.107053526763382        0.107053526763382     0.000509954217315953      0.00319019144744974       0.0255560450608647      0.00138107974887808      0.00138107974887775     0.000767474866209113
                     0.13        0.226021099991819         0.22602109999105        0.436046031034682        0.107303651825913        0.107303651825913        0.107303651825913     0.000510839712620059      0.00320170068766374       0.0256270807346043      0.00138970640394849      0.00138970640395128     0.000771444020326133
                     0.13        0.224643320376378        0.224643320376796        0.435111926318021        0.107553776888444        0.107553776888444        0.107553776888444     0.000511730570499636      0.00321347189633671       0.0256997286420963      0.00139851574833518      0.00139851574833366     0.000775485940415137
                     0.13        0.223221172983625        0.223221172983382        0.434150239447676        0.107803901950975        0.107803901950975        0.107803901950975     0.000512626903498535      0.00322551896502415       0.0257740740779897      0.00140751773886135      0.00140751773886224     0.000779604710296952
                     0.13        0.221752028429745        0.221752028430149         0.43315946452142        0.108054027013507        0.108054027013507        0.108054027013507     0.000513528830360779      0.00323785665141472       0.0258502075344822       0.0014167229873377      0.00141672298733622     0.000783804701585648
                     0.13         0.22023308314001        0.220233083139787        0.432138011936323        0.108304152076038        0.108304152076038        0.108304152076038     0.000514436476503045      0.00325050057238232       0.0259282246186036      0.00142614276703956      0.00142614276704037       0.0007880905817355
                     0.13         0.21866135978989        0.218661359789953        0.431084213159049        0.108554277138569        0.108554277138569        0.108554277138569     0.000515349974221802      0.00326346717031335       0.0260082257940078      0.00143578900265994       0.0014357890026597     0.000792467316457655
                     0.13        0.217033715468827        0.217033715467292        0.429996331104815        0.108804402201101        0.108804402201101        0.108804402201101     0.000516269463308766      0.00327677362829622       0.0260903157955526       0.0014456742283683      0.00144567422837396     0.000796940160806291
                     0.13         0.21534685877314        0.215346858773817        0.428872576905465        0.109054527263632        0.109054527263632        0.109054527263632     0.000517195091272054      0.00329043772714949       0.0261746026687481       0.0014558115084653       0.0014558115084628     0.000801514636676484
                     0.13        0.213597381372489        0.213597381373382        0.427711136589841        0.109304652326163        0.109304652326163        0.109304652326163      0.00051812701366892      0.00330447761104675       0.0262611962266284      0.00146621429897506      0.00146621429897175     0.000806196488466832
                     0.13        0.211781808638119        0.211781808638026        0.426510210531751        0.109554777388694        0.109554777388694        0.109554777388694     0.000519065394304637      0.00331891143484932       0.0263502057546736      0.00147689623177626       0.0014768962317766     0.000810991609508209
                     0.13        0.209896676548849        0.209896676549273        0.425268070010611        0.109804902451226        0.109804902451226        0.109804902451226     0.000520010405265128      0.00333375685183023       0.0264417367051648      0.00148787079301915      0.00148787079301758     0.000815905928091209
                     0.13        0.207938643395145        0.207938643393974        0.423983135888928        0.110055027513757        0.110055027513757        0.110055027513757     0.000520962226730873      0.00334903029385529       0.0265358860827659      0.00149915086270271      0.00149915086270707     0.000820945239644749
                     0.13        0.205904646010408        0.205904646010653        0.422654084880506        0.110305152576288        0.110305152576288        0.110305152576288     0.000521921046469809      0.00336474599098898       0.0266327361937426      0.00151074807804583      0.00151074807804491     0.000826114969536745
                     0.13         0.20379211109393        0.203792111092866        0.421279988951541        0.110555277638819        0.110555277638819        0.110555277638819     0.000522887058845678      0.00338091467582299       0.0267323464242993      0.00152267198088768      0.00152267198089165     0.000831419849571893
                     0.13        0.201599230761144        0.201599230761482        0.419860492014672        0.110805402701351        0.110805402701351        0.110805402701351     0.000523860463306512      0.00339754192953721       0.0268347427935816       0.0015349289160802      0.00153492891607893     0.000836863492965741
                     0.13        0.199325307874065        0.199325307875019        0.418396025090647        0.111055527763882        0.111055527763882        0.111055527763882     0.000524841462310945      0.00341462615309349       0.0269399051990544      0.00154752066355627       0.0015475206635527     0.000842447858043191
                     0.13        0.196971162663925        0.196971162662875        0.416888051690036        0.111305652826413        0.111305652826413        0.111305652826413     0.000525830257669418      0.00343215623436238       0.0270477528244369      0.00156044284270289      0.00156044284270682      0.00084817261155069
                     0.13        0.194539585280291        0.194539585280042        0.415339330509335        0.111555777888944        0.111555777888944        0.111555777888944     0.000526827047068509      0.00345010902395914       0.0271581284613544      0.00157368315776738      0.00157368315776831     0.000854034414153324
                     0.13        0.192035778981025        0.192035778981358        0.413754157615018        0.111805902951476        0.111805902951476        0.111805902951476     0.000527832018165374      0.00346844696875792        0.027270783960291      0.00158721970695003      0.00158721970694878     0.000860026210653288
                     0.13        0.189467727980388        0.189467727978294        0.412138545194927        0.112056028014007        0.112056028014007        0.112056028014007     0.000528845342806797      0.00348711630177499       0.0273853693499221      0.00160101962085799      0.00160101962086582     0.000866136626772813
                     0.13        0.186846384205272        0.186846384205917        0.410500271922499        0.112306153076538        0.112306153076538        0.112306153076538      0.00052986716989727       0.0035060464027615       0.0275014294735613       0.0016150384436895      0.00161503844368709     0.000872349635736954
                     0.13        0.184185573679288         0.18418557367911        0.408848748547333         0.11255627813907         0.11255627813907         0.11255627813907     0.000530897618640877      0.00352515087292998       0.0276184115163681      0.00162922063829925      0.00162922063829991     0.000878644651756645
                     0.13        0.181501544094849        0.181501544094899        0.407194660331815        0.112806403201601        0.112806403201601        0.112806403201601     0.000531936772123327      0.00354433071054263       0.0277356857531784      0.00164350150264958       0.0016435015026494     0.000884997177225444
                     0.13        0.178812151332447        0.178812151333209        0.405549398817903        0.113056528264132        0.113056528264132        0.113056528264132      0.00053298467287631      0.00356347950324543        0.027852578857307      0.00165781047978656      0.00165781047978373     0.000891380015683809
                     0.13        0.176135771796768        0.176135771796589        0.403924350627591        0.113306653326663        0.113306653326663        0.113306653326663     0.000534041320570437      0.00358249003334062       0.0279684158341712      0.00167207549280766      0.00167207549280832     0.000897764924452819
                     0.13        0.173490115251521        0.173490115251507        0.402330160466656        0.113556778389195        0.113556778389195        0.113556778389195     0.000535106672539032      0.00360126121416709       0.0280825636875881      0.00168622760237446      0.00168622760237451     0.000904124442918264
                     0.13        0.170891144821071        0.170891144821216        0.400776096813455        0.113806903451726        0.113806903451726        0.113806903451726      0.00053618064693263      0.00361970414897152       0.0281944692079865      0.00170020517560667      0.00170020517560613     0.000910433578111984
                     0.13        0.168352277852342        0.168352277852277        0.399269619639943        0.114057028514257        0.114057028514257        0.114057028514257     0.000537263127932973      0.00363774635691642       0.0283036849491654       0.0017139569020349      0.00171395690203514     0.000916671075152486
                     0.13        0.165883956626585        0.165883956626248        0.397816191649094        0.114307153576788        0.114307153576788        0.114307153576788      0.00053835397235321      0.00365533374262654       0.0284098808598404      0.00172744333489385      0.00172744333489508     0.000922820127524825
                     0.13          0.1634935814315        0.163493581431469        0.396419314252474         0.11455727863932         0.11455727863932         0.11455727863932     0.000539453016648539      0.00367243045172258       0.0285128426023467      0.00174063701467508      0.00174063701467519     0.000928868530433228
                     0.13        0.161185728731432        0.161185728731621        0.395080729706753        0.114807403701851        0.114807403701851        0.114807403701851     0.000540560083775808      0.00368901713751842       0.0286124599692384      0.00175352149822063      0.00175352149821994     0.000934808389831869
                     0.13        0.158962546403515        0.158962546404296        0.393800716894914        0.115057528764382        0.115057528764382        0.115057528764382     0.000541674989335651      0.00370508830756116       0.0287087096617819      0.00176608972655117      0.00176608972654834     0.000940635549847448
                     0.13        0.156824224366165          0.1568242243665        0.392578416725614        0.115307653826913        0.115307653826913        0.115307653826913     0.000542797546616403      0.00372064934977332       0.0288016362162124      0.00177834213066872      0.00177834213066751     0.000946348894257132
                     0.13         0.15476946380026        0.154769463799531        0.391412141638183        0.115557778889445        0.115557778889445        0.115557778889445     0.000543927570511398      0.00373571367120702       0.0288913337854724      0.00179028477116549      0.00179028477116811     0.000951949641011493
                     0.13        0.152795899125625        0.152795899124203        0.390299644162164        0.115807903951976        0.115807903951976        0.115807903951976     0.000545064880573085       0.0037503001929921       0.0289779302795661      0.00180192768411569      0.00180192768412078     0.000957440702149143
                     0.13        0.150900449984889        0.150900449984924        0.389238334063367        0.116058029014507        0.116058029014507        0.116058029014507     0.000546209302963743      0.00376443130879237       0.0290615745035166      0.00181328351464201      0.00181328351464188     0.000962826145974341
                     0.13        0.149079599831515        0.149079599830944        0.388225444998883        0.116308154077039        0.116308154077039        0.116308154077039     0.000547360671665758      0.00377813130535964       0.0291424262561031      0.00182436644561601      0.00182436644561804     0.000968110768501631
                     0.13        0.147329607017104        0.147329607017761        0.387258156680098         0.11655827913957         0.11655827913957         0.11655827913957     0.000548518829248348       0.0037914251944235       0.0292206490481106      0.00183519139399752       0.0018351913939952     0.000973299766409847
                     0.13        0.145646658773229        0.145646658773245        0.386333680545797        0.116808404202101        0.116808404202101        0.116808404202101     0.000549683627158636      0.00380433788457928       0.0292964049740514      0.00184577343122201      0.00184577343122195     0.000978398496637872
                     0.13        0.144026978668757        0.144026978668707        0.385449316638418        0.117058529264632        0.117058529264632        0.117058529264632     0.000550854925664118      0.00381689362363456       0.0293698512888746      0.00185612738417376      0.00185612738417393     0.000983412306850836
                     0.13        0.142466899306879        0.142466899306882        0.384602489435072        0.117308654327164        0.117308654327164        0.117308654327164     0.000552032593680789      0.00382911563967785       0.0294411382333418      0.00186626757024281       0.0018662675702428     0.000988346419316623
                     0.13        0.140962908028149         0.14096290802879        0.383790767878058        0.117558779389695        0.117558779389695        0.117558779389695     0.000553216508397646      0.00384102593272275       0.0295104077999643      0.00187620763526246      0.00187620763526023     0.000993205856333354
                     0.13        0.139511673970255        0.139511673970181        0.383011874761719        0.117808904452226        0.117808904452226        0.117808904452226     0.000554406554877204      0.00385264516840294       0.0295777931340108       0.0018859604620826      0.00188596046208286     0.000997995394687294
                     0.13        0.138110061029962        0.138110061030079        0.382263688420152        0.118059029514757        0.118059029514757        0.118059029514757     0.000555602625599998      0.00386399264643392       0.0296434183964289      0.00189553813174334      0.00189553813174294      0.00100271954203918
                     0.13        0.136755131717821        0.136755131718004        0.381544239634503        0.118309154577289        0.118309154577289        0.118309154577289     0.000556804619967866      0.00387508631601535       0.0297073989142501       0.0019049519183038      0.00190495191830317      0.00100738252775849
                     0.13        0.135444144590078        0.135444144590255         0.38085170540498         0.11855927963982         0.11855927963982         0.11855927963982     0.000558012443866458      0.00388594282266749       0.0297698415217879      0.00191421230693911       0.0019142123069385       0.0010119883039388
                     0.13        0.134174547525324        0.134174547525599        0.380184400866479        0.118809404702351        0.118809404702351        0.118809404702351     0.000559226009177259      0.00389657757424604       0.0298308450155322      0.00192332902671762      0.00192332902671668        0.001016540553155
                     0.13        0.132943968594779        0.132943968594533        0.379540770328143        0.119059529764882        0.119059529764882        0.119059529764882     0.000560445233349749      0.00390700481664733       0.0298905006645807      0.00193231109154294      0.00193231109154378      0.00102104270022287
                     0.13        0.131750205653466        0.131750205653096        0.378919378035872        0.119309654827414        0.119309654827414        0.119309654827414     0.000561670039023021      0.00391723771335022       0.0299488927405007      0.00194116684508754       0.0019411668450888      0.00102549792621065
                     0.13        0.130591215051966        0.130591215051678        0.378318898869483        0.119559779889945        0.119559779889945        0.119559779889945     0.000562900353607294      0.00392728842677106       0.0300060990536949      0.00194990400816138      0.00194990400816236      0.00102990918401406
                     0.13         0.12946510050454        0.129465100504085        0.377738109479466        0.119809904952476        0.119809904952476        0.119809904952476     0.000564136108932189      0.00393716819630758       0.0300621914657544      0.00195852972488072      0.00195852972488226      0.00103427921393956
                     0.13        0.128370102090238        0.128370102090034           0.377175879841        0.120060030015007        0.120060030015007        0.120060030015007     0.000565377240931298      0.00394688741329042       0.0301172363792323      0.00196705060768547      0.00196705060768616      0.00103861055923738
                     0.13        0.127304585804516        0.127304585804547        0.376631165394574        0.120310155077539        0.120310155077539        0.120310155077539     0.000566623689349545      0.00395645569103759       0.0301712951940552      0.00197547277978806      0.00197547277978795      0.00104290558097619
                     0.13        0.126267033543403         0.12626703354316        0.376102999694835         0.12056028014007         0.12056028014007         0.12056028014007     0.000567875397425158      0.00396588193075212       0.0302244247351091      0.00198380191547555      0.00198380191547637      0.00104716647237417
                     0.13        0.125256033896213        0.125256033896333        0.375590487726898        0.120810405202601        0.120810405202601        0.120810405202601     0.000569132311676636      0.00397517438154566       0.0302766776416624       0.0019920432770376       0.0019920432770372       0.0010513952720146
                     0.13        0.124270273513643        0.124270273513349        0.375092799738549        0.121060530265133        0.121060530265133        0.121060530265133     0.000570394381646456      0.00398434069604748       0.0303281027269218      0.00200020174915394      0.00200020174915492      0.00105559387629033
                     0.13        0.123308529173889        0.123308529173872        0.374609165633235        0.121310655327664        0.121310655327664        0.121310655327664     0.000571661559695735      0.00399338798106015       0.0303787453053138      0.00200828187037983      0.00200828187037989      0.00105976405085723
                     0.13        0.122369660434268        0.122369660433844        0.374138869837104        0.121560780390195        0.121560780390195        0.121560780390195     0.000572933800785859      0.00400232284407135       0.0304286474922841      0.00201628786215613      0.00201628786215753      0.00106390744127334
                     0.13         0.12145260300619        0.121452603006173        0.373681246692199        0.121810905452726        0.121810905452726        0.121810905452726     0.000574211062329643      0.00401115143500316       0.0304778484736185      0.00202422365493796      0.00202422365493802      0.00106802558259625
                     0.13        0.120556362595827        0.120556362595725        0.373235676223424        0.122061030515258        0.122061030515258        0.122061030515258     0.000575493304001886      0.00401987948470336       0.0305263847529636      0.00203209291234572      0.00203209291234606      0.00107211990832894
                     0.13        0.119680009330619        0.119680009330774        0.372801580327749        0.122311155577789        0.122311155577789        0.122311155577789      0.00057678048759954      0.00402851233961241       0.0305742903748753      0.00203989905298424      0.00203989905298373      0.00107619175851369
                     0.13        0.118822672618011        0.118822672617814        0.372378419291036         0.12256128064032         0.12256128064032         0.12256128064032     0.000578072576887877       0.0040370549935297       0.0306215971287636      0.00204764527047901      0.00204764527047965      0.00108024238720815
                     0.13        0.117983536561318        0.117983536561185        0.371965688679169        0.122811405702851        0.122811405702851        0.122811405702851     0.000579369537494798      0.00404551211592982       0.0306683347309744      0.00205533455135873      0.00205533455135916      0.00108427296915742
                     0.13         0.11716183563077        0.117161835630704        0.371562916448244        0.123061530765383        0.123061530765383        0.123061530765383     0.000580671336764656       0.0040538880784098       0.0307145309941616      0.00206296969180812      0.00206296969180834      0.00108828460609432
                     0.13        0.116356850841215        0.116356850841216        0.371169660380916        0.123311655827914        0.123311655827914        0.123311655827914     0.000581977943666417      0.00406218697809365       0.0307602119775655      0.00207055331249989      0.00207055331249989      0.00109227833230768
                     0.13         0.11556790622636        0.115567906226434        0.370785505739789        0.123561780890445        0.123561780890445        0.123561780890445     0.000583289328695273      0.00407041265909895       0.0308054021246201      0.00207808787222262      0.00207808787222238      0.00109625511977963
                     0.13        0.114794365584588        0.114794365584764        0.370410063118835        0.123811905952976        0.123811905952976        0.123811905952976     0.000584605463774264      0.00407856873223167       0.0308501243890304      0.00208557568040942      0.00208557568040885      0.00110021588292456
                     0.13        0.114035629537815        0.114035629537865        0.370042966501538        0.124062031015508        0.124062031015508        0.124062031015508     0.000585926322160965      0.00408665859277939       0.0308944003486565      0.00209301890845618      0.00209301890845602      0.00110416148287904
                     0.13        0.113291132848679        0.113291132848656        0.369683871497113        0.124312156078039        0.124312156078039        0.124312156078039     0.000587251878380459      0.00409468543668071       0.0309382503090995      0.00210041960002851      0.00210041960002859      0.00110809273140926
                     0.13        0.112560341960016         0.11256034195998        0.369332453728811         0.12456228114057         0.12456228114057         0.12456228114057     0.000588582108150201      0.00410265227531417       0.0309816933983058      0.00210777968049274      0.00210777968049285      0.00111201039449763
                     0.13        0.111842752720354        0.111842752720363        0.368988407353401        0.124812406203102        0.124812406203102        0.124812406203102     0.000589916988303789      0.00411056194910613       0.0310247476535095      0.00211510096560342       0.0021151009656034      0.00111591519565762
                     0.13        0.111137888346246        0.111137888346314        0.368651443730346        0.125062531265633        0.125062531265633        0.125062531265633     0.000591256496739852      0.00411841713973923       0.0310674300994083      0.00212238516930075      0.00212238516930054      0.00111980781890346
                     0.13        0.110445297487915        0.110445297487744        0.368321290175308        0.125312656328164        0.125312656328164        0.125312656328164     0.000592600612347716      0.00412622038163743       0.0311097568213968      0.00212963391105795      0.00212963391105849      0.00112368891156679
                     0.13        0.109764552532985        0.109764552532809        0.367997688855107        0.125562781390695        0.125562781390695        0.125562781390695      0.00059394931497055      0.00413397407209979       0.0311517430305031      0.00213684872236154       0.0021368487223621      0.00112755908676829
                     0.13        0.109095247979595        0.109095247979546        0.367680395743909        0.125812906453227        0.125812906453227        0.125812906453227     0.000595302585344348      0.00414168048092455       0.0311934031247497      0.00214403105287279      0.00214403105287295      0.00113141892578711
                     0.13         0.10843699897105        0.108436998971109        0.367369179680278        0.126063031515758        0.126063031515758        0.126063031515758     0.000596660405050166      0.00414934175908591       0.0312347507445633      0.00215118227598667      0.00215118227598648      0.00113526898019357
                     0.13        0.107789439945793        0.107789439945829        0.367063821500511        0.126313156578289        0.126313156578289        0.126313156578289     0.000598022756473544      0.00415695994671276       0.0312757988237466      0.00215830369394458      0.00215830369394446      0.00113910977381412
                     0.13        0.107152223389977         0.10715222338989        0.366764113240141         0.12656328164082         0.12656328164082         0.12656328164082     0.000599389622761855       0.0041645369804447       0.0313165596364229      0.00216539654254904      0.00216539654254931      0.00114294180454736
                     0.13        0.106525018685755        0.106525018685762        0.366469857399885        0.126813406703352        0.126813406703352        0.126813406703352     0.000600760987790137      0.00417207470019873       0.0313570448402438      0.00217246199550916      0.00217246199550914      0.00114676554603586
                     0.13        0.105907511038356        0.105907511038454        0.366180866263294        0.127063531765883        0.127063531765883        0.127063531765883     0.000602136836117321       0.0041795748554633        0.031397265516478      0.00217950116847641       0.0021795011684761      0.00115058144922914
                     0.13        0.105299400509525        0.105299400509497        0.365896961279722        0.127313656828414        0.127313656828414        0.127313656828414      0.00060351715295735        0.004187039110983       0.0314372322063368      0.00218651512269072      0.00218651512269081      0.00115438994378782
                     0.13        0.104700401099675        0.104700401099768        0.365617972484513        0.127563781890945        0.127563781890945        0.127563781890945     0.000604901924148495      0.00419446905210959       0.0314769549450926      0.00219350486842258      0.00219350486842229      0.00115819143941503
                     0.13        0.104110239902522        0.104110239902537        0.365343737964283        0.127813906953477        0.127813906953477        0.127813906953477     0.000606291136121762      0.00420186618974014       0.0315164432935507      0.00220047136814127      0.00220047136814123      0.00116198632708531
                     0.13         0.10352865633422        0.103528656334153        0.365074103368199        0.128064032016008        0.128064032016008        0.128064032016008      0.00060768477587304      0.00420923196482051       0.0315557063667799      0.00220741553940808      0.00220741553940829      0.00116577498016361
                     0.13        0.102955401398939        0.102955401398902         0.36480892144761        0.128314157078539        0.128314157078539        0.128314157078539     0.000609082830941514      0.00421656775260206       0.0315947528612627      0.00221433825761617      0.00221433825761629      0.00116955775546856
                     0.13        0.102390237024851        0.102390237024927        0.364548051635707        0.128564282141071        0.128564282141071        0.128564282141071     0.000610485289375764      0.00422387486652234       0.0316335910795862      0.00222124035847582      0.00222124035847558      0.00117333499423841
                     0.13        0.101832935431146        0.101832935431129        0.364291359652372        0.128814407203602        0.128814407203602        0.128814407203602     0.000611892139720502      0.00423115456185295       0.0316722289537391      0.00222812264036985       0.0022281226403699      0.00117710702304528
                     0.13        0.101283278549397        0.101283278549338        0.364038717140619        0.129064532266133        0.129064532266133        0.129064532266133     0.000613303370990824      0.00423840803906101       0.0317106740665182      0.00223498586651042       0.0022349858665106       0.0011808741546341
                     0.13        0.100741057480256        0.100741057480284        0.363790001326576        0.129314657328664        0.129314657328664        0.129314657328664     0.000614718972649211      0.00424563644695121       0.0317489336715269       0.0022418307669584      0.00224183076695831      0.00118463668871005
                     0.13        0.100206071990095        0.100206071990065         0.36354509470523        0.129564782391196        0.129564782391196        0.129564782391196     0.000616138934591476      0.00425284088556934       0.0317870147117132      0.00224865804049371      0.00224865804049381      0.00118839491266511
                     0.13       0.0996781300417486       0.0996781300417307        0.363303884746773        0.129814907453727        0.129814907453727        0.129814907453727     0.000617563247125599      0.00426002240891497       0.0318249238366382      0.00225546835635695      0.00225546835635701      0.00119214910225855
                     0.13       0.0991570473456844       0.0991570473457733        0.363066263619477        0.130065032516258        0.130065032516258        0.130065032516258     0.000618991900953235      0.00426718202751092       0.0318626674188166      0.00226226235590572      0.00226226235590545      0.00119589952226346
                     0.13       0.0986426469586073       0.0986426469587127        0.362832127937982        0.130315157578789        0.130315157578789        0.130315157578789     0.000620424887156891      0.00427432071071703       0.0319002515685373      0.00226904065410558      0.00226904065410526      0.00119964642704743
                     0.13       0.0981347588930292       0.0981347588930623        0.362601378521927        0.130565282641321        0.130565282641321        0.130565282641321     0.000621862197182844       0.0042814393889933       0.0319376821480919      0.00227580384096831      0.00227580384096821      0.00120339006113661
                     0.13       0.0976332197567813       0.0976332197567479          0.3623739201729        0.130815407703852        0.130815407703852        0.130815407703852      0.00062330382282345      0.00428853895592425       0.0319749647848913      0.00228255248288121      0.00228255248288131       0.0012071306597349
                     0.13       0.0971378724213405       0.0971378724213215        0.362149661468269        0.131065532766383        0.131065532766383        0.131065532766383     0.000624749756210487      0.00429562027014873        0.032012104883648      0.00228928712383259      0.00228928712383264      0.00121086844920147
                     0.13       0.0966485657014447        0.096648565701423        0.361928514563365        0.131315657828914        0.131315657828914        0.131315657828914     0.000626199989796364      0.00430268415718692       0.0320491076380077      0.00229600828658768      0.00229600828658775      0.00121460364751466
                     0.13       0.0961651540553242        0.096165154055265        0.361710395008016        0.131565782891446        0.131565782891446        0.131565782891446     0.000627654516343126      0.00430973141114101       0.0320859780413772      0.00230271647378788      0.00230271647378806      0.00121833646470062
                     0.13       0.0956874973139439       0.0956874973139483        0.361495221577436        0.131815907953977        0.131815907953977        0.131815907953977     0.000629113328910837      0.00431676279625423       0.0321227208968691       0.0023094121689494      0.00230941216894939      0.00122206710322543
                     0.13       0.0952154604142508       0.0952154604142028        0.361282916109566        0.132066033016508        0.132066033016508        0.132066033016508     0.000630576420848142      0.00432377904842107        0.032159340826918      0.00231609583743751      0.00231609583743765      0.00122579575837709
                     0.13       0.0947489131528288       0.0947489131529258        0.361073403353714         0.13231615807904         0.13231615807904         0.13231615807904     0.000632043785779055      0.00433078087658835        0.032195842282182      0.00232276792736787      0.00232276792736758      0.00122952261861966
                     0.13       0.0942877299574345        0.094287729957431        0.360866610829359        0.132566283141571        0.132566283141571        0.132566283141571     0.000633515417593614      0.00433776896406092       0.0322322295498647      0.00232942887044376      0.00232942887044377       0.0012332478659227
                     0.13       0.0938317896662878       0.0938317896662923        0.360662468691981        0.132816408204102        0.132816408204102        0.132816408204102     0.000634991310438683       0.0043447439697457       0.0322685067616327      0.00233607908275993      0.00233607908275992      0.00123697167607616
                     0.13       0.0933809753251041       0.0933809753250912        0.360460909607995        0.133066533266633        0.133066533266633        0.133066533266633     0.000636471458709691      0.00435170652930857       0.0323046779009896      0.00234271896554434      0.00234271896554438      0.00124069421898257
                     0.13       0.0929351739901237       0.0929351739901454        0.360261868635169        0.133316658329165        0.133316658329165        0.133316658329165     0.000637955857040021      0.00435865725628446       0.0323407468103232      0.00234934890587312      0.00234934890587306      0.00124441565893894
                     0.13       0.0924942765503081       0.0924942765503286        0.360065283112834        0.133566783391696        0.133566783391696        0.133566783391696     0.000639444500293858      0.00436559674309058       0.0323767171973708      0.00235596927732061      0.00235596927732055      0.00124813615489216
                     0.13       0.0920581775505492        0.092058177550571        0.359871092555407        0.133816908454227        0.133816908454227        0.133816908454227     0.000640937383559154      0.00437252556201637       0.0324125926415176      0.00236258044059861      0.00236258044059855      0.00125185586069051
                     0.13       0.0916267750313824       0.0916267750314025        0.359679238553843        0.134067033516758        0.134067033516758        0.134067033516758     0.000642434502137804      0.00437944426613437       0.0324483765995831      0.00236918274413971      0.00236918274413965       0.0012555749253142
                     0.13       0.0911999703732173       0.0911999703732005        0.359489664681305         0.13431715857929         0.13431715857929         0.13431715857929     0.000643935851539629      0.00438635339017585       0.0324840724113996      0.00237577652466048      0.00237577652466052      0.00125929349309788
                     0.13       0.0907776681529291        0.090777668152987        0.359302316405731        0.134567283641821        0.134567283641821        0.134567283641821     0.000645441427476905      0.00439325345133906       0.0325196833049695      0.00238236210768206      0.00238236210768189      0.00126301170393478
                     0.13       0.0903597760041062       0.0903597760040863        0.359117141005332        0.134817408704352        0.134817408704352        0.134817408704352     0.000646951225855515      0.00440014495007435         0.03255521240144      0.00238893980803399      0.00238893980803405      0.00126672969347652
                     0.13       0.0899462044880839       0.0899462044881021        0.358934087489979        0.135067533766883        0.135067533766883        0.135067533766883     0.000648465242769937      0.00440702837081086       0.0325906627197434      0.00239550993032089      0.00239550993032084      0.00127044759331739
                     0.13       0.0895368669703098       0.0895368669702898        0.358753106526427        0.135317658829415        0.135317658829415        0.135317658829415     0.000649983474497139      0.00441390418265027       0.0326260371810079      0.00240207276936829      0.00240207276936835      0.00127416553117027
                     0.13       0.0891316795016359       0.0891316795016084        0.358574150367005        0.135567783891946        0.135567783891946        0.135567783891946     0.000651505917490178      0.00442077284002864        0.032661338612762      0.00240862861064915      0.00240862861064923      0.00127788363103499
                     0.13       0.0887305607090999       0.0887305607090786        0.358397172782731        0.135817908954477        0.135817908954477        0.135817908954477     0.000653032568374318      0.00442763478333494       0.0326965697528889      0.00241517773067809      0.00241517773067816      0.00128160201335553
                     0.13       0.0883334316895968       0.0883334316895796        0.358222128999894        0.136068034017008        0.136068034017008        0.136068034017008     0.000654563423939762      0.00443449043949979        0.032731733253352      0.00242172039739288      0.00242172039739293      0.00128532079516916
                     0.13       0.0879402159101105       0.0879402159100901        0.358048975639364         0.13631815907954         0.13631815907954         0.13631815907954     0.000656098481137221      0.00444134022255765       0.0327668316837812      0.00242825687051271      0.00242825687051277      0.00128904009024978
                     0.13       0.0875508391122896       0.0875508391122865        0.357877670659418        0.136568284142071        0.136568284142071        0.136568284142071     0.000657637737074564      0.00444818453417723       0.0328018675348568      0.00243478740188013      0.00243478740188014      0.00129276000924262
                     0.13       0.0871652292224548       0.0871652292224485        0.357708173301386        0.136818409204602        0.136818409204602        0.136818409204602      0.00065918118900983      0.00445502376416514        0.032836843221498      0.00244131223578348       0.0024413122357835      0.00129648065979232
                     0.13       0.0867833162661554       0.0867833162661664        0.357540444038305        0.137068534267134        0.137068534267134        0.137068534267134       0.0006607288343491      0.00446185829094142       0.0328717610859067      0.00244783160926287      0.00244783160926284      0.00130020214666358
                     0.13       0.0864050322850169       0.0864050322850167        0.357374444525069        0.137318659329665        0.137318659329665        0.137318659329665     0.000662280670640586      0.00446868848200307       0.0329066234005034      0.00245434575240626      0.00245434575240626      0.00130392457185979
                     0.13       0.0860303112603915       0.0860303112603742        0.357210137552488        0.137568784392196        0.137568784392196        0.137568784392196      0.00066383669557038      0.00447551469434869       0.0329414323706293       0.0024608548886229      0.00246085488862295      0.00130764803473042
                     0.13       0.0856590890390984       0.0856590890390771        0.357047487002695        0.137818909454727        0.137818909454727        0.137818909454727     0.000665396906961088      0.00448233727489215       0.0329761901371994      0.00246735923490788      0.00246735923490795       0.0013113726320765
                     0.13       0.0852913032621066       0.0852913032621002        0.356886457806667        0.138069034517259        0.138069034517259        0.138069034517259     0.000666961302764876      0.00448915656085715       0.0330108987791859      0.00247385900209558      0.00247385900209559      0.00131509845825113
                     0.13       0.0849268932971979       0.0849268932971824        0.356727015903932         0.13831915957979         0.13831915957979         0.13831915957979     0.000668529881061353      0.00449597288015089       0.0330455603160092      0.00248035439509896        0.002480354395099      0.00131882560525474
                     0.13       0.0845658001762211       0.0845658001762293        0.356569128204653        0.138569284642321        0.138569284642321        0.138569284642321     0.000670102640053603       0.0045027865517144       0.0330801767097655      0.00248684561313351      0.00248684561313348      0.00132255416282397
                     0.13       0.0842079665327683       0.0842079665327561        0.356412762552839        0.138819409704852        0.138819409704852        0.138819409704852     0.000671679578066263      0.00450959788586486       0.0331147498674133      0.00249333284993754      0.00249333284993758      0.00132628421851892
                     0.13       0.0838533365438927        0.083853336543912        0.356257887691304        0.139069534767384        0.139069534767384        0.139069534767384     0.000673260693539936       0.0045164071846202       0.0331492816428233      0.00249981629397882      0.00249981629397876      0.00133001585780617
                     0.13       0.0835018558741339        0.083501855874145        0.356104473228613        0.139319659829915        0.139319659829915        0.139319659829915     0.000674845985030068      0.00452321474200607       0.0331837738387442      0.00250629612865252      0.00250629612865249      0.00133374916413661
                     0.13         0.08315347162345        0.083153471623444        0.355952489607538        0.139569784892446        0.139569784892446        0.139569784892446     0.000676435451203588      0.00453002084434716       0.0332182282086582      0.00251277253246623      0.00251277253246625      0.00133748421901976
                     0.13       0.0828081322755921         0.08280813227559        0.355801908074736        0.139819909954977        0.139819909954977        0.139819909954977     0.000678029090834188      0.00453682577054913       0.0332526464585577      0.00251924567922173      0.00251924567922174      0.00134122110209537
                     0.13       0.0824657876482471       0.0824657876482475        0.355652700651148        0.140070035017509        0.140070035017509        0.140070035017509     0.000679626902803612      0.00454362979237418       0.0332870302487301      0.00252571573819002      0.00252571573819002      0.00134495989120442
                     0.13       0.0821263888491574       0.0821263888491479        0.355504840105519         0.14032016008004         0.14032016008004         0.14032016008004     0.000681228886094069      0.00455043317468431       0.0333213811952715      0.00253218287426785      0.00253218287426788         0.00134870066245
                     0.13       0.0817898882292565       0.0817898882292516         0.35535829992698        0.140570285142571        0.140570285142571        0.140570285142571      0.00068283503978904      0.00455723617569761       0.0333557008717406      0.00253864724814101      0.00253864724814102      0.00135244349026356
                     0.13        0.081456239340862       0.0814562393408617         0.35521305430017        0.140820410205103        0.140820410205103        0.140820410205103     0.000684445363069341      0.00456403904721839       0.0333899908106127      0.00254510901643187      0.00254510901643187      0.00135618844746316
                     0.13       0.0811253968978397       0.0811253968978127        0.355069078081284        0.141070535267634        0.141070535267634        0.141070535267634     0.000686059855211665      0.00457084203485843       0.0334242525046975      0.00255156833183997      0.00255156833184005      0.00135993560530975
                     0.13       0.0807973167351567       0.0807973167351889        0.354926346774609        0.141320660330165        0.141320660330165        0.141320660330165     0.000687678515585634      0.00457764537825569        0.033458487408524      0.00255802534328297      0.00255802534328288      0.00136368503356313
                     0.13       0.0804719557719538       0.0804719557719268        0.354784836510449        0.141570785392696        0.141570785392696        0.141570785392696     0.000689301343651416      0.00458444931127894       0.0334926969396408      0.00256448019602636      0.00256448019602643      0.00136743680053407
                     0.13       0.0801492719756898       0.0801492719757319        0.354644524023867        0.141820910455228        0.141820910455228        0.141820910455228     0.000690928338957956       0.0045912540622244       0.0335268824798743      0.00257093303180899      0.00257093303180888      0.00137119097313458
                     0.13       0.0798292243286253       0.0798292243286437        0.354505386634821        0.142071035517759        0.142071035517759        0.142071035517759     0.000692559501141617      0.00459805985399966       0.0335610453765031      0.00257738398896096      0.00257738398896091      0.00137494761692426
                     0.13       0.0795117727926507       0.0795117727926658         0.35436740222783         0.14232116058029         0.14232116058029         0.14232116058029     0.000694194829922015      0.00460486690431387       0.0335951869434497      0.00258383320252483      0.00258383320252479      0.00137870679615962
                     0.13       0.0791968782802757       0.0791968782802539        0.354230549234245        0.142571285642821        0.142571285642821        0.142571285642821     0.000695834325102576      0.00461167542583997       0.0336293084623371      0.00259028080435878      0.00259028080435884      0.00138246857383456
                     0.13       0.0788845026215093       0.0788845026215191        0.354094806613392        0.142821410705353        0.142821410705353        0.142821410705353     0.000697477986566331      0.00461848562639191       0.0336634111835942      0.00259672692325001      0.00259672692324998      0.00138623301172649
                     0.13       0.0785746085379963       0.0785746085379801        0.353960153836521        0.143071535767884        0.143071535767884        0.143071535767884     0.000699125814276846      0.00462529770907064        0.033697496327412      0.00260317168500726       0.0026031716850073      0.00139000017043242
                     0.13       0.0782671596115768       0.0782671596115723        0.353826570869223        0.143321660830415        0.143321660830415        0.143321660830415     0.000700777808273823      0.00463211187243017       0.0337315650847739      0.00260961521256759       0.0026096152125676      0.00139377010941233
                     0.13       0.0779621202594543        0.077962120259423         0.35369403815611        0.143571785892946        0.143571785892946        0.143571785892946     0.000702433968672221      0.00463892831061783         0.03376561861836      0.00261605762608416      0.00261605762608425      0.00139754288702454
                     0.13       0.0776594557080484        0.077659455708048         0.35356253660584        0.143821910955478        0.143821910955478        0.143821910955478     0.000704094295662178      0.00464574721351327       0.0337996580634417      0.00262249904301681      0.00262249904301681      0.00140131856056077
                     0.13       0.0773591319674576       0.0773591319674609        0.353432047575927        0.144072036018009        0.144072036018009        0.144072036018009     0.000705758789505382      0.00465256876687008       0.0338336845287686      0.00262893957822003      0.00262893957822002      0.00140509718628299
                     0.13       0.0770611158087826       0.0770611158087887        0.353302552859424         0.14432216108054         0.14432216108054         0.14432216108054     0.000707427450533905      0.00465939315243805       0.0338676990973502      0.00263537934402242       0.0026353793440224      0.00140887881945374
                     0.13       0.0767653747387639       0.0767653747387573        0.353174034670431        0.144572286143072        0.144572286143072        0.144572286143072     0.000709100279149163      0.00466622054809977       0.0339017028273259      0.00264181845031266      0.00264181845031267      0.00141266351437201
                     0.13       0.0764718769807043       0.0764718769807254        0.353046475632333        0.144822411205603        0.144822411205603        0.144822411205603     0.000710777275821719      0.00467305112797678       0.0339356967526557      0.00264825700460767      0.00264825700460761      0.00141645132439909
                     0.13       0.0761805914509815       0.0761805914509702        0.352919858764403        0.145072536268134        0.145072536268134        0.145072536268134     0.000712458441086656      0.00467988506255598       0.0339696818838965      0.00265469511213211      0.00265469511213214      0.00142024230199171
                     0.13       0.0758914877391709       0.0758914877391676        0.352794167470185        0.145322661330665        0.145322661330665        0.145322661330665     0.000714143775545725      0.00468672251879656       0.0340036592089112      0.00266113287588731      0.00266113287588732      0.00142403649872888
                     0.13       0.0756045360886233       0.0756045360886222        0.352669385525927        0.145572786393197        0.145572786393197        0.145572786393197     0.000715833279863395      0.00469356366023709       0.0340376296935306      0.00266757039671846      0.00266757039671847      0.00142783396533926
                     0.13       0.0753197073761867       0.0753197073762027        0.352545497069106        0.145822911455728        0.145822911455728        0.145822911455728     0.000717526954767258      0.00470040864710303       0.0340715942822489      0.00267400777338342      0.00267400777338338      0.00143163475172882
                     0.13       0.0750369730961663       0.0750369730961664        0.352422486588495        0.146073036518259        0.146073036518259        0.146073036518259     0.000719224801047007      0.00470725763639668       0.0341055538988027      0.00268044510260955      0.00268044510260955      0.00143543890700308
                     0.13       0.0747563053403968       0.0747563053403894        0.352300338913055         0.14632316158079         0.14632316158079         0.14632316158079     0.000720926819549314      0.00471411078200219        0.034139509446805      0.00268688247916045      0.00268688247916047      0.00143924647949461
                     0.13       0.0744776767818981       0.0744776767818981        0.352179039202244        0.146573286643322        0.146573286643322        0.146573286643322     0.000722633011183069      0.00472096823477491       0.0341734618103652      0.00269331999589253      0.00269331999589253      0.00144305751678556
                     0.13       0.0742010606592191       0.0742010606592226        0.352058572936742        0.146823411705853        0.146823411705853        0.146823411705853     0.000724343376913798      0.00472783014262651       0.0342074118545982      0.00269975774380921       0.0026997577438092      0.00144687206572901
                     0.13       0.0739264307596346       0.0739264307596335        0.351938925908813        0.147073536768384        0.147073536768384        0.147073536768384     0.000726057917763288      0.00473469665061532       0.0342413604262035      0.00270619581211776      0.00270619581211776      0.00145069017247247
                     0.13       0.0736537614041625       0.0736537614041466        0.351820084213602        0.147323661830915        0.147323661830915        0.147323661830915     0.000727776634809552      0.00474156790102662       0.0342753083539855      0.00271263428828066       0.0027126342882807      0.00145451188247804
                     0.13       0.0733830274328027       0.0733830274328086         0.35170203424049        0.147573786893447        0.147573786893447        0.147573786893447     0.000729499529184899      0.00474844403345281       0.0343092564493571       0.0027190732580661      0.00271907325806609      0.00145833724054296
                     0.13       0.0731142041903712       0.0731142041903787        0.351584762664835        0.147823911955978        0.147823911955978        0.147823911955978     0.000731226602075689      0.00475532518486996       0.0343432055068332      0.00272551280559633      0.00272551280559631      0.00146216629081902
                     0.13       0.0728472675124617        0.072847267512472        0.351468256439941        0.148074037018509        0.148074037018509        0.148074037018509     0.000732957854720238       0.0047622114897124       0.0343771563044967      0.00273195301339525      0.00273195301339523      0.00146599907683162
                     0.13       0.0725821937124875       0.0725821937124859        0.351352502789364        0.148324162081041        0.148324162081041        0.148324162081041     0.000734693288408785       0.0047691030799438       0.0344111096044594      0.00273839396243286      0.00273839396243286      0.00146983564149786
                     0.13       0.0723189595686901       0.0723189595686976        0.351237489199516        0.148574287143572        0.148574287143572        0.148574287143572     0.000736432904483303      0.00477600008512575       0.0344450661533039      0.00274483573216923      0.00274483573216921      0.00147367602714392
                     0.13       0.0720575423115245       0.0720575423115295        0.351123203412303        0.148824412206103        0.148824412206103        0.148824412206103     0.000738176704334514      0.00478290263248638       0.0344790266825044      0.00275127840059728      0.00275127840059727       0.0014775202755227
                     0.13       0.0717979196121685       0.0717979196121696        0.351009633418433        0.149074537268634        0.149074537268634        0.149074537268634     0.000739924689402587      0.00478981084698169       0.0345129919088306      0.00275772204428208      0.00275772204428208      0.00148136842782916
                     0.13       0.0715400695702228        0.071540069570216        0.350896767450351        0.149324662331166        0.149324662331166        0.149324662331166     0.000741676861175031      0.00479672485136184        0.034546962534759      0.00276416673840207      0.00276416673840209       0.0014852205247176
                     0.13       0.0712839707029677       0.0712839707029574        0.350784593976052        0.149574787393697        0.149574787393697        0.149574787393697     0.000743433221188663      0.00480364476622801       0.0345809392488571      0.00277061255678575      0.00277061255678577      0.00148907660631573
                     0.13       0.0710296019345713       0.0710296019345788        0.350673101692688        0.149824912456228        0.149824912456228        0.149824912456228     0.000745193771024916      0.00481057071009152       0.0346149227261314      0.00277705957194825      0.00277705957194823      0.00149293671223992
                     0.13       0.0707769425851796       0.0707769425851836        0.350562279520453        0.150075037518759        0.150075037518759        0.150075037518759     0.000746958512312396      0.00481750279943099       0.0346489136284151       0.0027835078551279      0.00278350785512789      0.00149680088160974
                     0.13       0.0705259723613756       0.0705259723613839        0.350452116596882        0.150325162581291        0.150325162581291        0.150325162581291     0.000748727446723468      0.00482444114874452       0.0346829126046827      0.00278995747631885      0.00278995747631883      0.00150066915306109
                     0.13       0.0702766713455573       0.0702766713455818        0.350342602270926        0.150575287643822        0.150575287643822        0.150575287643822     0.000750500575976455      0.00483138587060537       0.0347169202914249      0.00279640850430634      0.00279640850430627       0.0015045415647606
                     0.13       0.0700290199870792       0.0700290199870811        0.350233726097658        0.150825412706353        0.150825412706353        0.150825412706353     0.000752277901832306       0.0048383370757104       0.0347509373129391      0.00280286100669699      0.00280286100669699      0.00150841815441779
                     0.13       0.0697829990927483       0.0697829990927554        0.350125477832916        0.151075537768884        0.151075537768884        0.151075537768884     0.000754059426094141      0.00484529487292994       0.0347849642816483      0.00280931504995061       0.0028093150499506      0.00151229895929771
                     0.13       0.0695385898178929       0.0695385898179006        0.350017847428068        0.151325662831416        0.151325662831416        0.151325662831416     0.000755845150608121      0.00485225936935632       0.0348190017984223      0.00281577069941019      0.00281577069941017      0.00151618401623351
                     0.13       0.0692957736579394        0.069295773657946        0.349910825025233        0.151575787893947        0.151575787893947        0.151575787893947     0.000757635077262831      0.00485923067034797       0.0348530504528595      0.00282222801933034      0.00282222801933033      0.00152007336163727
                     0.13       0.0690545324398297       0.0690545324398106        0.349804400952233        0.151825912956478        0.151825912956478        0.151825912956478      0.00075942920798637      0.00486620887957635       0.0348871108235688      0.00282868707290597      0.00282868707290602      0.00152396703151232
                     0.13       0.0688148483136331       0.0688148483136188        0.349698565718004        0.152076038019009        0.152076038019009        0.152076038019009      0.00076122754474825       0.0048731940990687       0.0349211834784601      0.00283514792230014      0.00283514792230018      0.00152786506146395
                     0.13       0.0685767037453204       0.0685767037453185        0.349593310008139        0.152326163081541        0.152326163081541        0.152326163081541     0.000763030089556329      0.00488018642924874       0.0349552689749869      0.00284161062866879      0.00284161062866879      0.00153176748670968
                     0.13       0.0683400815087647       0.0683400815087461        0.349488624680449        0.152576288144072        0.152576288144072        0.152576288144072     0.000764836844458817      0.00488718596897823         0.03498936786043      0.00284807525218715       0.0028480752521872      0.00153567434208989
                     0.13       0.0681049646783165       0.0681049646783051        0.349384500760715        0.152826413206603        0.152826413206603        0.152826413206603      0.00076664781154228      0.00489419281559611       0.0350234806721368      0.00285454185207459      0.00285454185207462      0.00153958566207778
                     0.13       0.0678713366217459       0.0678713366217421        0.349280929438596        0.153076538269135        0.153076538269135        0.153076538269135     0.000768462992930496       0.0049012070649566       0.0350576079377591      0.00286101048661821      0.00286101048661822      0.00154350148078897
                     0.13        0.067639180993094       0.0676391809930913        0.349177902063535        0.153326663331666        0.153326663331666        0.153326663331666     0.000770282390785616      0.00490822881146705       0.0350917501755076      0.00286748121319656      0.00286748121319657      0.00154742183199131
                     0.13       0.0674084817262369       0.0674084817262373        0.349075410141052        0.153576788394197        0.153576788394197        0.153576788394197      0.00077210600730554      0.00491525814812212        0.035125907894355      0.00287395408830129      0.00287395408830129      0.00155134674911326
                     0.13       0.0671792230279585       0.0671792230279606        0.348973445328853        0.153826913456728        0.153826913456728        0.153826913456728     0.000773933844726224      0.00492229516654009       0.0351600815942875      0.00288042916755995      0.00288042916755995      0.00155527626525337
                     0.13       0.0669513893720447       0.0669513893720451        0.348871999433289         0.15407703851926         0.15407703851926         0.15407703851926     0.000775765905317485      0.00492933995699529       0.0351942717664852      0.00288690650575592      0.00288690650575592      0.00155921041318833
                     0.13       0.0667249654926513       0.0667249654926539        0.348771064405715        0.154327163581791        0.154327163581791        0.154327163581791     0.000777602191386319      0.00493639260845218        0.035228478893567       0.0028933861568501      0.00289338615685009       0.0015631492253818
                     0.13       0.0664999363786234       0.0664999363786106        0.348670632339163        0.154577288644322        0.154577288644322        0.154577288644322     0.000779442705272894      0.00494345320859594       0.0352627034497601      0.00289986817400001      0.00289986817400005      0.00156709273399199
                     0.13       0.0662762872675868       0.0662762872675887        0.348570695464994        0.154827413706853        0.154827413706853        0.154827413706853     0.000781287449353553      0.00495052184386348       0.0352969459011235      0.00290635260957929      0.00290635260957928      0.00157104097087958
                     0.13       0.0660540036401912       0.0660540036401978        0.348471246149559        0.155077538769385        0.155077538769385        0.155077538769385     0.000783136426037077      0.00495759859947453       0.0353312067057214      0.00291283951519665      0.00291283951519664      0.00157499396761576
                     0.13       0.0658330712147864       0.0658330712147855        0.348372276891223        0.155327663831916        0.155327663831916        0.155327663831916     0.000784989637766523      0.00496468355945898       0.0353654863138154      0.00291932894171366      0.00291932894171366      0.00157895175548893
                     0.13       0.0656134759418939       0.0656134759418985        0.348273780317177        0.155577788894447        0.155577788894447        0.155577788894447      0.00078684708701755      0.00497177680668662       0.0353997851680446      0.00292582093926281       0.0029258209392628      0.00158291436551244
                     0.13       0.0653952039993098       0.0653952039993016        0.348175749180609        0.155827913956978        0.155827913956978        0.155827913956978      0.00078870877629908        0.004978878422893       0.0354341037035989      0.00293231555726392      0.00293231555726394      0.00158688182843099
                     0.13       0.0651782417867843       0.0651782417867879        0.348078176357736         0.15607803901951         0.15607803901951         0.15607803901951     0.000790574708152032      0.00498598848870724       0.0354684423483899      0.00293881284444148      0.00293881284444147      0.00159085417472776
                     0.13       0.0649625759212694       0.0649625759212768        0.347981054845038        0.156328164082041        0.156328164082041        0.156328164082041     0.000792444885148107      0.00499310708367747       0.0355028015232074      0.00294531284884039      0.00294531284884038      0.00159483143463088
                     0.13       0.0647481932320393       0.0647481932320342        0.347884377756523        0.156578289144572        0.156578289144572        0.156578289144572      0.00079431930989186      0.00500023428629626       0.0355371816418995      0.00295181561784195      0.00295181561784196      0.00159881363811986
                     0.13       0.0645350807563464       0.0645350807563377         0.34778813832118        0.156828414207104        0.156828414207104        0.156828414207104     0.000796197985018125      0.00500737017402386       0.0355715831115061      0.00295832119817831      0.00295832119817833      0.00160280081493139
                     0.13       0.0643232257344871       0.0643232257344904        0.347692329880289        0.157078539269635        0.157078539269635        0.157078539269635     0.000798080913192761      0.00501451482331365       0.0356060063324276      0.00296482963594842      0.00296482963594841      0.00160679299456591
                     0.13       0.0641126156057806       0.0641126156057825        0.347596945885003        0.157328664332166        0.157328664332166        0.157328664332166     0.000799968097110811      0.00502166830963403       0.0356404516985552      0.00297134097663145      0.00297134097663145      0.00161079020629311
                     0.13        0.063903238004203       0.0639032380041976        0.347501979893942        0.157578789394697        0.157578789394697        0.157578789394697     0.000801859539498653       0.0050288307074909       0.0356749195974326      0.00297785526510102      0.00297785526510103      0.00161479247915757
                     0.13       0.0636950807540537       0.0636950807540544        0.347407425570745        0.157828914457229        0.157828914457229        0.157828914457229     0.000803755243111964      0.00503600209045038       0.0357094104103883      0.00298437254563926      0.00298437254563925      0.00161879984198462
                     0.13       0.0634881318662897       0.0634881318662948        0.347313276681893         0.15807903951976         0.15807903951976         0.15807903951976     0.000805655210733839      0.00504318253115875       0.0357439245126514      0.00299089286194907      0.00299089286194905      0.00162281232338526
                     0.13       0.0632823795342747       0.0632823795342783        0.347219527094402        0.158329164582291        0.158329164582291        0.158329164582291     0.000807559445178876      0.00505037210136394       0.0357784622735224      0.00299741625716778      0.00299741625716777       0.0016268299517617
                     0.13       0.0630778121300791       0.0630778121300818        0.347126170773655        0.158579289644822        0.158579289644822        0.158579289644822     0.000809467949288274       0.0050575708719356       0.0358130240564665      0.00300394277387933      0.00300394277387933      0.00163085275531242
                     0.13        0.062874418200786       0.0628744182007877         0.34703320178132        0.158829414707354        0.158829414707354        0.158829414707354     0.000811380725931975      0.00506477891288426       0.0358476102192546      0.00301047245412631       0.0030104724541263      0.00163488076203701
                     0.13       0.0626721864648035       0.0626721864647987        0.346940614273302        0.159079539769885        0.159079539769885        0.159079539769885     0.000813297778007954      0.00507199629338042       0.0358822211140816      0.00301700533942193      0.00301700533942195       0.0016389139997409
                     0.13       0.0624711058084023        0.062471105808403        0.346848402497689        0.159329664832416        0.159329664832416        0.159329664832416      0.00081521910844233      0.00507922308177336       0.0359168570876912      0.00302354147076139      0.00302354147076139      0.00164295249604033
                     0.13       0.0622711652822279       0.0622711652822384        0.346756560792879        0.159579789894947        0.159579789894947        0.159579789894947     0.000817144720186812      0.00508645934560866       0.0359515184814688      0.00303008088863313       0.0030300808886331      0.00164699627836656
                     0.13       0.0620723540979524        0.062072354097952          0.3466650835856        0.159829914957479        0.159829914957479        0.159829914957479     0.000819074616221174      0.00509370515164643       0.0359862056315802      0.00303662363302971      0.00303662363302971      0.00165104537397063
                     0.13       0.0618746616250504       0.0618746616250537         0.34657396538913         0.16008004002001         0.16008004002001         0.16008004002001     0.000821008799552811      0.00510096056587771       0.0360209188690749      0.00304316974345835      0.00304316974345834      0.00165509980992746
                     0.13       0.0616780773875842       0.0616780773875934        0.346483200801472        0.160330165082541        0.160330165082541        0.160330165082541     0.000822947273213408       0.0051082256535415       0.0360556585199711      0.00304971925895128      0.00304971925895126      0.00165915961314011
                     0.13       0.0614825910611078       0.0614825910611107        0.346392784503595        0.160580290145073        0.160580290145073        0.160580290145073     0.000824890040262559       0.0051155004791409        0.036090424905389      0.00305627221807581       0.0030562722180758      0.00166322481034392
                     0.13       0.0612881924696557       0.0612881924696544         0.34630271125774        0.160830415207604        0.160830415207604        0.160830415207604     0.000826837103784429      0.00512278510645882       0.0361252183416276      0.00306282865894404      0.00306282865894404      0.00166729542811045
                     0.13       0.0610948715828815       0.0610948715828823        0.346212975905764        0.161080540270135        0.161080540270135        0.161080540270135     0.000828788466889493      0.00513007959857326       0.0361600391402773      0.00306938861922219      0.00306938861922219      0.00167137149285132
                     0.13       0.0609026185129241       0.0609026185129258        0.346123573367477        0.161330665332666        0.161330665332666        0.161330665332666     0.000830744132713862      0.00513738401787288       0.0361948876083162      0.00307595213614055      0.00307595213614054       0.0016754530308222
                     0.13       0.0607114235120508       0.0607114235120506        0.346034498639133        0.161580790395198        0.161580790395198        0.161580790395198      0.00083270410441736      0.00514469842607051       0.0362297640481842      0.00308251924650138      0.00308251924650138      0.00167954006812615
                     0.13       0.0605212769694562       0.0605212769694479        0.345945746791814        0.161830915457729        0.161830915457729        0.161830915457729      0.00083466838518647      0.00515202288421864       0.0362646687579058       0.0030890899866889      0.00308908998668892       0.0016836326307176
                     0.13       0.0603321694088202       0.0603321694088306        0.345857312969957         0.16208104052026         0.16208104052026         0.16208104052026     0.000836636978230606      0.00515935745272275       0.0362996020311482      0.00309566439267731      0.00309566439267728      0.00168773074440569
                     0.13       0.0601440914859659       0.0601440914859645        0.345769192389956        0.162331165582791        0.162331165582791        0.162331165582791     0.000838609886783925        0.005166702191354       0.0363345641573192       0.0031022425000385      0.00310224250003851      0.00169183443485738
                     0.13       0.0599570339857332       0.0599570339857315        0.345681380338609        0.162581290645323        0.162581290645323        0.162581290645323     0.000840587114106135      0.00517405715926419       0.0363695554216696      0.00310882434395171      0.00310882434395171      0.00169594372760139
                     0.13       0.0597709878200356       0.0597709878200375        0.345593872171816        0.162831415707854        0.162831415707854        0.162831415707854     0.000842568663478122      0.00518142241499725       0.0364045761053352      0.00311540995921009      0.00311540995921009        0.001700058648031
                     0.13       0.0595859440252134        0.059585944025215         0.34550666331321        0.163081540770385        0.163081540770385        0.163081540770385     0.000844554538207299      0.00518879801650216       0.0364396264854624      0.00312199938022909      0.00312199938022909      0.00170417922140727
                     0.13       0.0594018937596766       0.0594018937596843        0.345419749252788        0.163331665832916        0.163331665832916        0.163331665832916     0.000846544741621713      0.00519618402114554       0.0364747068352446      0.00312859264105396      0.00312859264105394      0.00170830547286237
                     0.13       0.0592188283017689       0.0592188283017686        0.345333125545679        0.163581790895448        0.163581790895448        0.163581790895448     0.000848539277075115        0.005203580485723       0.0365098174240356      0.00313518977536673      0.00313518977536673      0.00171243742740224
                     0.13        0.059036739047278       0.0590367390472862        0.345246787810839        0.163831915957979        0.163831915957979        0.163831915957979     0.000850538147943013       0.0052109874664713       0.0365449585173981        0.003141790816494      0.00314179081649399      0.00171657510990978
                     0.13        0.058855617507478       0.0588556175074818        0.345160731729842         0.16408204102051         0.16408204102051         0.16408204102051     0.000852541357623453      0.00521840501907941       0.0365801303771828      0.00314839579741337      0.00314839579741337      0.00172071854514764
                     0.13       0.0586754553068732       0.0586754553068686         0.34507495304567        0.164332166083042        0.164332166083042        0.164332166083042     0.000854548909537983      0.00522583319869972        0.036615333261608      0.00315500475076054      0.00315500475076055      0.00172486775776096
                     0.13       0.0584962441810268       0.0584962441810212        0.344989447561517        0.164582291145573        0.164582291145573        0.164582291145573     0.000856560807129345      0.00523327205995926       0.0366505674253156      0.00316161770883617      0.00316161770883618      0.00172902277228034
                     0.13       0.0583179759747637       0.0583179759747632        0.344904211139709        0.164832416208104        0.164832416208104        0.164832416208104     0.000858577053863604      0.00524072165696939       0.0366858331194507      0.00316823470361182      0.00316823470361182      0.00173318361312408
                     0.13       0.0581406426400146        0.058140642640019        0.344819239700523        0.165082541270635        0.165082541270635        0.165082541270635     0.000860597653228757      0.00524818204333686       0.0367211305917234      0.00317485576673668      0.00317485576673667      0.00173735030460116
                     0.13       0.0579642362338217       0.0579642362338201        0.344734529221118        0.165332666333167        0.165332666333167        0.165332666333167     0.000862622608733613      0.00525565327217377       0.0367564600864644      0.00318148092954387      0.00318148092954387      0.00174152287091363
                     0.13       0.0577887489165709       0.0577887489165755        0.344650075734476        0.165582791395698        0.165582791395698        0.165582791395698      0.00086465192390944      0.00526313539610724       0.0367918218447016      0.00318811022305614      0.00318811022305613      0.00174570133615909
                     0.13       0.0576141729501131       0.0576141729501146        0.344565875328365        0.165832916458229        0.165832916458229        0.165832916458229     0.000866685602309104      0.00527062846728893       0.0368272161042158      0.00319474367799187      0.00319474367799187      0.00174988572433302
                     0.13       0.0574405006958028       0.0574405006957974        0.344481924144291         0.16608304152076         0.16608304152076         0.16608304152076     0.000868723647505926      0.00527813253740497       0.0368626430995956      0.00320138132477115      0.00320138132477116      0.00175407605933141
                     0.13       0.0572677246129395       0.0572677246129413        0.344398218376543        0.166333166583292        0.166333166583292        0.166333166583292     0.000870766063095677      0.00528564765768448       0.0368981030623099      0.00320802319352088      0.00320802319352087      0.00175827236495278
                     0.13       0.0570958372568928       0.0570958372568933        0.344314754271194        0.166583291645823        0.166583291645823        0.166583291645823     0.000872812852693219        0.005293173878909       0.0369335962207426       0.0032146693140806       0.0032146693140806       0.0017624746649006
                     0.13       0.0569248312774759       0.0569248312774783        0.344231528125186        0.166833416708354        0.166833416708354        0.166833416708354     0.000874864019936177      0.00530071125142083       0.0369691228002759      0.00322131971600772      0.00322131971600771      0.00176668298278537
                     0.13       0.0567546994171967       0.0567546994171945        0.344148536285354        0.167083541770885        0.167083541770885        0.167083541770885      0.00087691956848086      0.00530825982513217       0.0370046830233185      0.00322797442858292      0.00322797442858293      0.00177089734212696
                     0.13       0.0565854345097464       0.0565854345097475        0.344065775147577        0.167333666833417        0.167333666833417        0.167333666833417     0.000878979502006022      0.00531581964953286       0.0370402771093848      0.00323463348081508      0.00323463348081507      0.00177511776635646
                     0.13       0.0564170294784362       0.0564170294784344        0.343983241155854        0.167583791895948        0.167583791895948        0.167583791895948     0.000881043824208463      0.00532339077369881       0.0370759052751171      0.00324129690144614      0.00324129690144615      0.00177934427881844
                     0.13       0.0562494773344369       0.0562494773344363        0.343900930801432        0.167833916958479        0.167833916958479        0.167833916958479     0.000883112538807691      0.00533097324630039       0.0371115677343749      0.00324796471895657      0.00324796471895658      0.00178357690277296
                     0.13       0.0560827711755085        0.056082771175509        0.343818840621999         0.16808404202101         0.16808404202101         0.16808404202101       0.0008851856495408      0.00533856711560955       0.0371472646982432      0.00325463696156951      0.00325463696156951      0.00178781566139733
                     0.13       0.0559169041844448       0.0559169041844438        0.343736967200839        0.168334167083542        0.168334167083542        0.168334167083542     0.000887263160166463      0.00534617242950769       0.0371829963751146      0.00326131365725562      0.00326131365725563      0.00179206057778818
                     0.13       0.0557518696275274       0.0557518696275298        0.343655307166001        0.168584292146073        0.168584292146073        0.168584292146073     0.000889345074461811      0.00535378923549352       0.0372187629707156      0.00326799483373787      0.00326799483373787      0.00179631167496337
                     0.13       0.0555876608532072       0.0555876608532059        0.343573857189526        0.168834417208604        0.168834417208604        0.168834417208604     0.000891431396224447      0.00536141758068998       0.0372545646881688      0.00327468051849574      0.00327468051849574      0.00180056897586379
                     0.13       0.0554242712907513       0.0554242712907523        0.343492613986712        0.169084542271136        0.169084542271136        0.169084542271136     0.000893522129270869      0.00536905751185108       0.0372904017280247      0.00328137073876953      0.00328137073876952      0.00180483250335493
                     0.13       0.0552616944487527       0.0552616944487527         0.34341157431527        0.169334667333667        0.169334667333667        0.169334667333667      0.00089561727743705      0.00537670907536978       0.0373262742883174      0.00328806552156487      0.00328806552156487      0.00180910228022907
                     0.13       0.0550999237695941       0.0550999237695938        0.343330734940499        0.169584792396198        0.169584792396198        0.169584792396198     0.000897716844577939      0.00538437231768022       0.0373621825665443      0.00329476489399403      0.00329476489399403      0.00181337832937881
                     0.13       0.0549389533497166       0.0549389533497141        0.343250092805376        0.169834917458729        0.169834917458729        0.169834917458729     0.000899820834568119      0.00539204728328335       0.0373981267499981      0.00330146888159333      0.00330146888159333      0.00181766067293775
                     0.13       0.0547787764950846       0.0547787764950896        0.343169644688114        0.170085042521261        0.170085042521261        0.170085042521261     0.000901929251300365      0.00539973401871668       0.0374341070352378      0.00330817751170061       0.0033081775117006      0.00182194933400466
                     0.13       0.0546193871632557         0.05461938716326        0.343089387543239        0.170335167583792        0.170335167583792        0.170335167583792     0.000904042098685841      0.00540743256859708       0.0374701236086907      0.00331489081008554      0.00331489081008553      0.00182624433492236
                     0.13       0.0544607792404745       0.0544607792404766        0.343009318330005        0.170585292646323        0.170585292646323        0.170585292646323     0.000906159380655379      0.00541514297760905       0.0375061766564248      0.00332160880264029      0.00332160880264028      0.00183054569814075
                     0.13       0.0543029466848345       0.0543029466848358        0.342929434045938        0.170835417708854        0.170835417708854        0.170835417708854       0.0009082811011576       0.0054228652901142       0.0375422663622293      0.00332833151504582      0.00332833151504582      0.00183485344604593
                     0.13       0.0541458835251477       0.0541458835251444        0.342849731726166        0.171085542771386        0.171085542771386        0.171085542771386      0.00091040726416021      0.00543059955015737       0.0375783929076641      0.00333505897277545      0.00333505897277546      0.00183916760096182
                     0.13       0.0539895838596619       0.0539895838596617        0.342770208442774        0.171335667833917        0.171335667833917        0.171335667833917     0.000912537873648339      0.00543834580147274       0.0376145564720866      0.00334179120109873      0.00334179120109873      0.00184348818515162
                     0.13       0.0538340418550708       0.0538340418550697        0.342690861304199        0.171585792896448        0.171585792896448        0.171585792896448     0.000914672933626026      0.00544610408748929       0.0376507572326996      0.00334852822508465      0.00334852822508465      0.00184781522081922
                     0.13       0.0536792517454487       0.0536792517454478        0.342611687454632        0.171835917958979        0.171835917958979        0.171835917958979     0.000916812448114337      0.00545387445133624       0.0376869953645721      0.00335527006960492      0.00335527006960492      0.00185214873011052
                     0.13       0.0535252078309428       0.0535252078309428        0.342532684073362        0.172086043021511        0.172086043021511        0.172086043021511     0.000918956421154235      0.00546165693584941       0.0377232710407027      0.00336201675933792      0.00336201675933792      0.00185648873511509
                     0.13       0.0533719044770406       0.0533719044770362        0.342453848374282        0.172336168084042        0.172336168084042        0.172336168084042     0.000921104856801483      0.00546945158357538       0.0377595844320083      0.00336876831877116      0.00336876831877117      0.00186083525786712
                     0.13       0.0532193361132813       0.0532193361132828        0.342375177605242        0.172586293146573        0.172586293146573        0.172586293146573     0.000923257759131768      0.00547725843677775       0.0377959357074039      0.00337552477220513      0.00337552477220513      0.00186518832034703
                     0.13         0.05306749723234        0.053067497232341        0.342296669047504        0.172836418209105        0.172836418209105        0.172836418209105     0.000925415132238275      0.00548507753744209       0.0378323250338167      0.00338228614375617      0.00338228614375617      0.00186954794448277
                     0.13       0.0529163823891278       0.0529163823891264        0.342218320015237        0.173086543271636        0.173086543271636        0.173086543271636      0.00092757698023117      0.00549290892728044       0.0378687525762115      0.00338905245735933      0.00338905245735933      0.00187391415215081
                     0.13       0.0527659861995839       0.0527659861995818        0.342140127854909        0.173336668334167        0.173336668334167        0.173336668334167     0.000929743307237527      0.00550075264773726       0.0379052184976287      0.00339582373677193      0.00339582373677193      0.00187828696517774
                     0.13       0.0526163033399651        0.052616303339971        0.342062089944813        0.173586793396698        0.173586793396698        0.173586793396698     0.000931914117403298      0.00550860873999345       0.0379417229592266      0.00340260000557595      0.00340260000557593      0.00188266640534124
                     0.13       0.0524673285458184       0.0524673285458196        0.341984203694539         0.17383691845923         0.17383691845923         0.17383691845923     0.000934089414889674      0.00551647724497143       0.0379782661202859      0.00340938128718111      0.00340938128718111      0.00188705249437132
                     0.13       0.0523190566109975       0.0523190566110033         0.34190646654445        0.174087043521761        0.174087043521761        0.174087043521761     0.000936269203876128      0.00552435820333991       0.0380148481382644      0.00341616760482786      0.00341616760482785      0.00189144525395154
                     0.13       0.0521714823869078       0.0521714823869109        0.341828875965209        0.174337168584292        0.174337168584292        0.174337168584292     0.000938453488559289      0.00553225165551821       0.0380514691688175      0.00342295898158981       0.0034229589815898      0.00189584470572011
                     0.13       0.0520246007815041       0.0520246007815058        0.341751429457274        0.174587293646823        0.174587293646823        0.174587293646823     0.000940642273151753      0.00554015764168102       0.0380881293658192      0.00342975544037672      0.00342975544037672      0.00190025087127102
                     0.13       0.0518784067584754       0.0518784067584805        0.341674124550438        0.174837418709355        0.174837418709355        0.174837418709355     0.000942835561884268      0.00554807620176257       0.0381248288814064      0.00343655700393705      0.00343655700393704      0.00190466377215512
                     0.13       0.0517328953364479       0.0517328953364476        0.341596958803358        0.175087543771886        0.175087543771886        0.175087543771886     0.000945033359002562      0.00555600737546098       0.0381615678659836      0.00344336369486043      0.00344336369486043      0.00190908342988118
                     0.13       0.0515880615880699       0.0515880615880717        0.341519929803093        0.175337668834417        0.175337668834417        0.175337668834417     0.000947235668770616      0.00556395120224248       0.0381983464682752      0.00345017553558043      0.00345017553558042      0.00191350986591698
                     0.13       0.0514439006392105       0.0514439006392122        0.341443035164641        0.175587793896948        0.175587793896948        0.175587793896948     0.000949442495468293      0.00557190772134585        0.038235164835336      0.00345699254837698      0.00345699254837698       0.0019179431016904
                     0.13       0.0513004076682572       0.0513004076682508         0.34136627253054         0.17583791895948         0.17583791895948         0.17583791895948     0.000951653843391347      0.00557987697178586       0.0382720231125749      0.00346381475537867      0.00346381475537868      0.00192238315859024
                     0.13       0.0511575779052489       0.0511575779052482        0.341289639570408        0.176088044022011        0.176088044022011        0.176088044022011     0.000953869716853066      0.00558785899235767       0.0383089214437953      0.00347064217856525      0.00347064217856525      0.00192683005796735
                     0.13        0.051015406631119       0.0510154066311191        0.341213133980512        0.176338169084542        0.176338169084542        0.176338169084542     0.000956090120182419      0.00559585382164073       0.0383458599712071      0.00347747483977003      0.00347747483977003      0.00193128382113563
                     0.13       0.0508738891768874       0.0508738891768891        0.341136753483366        0.176588294147074        0.176588294147074        0.176588294147074     0.000958315057724451      0.00560386149800267       0.0383828388354541      0.00348431276068226      0.00348431276068226      0.00193574446937295
                     0.13       0.0507330209231354       0.0507330209231365        0.341060495827353        0.176838419209605        0.176838419209605        0.176838419209605     0.000960544533840237      0.00561188205960237       0.0384198581756358      0.00349115596284893      0.00349115596284893      0.00194021202392189
                     0.13       0.0505927972990081       0.0505927972990096        0.340984358786265        0.177088544272136        0.177088544272136        0.177088544272136     0.000962778552908036      0.00561991554439469       0.0384569181293451      0.00349800446767756      0.00349800446767756      0.00194468650599102
                     0.13       0.0504532137816471       0.0504532137816481         0.34090834015896        0.177338669334667        0.177338669334667        0.177338669334667     0.000965017119320413      0.00562796199013332       0.0384940188326659       0.0035048582964381       0.0035048582964381      0.00194916793675551
                     0.13       0.0503142658955403       0.0503142658955401         0.34083243776897        0.177588794397199        0.177588794397199        0.177588794397199     0.000967260237486837      0.00563602143437445       0.0385311604202172      0.00351171747026489      0.00351171747026489      0.00195365633735805
                     0.13       0.0501759492117248       0.0501759492117277        0.340756649464111         0.17783891945973         0.17783891945973         0.17783891945973     0.000969507911832236      0.00564409391448042       0.0385683430251656      0.00351858201015905      0.00351858201015905      0.00195815172890983
                     0.13       0.0500382593471761       0.0500382593471797        0.340680973116129        0.178089044522261        0.178089044522261        0.178089044522261     0.000971760146798117      0.00565217946762295       0.0386055667792551      0.00352545193699034      0.00352545193699033      0.00196265413249125
                     0.13       0.0499011919640802       0.0499011919640806        0.340605406620311        0.178339169584792        0.178339169584792        0.178339169584792     0.000974016946840316       0.0056602781307868       0.0386428318128137      0.00353232727149935      0.00353232727149935      0.00196716356915292
                     0.13       0.0497647427693393       0.0497647427693419        0.340529947895174        0.178589294647324        0.178589294647324        0.178589294647324     0.000976278316431416      0.00566838994077246       0.0386801382547898       0.0035392080342991       0.0035392080342991      0.00197168005991623
                     0.13       0.0496289075136095       0.0496289075136134        0.340454594882045        0.178839419709855        0.178839419709855        0.178839419709855     0.000978544260058674      0.00567651493420029       0.0387174862327626      0.00354609424587773      0.00354609424587772      0.00197620362577456
                     0.13       0.0494936819914192       0.0494936819914194        0.340379345544872        0.179089544772386        0.179089544772386        0.179089544772386     0.000980814782225888       0.0056846531475118       0.0387548758729679      0.00355298592659869      0.00355298592659869      0.00198073428769315
                     0.13       0.0493590620395591         0.04935906203956        0.340304197869678        0.179339669834917        0.179339669834917        0.179339669834917      0.00098308988745088      0.00569280461697527       0.0387923073003106      0.00355988309670488      0.00355988309670487       0.0019852720666111
                     0.13       0.0492250435371134       0.0492250435371146        0.340229149864364        0.179589794897449        0.179589794897449        0.179589794897449     0.000985369580267587      0.00570096937868715       0.0388297806383938      0.00356678577631897      0.00356678577631897      0.00198981698344135
                     0.13       0.0490916224047461       0.0490916224047479        0.340154199558371         0.17983991995998         0.17983991995998         0.17983991995998     0.000987653865225663      0.00570914746857535       0.0388672960095355      0.00357369398544558      0.00357369398544557      0.00199436905907151
                     0.13       0.0489587946040799       0.0489587946040787        0.340079345002334        0.180090045022511        0.180090045022511        0.180090045022511     0.000989942746889062      0.00571733892240237       0.0389048535347792        0.003580607743973        0.003580607743973      0.00199892831436475
                     0.13       0.0488265561371168       0.0488265561371167        0.340004584267785        0.180340170085042        0.180340170085042        0.180340170085042     0.000992236229837139      0.00572554377576806       0.0389424533339194      0.00358752707167504      0.00358752707167504      0.00200349477016039
                     0.13       0.0486949030457573       0.0486949030457536        0.339929915446852        0.180590295147574        0.180590295147574        0.180590295147574     0.000994534318664454      0.00573376206411236       0.0389800955255192      0.00359445198821246      0.00359445198821247      0.00200806844727462
                     0.13       0.0485638314112039       0.0485638314112045        0.339855336651964        0.180840420210105        0.180840420210105        0.180840420210105     0.000996837017980739      0.00574199382271801       0.0390177802269271      0.00360138251313479      0.00360138251313479      0.00201264936650114
                     0.13       0.0484333373533807       0.0484333373533807        0.339780846015524        0.181090545272636        0.181090545272636        0.181090545272636     0.000999144332410551      0.00575023908671364       0.0390555075542946        0.003608318665882        0.003608318665882      0.00201723754861198
                     0.13       0.0483034170304446       0.0483034170304452        0.339706441689653        0.181340670335168        0.181340670335168        0.181340670335168      0.00100145626659337      0.00575849789107607       0.0390932776225919      0.00361526046578603      0.00361526046578603      0.00202183301435798
                     0.13       0.0481740666382704       0.0481740666382744        0.339632121845887        0.181590795397699        0.181590795397699        0.181590795397699      0.00100377282518253      0.00576677027063312       0.0391310905456185      0.00362220793207234      0.00362220793207233      0.00202643578446959
                     0.13       0.0480452824099378       0.0480452824099354         0.33955788467491         0.18184092046023         0.18184092046023         0.18184092046023      0.00100609401284799      0.00577505626006605       0.0391689464360403      0.00362916108386146      0.00362916108386147      0.00203104587965735
                     0.13       0.0479170606152162       0.0479170606152145        0.339483728386274        0.182091045522761        0.182091045522761        0.182091045522761       0.0010084198342733      0.00578335589391212       0.0392068454053831       0.0036361199401705      0.00363611994017051      0.00203566332061263
                     0.13       0.0477893975600658       0.0477893975600673        0.339409651208123        0.182341170585293        0.182341170585293        0.182341170585293      0.00101075029415635      0.00579166920656723       0.0392447875640553      0.00364308451991467      0.00364308451991467      0.00204028812800821
                     0.13       0.0476622895861669        0.047662289586169        0.339335651386937        0.182591295647824        0.182591295647824        0.182591295647824      0.00101308539721044      0.00579999623228817       0.0392827730213711      0.00365005484190868      0.00365005484190867      0.00204492032249887
                     0.13       0.0475357330704462       0.0475357330704425         0.33926172718727        0.182841420710355        0.182841420710355        0.182841420710355       0.0010154251481635      0.00580833700519507       0.0393208018855607      0.00365703092486817      0.00365703092486818      0.00204955992472196
                     0.13        0.047409724424544       0.0474097244245457        0.339187876891494        0.183091545772886        0.183091545772886        0.183091545772886        0.001017769551757      0.00581669155927383       0.0393588742637777      0.00366401278741128      0.00366401278741127      0.00205420695529804
                     0.13       0.0472842600945075       0.0472842600945061        0.339114098799548        0.183341670835418        0.183341670835418        0.183341670835418       0.0010201186127475      0.00582505992837826       0.0393969902621249      0.00367100044805964      0.00367100044805964      0.00205886143483136
                     0.13       0.0471593365601577        0.047159336560156        0.339040391228694        0.183591795897949        0.183591795897949        0.183591795897949      0.00102247233590547      0.00583344214623251       0.0394351499856613      0.00367799392524017      0.00367799392524018      0.00206352338391048
                     0.13       0.0470349503347483       0.0470349503347476        0.338966752513269         0.18384192096048         0.18384192096048         0.18384192096048      0.00102483072601699      0.00584183824643324       0.0394733535384294      0.00368499323728614      0.00368499323728615       0.0020681928231088
                     0.13        0.046911097964501       0.0469110979644978        0.338893181004453        0.184092046023011        0.184092046023011        0.184092046023011      0.00102719378788103      0.00585024826245185       0.0395116010234486      0.00369199840243857      0.00369199840243858       0.0020728697729851
                     0.13       0.0467877760281919       0.0467877760281903        0.338819675070031        0.184342171085543        0.184342171085543        0.184342171085543      0.00102956152631159      0.00585867222763654       0.0395498925427453      0.00369900943884743      0.00369900943884743      0.00207755425408405
                     0.13       0.0466649811366984       0.0466649811366973        0.338746233094165        0.184592296148074        0.184592296148074        0.184592296148074      0.00103193394613627      0.00586711017521454       0.0395882281973569      0.00370602636457302      0.00370602636457303      0.00208224628693676
                     0.13       0.0465427099325993       0.0465427099325994         0.33867285347717        0.184842421210605        0.184842421210605        0.184842421210605      0.00103431105219721      0.00587556213829411       0.0396266080873516      0.00371304919758715      0.00371304919758715      0.00208694589206125
                     0.13       0.0464209590897942       0.0464209590897945        0.338599534635291        0.185092546273137        0.185092546273137        0.185092546273137      0.00103669284935106      0.00588402814986656       0.0396650323118414      0.00372007795577428      0.00372007795577428      0.00209165308996295
                     0.13       0.0462997253130183       0.0462997253130215        0.338526275000481        0.185342671335668        0.185342671335668        0.185342671335668      0.00103907934246686       0.0058925082428084         0.03970350096898      0.00372711265693291       0.0037271126569329      0.00209636790113524
                     0.13       0.0461790053375415       0.0461790053375427        0.338453073020187        0.185592796398199        0.185592796398199        0.185592796398199      0.00104147053643054      0.00590100244988324       0.0397420141560099      0.00373415331877655      0.00373415331877655      0.00210109034605991
                     0.13       0.0460587959287348       0.0460587959287352         0.33837992715715         0.18584292146073         0.18584292146073         0.18584292146073      0.00104386643613886      0.00590951080374358       0.0397805719692275      0.00374119995893499      0.00374119995893499      0.00210582044520755
                     0.13        0.045939093881688       0.0459390938816876        0.338306835889185        0.186093046523262        0.186093046523262        0.186093046523262      0.00104626704650491      0.00591803333693294       0.0398191745040394      0.00374825259495539      0.00374825259495539      0.00211055821903814
                     0.13        0.045819896020821       0.0458198960208214        0.338233797708979        0.186343171585793        0.186343171585793        0.186343171585793      0.00104867237245415      0.00592657008188768       0.0398578218549436      0.00375531124430346      0.00375531124430346      0.00211530368800143
                     0.13       0.0457011991995375       0.0457011991995395        0.338160811123897        0.186593296648324        0.186593296648324        0.186593296648324      0.00105108241892641      0.00593512107093878       0.0398965141155563      0.00376237592436448      0.00376237592436448      0.00212005687253743
                     0.13       0.0455830002998645       0.0455830002998605        0.338087874655786        0.186843421710855        0.186843421710855        0.186843421710855      0.00105349719087518      0.00594368633631363       0.0399352513786192       0.0037694466524444      0.00376944665244441      0.00212481779307677
                     0.13       0.0454652962320596       0.0454652962320607        0.338014986840765        0.187093546773387        0.187093546773387        0.187093546773387      0.00105591669326841      0.00595226591013796       0.0399740337360171      0.00377652344577093      0.00377652344577092      0.00212958647004124
                     0.13       0.0453480839342862       0.0453480839342857        0.337942146229057        0.187343671835918        0.187343671835918        0.187343671835918      0.00105834093108689      0.00596085982443749       0.0400128612787766      0.00378360632149456      0.00378360632149456      0.00213436292384415
                     0.13       0.0452313603722807       0.0452313603722809         0.33786935138479        0.187593796898449        0.187593796898449        0.187593796898449      0.00106076990932505      0.00596946811113958       0.0400517340970836      0.00379069529668955      0.00379069529668955      0.00213914717489072
                     0.13       0.0451151225389713       0.0451151225389719        0.337796600885811         0.18784392196098         0.18784392196098         0.18784392196098       0.0010632036329919      0.00597809080207507       0.0400906522803018      0.00379779038835499      0.00379779038835499      0.00214393924357856
                     0.13       0.0449993674541383       0.0449993674541423        0.337723893323508        0.188094047023512        0.188094047023512        0.188094047023512      0.00106564210710836      0.00598672792897994       0.0401296159169633      0.00380489161341585      0.00380489161341584      0.00214873915029804
                     0.13       0.0448840921641589       0.0448840921641619        0.337651227302639        0.188344172086043        0.188344172086043        0.188344172086043      0.00106808533671069      0.00599537952349677       0.0401686250948046      0.00381199898872373      0.00381199898872372      0.00215354691543265
                     0.13       0.0447692937415928       0.0447692937415891        0.337578601441141        0.188594297148574        0.188594297148574        0.188594297148574      0.00107053332684796      0.00600404561717659       0.0402076799007592      0.00381911253105808      0.00381911253105808      0.00215836255935945
                     0.13       0.0446549692848991       0.0446549692848995        0.337506014369972        0.188844422211106        0.188844422211106        0.188844422211106      0.00107298608258164      0.00601272624148029       0.0402467804209636      0.00382623225712698      0.00382623225712698       0.0021631861024494
                     0.13         0.04454111591813       0.0445411159181307        0.337433464732934        0.189094547273637        0.189094547273637        0.189094547273637        0.001075443608989       0.0060214214277803       0.0402859267407944      0.00383335818356814      0.00383335818356814      0.00216801756506776
                     0.13       0.0444277307906037       0.0444277307906017        0.337360951186511        0.189344672336168        0.189344672336168        0.189344672336168       0.0010779059111584      0.00603013120736202       0.0403251189448416      0.00384049032694976      0.00384049032694977      0.00217285696757445
                     0.13       0.0443148110766261        0.044314811076627        0.337288472399704        0.189594797398699        0.189594797398699        0.189594797398699      0.00108037299419306      0.00603885561142534       0.0403643571169471      0.00384762870377143      0.00384762870377143      0.00217770433032438
                     0.13       0.0442023539751248       0.0442023539751222        0.337216027053858        0.189844922461231        0.189844922461231        0.189844922461231      0.00108284486320875      0.00604759467108635       0.0404036413401988      0.00385477333046512      0.00385477333046513      0.00218255967366792
                     0.13       0.0440903567094445       0.0440903567094456        0.337143613842529        0.190095047523762        0.190095047523762        0.190095047523762      0.00108532152333472      0.00605634841737834       0.0404429716969436      0.00386192422339586      0.00386192422339586      0.00218742301795103
                     0.13       0.0439788165269929       0.0439788165269928        0.337071231471297        0.190345172586293        0.190345172586293        0.190345172586293       0.0010878029797131      0.00606511688125375       0.0404823482687958      0.00386908139886273      0.00386908139886273      0.00219229438351587
                     0.13       0.0438677306989481       0.0438677306989469        0.336998878657638        0.190595297648824        0.190595297648824        0.190595297648824      0.00109028923750032      0.00607390009358523       0.0405217711366551       0.0038762448730997       0.0038762448730997      0.00219717379070092
                     0.13       0.0437570965200517       0.0437570965200525        0.336926554130761        0.190845422711356        0.190845422711356        0.190845422711356      0.00109278030186565      0.00608269808516711       0.0405612403807047      0.00388341466227632      0.00388341466227632      0.00220206125984137
                     0.13       0.0436469113082142       0.0436469113082134        0.336854256631455        0.191095547773887        0.191095547773887        0.191095547773887      0.00109527617799013      0.00609151088671693       0.0406007560804132      0.00389059078249877      0.00389059078249877      0.00220695681126955
                     0.13       0.0435371724043548       0.0435371724043541        0.336781984911957        0.191345672836418        0.191345672836418        0.191345672836418      0.00109777687106954      0.00610033852887655       0.0406403183145645      0.00389777324981038      0.00389777324981038      0.00221186046531505
                     0.13       0.0434278771720293       0.0434278771720284        0.336709737735788        0.191595797898949        0.191595797898949        0.191595797898949      0.00110028238631219      0.00610918104221371       0.0406799271612511       0.0039049620801927       0.0039049620801927      0.00221677224230526
                     0.13       0.0433190229972717       0.0433190229972719        0.336637513877631        0.191845922961481        0.191845922961481        0.191845922961481      0.00110279272893959      0.00611803845722308       0.0407195826978866      0.00391215728956601      0.00391215728956601      0.00222169216256547
                     0.13       0.0432106072882343       0.0432106072882344        0.336565312123179        0.192096048024012        0.192096048024012        0.192096048024012       0.0011053079041861      0.00612691080432777       0.0407592850012117      0.00391935889379027      0.00391935889379027      0.00222662024641931
                     0.13       0.0431026274749961       0.0431026274749959        0.336493131269003        0.192346173086543        0.192346173086543        0.192346173086543      0.00110782791729935      0.00613579811388048       0.0407990341473061      0.00392656690866578      0.00392656690866578      0.00223155651418897
                     0.13       0.0429950810092873        0.042995081009288        0.336420970122414        0.192596298149075        0.192596298149075        0.192596298149075      0.00111035277353932      0.00614470041616472       0.0408388302115889      0.00393378134993394      0.00393378134993394      0.00223650098619552
                     0.13       0.0428879653642023       0.0428879653642017        0.336348827501326        0.192846423211606        0.192846423211606        0.192846423211606      0.00111288247817995      0.00615361774139623       0.0408786732688396      0.00394100223327804      0.00394100223327804      0.00224145368275925
                     0.13       0.0427812780340383       0.0427812780340378        0.336276702234143        0.193096548274137        0.193096548274137        0.193096548274137       0.0011154170365071      0.00616255011972382       0.0409185633931894      0.00394822957432382      0.00394822957432382      0.00224641462419979
                     0.13       0.0426750165339574       0.0426750165339576        0.336204593159601        0.193346673336668        0.193346673336668        0.193346673336668      0.00111795645381968      0.00617149758123097       0.0409585006581389      0.00395546338864036      0.00395546338864036      0.00225138383083658
                     0.13       0.0425691783998216       0.0425691783998222        0.336132499126667          0.1935967983992          0.1935967983992          0.1935967983992      0.00112050073543017       0.0061804601559367       0.0409984851365684      0.00396270369174063      0.00396270369174063      0.00225636132298901
                     0.13       0.0424637611879156       0.0424637611879137          0.3360604189944        0.193846923461731        0.193846923461731        0.193846923461731      0.00112304988666414      0.00618943787379685       0.0410385169007424      0.00396995049908226      0.00396995049908226      0.00226134712097674
                     0.13        0.042358762474732       0.0423587624747307        0.335988351631834        0.194097048524262        0.194097048524262        0.194097048524262      0.00112560391285753      0.00619843076470519       0.0410785960222962      0.00397720382606815      0.00397720382606815      0.00226634124511994
                     0.13       0.0422541798567465       0.0422541798567448        0.335916295917854        0.194347173586793        0.194347173586793        0.194347173586793      0.00112816281936171      0.00620743885849447       0.0411187225722811      0.00398446368804715      0.00398446368804716      0.00227134371573954
                     0.13       0.0421500109501576       0.0421500109501582        0.335844250741073        0.194597298649325        0.194597298649325        0.194597298649325      0.00113072661153992      0.00621646218493768       0.0411588966211459      0.00399173010031481       0.0039917301003148      0.00227635455315752
                     0.13       0.0420462533907216       0.0420462533907213        0.335772214999725        0.194847423711856        0.194847423711856        0.194847423711856      0.00113329529476742      0.00622550077374895       0.0411991182387432      0.00399900307811382      0.00399900307811382      0.00228137377769711
                     0.13       0.0419429048334923       0.0419429048334921        0.335700187601538        0.195097548774387        0.195097548774387        0.195097548774387      0.00113586887443326      0.00623455465458472       0.0412393874943513      0.00400628263663483      0.00400628263663483      0.00228640140968307
                     0.13       0.0418399629525943       0.0418399629525973        0.335628167463626        0.195347673836918        0.195347673836918        0.195347673836918      0.00113844735593883      0.00624362385704478        0.041279704456669        0.004013568791017        0.004013568791017       0.0022914374694419
                     0.13       0.0417374254410759        0.041737425441076        0.335556153512377         0.19559779889945         0.19559779889945         0.19559779889945      0.00114103074469697      0.00625270841067323       0.0413200691938162      0.00402086155634857      0.00402086155634857       0.0022964819773021
                     0.13       0.0416352900106197       0.0416352900106193        0.335484144683344        0.195847923961981        0.195847923961981        0.195847923961981      0.00114361904613601      0.00626180834495958        0.041360481773371      0.00402816094766754      0.00402816094766754      0.00230153495359435
                     0.13       0.0415335543913963       0.0415335543913957        0.335412139921128        0.196098049024512        0.196098049024512        0.196098049024512       0.0011462122656937      0.00627092368933967       0.0414009422623293      0.00403546697996221      0.00403546697996221       0.0023065964186518
                     0.13       0.0414322163318147       0.0414322163318144        0.335340138179278        0.196348174087043        0.196348174087043        0.196348174087043      0.00114881040882242      0.00628005447319682       0.0414414507271529      0.00404277966817183      0.00404277966817183      0.00231166639281027
                     0.13       0.0413312735983568       0.0413312735983579        0.335268138420183        0.196598299149575        0.196598299149575        0.196598299149575      0.00115141348098621      0.00628920072586255       0.0414820072337507       0.0040500990271871       0.0040500990271871      0.00231674489640844
                     0.13       0.0412307239753788       0.0412307239753773        0.335196139614973        0.196848424212106        0.196848424212106        0.196848424212106      0.00115402148766158      0.00629836247661772       0.0415226118474925      0.00405742507185076      0.00405742507185076      0.00232183194978806
                     0.13       0.0411305652648896       0.0411305652648906        0.335124140743407        0.197098549274637        0.197098549274637        0.197098549274637      0.00115663443433808      0.00630753975469343       0.0415632646332195      0.00406475781695818      0.00406475781695818      0.00232692757329422
                     0.13       0.0410307952863671       0.0410307952863697        0.335052140793779        0.197348674337169        0.197348674337169        0.197348674337169      0.00115925232651726      0.00631673258927195       0.0416039656552417      0.00407209727725793      0.00407209727725792      0.00233203178727551
                     0.13       0.0409314118765947       0.0409314118765949        0.334980138762818          0.1975987993997          0.1975987993997          0.1975987993997      0.00116187516971344      0.00632594100948757       0.0416447149773504      0.00407944346745223      0.00407944346745222      0.00233714461208419
                     0.13       0.0408324128894324       0.0408324128894321        0.334908133655588        0.197848924462231        0.197848924462231        0.197848924462231      0.00116450296945295      0.00633516504442762       0.0416855126628177      0.00408679640219759      0.00408679640219759      0.00234226606807647
                     0.13       0.0407337961956768       0.0407337961956764        0.334836124485393        0.198099049524762        0.198099049524762        0.198099049524762      0.00116713573127519       0.0063444047231332       0.0417263587744109      0.00409415609610527      0.00409415609610527      0.00234739617561262
                     0.13       0.0406355596828517       0.0406355596828511        0.334764110273684        0.198349174587294        0.198349174587294        0.198349174587294      0.00116977346073165      0.00635366007460018       0.0417672533743897      0.00410152256374181      0.00410152256374181       0.0023525349550572
                     0.13       0.0405377012550211       0.0405377012550201        0.334692090049955        0.198599299649825        0.198599299649825        0.198599299649825       0.0011724161633856      0.00636293112778007       0.0418081965245108      0.00410889581962961      0.00410889581962961      0.00235768242677929
                     0.13       0.0404402188326315       0.0404402188326308        0.334620062851666        0.198849424712356        0.198849424712356        0.198849424712356       0.0011750638448139      0.00637221791158074       0.0418491882860463      0.00411627587824734      0.00411627587824734      0.00236283861115257
                     0.13       0.0403431103523477       0.0403431103523498        0.334548027724145        0.199099549774887        0.199099549774887        0.199099549774887      0.00117771651060438      0.00638152045486735        0.041890228719769      0.00412366275403047      0.00412366275403046      0.00236800352855557
                     0.13       0.0402463737668584       0.0402463737668597        0.334475983720495        0.199349674837419        0.199349674837419        0.199349674837419      0.00118037416635822      0.00639083878646316       0.0419313178859765      0.00413105646137177      0.00413105646137177      0.00237317719937184
                     0.13       0.0401500070446988       0.0401500070446981        0.334403929901508         0.19959979989995         0.19959979989995         0.19959979989995      0.00118303681768821      0.00640017293515036       0.0419724558444828      0.00413845701462185      0.00413845701462185      0.00237835964399013
                     0.13       0.0400540081701199        0.040054008170116        0.334331865335584        0.199849924962481        0.199849924962481        0.199849924962481      0.00118570447021999      0.00640952292967077        0.042013642654633       0.0041458644280895      0.00414586442808951       0.0023835508828045
                     0.13       0.0399583751428829       0.0399583751428857        0.334259789098636        0.200100050025012        0.200100050025012        0.200100050025012      0.00118837712959134      0.00641888879872677       0.0420548783753031      0.00415327871604232      0.00415327871604231      0.00238875093621457
                     0.13       0.0398631059781347       0.0398631059781347         0.33418770027401        0.200350175087544        0.200350175087544        0.200350175087544      0.00119105480145131      0.00642827057098197        0.042096163064898      0.00416069989270702      0.00416069989270702      0.00239395982462562
                     0.13        0.039768198706218       0.0397681987062167        0.334115597952406        0.200600300150075        0.200600300150075        0.200600300150075      0.00119373749146285        0.006437668275062        0.042137496781377      0.00416812797227002      0.00416812797227002      0.00239917756844875
                     0.13       0.0396736513725255       0.0396736513725262        0.334043481231788        0.200850425212606        0.200850425212606        0.200850425212606      0.00119642520529942      0.00644708193955527       0.0421788795822328      0.00417556296887783      0.00417556296887782       0.0024044041881011
                     0.13       0.0395794620373436       0.0395794620373433        0.333971349217308        0.201100550275138        0.201100550275138        0.201100550275138      0.00119911794864803       0.0064565115930137       0.0422203115245188      0.00418300489663747      0.00418300489663747      0.00240963970400592
                     0.13       0.0394856287757014       0.0394856287757013        0.333899201021229        0.201350675337669        0.201350675337669        0.201350675337669      0.00120181572720684      0.00646595726395346       0.0422617926648363      0.00419045376961699      0.00419045376961699      0.00241488413659275
                     0.13       0.0393921496771937       0.0393921496771952        0.333827035762831          0.2016008004002          0.2016008004002          0.2016008004002      0.00120451854668667      0.00647541898085578       0.0423033230593508      0.00419790960184583      0.00419790960184583      0.00242013750629765
                     0.13       0.0392990228458718       0.0392990228458725        0.333754852568359        0.201850925462731        0.201850925462731        0.201850925462731      0.00120722641281048      0.00648489677216741       0.0423449027637913      0.00420537240731528      0.00420537240731528      0.00242539983356316
                     0.13       0.0392062464000875       0.0392062464000874         0.33368265057093        0.202101050525263        0.202101050525263        0.202101050525263      0.00120993933131282      0.00649439066630155       0.0423865318334524      0.00421284219997884      0.00421284219997884       0.0024306711388386
                     0.13       0.0391138184722818       0.0391138184722804        0.333610428910454        0.202351175587794        0.202351175587794        0.202351175587794      0.00121265730794123      0.00650390069163855       0.0424282103232083      0.00422031899375278      0.00422031899375278      0.00243595144258019
                     0.13       0.0390217372089575       0.0390217372089569        0.333538186733574        0.202601300650325        0.202601300650325        0.202601300650325       0.0012153803484543      0.00651342687652636       0.0424699382875024      0.00422780280251634      0.00422780280251634      0.00244124076525108
                     0.13       0.0389300007704428       0.0389300007704427        0.333465923193588        0.202851425712856        0.202851425712856        0.202851425712856       0.0012181084586235       0.0065229692492814       0.0425117157803663       0.0042352936401123       0.0042352936401123      0.00244653912732158
                     0.13        0.038838607330766       0.0388386073307666        0.333393637450367        0.203101550775388        0.203101550775388        0.203101550775388      0.00122084164423179      0.00653252783818922       0.0425535428554127      0.00424279152034734      0.00424279152034734      0.00245184654926927
                     0.13       0.0387475550775689       0.0387475550775677        0.333321328670296        0.203351675837919        0.203351675837919        0.203351675837919      0.00122357991107446      0.00654210267150502       0.0425954195658466      0.00425029645699235      0.00425029645699235       0.0024571630515791
                     0.13       0.0386568422119023       0.0386568422118998        0.333248996026202         0.20360180090045         0.20360180090045         0.20360180090045      0.00122632326495871       0.0065516937774544       0.0426373459644659      0.00425780846378293      0.00425780846378294      0.00246248865474353
                     0.13       0.0385664669481456       0.0385664669481462        0.333176638697283        0.203851925962981        0.203851925962981        0.203851925962981      0.00122907171170364      0.00656130118423393       0.0426793221036652      0.00426532755441969      0.00426532755441968      0.00246782337926265
                     0.13       0.0384764275138363        0.038476427513837        0.333104255869036        0.204102051025513        0.204102051025513        0.204102051025513      0.00123182525714056      0.00657092492001181       0.0427213480354431      0.00427285374256864      0.00427285374256864      0.00247316724564431
                     0.13       0.0383867221495564       0.0383867221495562        0.333031846733198        0.204352176088044        0.204352176088044        0.204352176088044      0.00123458390711247      0.00658056501292852       0.0427634238114009      0.00428038704186163      0.00428038704186163      0.00247852027440419
                     0.13       0.0382973491087966       0.0382973491087937        0.332959410487677        0.204602301150575        0.204602301150575        0.204602301150575      0.00123734766747436      0.00659022149109728         0.04280554948275      0.00428792746589659       0.0042879274658966      0.00248388248606595
                     0.13       0.0382083066578467       0.0382083066578459        0.332886946336483        0.204852426213107        0.204852426213107        0.204852426213107      0.00124011654409348       0.0065998943826048       0.0428477251003165      0.00429547502823799      0.00429547502823799      0.00248925390116136
                     0.13       0.0381195930756239       0.0381195930756224        0.332814453489667        0.205102551275638        0.205102551275638        0.205102551275638      0.00124289054284865      0.00660958371551183       0.0428899507145418      0.00430302974241719       0.0043030297424172      0.00249463454023035
                     0.13       0.0380312066536095       0.0380312066536076        0.332741931163259        0.205352676338169        0.205352676338169        0.205352676338169      0.00124566966963027      0.00661928951785366       0.0429322263754836      0.00431059162193272      0.00431059162193272      0.00250002442382116
                     0.13       0.0379431456956673       0.0379431456956691        0.332669378579203          0.2056028014007          0.2056028014007          0.2056028014007      0.00124845393034173      0.00662901181764078       0.0429745521328331       0.0043181606802507       0.0043181606802507      0.00250542357249041
                     0.13       0.0378554085179757       0.0378554085179745          0.3325967949653        0.205852926463232        0.205852926463232        0.205852926463232      0.00125124333089689      0.00663875064285938       0.0430169280358971      0.00432573693080513      0.00432573693080513      0.00251083200680321
                     0.13       0.0377679934488493       0.0377679934488495        0.332524179555137        0.206103051525763        0.206103051525763        0.206103051525763      0.00125403787722288      0.00664850602147202        0.043059354133625      0.00433332038699829      0.00433332038699829      0.00251624974733328
                     0.13       0.0376808988286771       0.0376808988286774        0.332451531588038        0.206353176588294        0.206353176588294        0.206353176588294      0.00125683757525714        0.006658277981418       0.0431018304745882      0.00434091106220099      0.00434091106220099      0.00252167681466303
                     0.13       0.0375941230097679        0.037594123009767        0.332378850309004        0.206603301650825        0.206603301650825        0.206603301650825      0.00125964243095029        0.006668066550614       0.0431443571070057      0.00434850896975297      0.00434850896975297       0.0025271132293836
                     0.13       0.0375076643562461       0.0375076643562462        0.332306134968644        0.206853426713357        0.206853426713357        0.206853426713357      0.00126245245026441      0.00667787175695467       0.0431869340787357      0.00435611412296318      0.00435611412296318      0.00253255901209506
                     0.13       0.0374215212439386       0.0374215212439378        0.332233384823131        0.207103551775888        0.207103551775888        0.207103551775888      0.00126526763917296      0.00668769362831305       0.0432295614372765      0.00436372653511014      0.00436372653511014      0.00253801418340639
                     0.13       0.0373356920602692       0.0373356920602688         0.33216059913414        0.207353676838419        0.207353676838419        0.207353676838419      0.00126808800366116      0.00669753219254106       0.0432722392297738       0.0043713462194406       0.0043713462194406      0.00254347876393402
                     0.13       0.0372501752041255       0.0372501752041265        0.332087777168789         0.20760380190095         0.20760380190095         0.20760380190095      0.00127091354972656      0.00670738747747017       0.0433149675030285      0.00437897318917627      0.00437897318917627      0.00254895277430828
                     0.13       0.0371649690857768       0.0371649690857775        0.332014918199589        0.207853926963482        0.207853926963482        0.207853926963482      0.00127374428337836      0.00671725951091175        0.043357746303494      0.00438660745750458      0.00438660745750458      0.00255443623516393
                     0.13       0.0370800721267469        0.037080072126746        0.331942021504386        0.208104052026013        0.208104052026013        0.208104052026013      0.00127658021063707      0.00672714832065762       0.0434005756772775      0.00439424903758532      0.00439424903758533      0.00255992916714659
                     0.13       0.0369954827597053       0.0369954827597069        0.331869086366311        0.208354177088544        0.208354177088544        0.208354177088544      0.00127942133753545      0.00673705393448054       0.0434434556701497      0.00440189794254938      0.00440189794254938      0.00256543159091123
                     0.13       0.0369111994283774       0.0369111994283763        0.331796112073723        0.208604302151076        0.208604302151076        0.208604302151076      0.00128226767011735      0.00674697638013471       0.0434863863275397      0.00440955418549899      0.00440955418549899      0.00257094352712228
                     0.13       0.0368272205874203       0.0368272205874192        0.331723097920162        0.208854427213607        0.208854427213607        0.208854427213607      0.00128511921443939      0.00675691568535617         0.04352936769455      0.00441721777950808      0.00441721777950809      0.00257646499645361
                     0.13       0.0367435447023378       0.0367435447023372        0.331650043204291        0.209104552276138        0.209104552276138        0.209104552276138      0.00128797597656895      0.00676687187786337       0.0435723998159452      0.00442488873762254      0.00442488873762254      0.00258199601958869
                     0.13       0.0366601702493647       0.0366601702493637        0.331576947229855        0.209354677338669        0.209354677338669        0.209354677338669      0.00129083796258543      0.00677684498535754       0.0436154827361641      0.00443256707286047      0.00443256707286047      0.00258753661722063
                     0.13       0.0365770957153736       0.0365770957153737        0.331503809305621        0.209604802401201        0.209604802401201        0.209604802401201      0.00129370517857963      0.00678683503552319       0.0436586164993173      0.00444025279821251      0.00444025279821251      0.00259308681005219
                     0.13       0.0364943195977763        0.036494319597776        0.331430628745335        0.209854927463732        0.209854927463732        0.209854927463732      0.00129657763065487      0.00679684205602855       0.0437018011491997      0.00444794592664211      0.00444794592664211      0.00259864661879593
                     0.13       0.0364118404044113       0.0364118404044118        0.331357404867671        0.210105052526263        0.210105052526263        0.210105052526263      0.00129945532492489      0.00680686607452603       0.0437450367292769      0.00445564647108576      0.00445564647108576      0.00260421606417421
                     0.13       0.0363296566534617       0.0363296566534627        0.331284136996181        0.210355177588794        0.210355177588794        0.210355177588794      0.00130233826751632      0.00681690711865263       0.0437883232827063      0.00446335444445334      0.00446335444445334      0.00260979516691928
                     0.13       0.0362477668733649       0.0362477668733658        0.331210824459256        0.210605302651326        0.210605302651326        0.210605302651326      0.00130522646456659      0.00682696521603032       0.0438316608523249      0.00447106985962829      0.00447106985962828      0.00261538394777329
                     0.13       0.0361661696026971       0.0361661696026969        0.331137466590069        0.210855427713857        0.210855427713857        0.210855427713857      0.00130811992222489      0.00683704039426659       0.0438750494806582      0.00447879272946792      0.00447879272946793      0.00262098242748839
                     0.13       0.0360848633900859       0.0360848633900856        0.331064062726535        0.211105552776388        0.211105552776388        0.211105552776388      0.00131101864665247      0.00684713268095479       0.0439184892099267      0.00448652306680374      0.00448652306680374       0.0026265906268268
                     0.13       0.0360038467941284       0.0360038467941277        0.330990612211266        0.211355677838919        0.211355677838919        0.211355677838919      0.00131392264402165      0.00685724210367449       0.0439619800820392      0.00449426088444157      0.00449426088444158      0.00263220856656075
                     0.13       0.0359231183832926        0.035923118383292        0.330917114391522        0.211605802901451        0.211605802901451        0.211605802901451      0.00131683192051659      0.00686736868999199       0.0440055221386028      0.00450200619516192      0.00450200619516192      0.00263783626747268
                     0.13       0.0358426767358306       0.0358426767358319        0.330843568619173        0.211855927963982        0.211855927963982        0.211855927963982      0.00131974648233291      0.00687751246746063       0.0440491154209217      0.00450975901172016      0.00450975901172016      0.00264347375035515
                     0.13       0.0357625204396827       0.0357625204396825        0.330769974250651        0.212106053026513        0.212106053026513        0.212106053026513      0.00132266633567825      0.00688767346362126       0.0440927599700042      0.00451751934684682      0.00451751934684682      0.00264912103601096
                     0.13       0.0356826480923796         0.03568264809238        0.330696330646902        0.212356178089045        0.212356178089045        0.212356178089045        0.001325591486771      0.00689785170600262       0.0441364558265559      0.00452528721324782      0.00452528721324782      0.00265477814525319
                     0.13       0.0356030583009853       0.0356030583009839        0.330622637173358        0.212606303151576        0.212606303151576        0.212606303151576      0.00132852194184193      0.00690804722212163       0.0441802030309941       0.0045330626236047       0.0045330626236047      0.00266044509890522
                     0.13       0.0355237496819952       0.0355237496819955        0.330548893199886        0.212856428214107        0.212856428214107        0.212856428214107      0.00133145770713289      0.00691826003948382       0.0442240016234403      0.00454084559057483      0.00454084559057483      0.00266612191780072
                     0.13       0.0354447208612281       0.0354447208612284        0.330475098100741        0.213106553276638        0.213106553276638        0.213106553276638      0.00133439878889758      0.00692849018558382        0.044267851643729      0.00454863612679173      0.00454863612679173      0.00267180862278381
                     0.13       0.0353659704737833       0.0353659704737829         0.33040125125454         0.21335667833917         0.21335667833917         0.21335667833917      0.00133734519340071      0.00693873768790552       0.0443117531314032      0.00455643424486522      0.00455643424486522      0.00267750523470896
                     0.13       0.0352874971639266       0.0352874971639259        0.330327352044209        0.213606803401701        0.213606803401701        0.213606803401701      0.00134029692691914      0.00694900257392259       0.0443557061257255      0.00456423995738169      0.00456423995738169       0.0026832117744411
                     0.13       0.0352092995850211       0.0352092995850214        0.330253399856951        0.213856928464232        0.213856928464232        0.213856928464232      0.00134325399574069      0.00695928487109872       0.0443997106656713      0.00457205327690431      0.00457205327690431      0.00268892826285563
                     0.13       0.0351313763994473        0.035131376399447        0.330179394084204        0.214107053526763        0.214107053526763        0.214107053526763      0.00134621640616529       0.0069695846068881       0.0444437667899402      0.00457987421597326      0.00457987421597326      0.00269465472083846
                     0.13       0.0350537262785045       0.0350537262785034          0.3301053341216        0.214357178589295        0.214357178589295        0.214357178589295      0.00134918416450343      0.00697990180873566       0.0444878745369457      0.00458770278710597      0.00458770278710597        0.002700391169286
                     0.13       0.0349763479023597       0.0349763479023588        0.330031219368933        0.214607303651826        0.214607303651826        0.214607303651826      0.00135215727707816      0.00699023650407746       0.0445320339448334      0.00459553900279731      0.00459553900279731      0.00270613762910523
                     0.13       0.0348992399599457        0.034899239959946         0.32995704923012        0.214857428714357        0.214857428714357        0.214857428714357      0.00135513575022313      0.00700058872034099       0.0445762450514676      0.00460338287551981      0.00460338287551981      0.00271189412121367
                     0.13       0.0348224011489012          0.0348224011489        0.329882823113157        0.215107553776888        0.215107553776888        0.215107553776888      0.00135811959028431      0.00701095848494558       0.0446205078944473      0.00461123441772389      0.00461123441772389      0.00271766066653947
                     0.13       0.0347458301754724       0.0347458301754712        0.329808540430094         0.21535767883942         0.21535767883942         0.21535767883942      0.00136110880361837       0.0070213458253026        0.044664822511095      0.00461909364183806      0.00461909364183806      0.00272343728602136
                     0.13       0.0346695257544599       0.0346695257544593        0.329734200596988        0.215607803901951        0.215607803901951        0.215607803901951      0.00136410339659354      0.00703175076881593       0.0447091889384663      0.00462696056026912      0.00462696056026912      0.00272922400060871
                     0.13       0.0345934866091307       0.0345934866091312        0.329659803033878        0.215857928964482        0.215857928964482        0.215857928964482      0.00136710337558999      0.00704217334288215       0.0447536072133537      0.00463483518540238      0.00463483518540238      0.00273502083126151
                     0.13       0.0345177114711471       0.0345177114711468        0.329585347164739        0.216108054027013        0.216108054027013        0.216108054027013      0.00137010874699869      0.00705261357489093       0.0447980773722813      0.00464271752960187      0.00464271752960187      0.00274082779895044
                     0.13       0.0344421990804864       0.0344421990804862        0.329510832417456        0.216358179089545        0.216358179089545        0.216358179089545       0.0013731195172224      0.00706307149222531       0.0448425994515135      0.00465060760521052      0.00465060760521052      0.00274664492465682
                     0.13       0.0343669481853845       0.0343669481853847        0.329436258223787        0.216608304152076        0.216608304152076        0.216608304152076      0.00137613569267579      0.00707354712226203       0.0448871734870578      0.00465850542455037      0.00465850542455037      0.00275247222937264
                     0.13       0.0342919575422471       0.0342919575422461        0.329361624019327        0.216858429214607        0.216858429214607        0.216858429214607      0.00137915727978343      0.00708404049237178        0.044931799514652      0.00466641099992276      0.00466641099992276      0.00275830973410061
                     0.13       0.0342172259155931       0.0342172259155931        0.329286929243482        0.217108554277139        0.217108554277139        0.217108554277139       0.0013821842849831      0.00709455162991953       0.0449764775697906      0.00467432434360853      0.00467432434360853      0.00276415745985407
                     0.13       0.0341427307167776       0.0341427307158656        0.329212165334718         0.21735867933967         0.21735867933967         0.21735867933967      0.00138521667351197       0.0071050806667879       0.0450212079453246      0.00468224550720626      0.00468224550720793      0.00277001548617948
                     0.13       0.0340685135818391       0.0340685135810643        0.329137347860836        0.217608804402201        0.217608804402201        0.217608804402201      0.00138825453484322        0.007115627420057       0.0450659901579999      0.00469017442399019      0.00469017442399161       0.0027758837163541
                     0.13       0.0339945517897998        0.033994551787094        0.329062468147381        0.217858929464732        0.217858929464732        0.217858929464732      0.00139129783359748      0.00712619202293379       0.0451108245034078      0.00469811114583725      0.00469811114584222      0.00278176223072108
                     0.13       0.0339208441398352       0.0339208441446871        0.328987525653708        0.218109054527264        0.218109054527264        0.218109054527264       0.0013943465762848      0.00713677450270323       0.0451557110158933      0.00470605568494271      0.00470605568493381      0.00278765105029978
                     0.13       0.0338473894677361        0.033847389467725         0.32891251984329        0.218359179589795        0.218359179589795        0.218359179589795      0.00139740076942564      0.00714737488662629       0.0452006497294765       0.0047140080534294      0.00471400805342942      0.00279355019611658
                     0.13       0.0337741865564925       0.0337741865535334        0.328837450172737        0.218609304652326        0.218609304652326        0.218609304652326      0.00140046041950184      0.00715799320211467       0.0452456406783467      0.00472196826351179      0.00472196826351721       0.0027994596892855
                     0.13        0.033701234223415       0.0337012342207882        0.328762316107413        0.218859429714857        0.218859429714857        0.218859429714857      0.00140352553303134      0.00716862947650089       0.0452906838962476      0.00472993632733611      0.00472993632734092      0.00280537955089337
                     0.13       0.0336285313109468       0.0336285313156053        0.328687117125833        0.219109554777389        0.219109554777389        0.219109554777389      0.00140659611659476      0.00717928373699697         0.04533577941641      0.00473791225699745      0.00473791225698894      0.00281130980196662
                     0.13       0.0335560766471303       0.0335560766457649        0.328611852688388         0.21935967983992         0.21935967983992         0.21935967983992      0.00140967217666668      0.00718995601106513       0.0453809272723918      0.00474589606461214      0.00474589606461464      0.00281725046370241
                     0.13       0.0334838690776434       0.0334838690818848         0.32853652227527        0.219609804902451        0.219609804902451        0.219609804902451       0.0014127537198195       0.0072006463259647       0.0454261274970441      0.00475388776225919      0.00475388776225146      0.00282320155718808
                     0.13       0.0334119074581911       0.0334119074582113        0.328461125369622        0.219859929964982        0.219859929964982        0.219859929964982      0.00141584075263884      0.00721135470898281       0.0454713801230976       0.0047618873619943      0.00476188736199427      0.00282916310352522
                     0.13       0.0333401906210272        0.033340190621306        0.328385661444477        0.220110055027514        0.220110055027514        0.220110055027514      0.00141893328164662      0.00722208118755253       0.0455166851833607      0.00476989487591084      0.00476989487591033      0.00283513512392687
                     0.13       0.0332687174585068       0.0332687174575835        0.328310129994294        0.220360180090045        0.220360180090045        0.220360180090045      0.00142203131346969      0.00723282578887555       0.0455620427098551      0.00477791031598778      0.00477791031598946      0.00284111763948268
                     0.13       0.0331974868195873       0.0331974868176138        0.328234530508105        0.220610305152576        0.220610305152576        0.220610305152576       0.0014251348547064      0.00724358854029592       0.0456074527347739      0.00478593369427814      0.00478593369428172       0.0028471106713584
                     0.13       0.0331264975987394       0.0331264975966255        0.328158862473153        0.220860430215108        0.220860430215108        0.220860430215108      0.00142824391192777      0.00725436946915895       0.0456529152899731      0.00479396502274731      0.00479396502275114      0.00285311424076893
                     0.13       0.0330557486657507        0.033055748665874        0.328083125391528        0.221110555277639        0.221110555277639        0.221110555277639      0.00143135849179037      0.00726516860273498       0.0456984304070374      0.00480200431340065      0.00480200431340042      0.00285912836885361
                     0.13       0.0329852389273801       0.0329852389252532        0.328007318753787         0.22136068034017         0.22136068034017         0.22136068034017      0.00143447860086975      0.00727598596840603       0.0457439981174514      0.00481005157817166      0.00481005157817551      0.00286515307687357
                     0.13       0.0329149672618211        0.032914967263031        0.327931442073339        0.221610805402701        0.221610805402701        0.221610805402701      0.00143760424587217      0.00728682159339527       0.0457896184522609      0.00481810682904079       0.0048181068290386      0.00287118838595351
                     0.13       0.0328449325977574       0.0328449325947237        0.327855494850898        0.221860930465233        0.221860930465233        0.221860930465233      0.00144073543341546      0.00729767550504122       0.0458352914424055       0.0048261700778924      0.00482617007789788      0.00287723431734838
                     0.13       0.0327751338448998       0.0327751338451919        0.327779476598461        0.222111055527764        0.222111055527764        0.222111055527764      0.00144387217017947      0.00730854773061745       0.0458810171185273      0.00483424133664055      0.00483424133664002        0.002883290892263
                     0.13       0.0327055699091309       0.0327055699095216        0.327703386825288        0.222361180590295        0.222361180590295        0.222361180590295      0.00144701446282376      0.00731943829748467       0.0459267955112545      0.00484232061720142      0.00484232061720071      0.00288935813195748
                     0.13        0.032636239732452       0.0326362397351785        0.327627225047245        0.222611305652826        0.222611305652826        0.222611305652826      0.00145016231803246      0.00733034723292307       0.0459726266507527       0.0048504079314215       0.0048504079314166      0.00289543605767649
                     0.13        0.032567142231206       0.0325671422332747        0.327550990785487        0.222861430715358        0.222861430715358        0.222861430715358      0.00145331574252103      0.00734127456423887       0.0460185105671178      0.00485850329118887      0.00485850329118515      0.00290152469065883
                     0.13       0.0324982763597898       0.0324982763591206        0.327474683555659        0.223111555777889        0.223111555777889        0.223111555777889      0.00145647474295879      0.00735222031878019       0.0460644472902054      0.00486660670831861      0.00486660670831981      0.00290762405221931
                     0.13       0.0324296410727948       0.0324296410747379        0.327398302895183         0.22336168084042         0.22336168084042         0.22336168084042      0.00145963932613469      0.00736318452371647        0.046110436849334      0.00487471819462101      0.00487471819461752      0.00291373416354101
                     0.13       0.0323612352890584       0.0323612352864753        0.327321848320102        0.223611805902951        0.223611805902951        0.223611805902951      0.00146280949871846      0.00737416720652256       0.0461564792743051      0.00488283776196592      0.00488283776197054      0.00291985504600347
                     0.13       0.0322930579949235       0.0322930579914781        0.327245319364762        0.223861930965483        0.223861930965483        0.223861930965483      0.00146598526746428      0.00738516839443419       0.0462025745940693      0.00489096542209773      0.00489096542210389      0.00292598672088049
                     0.13       0.0322251081526645       0.0322251081489681        0.327168715567089        0.224112056028014        0.224112056028014        0.224112056028014      0.00146916663914855      0.00739618811472934       0.0462487228375423       0.0048991011867996       0.0048991011868062      0.00293212920945171
                     0.13       0.0321573847201865       0.0321573847209643        0.327092036459322        0.224362181090545        0.224362181090545        0.224362181090545       0.0014723536205092      0.00740722639478143       0.0462949240336108      0.00490724506785802      0.00490724506785664      0.00293828253307359
                     0.13       0.0320898866987906       0.0320898866941836        0.327015281589943        0.224612306153077        0.224612306153077        0.224612306153077      0.00147554621836725      0.00741828326180071       0.0463411782105829      0.00491539707697769       0.0049153970769859      0.00294444671301101
                     0.13       0.0320226130627657       0.0320226130632867        0.326938450489497        0.224862431215608        0.224862431215608        0.224862431215608      0.00147874443943742      0.00742935874322388       0.0463874853970074      0.00492355722590719      0.00492355722590626      0.00295062177069961
                     0.13       0.0319555627856038       0.0319555627838143        0.326861542712696        0.225112556278139        0.225112556278139        0.225112556278139      0.00148194829057215      0.00744045286631373       0.0464338456209668      0.00493172552639214      0.00493172552639532      0.00295680772742195
                     0.13       0.0318887348978411       0.0318887348974466        0.326784557809321         0.22536268134067         0.22536268134067         0.22536268134067       0.0014851577785778      0.00745156565833055       0.0464802589101591      0.00493990199007245      0.00493990199007315      0.00296300460453089
                     0.13       0.0318221283711712       0.0318221283704057        0.326707495324376        0.225612806403202        0.225612806403202        0.225612806403202      0.00148837291024195      0.00746269714670355       0.0465267252925738       0.0049480866286884      0.00494808662868975      0.00296921242344868
                     0.13       0.0317557422231816       0.0317557422257013        0.326630354819244        0.225862931465733        0.225862931465733        0.225862931465733      0.00149159369243133      0.00747384735867524       0.0465732447955232       0.0049562794538945      0.00495627945389004      0.00297543120550318
                     0.13       0.0316895754904991       0.0316895754875642        0.326553135849663        0.226113056528264        0.226113056528264        0.226113056528264       0.0014948201319752      0.00748501632156906       0.0466198174462557      0.00496448047730746      0.00496448047731265      0.00298166097209786
                     0.13       0.0316236271646591       0.0316236271638993        0.326475837973597        0.226363181590795        0.226363181590795        0.226363181590795       0.0014980522358837      0.00749620406276291       0.0466664432732851       0.0049726897106197      0.00497268971062104       0.0029879017446509
                     0.13       0.0315578962891889       0.0315578962887772        0.326398460759095        0.226613306653327        0.226613306653327        0.226613306653327      0.00150129001071302      0.00750741060952475       0.0467131223007807      0.00498090716542748      0.00498090716542821      0.00299415354453376
                     0.13       0.0314923819012963       0.0314923819007434        0.326321003776695        0.226863431715858        0.226863431715858        0.226863431715858      0.00150453346353038      0.00751863598913702        0.046759854556598      0.00498913285333425      0.00498913285333523       0.0030004163931298
                     0.13       0.0314270830185534       0.0314270830218992        0.326243466579844        0.227113556778389        0.227113556778389        0.227113556778389      0.00150778260113815      0.00752988022911065       0.0468066400675852      0.00499736678597404      0.00499736678596814       0.0030066903119873
                     0.13        0.031361998702149       0.0313619987027358         0.32616584874893         0.22736368184092         0.22736368184092         0.22736368184092      0.00151103743048289      0.00754114335668435       0.0468534788598094      0.00500560897489989      0.00500560897489885      0.00301297532247547
                     0.13       0.0312971279983504       0.0312971279993148         0.32608814986241        0.227613806903452        0.227613806903452        0.227613806903452      0.00151429795849614      0.00755242539915919       0.0469003709592649      0.00501385943168722      0.00501385943168552      0.00301927144600931
                     0.13       0.0312324699633666       0.0312324699637945        0.326010369490348        0.227863931965983        0.227863931965983        0.227863931965983      0.00151756419205933       0.0075637263839527       0.0469473163919759      0.00502211816789001      0.00502211816788926      0.00302557870410054
                     0.13       0.0311680236545704         0.03116802365457        0.325932507220112        0.228114057028514        0.228114057028514        0.228114057028514      0.00152083613814687      0.00757504633834486       0.0469943151835022      0.00503038519505623      0.00503038519505623      0.00303189711815566
                     0.13       0.0311037881493122       0.0311037881501893        0.325854562632933        0.228364182091046        0.228364182091046        0.228364182091046      0.00152411380369258      0.00758638528968847       0.0470413673593075      0.00503866052469492      0.00503866052469338      0.00303822670965981
                     0.13       0.0310397625057133         0.03103976250296        0.325776535308294        0.228614307153577        0.228614307153577        0.228614307153577      0.00152739719562045      0.00759774326541925       0.0470884729448715      0.00504694416834496      0.00504694416834978      0.00304456750014244
                     0.13       0.0309759458202574        0.030975945817514        0.325698424836555        0.228864432216108        0.228864432216108        0.228864432216108       0.0015306863209065       0.0076091202928464       0.0471356319651482      0.00505523613747421        0.005055236137479      0.00305091951107739
                     0.13       0.0309123371553485       0.0309123371544187        0.325620230809435        0.229114557278639        0.229114557278639        0.229114557278639      0.00153398118653645      0.00762051639935167       0.0471828444451209      0.00506353644360634      0.00506353644360797      0.00305728276395768
                     0.13       0.0308489356153039       0.0308489356156765        0.325541952826933        0.229364682341171        0.229364682341171        0.229364682341171      0.00153728179953445      0.00763193161222019       0.0472301104093171      0.00507184509818798      0.00507184509818733       0.0030636572802404
                     0.13       0.0307857402827861       0.0307857402865779        0.325463590469196        0.229614807403702        0.229614807403702        0.229614807403702      0.00154058816681225       0.0076433659589939        0.047277429882597       0.0050801621126998       0.0050801621126932      0.00307004308156999
                     0.13       0.0307227502613487         0.03072275026111        0.325385143344975        0.229864932466233        0.229864932466233        0.229864932466233      0.00154390029543783      0.00765481946695107       0.0473248028891056       0.0050884874985823      0.00508848749858272      0.00307644018939326
                     0.13       0.0306599646756509       0.0306599646780885        0.325306611058895        0.230115057528764        0.230115057528764        0.230115057528764      0.00154721819244893       0.0076662921634063       0.0473722294528001       0.0050968212672356      0.00509682126723137      0.00308284862521882
                     0.13        0.030597382603692       0.0305973826026662        0.325227993210842        0.230365182591296        0.230365182591296        0.230365182591296      0.00155054186486217      0.00767778407583292       0.0474197095978784      0.00510516343013731      0.00510516343013909      0.00308926841062222
                     0.13       0.0305350031898649       0.0305350031898978         0.32514928940349        0.230615307653827        0.230615307653827        0.230615307653827       0.0015538713196967      0.00768929523161585       0.0474672433480185      0.00511351399864595      0.00511351399864589      0.00309569956718589
                     0.13       0.0304728255289882       0.0304728255323102        0.325070499246585        0.230865432716358        0.230865432716358        0.230865432716358      0.00155720656401638      0.00770082565817688       0.0475148307269005      0.00512187298420254      0.00512187298419678      0.00310214211646461
                     0.13       0.0304108487706592       0.0304108487690215        0.324991622357402        0.231115557778889        0.231115557778889        0.231115557778889      0.00156054760491876      0.00771237538283665       0.0475624717577261      0.00513024039814948      0.00513024039815231      0.00310859607998128
                     0.13       0.0303490720201325       0.0303490720209049        0.324912658338997        0.231365682841421        0.231365682841421        0.231365682841421      0.00156389444942268      0.00772394443313188       0.0476101664639791      0.00513861625190242      0.00513861625190108      0.00311506147940152
                     0.13        0.030287494437965       0.0302874944378115        0.324833606819034        0.231615807903952        0.231615807903952        0.231615807903952      0.00156724710467787      0.00773553283633991       0.0476579148683869      0.00514700055677776      0.00514700055677803      0.00312153833622139
                     0.13       0.0302261151565722        0.030226115155313        0.324754467407703        0.231865932966483        0.231865932966483        0.231865932966483      0.00157060557773606      0.00774714061997361       0.0477057169939759      0.00515539332413711      0.00515539332413929      0.00312802667210573
                     0.13       0.0301649333228544       0.0301649333217335        0.324675239735678        0.232116058029014        0.232116058029014        0.232116058029014      0.00157396987576088      0.00775876781136259       0.0477535728632234      0.00516379456531355      0.00516379456531548       0.0031345265085821
                     0.13       0.0301039480779279       0.0301039480769747        0.324595923413081        0.232366183091546        0.232366183091546        0.232366183091546      0.00157734000579892      0.00777041443808483       0.0478014824988988      0.00517220429164662      0.00517220429164826        0.003141037867372
                     0.13       0.0300431585843601       0.0300431585828366        0.324516518075404        0.232616308154077        0.232616308154077        0.232616308154077      0.00158071597503459      0.00778208052747639       0.0478494459230933      0.00518062251443546      0.00518062251443808      0.00314756077001936
                     0.13       0.0299825640007333       0.0299825639989712        0.324437023352843        0.232866433216608        0.232866433216608        0.232866433216608       0.0015840977906213      0.00779376610696559       0.0478974631578965      0.00518904924498269      0.00518904924498572      0.00315409523813819
                     0.13       0.0299221635027428       0.0299221635044191        0.324357438872867         0.23311655827914         0.23311655827914         0.23311655827914      0.00158748545969241      0.00780547120402093        0.047945534225249      0.00519748449455813      0.00519748449455526      0.00316064129339198
                     0.13       0.0298619562483755       0.0298619562472791        0.324277764265149        0.233366683341671        0.233366683341671        0.233366683341671      0.00159087898939591      0.00781719584615541       0.0479936591470512      0.00520592827445865      0.00520592827446053      0.00316719895745356
                     0.13       0.0298019414191807        0.029801941419834        0.324197999168294        0.233616808404202        0.233616808404202        0.233616808404202      0.00159427838692308      0.00782894006078714       0.0480418379447691      0.00521438059593733      0.00521438059593621      0.00317376825195002
                     0.13       0.0297421181969849       0.0297421181984113        0.324118143223875        0.233866933466733        0.233866933466733        0.233866933466733      0.00159768365948148      0.00784070387535035       0.0480900706397373      0.00522284147024348      0.00522284147024104      0.00318034919851078
                     0.13       0.0296824857582216       0.0296824857574343        0.324038196065538        0.234117058529265        0.234117058529265        0.234117058529265      0.00160109481423353      0.00785248731739809       0.0481383572533426      0.00523131090863235       0.0052313109086337      0.00318694181885676
                     0.13       0.0296230432989255       0.0296230432979691        0.323958157340643        0.234367183591796        0.234367183591796        0.234367183591796      0.00160451185841339      0.00786429041435424       0.0481866978064984      0.00523978892232239      0.00523978892232402      0.00319354613462307
                     0.13       0.0295637900106384       0.0295637900105183        0.323878026691601        0.234617308654327        0.234617308654327        0.234617308654327      0.00160793479922794       0.0078761131937367       0.0482350923201372      0.00524827552253648      0.00524827552253669      0.00320016216751163
                     0.13       0.0295047250837372       0.0295047250813621        0.323797803769469        0.234867433716858        0.234867433716858        0.234867433716858      0.00161136364393016      0.00788795568301649       0.0482835408149219      0.00525677072049625      0.00525677072050029      0.00320678993917939
                     0.13       0.0294458477390309       0.0294458477417462        0.323717488220874         0.23511755877939         0.23511755877939         0.23511755877939      0.00161479839974407       0.0078998179096969       0.0483320433113327      0.00526527452736827      0.00526527452736365      0.00321342947134566
                     0.13       0.0293871571726481       0.0293871571736021        0.323637079699126        0.235367683841921        0.235367683841921        0.235367683841921      0.00161823907393262      0.00791169990129647        0.048380599829764        0.005273786954358      0.00527378695435638      0.00322008078570045
                     0.13       0.0293286525923449       0.0293286525910273         0.32355657785423        0.235617808904452        0.235617808904452        0.235617808904452      0.00162168567373727       0.0079236016853745       0.0484292103904695      0.00528230801264791      0.00528230801265014      0.00322674390398672
                     0.13       0.0292703332265806       0.0292703332240808        0.323475982352178        0.235867933966983        0.235867933966983        0.235867933966983      0.00162513820648585      0.00793552328934385       0.0484778750132198      0.00529083771338216       0.0052908377133864      0.00323341884784046
                     0.13       0.0292121982883767       0.0292121982909997        0.323395292841938        0.236118059029515        0.236118059029515        0.236118059029515      0.00162859667941073      0.00794746474083863       0.0485265937180401      0.00529937606772807      0.00529937606772362      0.00324010563906397
                     0.13       0.0291542470002145       0.0291542470008634        0.323314508982826        0.236368184092046        0.236368184092046        0.236368184092046      0.00163206109980184      0.00795942606742506       0.0485753665246592      0.00530792308683373      0.00530792308683263        0.003246804299399
                     0.13       0.0290964785974578       0.0290964785956057        0.323233630455252        0.236618309154577        0.236618309154577        0.236618309154577       0.0016355314750626      0.00797140729646619       0.0486241934522035      0.00531647878182241      0.00531647878182554       0.0032535148504365
                     0.13       0.0290388923142003       0.0290388923132016        0.323152656907031        0.236868434217109        0.236868434217109        0.236868434217109      0.00163900781241463      0.00798340845568717       0.0486730745203041      0.00532504316381648      0.00532504316381817      0.00326023731406349
                     0.13       0.0289814873849269       0.0289814873849298        0.323071588010662         0.23711855927964         0.23711855927964         0.23711855927964      0.00164249011921626      0.00799542957260664       0.0487220097480379      0.00533361624393461      0.00533361624393461      0.00326697171198601
                     0.13       0.0289242630582899       0.0289242630598581        0.322990423436219        0.237368684342171        0.237368684342171        0.237368684342171      0.00164597840280959       0.0080074706747822        0.048770999154346      0.00534219803326858      0.00534219803326594      0.00327371806595466
                     0.13       0.0288672185802838       0.0288672185793939        0.322909162861709        0.237618809404702        0.237618809404702        0.237618809404702      0.00164947267058129      0.00801953178973367       0.0488200427579403      0.00535078854291165      0.00535078854291315      0.00328047639767764
                     0.13       0.0288103531805128       0.0288103531858132        0.322827805950433        0.237868934467234        0.237868934467234        0.237868934467234      0.00165297292983589      0.00803161294517154       0.0488691405777235      0.00535938778398167      0.00535938778397276      0.00328724672901058
                     0.13       0.0287536661515102       0.0287536661498785         0.32274635238718        0.238119059529765        0.238119059529765        0.238119059529765      0.00165647918799205         0.00804371416857       0.0489182926318976      0.00536799576748773      0.00536799576749047      0.00329402908165265
                     0.13       0.0286971567231349        0.028697156721263        0.322664801843616        0.238369184592296        0.238369184592296        0.238369184592296      0.00165999145239878      0.00805583548762066       0.0489674989389723      0.00537661250454135      0.00537661250454449      0.00330082347743697
                     0.13        0.028640824169284        0.028640824169926        0.322583154014114        0.238619309654827        0.238619309654827        0.238619309654827      0.00166350973052802      0.00806797692978334       0.0490167595167976      0.00538523800617715      0.00538523800617608      0.00330762993802881
                     0.13       0.0285846677603363       0.0285846677586349         0.32250140856155        0.238869434717359        0.238869434717359        0.238869434717359      0.00166703402967696      0.00808013852287263       0.0490660743837178      0.00539387228343283      0.00539387228343567      0.00331444848538256
                     0.13       0.0285286867609609       0.0285286867616668        0.322419565193902         0.23911955977989         0.23911955977989         0.23911955977989      0.00167056435739148       0.0080923202942845       0.0491154435561896      0.00540251534735274      0.00540251534735156      0.00332127914109464
                     0.13       0.0284728804552583       0.0284728804521296        0.322337623572342        0.239369684842421        0.239369684842421        0.239369684842421      0.00167410072095779      0.00810452227190417       0.0491648670541957      0.00541116720894593      0.00541116720895115      0.00332812192718064
                     0.13       0.0284172481131826       0.0284172481115465        0.322255583408761        0.239619809904952        0.239619809904952        0.239619809904952      0.00167764312794155      0.00811674448314915       0.0492143448938586      0.00541982787924222      0.00541982787924495      0.00333497686524911
                     0.13       0.0283617890236127        0.028361789021218        0.322173444383755        0.239869934967484        0.239869934967484        0.239869934967484      0.00168119158573524      0.00812898695577129       0.0492638770926848      0.00542849736923704      0.00542849736924103      0.00334184397719662
                     0.13       0.0283065024731833       0.0283065024721825        0.322091206190725        0.240120060030015        0.240120060030015        0.240120060030015      0.00168474610180085      0.00814124971742419        0.049313463667814      0.00543717568992678      0.00543717568992845      0.00334872328483356
                     0.13       0.0282513877518959       0.0282513877527042         0.32200886852526        0.240370185092546        0.240370185092546        0.240370185092546      0.00168830668361238      0.00815353279577322       0.0493631046362373      0.00544586285229946      0.00544586285229812      0.00335561480997395
                     0.13       0.0281964441592126        0.028196444156666        0.321926431090789        0.240620310155078        0.240620310155078        0.240620310155078      0.00169187333868636      0.00816583621843002       0.0494128000146623      0.00545455886732461      0.00545455886732884       0.0033625185743869
                     0.13       0.0281416709872403       0.0281416709887585        0.321843893582442        0.240870435217609        0.240870435217609        0.240870435217609      0.00169544607449296       0.0081781600131207       0.0494625498198331      0.00546326374598124      0.00546326374597872      0.00336943459993427
                     0.13        0.028087067546961       0.0280870675445292        0.321761255699113         0.24112056028014         0.24112056028014         0.24112056028014      0.00169902489852311      0.00819050420756156       0.0495123540683001      0.00547197749921431      0.00547197749921834      0.00337636290846767
                     0.13       0.0280326331325126        0.028032633130762        0.321678517151107        0.241370685342671        0.241370685342671        0.241370685342671      0.00170260981832989      0.00820286882939213       0.0495622127762987      0.00548070013799402      0.00548070013799692      0.00338330352176233
                     0.13       0.0279783670714183        0.027978367069749        0.321595677634995        0.241620810405203        0.241620810405203        0.241620810405203       0.0017062008413893      0.00821525390639226       0.0496121259601159      0.00548943167323259      0.00548943167323535      0.00339025646173287
                     0.13       0.0279242686710294       0.0279242686709822        0.321512736870852        0.241870935467734        0.241870935467734        0.241870935467734      0.00170979797530817      0.00822765946616112       0.0496620936355636        0.005498172115873      0.00549817211587308      0.00339722175011289
                     0.13       0.0278703372471965       0.0278703372487567        0.321429694563985        0.242121060530265        0.242121060530265        0.242121060530265      0.00171340122761128      0.00824008553647063       0.0497121158185913      0.00550692147684151      0.00550692147683894      0.00340419940878401
                     0.13       0.0278165721174532       0.0278165721166462        0.321346550423671        0.242371185592796        0.242371185592796        0.242371185592796      0.00171701060584521      0.00825253214508591       0.0497621925249642      0.00551567976705895      0.00551567976706028      0.00341118945961464
                     0.13       0.0277629726147567       0.0277629726151263        0.321263304162967        0.242621310655328        0.242621310655328        0.242621310655328      0.00172062611757599      0.00826499931974123       0.0498123237701859      0.00552444699741812      0.00552444699741752       0.0034181919244613
                     0.13        0.027709538062327       0.0277095380630705        0.321179955502574        0.242871435717859        0.242871435717859        0.242871435717859      0.00172424777041758      0.00827748708814249       0.0498625095695734      0.00553322317882528      0.00553322317882406      0.00342520682513469
                     0.13       0.0276562677871927       0.0276562677904486        0.321096504147805         0.24312156078039         0.24312156078039         0.24312156078039      0.00172787557188492       0.0082899954781879       0.0499127499385929      0.00554200832217782      0.00554200832217247      0.00343223418359947
                     0.13       0.0276031611459035       0.0276031611451129        0.321012949837665        0.243371685842921        0.243371685842921        0.243371685842921      0.00173150952969046      0.00830252451742766       0.0499630448918825      0.00555080243832206      0.00555080243832335      0.00343927402154766
                     0.13       0.0275502174731868       0.0275502174730253        0.320929292286185        0.243621810905453        0.243621810905453        0.243621810905453      0.00173514965140665      0.00831507423371459        0.050013394444489      0.00555960553813771      0.00555960553813797      0.00344632636090812
                     0.13       0.0274974360954799       0.0274974360977478        0.320845531213028        0.243871935967984        0.243871935967984        0.243871935967984      0.00173879594463712      0.00832764465489741       0.0500637986113016      0.00556841763251547      0.00556841763251175      0.00345339122358073
                     0.13       0.0274448163757341       0.0274448163783019        0.320761666351864        0.244122061030515        0.244122061030515        0.244122061030515      0.00174244841706055      0.00834023580867257       0.0501142574067028      0.00557723873228369      0.00557723873227949      0.00346046863136267
                     0.13       0.0273923576573684        0.027392357656513        0.320677697422178        0.244372186093047        0.244372186093047        0.244372186093047      0.00174610707627973      0.00835284772293444       0.0501647708453062      0.00558606884830024      0.00558606884830164      0.00346755860619442
                     0.13        0.027340059295939       0.0273400592982475        0.320593624158265        0.244622311155578        0.244622311155578        0.244622311155578      0.00174977192997278       0.0083654804254438       0.0502153389412694      0.00559490799140067      0.00559490799139691      0.00347466116990623
                     0.13       0.0272879206560395       0.0272879206552011        0.320509446296975        0.244872436218109        0.244872436218109        0.244872436218109      0.00175344298584648      0.00837813394395821       0.0502659617086114      0.00560375617240332      0.00560375617240468      0.00348177634432463
                     0.13        0.027235941082212       0.0272359410821414        0.320425163555139         0.24512256128064         0.24512256128064         0.24512256128064      0.00175712025148462      0.00839080830649286       0.0503166391616414      0.00561261340215678       0.0056126134021569      0.00348890415147117
                     0.13       0.0271841199437766       0.0271841199439474        0.320340775690436        0.245372686343172        0.245372686343172        0.245372686343172       0.0017608037346989      0.00840350354065963       0.0503673713137432      0.00562147969146682      0.00562147969146654       0.0034960446130266
                     0.13       0.0271324566170114        0.027132456619334        0.320256282425273        0.245622811405703        0.245622811405703        0.245622811405703      0.00176449344310807       0.0084162196744437       0.0504181581788054      0.00563035505112548      0.00563035505112171      0.00350319775100069
                     0.13       0.0270809504670439       0.0270809504669339        0.320171683509389        0.245872936468234        0.245872936468234        0.245872936468234      0.00176818938448115      0.00842895673560812       0.0504689997701632       0.0056392394919406      0.00563923949194078      0.00351036358718048
                     0.13       0.0270296008684023        0.027029600866904        0.320086978671016        0.246123061530765        0.246123061530765        0.246123061530765      0.00177189156646987       0.0084417147521449       0.0505198961013862      0.00564813302470231      0.00564813302470474      0.00351754214356125
                     0.13       0.0269784072026252       0.0269784072019563        0.320002167670293        0.246373186593297        0.246373186593297        0.246373186593297      0.00177559999690012      0.00845449375175214       0.0505708471853275      0.00565703566018704      0.00565703566018812      0.00352473344187368
                     0.13       0.0269273688380513       0.0269273688373819        0.319917250239655        0.246623311655828        0.246623311655828        0.246623311655828      0.00177931468344806      0.00846729376245749       0.0506218530353057      0.00566594740919024      0.00566594740919133      0.00353193750411165
                     0.13       0.0268764851766154       0.0268764851773917        0.319832226130077        0.246873436718359        0.246873436718359        0.246873436718359      0.00178303563388969      0.00848011481208947       0.0506729136640506      0.00567486828245065       0.0056748682824494      0.00353915435212224
                     0.13       0.0268257555890345       0.0268257555891613        0.319747095095647         0.24712356178089         0.24712356178089         0.24712356178089      0.00178676285602037      0.00849295692851999       0.0507240290842609      0.00568379829075519      0.00568379829075499      0.00354638400774193
                     0.13       0.0267751794774263       0.0267751794760428         0.31966185687799        0.247373686843422        0.247373686843422        0.247373686843422      0.00179049635756637      0.00850582013973617       0.0507751993086278      0.00569273744483772      0.00569273744483996      0.00355362649293549
                     0.13       0.0267247562319082       0.0267247562311811        0.319576511240226        0.247623811905953        0.247623811905953        0.247623811905953      0.00179423614637238      0.00851870447355499        0.050826424349384      0.00570168575544923       0.0057016857554504       0.0035608818294929
                     0.13       0.0266744852458993       0.0266744852472481        0.319491057931173        0.247873936968484        0.247873936968484        0.247873936968484      0.00179798223020591      0.00853160995796737       0.0508777042189154      0.00571064323333306      0.00571064323333089      0.00356815003934859
                     0.13       0.0266243659260203        0.026624365929921        0.319405496711243        0.248124062031016        0.248124062031016        0.248124062031016      0.00180173461689699      0.00854453662086322       0.0509290389292327      0.00571960988920906      0.00571960988920279      0.00357543114434986
                     0.13       0.0265743976799056       0.0265743976781991        0.319319827334957        0.248374187093547        0.248374187093547        0.248374187093547      0.00180549331424566      0.00855748449022704       0.0509804284923698      0.00572858573379325      0.00572858573379599      0.00358272516641326
                     0.13       0.0265245798991369       0.0265245798994874        0.319234049561296        0.248624312156078        0.248624312156078        0.248624312156078      0.00180925833007635      0.00857045359403508       0.0510318729201807      0.00573757077782518      0.00573757077782462      0.00359003212743166
                     0.13       0.0264749119966642       0.0264749119965212        0.319148163161102        0.248874437218609        0.248874437218609        0.248874437218609      0.00181302967227806      0.00858344396016542       0.0510833722241616      0.00574656503200784      0.00574656503200807      0.00359735204920708
                     0.13       0.0264253933871473       0.0264253933889955        0.319062167894209        0.249124562281141        0.249124562281141        0.249124562281141      0.00181680734868124      0.00859645561662688       0.0511349264158769      0.00575556850703931      0.00575556850703635      0.00360468495365639
                     0.13       0.0263760234988555       0.0263760234963149        0.318976063528205        0.249374687343672        0.249374687343672        0.249374687343672      0.00182059136715813      0.00860948859137355       0.0511865355066115      0.00576458121359371      0.00576458121359777      0.00361203086264225
                     0.13       0.0263268017306053       0.0263268017301547        0.318889849824475        0.249624812406203        0.249624812406203        0.249624812406203      0.00182438173554961      0.00862254291247667       0.0512381995077338      0.00577360316239011      0.00577360316239083      0.00361938979809895
                     0.13       0.0262777275184107       0.0262777275167596         0.31880352656204        0.249874937468734        0.249874937468734        0.249874937468734      0.00182817846179165      0.00863561860782892       0.0512899184300817      0.00578263436408596      0.00578263436408859      0.00362676178181634
                     0.13       0.0262288002797654       0.0262288002779626        0.318717093507131        0.250125062531266        0.250125062531266        0.250125062531266       0.0018319815537518      0.00864871570549752       0.0513416922846637      0.00579167482936613      0.00579167482936901      0.00363414683571516
                     0.13       0.0261800194422246       0.0261800194430564        0.318630550430773        0.250375187593797        0.250375187593797        0.250375187593797      0.00183579101932547      0.00866183423352179       0.0513935210822712      0.00580072456889732      0.00580072456889599      0.00364154498168769
                     0.13       0.0261313844409066       0.0261313844389163        0.318543897121833        0.250625312656328        0.250625312656328        0.250625312656328       0.0018396068665039      0.00867497421978906       0.0514454048332404      0.00580978359333205      0.00580978359333521       0.0036489562414784
                     0.13       0.0260828947071019       0.0260828947069957        0.318457133342341        0.250875437718859        0.250875437718859        0.250875437718859      0.00184342910313488      0.00868813569248183       0.0514973435482846      0.00581885191332685      0.00581885191332702      0.00365638063709058
                     0.13       0.0260345496764466       0.0260345496759417        0.318370258880447        0.251125562781391        0.251125562781391        0.251125562781391      0.00184725773720787      0.00870131867955549       0.0515493372375407      0.00582792953952924      0.00582792953953004      0.00366381819030382
                     0.13       0.0259863487828733       0.0259863487836889        0.318283273507805        0.251375687843922        0.251375687843922        0.251375687843922      0.00185109277662463      0.00871452320915816       0.0516013859113351      0.00583701648258736      0.00583701648258607      0.00367126892306241
                     0.13       0.0259382914889757       0.0259382914884862        0.318196177021829        0.251625812906453        0.251625812906453        0.251625812906453      0.00185493422942554      0.00872774930917833       0.0516534895793182      0.00584611275310182       0.0058461127531026      0.00367873285708874
                     0.13       0.0258903772114995       0.0258903772101002        0.318108969193604        0.251875937968984        0.251875937968984        0.251875937968984      0.00185878210351205      0.00874099700785379       0.0517056482516836      0.00585521836174389      0.00585521836174611      0.00368621001436006
                     0.13       0.0258426054212591       0.0258426054215857        0.318021649816643        0.252126063031516        0.252126063031516        0.252126063031516      0.00186263640690518      0.00875426633315973       0.0517578619379014      0.00586433331909711       0.0058643333190966      0.00369370041666147
                     0.13       0.0257949755606096       0.0257949755603557        0.317934218681321        0.252376188094047        0.252376188094047        0.252376188094047      0.00186649714761148       0.0087675573131737       0.0518101306475172      0.00587345763578809      0.00587345763578849      0.00370120408581996
                     0.13       0.0257474870777042       0.0257474870774964        0.317846675571466        0.252626313156578        0.252626313156578        0.252626313156578      0.00187036433360248      0.00878086997605797       0.0518624543900518      0.00588259132243222      0.00588259132243255      0.00370872104373594
                     0.13       0.0257001394367074       0.0257001394360619        0.317759020279206         0.25287643821911         0.25287643821911         0.25287643821911      0.00187423797289583      0.00879420434990412       0.0519148331747228      0.00589173438961761      0.00589173438961863      0.00371625131224637
                     0.13       0.0256529320882186       0.0256529320882902         0.31767125260763        0.253126563281641        0.253126563281641        0.253126563281641      0.00187811807356859      0.00880756046273859       0.0519672670104778       0.0059008868479518      0.00590088684795169      0.00372379491309942
                     0.13       0.0256058645049104       0.0256058645025493         0.31758337233958        0.253376688344172        0.253376688344172        0.253376688344172      0.00188200464359056      0.00882093834279925       0.0520197559064712      0.00591004870800556      0.00591004870800928      0.00373135186824305
                     0.13       0.0255589361508646       0.0255589361523769        0.317495379280539        0.253626813406703        0.253626813406703        0.253626813406703      0.00188589769105339      0.00883433801812751       0.0520722998713335      0.00591921998036128      0.00591921998035891      0.00373892219942793
                     0.13        0.025512146481941       0.0255121464842307        0.317407273228403        0.253876938469235        0.253876938469235        0.253876938469235      0.00188979722400994      0.00884775951689385        0.052124898913798      0.00592840067561227      0.00592840067560868      0.00374650592848699
                     0.13       0.0254654949795876        0.025465494981614        0.317319053977947        0.254127063531766        0.254127063531766        0.254127063531766      0.00189370325049727      0.00886120286729159        0.052177553042441      0.00593759080430972      0.00593759080430655      0.00375410307729423
                     0.13       0.0254189811105916       0.0254189811105422        0.317230721346682        0.254377188594297        0.254377188594297        0.254377188594297      0.00189761577867437      0.00887466809733405       0.0522302622653612      0.00594679037702593      0.00594679037702601      0.00376171366752353
                     0.13       0.0253726043536979       0.0253726043518246        0.317142275122414        0.254627313656828        0.254627313656828        0.254627313656828      0.00190153481654367      0.00888815523534886       0.0522830265910668      0.00595599940431251      0.00595599940431544      0.00376933772113711
                     0.13       0.0253263641841501       0.0253263641822757        0.317053715123615         0.25487743871936         0.25487743871936         0.25487743871936       0.0019054603722717      0.00890166430938774        0.052335846027397      0.00596521789672469      0.00596521789672762      0.00377697525982236
                     0.13       0.0252802600817617       0.0252802600819688        0.316965041155455        0.255127563781891        0.255127563781891        0.255127563781891      0.00190939245395543      0.00891519534766227       0.0523887205823229      0.00597444586480862      0.00597444586480829       0.0037846263054018
                     0.13       0.0252342915357364       0.0252342915362669        0.316876253025618        0.255377688844422        0.255377688844422        0.255377688844422      0.00191333106970643      0.00892874837837935       0.0524416502636386      0.00598368331909393       0.0059836833190931      0.00379229087968542
                     0.13       0.0251884580260485       0.0251884580272735        0.316787350546682        0.255627813906953        0.255627813906953        0.255627813906953      0.00191727622766324      0.00894232342973384       0.0524946350789615       0.0059929302701228      0.00599293027012089      0.00379996900444798
                     0.13       0.0251427590436604       0.0251427590431573        0.316698333531286        0.255877938969485        0.255877938969485        0.255877938969485       0.0019212279359663      0.00895592052993923       0.0525476750357771       0.0060021867284184      0.00600218672841918      0.00380766070147415
                     0.13       0.0250971940771792       0.0250971940779183        0.316609201794114        0.256128064032016        0.256128064032016        0.256128064032016        0.001925186202768      0.00896953970721575       0.0526007701414206      0.00601145270450574      0.00601145270450459      0.00381536599253959
                     0.13       0.0250517626216803       0.0250517626229709        0.316519955160045        0.256378189094547        0.256378189094547        0.256378189094547       0.0019291510362761      0.00898318098970737       0.0526539204029263      0.00602072820889791      0.00602072820889591      0.00382308489933377
                     0.13       0.0250064641775649       0.0250064641785454        0.316430593439989        0.256628314157079        0.256628314157079        0.256628314157079      0.00193312244462511      0.00899684440572064       0.0527071258274575      0.00603001325209796      0.00603001325209644      0.00383081744368774
                     0.13       0.0249612982398117       0.0249612982401256        0.316341116455633         0.25687843921961         0.25687843921961         0.25687843921961      0.00193710043600854      0.00901052998348848       0.0527603864218937      0.00603930784461551      0.00603930784461503      0.00383856364734053
                     0.13       0.0249162643093633       0.0249162643091613        0.316251524028038        0.257128564282141        0.257128564282141        0.257128564282141      0.00194108501861735      0.00902423775127228       0.0528137021929976      0.00604861199694915      0.00604861199694947      0.00384632353204649
                     0.13       0.0248713618854226       0.0248713618857538        0.316161815989756        0.257378689344672        0.257378689344672        0.257378689344672      0.00194507620070424      0.00903796773724783        0.052867073147215      0.00605792571959836      0.00605792571959785      0.00385409711946008
                     0.13       0.0248265904850244       0.0248265904853808        0.316071992157466        0.257628814407204        0.257628814407204        0.257628814407204      0.00194907399044047      0.00905171996976089       0.0529204992911369      0.00606724902303325      0.00606724902303269      0.00386188443139539
                     0.13       0.0247819496039669       0.0247819496020688        0.315982052368255        0.257878939469735        0.257878939469735        0.257878939469735      0.00195307839610519      0.00906549447700554       0.0529739806309319      0.00607658191775501      0.00607658191775794      0.00386968548948127
                     0.13       0.0247374387644064       0.0247374387619599        0.315891996447803        0.258129064532266        0.258129064532266        0.258129064532266      0.00195708942591928      0.00907929128728458       0.0530275171727825      0.00608592441422236      0.00608592441422613      0.00387750031546357
                     0.13       0.0246930574747019       0.0246930574755995        0.315801824217226        0.258379189594797        0.258379189594797        0.258379189594797      0.00196110708808087      0.00909311042899464       0.0530811089229027      0.00609527652291358      0.00609527652291219      0.00388532893114036
                     0.13        0.024648805244159       0.0246488052454565         0.31571153552735        0.258629314657329        0.258629314657329        0.258629314657329      0.00196513139094527      0.00910695193026355       0.0531347558868524      0.00610463825430372      0.00610463825430172        0.003893171358034
                     0.13       0.0246046816037313        0.024604681602604        0.315621130196707         0.25887943971986         0.25887943971986         0.25887943971986      0.00196916234269983      0.00912081581954532       0.0531884580706124      0.00611400961883281      0.00611400961883454      0.00390102761798343
                     0.13       0.0245606860695787       0.0245606860688904         0.31553060807662        0.259129564782391        0.259129564782391        0.259129564782391      0.00197319995170551      0.00913470212500411       0.0532422154794836      0.00612339062696193      0.00612339062696299      0.00390889773252138
                     0.13       0.0245168181572834       0.0245168181574128        0.315439969000461        0.259379689844922        0.259379689844922        0.259379689844922      0.00197724422622996       0.0091486108750213       0.0532960281190142      0.00613278128915133      0.00613278128915113       0.0039167817233599
                     0.13        0.024473077401599       0.0244730774000393        0.315349212802506        0.259629814907454        0.259629814907454        0.259629814907454      0.00198129517454753      0.00916254209797426         0.05334989599457      0.00614218161583013      0.00614218161583252      0.00392467961220995
                     0.13       0.0244294633257422       0.0244294633264761        0.315258339330876        0.259879939969985        0.259879939969985        0.259879939969985      0.00198535280500597      0.00917649582213646       0.0534038191111716       0.0061515916174435      0.00615159161744237      0.00393259142065631
                     0.13       0.0243859754578862       0.0243859754574472        0.315167348426185        0.260130065032516        0.260130065032516        0.260130065032516      0.00198941712591539      0.00919047207588894       0.0534577974738869      0.00616101130442729      0.00616101130442796      0.00394051717036287
                     0.13       0.0243426133346012       0.0243426133343801        0.315076239938216        0.260380190095047        0.260380190095047        0.260380190095047      0.00199348814563555      0.00920447088752966       0.0535118310874588      0.00617044068720288      0.00617044068720322      0.00394845688291158
                     0.13       0.0242993764902394       0.0242993764935352        0.314985013707336        0.260630315157579        0.260630315157579        0.260630315157579      0.00199756587247724      0.00921849228548562       0.0535659199567083      0.00617987977619341      0.00617987977618838      0.00395641057998185
                     0.13       0.0242562644563016       0.0242562644548258        0.314893669596551         0.26088044022011         0.26088044022011         0.26088044022011      0.00200165031487213      0.00923253629799316       0.0536200640859682      0.00618932858182468      0.00618932858182693      0.00396437828303998
                     0.13       0.0242132767783455       0.0242132767786977        0.314802207436267        0.261130565282641        0.261130565282641        0.261130565282641       0.0020057414810823      0.00924660295361554       0.0536742634799821      0.00619878711449945      0.00619878711449892      0.00397236001387434
                     0.13       0.0241704129956628       0.0241704129946474        0.314710627096849        0.261380690345173        0.261380690345173        0.261380690345173       0.0020098393795802      0.00926069228055967       0.0537285181427041      0.00620825538462843      0.00620825538462997      0.00398035579389128
                     0.13       0.0241276726522527       0.0241276726494211        0.314618928425068        0.261630815407704        0.261630815407704        0.261630815407704      0.00201394401871673      0.00927480430728767       0.0537828280783924      0.00621773340261351      0.00621773340261781      0.00398836564473167
                     0.13       0.0240850552871525       0.0240850552874548        0.314527111278719        0.261880940470235        0.261880940470235        0.261880940470235      0.00201805540690097      0.00928893906218171       0.0538371932910012      0.00622722117886254      0.00622722117886208      0.00399638958793458
                     0.13       0.0240425604558268       0.0240425604575565        0.314435175519501        0.262131065532766        0.262131065532766        0.262131065532766      0.00202217355256431      0.00930309657359913       0.0538916137842761      0.00623671872375681      0.00623671872375418      0.00400442764500586
                     0.13       0.0240001877102147       0.0240001877098555        0.314343120998861        0.262381190595298        0.262381190595298        0.262381190595298      0.00202629846408594      0.00931727687003125       0.0539460895620538       0.0062462260476814      0.00624622604768195      0.00401247983755644
                     0.13       0.0239579365915606       0.0239579365909013        0.314250947578815        0.262631315657829        0.262631315657829        0.262631315657829      0.00203043014990137      0.00933147997989818       0.0540006206278923      0.00625574316103603      0.00625574316103703      0.00402054618709878
                     0.13       0.0239158066631381       0.0239158066632991        0.314158655129697         0.26288144072036         0.26288144072036         0.26288144072036      0.00203456861849143      0.00934570593153909       0.0540552069850289      0.00626527007418545      0.00626527007418521      0.00402862671506804
                     0.13       0.0238737974825171       0.0238737974827358        0.314066243513684        0.263131565782891        0.263131565782891        0.263131565782891      0.00203871387829474      0.00935995475341194       0.0541098486367632      0.00627480679750154      0.00627480679750121      0.00403672144298337
                     0.13       0.0238319086044342       0.0238319086066227        0.313973712596411        0.263381690845423        0.263381690845423        0.263381690845423      0.00204286593777013      0.00937422647396775       0.0541645455862349      0.00628435334135891      0.00628435334135561      0.00404483039233408
                     0.13       0.0237901395984789       0.0237901395962971         0.31388106224645        0.263631815907954        0.263631815907954        0.263631815907954      0.00204702480539337      0.00938852112164328       0.0542192978363943       0.0062939097161082      0.00629390971611148      0.00405295358458431
                     0.13        0.023748490014034        0.023748490014642        0.313788292330811        0.263881940970485        0.263881940970485        0.263881940970485      0.00205119048963245      0.00940283872493039        0.054274105390141        0.006303475932129      0.00630347593212808      0.00406109104121717
                     0.13       0.0237069594276267       0.0237069594265689         0.31369540272934        0.264132066033016        0.264132066033016        0.264132066033016      0.00205536299902469      0.00941717931219879       0.0543289682499904      0.00631305199975847      0.00631305199976007      0.00406924278359228
                     0.13       0.0236655473967144       0.0236655473963818        0.313602393311775        0.264382191095548        0.264382191095548        0.264382191095548      0.00205954234205492      0.00943154291196115       0.0543838864185667        0.006322637929361       0.0063226379293615      0.00407740883317204
                     0.13       0.0236242534966872       0.0236242534961365        0.313509263949546        0.264632316158079        0.264632316158079        0.264632316158079      0.00206372852721957      0.00944592955272414       0.0544388598983254      0.00633223373127246      0.00633223373127329      0.00408558921140519
                     0.13       0.0235830772978689         0.02358307729757        0.313416014527845         0.26488244122061         0.26488244122061         0.26488244122061      0.00206792156308628      0.00946033926288399       0.0544938886913582      0.00634183941583488      0.00634183941583533      0.00409378393960655
                     0.13       0.0235420183808599       0.0235420183801282         0.31332264492479        0.265132566283142        0.265132566283142        0.265132566283142      0.00207212145818939      0.00947477207092522       0.0545489727997701       0.0063514549933734      0.00635145499337449      0.00410199303916331
                     0.13        0.023501076303667       0.0235010763019389        0.313229155016661        0.265382691345673        0.265382691345673        0.265382691345673      0.00207632822105248      0.00948922800540549       0.0546041122256523      0.00636108047424552      0.00636108047424811      0.00411021653148319
                     0.13       0.0234602506624055       0.0234602506627082        0.313135544683984        0.265632816408204        0.265632816408204        0.265632816408204      0.00208054186022528      0.00950370709481643       0.0546593069707966      0.00637071586875022      0.00637071586874977      0.00411845443793374
                     0.13       0.0234195410243979       0.0234195410248456        0.313041813818366        0.265882941470735        0.265882941470735        0.265882941470735      0.00208476238431396      0.00951820936760389       0.0547145570367806      0.00638036118722812      0.00638036118722745      0.00412670677977363
                     0.13       0.0233789469782797       0.0233789469790155        0.312947962303867        0.266133066533267        0.266133066533267        0.266133066533267      0.00208898980188859      0.00953273485228709       0.0547698624251467       0.0063900164399865      0.00639001643998541      0.00413497357833808
                     0.13       0.0233384681028329       0.0233384681019879        0.312853990023153        0.266383191595798        0.266383191595798        0.266383191595798      0.00209322412151242      0.00954728357744102       0.0548252231373925      0.00639968163734596      0.00639968163734722      0.00414325485497769
                     0.13        0.023298103985674       0.0232981039842208        0.312759896872496        0.266633316658329        0.266633316658329        0.266633316658329      0.00209746535182056      0.00956185557151368       0.0548806391746206      0.00640935678961245      0.00640935678961461       0.0041515506309078
                     0.13        0.023257854212423       0.0232578542124342        0.312665682745964         0.26688344172086         0.26688344172086         0.26688344172086      0.00210171350143849      0.00957645086300574       0.0549361105378849      0.00641904190709349      0.00641904190709347      0.00415986092736628
                     0.13       0.0232177183731557       0.0232177183744566         0.31257134752416        0.267133566783392        0.267133566783392        0.267133566783392      0.00210596857892339      0.00959106948057915       0.0549916372283759      0.00642873700008854      0.00642873700008661        0.004168185765727
                     0.13       0.0231776960616964       0.0231776960597391        0.312476891113745        0.267383691845923        0.267383691845923        0.267383691845923      0.00211023059296735      0.00960571145265134       0.0550472192466781      0.00643844207889011      0.00643844207889301      0.00417652516710212
                     0.13       0.0231377868675343       0.0231377868661593        0.312382313407082        0.267633816908454        0.267633816908454        0.267633816908454      0.00211449955219159       0.0096203768078103       0.0551028565935443      0.00644815715379573      0.00644815715379776      0.00418487915274761
                     0.13       0.0230979903891186       0.0230979903888749        0.312287614302163        0.267883941970985        0.267883941970985        0.267883941970985      0.00211877546524676      0.00963506557460859       0.0551585492695008      0.00645788223508824       0.0064578822350886       0.0041932477438626
                     0.13       0.0230583062239962       0.0230583062232773        0.312192793698414        0.268134067033517        0.268134067033517        0.268134067033517      0.00212305834079247      0.00964977778161057       0.0552142972749471      0.00646761733305047      0.00646761733305154      0.00420163096163134
                     0.13        0.023018733967565       0.0230187339671477        0.312097851506047        0.268384192096048        0.268384192096048        0.268384192096048      0.00212734818754483      0.00966451345729559       0.0552701006099746      0.00647736245796704      0.00647736245796765      0.00421002882712816
                     0.13       0.0229792732242324       0.0229792732232542        0.312002787615387        0.268634317158579        0.268634317158579        0.268634317158579      0.00213164501411898      0.00967927263036484       0.0553259592749186      0.00648711762010785       0.0064871176201093      0.00421844136162795
                     0.13       0.0229399235940706       0.0229399235933394        0.311907601944939        0.268884442221111        0.268884442221111        0.268884442221111      0.00213594882927686      0.00969405532925893       0.0553818732694993      0.00649688282974789      0.00649688282974897      0.00422686858611881
                     0.13       0.0229006846803626       0.0229006846797297        0.311812294390254        0.269134567283642        0.269134567283642        0.269134567283642      0.00214025964166313      0.00970886158267803       0.0554378425937498      0.00650665809715604      0.00650665809715697      0.00423531052182042
                     0.13       0.0228615560991621       0.0228615560995129        0.311716864877317        0.269384692346173        0.269384692346173        0.269384692346173      0.00214457746008056       0.0097236914190178       0.0554938672469901      0.00651644343258101      0.00651644343258049      0.00424376718964126
                     0.13       0.0228225374445354       0.0228225374451498        0.311621313298434        0.269634817408704        0.269634817408704        0.269634817408704      0.00214890229315963      0.00973854486707511       0.0555499472291381      0.00652623884630256      0.00652623884630165      0.00425223861083093
                     0.13       0.0227836283380133       0.0227836283393234        0.311525639575501        0.269884942471236        0.269884942471236        0.269884942471236      0.00215323414968484      0.00975342195533214       0.0556060825393657      0.00653604434855871      0.00653604434855678      0.00426072480633548
                     0.13       0.0227448283857795        0.022744828385032        0.311429843625156        0.270135067533767        0.270135067533767        0.270135067533767      0.00215757303841409      0.00976832271237224       0.0556622731768924      0.00654585994960872      0.00654585994960982      0.00426922579715195
                     0.13        0.022706137204464       0.0227061372049579        0.311333925358472        0.270385192596298        0.270385192596298        0.270385192596298      0.00216191896807892      0.00978324716684298       0.0557185191408935      0.00655568565969522       0.0065556856596945      0.00427774160433182
                     0.13       0.0226675544035718       0.0226675544032234        0.311237884694953        0.270635317658829        0.270635317658829        0.270635317658829      0.00216627194745394      0.00979819534734624       0.0557748204303172      0.00656552148906994      0.00656552148907045      0.00428627224883748
                     0.13       0.0226290796123037       0.0226290796111933        0.311141721558607        0.270885442721361        0.270885442721361        0.270885442721361      0.00217063198534027       0.0098131672824337       0.0558311770438617      0.00657536744795449      0.00657536744795611      0.00429481775158193
                     0.13       0.0225907124334052       0.0225907124343234        0.311045435864657        0.271135567783892        0.271135567783892        0.271135567783892      0.00217499909049269       0.0098281630008052       0.0558875889803543       0.0065852235466079      0.00658522354660656      0.00430337813356512
                     0.13       0.0225524525067153       0.0225524525073087        0.310949027538183        0.271385692846423        0.271385692846423        0.271385692846423      0.00217937327172008      0.00984318253104299       0.0559440562382414      0.00659508979523367      0.00659508979523281       0.0043119534156822
                     0.13       0.0225142994410276       0.0225142994399687        0.310852496510871        0.271635817908954        0.271635817908954        0.271635817908954       0.0021837545378642      0.00985822590172075       0.0560005788158233      0.00660496620407942      0.00660496620408097      0.00432054361875628
                     0.13       0.0224762528674402       0.0224762528673636        0.310755842699511        0.271885942971486        0.271885942971486        0.271885942971486      0.00218814289769425      0.00987329314156143       0.0560571567115097       0.0066148527833589      0.00661485278335901      0.00432914876376016
                     0.13       0.0224383124062958       0.0224383124057868        0.310659066037304        0.272136068034017        0.272136068034017        0.272136068034017      0.00219253836006184      0.00988838427916171       0.0561137899233334      0.00662474954330029      0.00662474954330103      0.00433776887149301
                     0.13       0.0224004776892548       0.0224004776888428         0.31056216645817        0.272386193096548        0.272386193096548        0.272386193096548      0.00219694093382501       0.0099034993431179       0.0561704784491739      0.00663465649411405      0.00663465649411465      0.00434640396274179
                     0.13       0.0223627483498035       0.0223627483495169        0.310465143891993         0.27263631815908         0.27263631815908         0.27263631815908      0.00220135062782273      0.00991863836209189       0.0562272222868831      0.00664457364600672      0.00664457364600714      0.00435505405833051
                     0.13       0.0223251240114698       0.0223251240112409        0.310367998269314        0.272886443221611        0.272886443221611        0.272886443221611      0.00220576745089713      0.00993380136477553       0.0562840214342201       0.0066545010091981      0.00665450100919844      0.00436371917907147
                     0.13       0.0222876043087244       0.0222876043071144        0.310270729529197        0.273136568284142        0.273136568284142        0.273136568284142      0.00221019141193603      0.00994898837978436       0.0563408758886564      0.00666443859389084      0.00666443859389317      0.00437239934568324
                     0.13       0.0222501888807746       0.0222501888791044        0.310173337616511        0.273386693346673        0.273386693346673        0.273386693346673      0.00221462251985732      0.00996419943568992       0.0563977856474254      0.00667438641027948       0.0066743864102819      0.00438109457881816
                     0.13       0.0222128773609771       0.0222128773622913        0.310075822461861        0.273636818409205        0.273636818409205        0.273636818409205      0.00221906078350845      0.00997943456124343       0.0564547507079507      0.00668434446856588      0.00668434446856397      0.00438980489927143
                     0.13       0.0221756693898454       0.0221756693879643         0.30997818400229        0.273886943471736        0.273886943471736        0.273886943471736      0.00222350621176958      0.00999469378515184       0.0565117710674185      0.00669431277894027      0.00669431277894299      0.00439853032776551
                     0.13       0.0221385645998206       0.0221385646012056        0.309880422185433        0.274137068534267        0.274137068534267        0.274137068534267      0.00222795881357629       0.0100099771360332         0.05656884672271      0.00670429135160339      0.00670429135160138      0.00440727088490592
                     0.13        0.022101562640857       0.0221015626433982        0.309782536964497        0.274387193596798        0.274387193596798        0.274387193596798      0.00223241859789376       0.0100252846424633        0.056625977670479      0.00671428019672943      0.00671428019672576      0.00441602659123305
                     0.13       0.0220646631552283       0.0220646631556288         0.30968452827848         0.27463731865933         0.27463731865933         0.27463731865933      0.00223688557361593        0.010040616333194        0.056683163907551      0.00672427932450253      0.00672427932450195      0.00442479746742933
                     0.13       0.0220278657832695       0.0220278657843058        0.309586396077535        0.274887443721861        0.274887443721861        0.274887443721861      0.00224135975224593       0.0100559722343325       0.0567404054304382      0.00673428874510842      0.00673428874510693      0.00443358353405338
                     0.13       0.0219911654491474        0.021991165448072        0.309488139889847        0.275137568784392        0.275137568784392        0.275137568784392      0.00224584113252982       0.0100713523924107       0.0567977022561807      0.00674430847551707      0.00674430847551862      0.00444238481610059
                     0.13       0.0219545759668483        0.021954575968776        0.309389760928538        0.275387693846923        0.275387693846923        0.275387693846923      0.00225032973871864       0.0100867567979122        0.056855054319211      0.00675433850551937       0.0067543385055166      0.00445120132081353
                     0.13       0.0219180828245807       0.0219180828260593        0.309291257888876        0.275637818909455        0.275637818909455        0.275637818909455      0.00225482556961379       0.0101021855125839       0.0569124616774055      0.00676437886565901      0.00676437886565689      0.00446003308194449
                     0.13       0.0218816903888947       0.0218816903914596        0.309192631143645        0.275887943971986        0.275887943971986        0.275887943971986      0.00225932863672733       0.0101176385549717        0.056969924306207      0.00677442955931716      0.00677442955931348      0.00446888011557058
                     0.13       0.0218453983188846       0.0218453983190211          0.3090938806552        0.276138069034517        0.276138069034517        0.276138069034517      0.00226383894907863       0.0101331159537095       0.0570274422013481      0.00678449059664675      0.00678449059664655      0.00447774244208286
                     0.13       0.0218092062653027       0.0218092062626871        0.308995006377755        0.276388194097049        0.276388194097049        0.276388194097049      0.00226835651564574       0.0101486177375442       0.0570850153586138      0.00679456198781154      0.00679456198781529      0.00448662008194998
                     0.13       0.0217731138811155       0.0217731138806719        0.308896008278554         0.27663831915958         0.27663831915958         0.27663831915958      0.00227288134547438       0.0101641439351071       0.0571426437734422      0.00680464374297098      0.00680464374297161      0.00449551305549382
                     0.13       0.0217371208286139       0.0217371208283997         0.30879688631449        0.276888444222111        0.276888444222111        0.276888444222111      0.00227741344755882        0.010179694575156       0.0572003274413471      0.00681473587227003      0.00681473587227033      0.00450442138313705
                     0.13       0.0217012267635429       0.0217012267617016        0.308697640454486        0.277138569284642        0.277138569284642        0.277138569284642      0.00228195283095526        0.010195269686351         0.05725806635753       0.0068248383858619      0.00682483838586452       0.0045133450851653
                     0.13       0.0216654313462057        0.021665431345995        0.308598270659856        0.277388694347174        0.277388694347174        0.277388694347174      0.00228649950468247       0.0102108692974453       0.0573158605172064      0.00683495129389215      0.00683495129389246      0.00452228418193571
                     0.13        0.021629734242583       0.0216297342418875        0.308498776907978        0.277638819409705        0.277638819409705        0.277638819409705      0.00229105347784094       0.0102264934370478       0.0573737099151905      0.00684507460649717      0.00684507460649816      0.00453123869362441
                     0.13       0.0215941351124925       0.0215941351113929        0.308399159160916        0.277888944472236        0.277888944472236        0.277888944472236      0.00229561475945486       0.0102421421339527       0.0574316145464836      0.00685520833382099      0.00685520833382256      0.00454020864056084
                     0.13       0.0215586336168611       0.0215586336165304         0.30829941738829        0.278139069534767        0.278139069534767        0.278139069534767      0.00230018335858764       0.0102578154168973       0.0574895744058448      0.00686535248600496      0.00686535248600543      0.00454919404298371
                     0.13       0.0215232294321175       0.0215232294323951        0.308199551577543        0.278389194597299        0.278389194597299        0.278389194597299      0.00230475928439382       0.0102735133144391       0.0575475894875603       0.0068755070731673       0.0068755070731669      0.00455819492093037
                     0.13       0.0214879222177757       0.0214879222193507        0.308099561689169         0.27863931965983         0.27863931965983         0.27863931965983      0.00230934254589264       0.0102892358554579       0.0576056597863569      0.00688567210544917      0.00688567210544694      0.00456721129471591
                     0.13        0.021452711648575       0.0214527116480481         0.30799944771142        0.278889444722361        0.278889444722361        0.278889444722361      0.00231393315224393       0.0103049830685518       0.0576637852963081      0.00689584759296904      0.00689584759296978      0.00457624318434694
                     0.13       0.0214175973878986       0.0214175973892498        0.307899209619583        0.279139569784892        0.279139569784892        0.279139569784892      0.00231853111254285       0.0103207549824828        0.057721966011639      0.00690603354586039      0.00690603354585848      0.00458529060995773
                     0.13       0.0213825791171396       0.0213825791174583        0.307798847394856        0.279389694847424        0.279389694847424        0.279389694847424      0.00232313643591627       0.0103365516259608       0.0577802019263368      0.00691622997423013      0.00691622997422968      0.00459435359160757
                     0.13       0.0213476565084738       0.0213476565078873        0.307698361023047        0.279639819909955        0.279639819909955        0.279639819909955      0.00232774913151479       0.0103523730276752       0.0578384930342146      0.00692643688819715      0.00692643688819798      0.00460343214929423
                     0.13       0.0213128292311587       0.0213128292301993        0.307597750480897        0.279889944972486        0.279889944972486        0.279889944972486      0.00233236920844306        0.010368219216437       0.0578968393291535      0.00693665429788342      0.00693665429788478      0.00461252630310127
                     0.13       0.0212780969651159       0.0212780969661449        0.307497015762955        0.280140070035018        0.280140070035018        0.280140070035018      0.00233699667589745       0.0103840902208801       0.0579552408045813      0.00694688221339476      0.00694688221339331      0.00462163607290775
                     0.13       0.0212434593924701        0.021243459392441        0.307396156861241        0.280390195097549        0.280390195097549        0.280390195097549      0.00234163154306197       0.0103999860696886       0.0580136974538717      0.00695712064483286       0.0069571206448329      0.00463076147860711
                     0.13       0.0212089161867521       0.0212089161889599        0.307295173756818         0.28064032016008         0.28064032016008         0.28064032016008      0.00234627381906585       0.0104159067916858       0.0580722092705006      0.00696736960231046      0.00696736960230736      0.00463990254019869
                     0.13       0.0211744670354453       0.0211744670368281        0.307194066443205        0.280890445222611        0.280890445222611        0.280890445222611      0.00235092351310325       0.0104318524155779       0.0581307762476025      0.00697762909591966      0.00697762909591771      0.00464905927753399
                     0.13       0.0211401116093245       0.0211401116111418        0.307092834916427        0.281140570285143        0.281140570285143        0.281140570285143      0.00235558063437915       0.0104478229700808       0.0581893983781838      0.00698789913577498      0.00698789913577242      0.00465823171042382
                     0.13        0.021105849608692       0.0211058496079726        0.306991479175197        0.281390695347674        0.281390695347674        0.281390695347674      0.00236024519211555       0.0104638184838728       0.0582480756550379      0.00699817973194843      0.00699817973194944      0.00466741985863604
                     0.13        0.021071680706055       0.0210716807057169        0.306889999215991        0.281640820410205        0.281640820410205        0.281640820410205      0.00236491719552167       0.0104798389857053       0.0583068080709558      0.00700847089455007      0.00700847089455055      0.00467662374194892
                     0.13       0.0210376045956934       0.0210376045958029        0.306788395041143        0.281890945472736        0.281890945472736        0.281890945472736      0.00236959665383815       0.0104958845042686       0.0583655956184735      0.00701877263365837      0.00701877263365822       0.0046858433800627
                     0.13       0.0210036209600165       0.0210036209589601        0.306686666640419        0.282141070535268        0.282141070535268        0.282141070535268        0.002374283576243       0.0105119550684194       0.0584244382902873      0.00702908495936743       0.0070290849593689       0.0046950787928006
                     0.13       0.0209697294885352       0.0209697294882442        0.306584814031669        0.282391195597799        0.282391195597799        0.282391195597799      0.00237897797205516       0.0105280507067308       0.0584833360784494      0.00703940788176039       0.0070394078817608      0.00470432999966428
                     0.13       0.0209359298749453       0.0209359298754666        0.306482837207246         0.28264132066033         0.28264132066033         0.28264132066033      0.00238367985046777       0.0105441714480615       0.0585422889753755      0.00704974141091356      0.00704974141091283      0.00471359702041937
                     0.13       0.0209022218100891       0.0209022218103348          0.3063807361833        0.282891445722861        0.282891445722861        0.282891445722861      0.00238838922079219       0.0105603173210458       0.0586012969729474      0.00706008555690624      0.00706008555690589      0.00472287987455567
                     0.13        0.020868604987928       0.0208686049876363        0.306278510958892        0.283141570785393        0.283141570785393        0.283141570785393      0.00239310609225677       0.0105764883545127       0.0586603600632541      0.00707044032981238      0.00707044032981279      0.00473217858173509
                     0.13       0.0208350791027561       0.0208350791012871        0.306176161566191        0.283391695847924        0.283391695847924        0.283391695847924      0.00239783047425265       0.0105926845769665        0.058719478237664      0.00708080573970452      0.00708080573970656      0.00474149316123982
                     0.13       0.0208016438523413       0.0208016438519488        0.306073687995399        0.283641820910455        0.283641820910455        0.283641820910455      0.00240256237596709       0.0106089060173646       0.0587786514882218      0.00709118179664933      0.00709118179664988      0.00475082363279763
                     0.13       0.0207682989298536       0.0207682989291892        0.305971090264321        0.283891945972986        0.283891945972986        0.283891945972986      0.00240730180672116       0.0106251527044064       0.0588378798063659      0.00710156851071896      0.00710156851071988      0.00476017001581667
                     0.13       0.0207350440375571       0.0207350440379197        0.305868368392794        0.284142071035518        0.284142071035518        0.284142071035518      0.00241204877584907       0.0106414246667758       0.0588971631833746      0.00711196589197191      0.00711196589197141      0.00476953232966599
                     0.13       0.0207018788739857       0.0207018788735882        0.305765522411119        0.284392196098049        0.284392196098049        0.284392196098049      0.00241680329273592       0.0106577219330759       0.0589565016102471      0.00712237395047092      0.00712237395047147      0.00477891059358189
                     0.13       0.0206688031468285        0.020668803146567        0.305662552317709         0.28464232116058         0.28464232116058         0.28464232116058      0.00242156536661182       0.0106740445322491         0.05901589507844      0.00713279269626508      0.00713279269626544      0.00478830482713647
                     0.13       0.0206358165477306       0.0206358165465336        0.305559458151543        0.284892446223112        0.284892446223112        0.284892446223112      0.00242633500690465       0.0106903924928563       0.0590753435786056      0.00714322213942477      0.00714322213942643      0.00479771504943561
                     0.13       0.0206029187885567        0.020602918788518        0.305456239925339        0.285142571285643        0.285142571285643        0.285142571285643      0.00243111222291725       0.0107067658437259        0.059134847101731      0.00715366228999139      0.00715366228999144      0.00480714127985858
                     0.13       0.0205701095709723       0.0205701095704429        0.305352897671903        0.285392696348174        0.285392696348174        0.285392696348174      0.00243589702404877       0.0107231646135126       0.0591944056383569      0.00716411315801954      0.00716411315802028      0.00481658353754399
                     0.13       0.0205373886038908       0.0205373886040725        0.305249431417461        0.285642821410705        0.285642821410705        0.285642821410705      0.00244068941966841       0.0107395888309475       0.0592540191790245      0.00717457475355288      0.00717457475355263      0.00482604184168536
                     0.13       0.0205047555941256       0.0205047555928462        0.305145841190216        0.285892946473237        0.285892946473237        0.285892946473237       0.0024454894191549       0.0107560385247672        0.059313687714151        0.007185047086637      0.00718504708663876      0.00483551621143592
                     0.13       0.0204722102480257       0.0204722102471692         0.30504212701545        0.286143071535768        0.286143071535768        0.286143071535768      0.00245029703187351       0.0107725137237552       0.0593734112340996      0.00719553016731723      0.00719553016731841       0.0048450066659631
                     0.13       0.0204397522820967       0.0204397522815076         0.30493828893863        0.286393196598299        0.286393196598299        0.286393196598299      0.00245511226728949       0.0107890144564945       0.0594331897287446      0.00720602400562398      0.00720602400562479      0.00485451322419007
                     0.13       0.0204073814031368       0.0204073814036038        0.304834326989605         0.28664332166083         0.28664332166083         0.28664332166083       0.0024599351347909       0.0108055407517617       0.0594930231881665      0.00721652861160012      0.00721652861159948      0.00486403590519514
                     0.13       0.0203750973259879       0.0203750973275843        0.304730241196455        0.286893446723362        0.286893446723362        0.286893446723362      0.00246476564375948       0.0108220926383626       0.0595529116023691      0.00722704399527653      0.00722704399527434      0.00487357472805748
                     0.13       0.0203428997643536       0.0203428997646372        0.304626031612059        0.287143571785893        0.287143571785893        0.287143571785893      0.00246960380369696       0.0108386701448653       0.0596128549607959      0.00723757016668477      0.00723757016668438      0.00488312971155865
                     0.13       0.0203107884308836       0.0203107884307085        0.304521698271006        0.287393696848424        0.287393696848424        0.287393696848424      0.00247444962401713       0.0108552733000469       0.0596728532531292       0.0072481071358569      0.00724810713585714      0.00489270087466521
                     0.13       0.0202787630418674       0.0202787630416905        0.304417241205314        0.287643821910955        0.287643821910955        0.287643821910955      0.00247930311412173       0.0108719021327288       0.0597329064689938      0.00725865491281914      0.00725865491281939      0.00490228823635292
                     0.13       0.0202468233228248       0.0202468233219803        0.304312660481744        0.287893946973487        0.287893946973487        0.287893946973487      0.00248416428358304       0.0108885566713759       0.0597930145972548      0.00726921350758415       0.0072692135075853       0.0049118918151861
                     0.13       0.0202149689858608       0.0202149689850108        0.304207956131486        0.288144072036018        0.288144072036018        0.288144072036018      0.00248903314179935       0.0109052369448611       0.0598531776273648      0.00727978293018207      0.00727978293018323      0.00492151163010863
                     0.13       0.0201831997519367       0.0201831997512479        0.304103128207895        0.288394197098549        0.288394197098549        0.288394197098549       0.0024939096982777       0.0109219429818337        0.059913395548248      0.00729036319063006        0.007290363190631      0.00493114769979389
                     0.13       0.0201515153421498       0.0201515153420637        0.303998176755127        0.288644322161081        0.288644322161081        0.288644322161081       0.0024987939624814       0.0109386748110581       0.0599736683489028       0.0073009542989442      0.00730095429894432      0.00494080004299785
                     0.13       0.0201199154824833       0.0201199154812633        0.303893101834062        0.288894447223612        0.288894447223612        0.288894447223612      0.00250368594395514       0.0109554324611375       0.0600339960179089      0.00731155626513303      0.00731155626513469      0.00495046867826594
                     0.13       0.0200883998917502       0.0200883998917066        0.303787903492298        0.289144572286143        0.289144572286143        0.289144572286143      0.00250858565217919       0.0109722159608385       0.0600943785440035        0.007322169099214      0.00732216909921406      0.00496015362427202
                     0.13       0.0200569682979302       0.0200569682967405        0.303682581787833        0.289394697348674        0.289394697348674        0.289394697348674      0.00251349309668551       0.0109890253388312       0.0601548159156264      0.00733279281119123      0.00733279281119285      0.00496985489955026
                     0.13       0.0200256204251815       0.0200256204265437        0.303577136777324        0.289644822411206        0.289644822411206        0.289644822411206      0.00251840828699929       0.0110058606238167       0.0602153081211354      0.00734342741107315       0.0073434274110713      0.00497957252262771
                     0.13       0.0199943560045489       0.0199943560036425        0.303471568516201        0.289894947473737        0.289894947473737        0.289894947473737      0.00252333123264065       0.0110227218445281       0.0602758551488187      0.00735407290885799      0.00735407290885922      0.00498930651202294
                     0.13       0.0199631747574581       0.0199631747579753        0.303365877079307        0.290145072536268        0.290145072536268        0.290145072536268      0.00252826194322342       0.0110396090295139       0.0603364569865116       0.0073647293145562       0.0073647293145555       0.0049990568860107
                     0.13       0.0199320764199458       0.0199320764200239        0.303260062524986        0.290395197598799        0.290395197598799        0.290395197598799      0.00253320042828312       0.0110565222075055       0.0603971136222402      0.00737539663815754      0.00737539663815744      0.00500882366303029
                     0.13       0.0199010607230225       0.0199010607218704        0.303154124903334        0.290645322661331        0.290645322661331        0.290645322661331      0.00253814669731516       0.0110734614073415       0.0604578250440856      0.00738607488965777      0.00738607488965933      0.00501860686159236
                     0.13       0.0198701273928766       0.0198701273925214        0.303048064304192        0.290895447723862        0.290895447723862        0.290895447723862      0.00254310076000692       0.0110904266574651       0.0605185912393156      0.00739676407905832       0.0073967640790588      0.00502840649972988
                     0.13       0.0198392761671024       0.0198392761666779         0.30294188077912        0.291145572786393        0.291145572786393        0.291145572786393      0.00254806262586185       0.0111074179867304       0.0605794121957798      0.00740746421634438      0.00740746421634495      0.00503822259588953
                     0.13       0.0198085067762985       0.0198085067769439        0.302835574412032        0.291395697848924        0.291395697848924        0.291395697848924      0.00255303230453947        0.011124435423674       0.0606402879006525      0.00741817531150973      0.00741817531150886      0.00504805516812361
                     0.13       0.0197778189592622       0.0197778189599415        0.302729145269283        0.291645822911456        0.291645822911456        0.291645822911456      0.00255800980561532       0.0111414789970281       0.0607012183413172       0.0074288973745363      0.00742889737453538      0.00505790423466113
                     0.13       0.0197472124503613       0.0197472124498693         0.30262259342346        0.291895947973987        0.291895947973987        0.291895947973987      0.00256299513869534       0.0111585487354814       0.0607622035049596      0.00743963041541114       0.0074396304154118      0.00506776981363515
                     0.13       0.0197166869874316       0.0197166869881544        0.302515918956708        0.292146073036518        0.292146073036518        0.292146073036518      0.00256798831343114       0.0111756446676328       0.0608232433784741      0.00745037444411584      0.00745037444411486      0.00507765192304396
                     0.13        0.019686242307122       0.0196862423074585        0.302409121946121        0.292396198099049        0.292396198099049        0.292396198099049      0.00257298933945084       0.0111927668221584       0.0608843379487734      0.00746112947063274      0.00746112947063229      0.00508755058091863
                     0.13       0.0196558781517929       0.0196558781514486        0.302302202478762        0.292646323161581        0.292646323161581        0.292646323161581      0.00257799822643079       0.0112099152276362        0.060945487202467      0.00747189550493574       0.0074718955049362      0.00509746580514987
                     0.13        0.019625594260187       0.0196255942596384        0.302195160621943        0.292896448224112        0.292896448224112        0.292896448224112      0.00258301498395266       0.0112270899128752       0.0610066911264429      0.00748267255700275      0.00748267255700349      0.00510739761383068
                     0.13        0.019595390374719        0.019595390375944        0.302087996471575        0.293146573286643        0.293146573286643        0.293146573286643      0.00258803962173553       0.0112442909063946       0.0610679497069582      0.00749346063680598      0.00749346063680434      0.00511734602469798
                     0.13       0.0195652662408317       0.0195652662410773        0.301980710107249        0.293396698349175        0.293396698349175        0.293396698349175      0.00259307214942034       0.0112615182369035       0.0611292629304752      0.00750425975431279      0.00750425975431246      0.00512731105565106
                     0.13       0.0195352215978175       0.0195352215971434        0.301873301630326        0.293646823411706        0.293646823411706        0.293646823411706       0.0025981125767524       0.0112787719329012       0.0611906307829714      0.00751506991949797      0.00751506991949887      0.00513729272431045
                     0.13       0.0195052561926971       0.0195052561929077        0.301765771115499        0.293896948474237        0.293896948474237        0.293896948474237       0.0026031609133502       0.0112960520231769       0.0612520532507995      0.00752589114232518       0.0075258911423249      0.00514729104857919
                     0.13       0.0194753697721817       0.0194753697737112        0.301658118664295        0.294147073536768        0.294147073536768        0.294147073536768      0.00260821716896046       0.0113133585362556       0.0613135303197326      0.00753672343275774       0.0075367234327557      0.00515730604602199
                     0.13       0.0194455620838747       0.0194455620833645        0.301550344372731          0.2943971985993          0.2943971985993          0.2943971985993      0.00261328135330385       0.0113306915007376       0.0613750619755542      0.00754756680075697      0.00754756680075765      0.00516733773424006
                     0.13       0.0194158328740599       0.0194158328746656        0.301442448332088        0.294647323661831        0.294647323661831        0.294647323661831      0.00261835347607801       0.0113480509452857       0.0614366482040244      0.00755842125628518      0.00755842125628437      0.00517738613086218
                     0.13       0.0193861818938013         0.01938618189382        0.301334430634453        0.294897448724362        0.294897448724362        0.294897448724362      0.00262343354698584       0.0113654368985719       0.0614982889908082      0.00756928680929755      0.00756928680929752      0.00518745125348034
                     0.13        0.019356608893561       0.0193566088928364        0.301226291391665        0.295147573786893        0.295147573786893        0.295147573786893      0.00262852157582334       0.0113828493890726       0.0615599843211011       0.0075801634697493      0.00758016346975026      0.00519753311942787
                     0.13       0.0193271136225373       0.0193271136232929        0.301118030694423        0.295397698849425        0.295397698849425        0.295397698849425      0.00263361757228657       0.0114002884455055       0.0616217341803994      0.00759105124759654      0.00759105124759554      0.00520763174625661
                     0.13       0.0192976958325177        0.019297695833639        0.301009648658618        0.295647823911956        0.295647823911956        0.295647823911956      0.00263872154619107       0.0114177540963384       0.0616835385536458      0.00760195015279122      0.00760195015278973      0.00521774715119532
                     0.13       0.0192683552800232       0.0192683552793614        0.300901145378597        0.295897948974487        0.295897948974487        0.295897948974487      0.00264383350725089       0.0114352463702764       0.0617453974260712       0.0076128601952782      0.00761286019527907      0.00522787935169603
                     0.13       0.0192390917174236        0.019239091715041        0.300792520968327        0.296148074037018        0.296148074037018        0.296148074037018      0.00264895346527302        0.011452765295836        0.061807310782463      0.00762378138500713      0.00762378138501029      0.00523802836495189
                     0.13       0.0192099049009923       0.0192099049018649        0.300683775541485         0.29639819909955         0.29639819909955         0.29639819909955      0.00265408143006324       0.0114703109015468       0.0618692786075074      0.00763471373192174      0.00763471373192059      0.00524819420812982
                     0.13       0.0191807945860077       0.0191807945871428        0.300574909204603        0.296648324162081        0.296648324162081        0.296648324162081      0.00265921741139286       0.0114878832160388       0.0619313008859489      0.00764565724596632      0.00764565724596482      0.00525837689845106
                     0.13        0.019151760530599       0.0191517605318606        0.300465922068022        0.296898449224612        0.296898449224612        0.296898449224612      0.00266436141905237       0.0115054822679076       0.0619933776023533      0.00765661193708066      0.00765661193707899      0.00526857645306241
                     0.13       0.0191228024918084       0.0191228024918271        0.300356814246647        0.297148574287144        0.297148574287144        0.297148574287144      0.00266951346285305       0.0115231080857205       0.0620555087411158      0.00766757781520523      0.00766757781520521      0.00527879288902689
                     0.13       0.0190939202321848        0.019093920231897        0.300247585866213        0.297398699349675        0.297398699349675        0.297398699349675      0.00267467355265848       0.0115407606979364       0.0621176942863299      0.00767855489027253      0.00767855489027291      0.00528902622324921
                     0.13       0.0190651135080998       0.0190651135085313        0.300138237031938        0.297648824412206        0.297648824412206        0.297648824412206      0.00267984169823444       0.0115584401332566       0.0621799342223891      0.00768954317222245      0.00768954317222188      0.00529927647284578
                     0.13       0.0190363820830341       0.0190363820831566        0.300028767886714        0.297898949474737        0.297898949474737        0.297898949474737      0.00268501790952507       0.0115761464199908       0.0622422285328966      0.00770054267098479      0.00770054267098463      0.00530954365445661
                     0.13       0.0190077257219076       0.0190077257225412        0.299919178532286        0.298149074537269        0.298149074537269        0.298149074537269      0.00269020219628076       0.0115938795868967       0.0623045772021067      0.00771155339648677      0.00771155339648594      0.00531982778517747
                     0.13       0.0189791441825292        0.018979144182549         0.29980946910909          0.2983991995998          0.2983991995998          0.2983991995998      0.00269539456843278       0.0116116396623477       0.0623669802134985       0.0077225753586642      0.00772257535866418      0.00533012888161443
                     0.13       0.0189506372313399       0.0189506372317483        0.299699639728296        0.298649324662331        0.298649324662331        0.298649324662331       0.0027005950357764       0.0116294266750301       0.0624294375509744      0.00773360856744086      0.00773360856744032      0.00534044696068912
                     0.13       0.0189222046373705       0.0189222046378994        0.299589690535193        0.298899449724862        0.298899449724862        0.298899449724862      0.00270580360826712       0.0116472406532823       0.0624919491977225       0.0077446530327364       0.0077446530327357      0.00535078203888595
                     0.13       0.0188938461585279        0.018893846158161        0.299479621650737        0.299149574787394        0.299149574787394        0.299149574787394      0.00271102029574419       0.0116650816257291       0.0625545151373073      0.00775570876448437      0.00775570876448485      0.00536113413294633
                     0.13       0.0188655615702216       0.0188655615687948        0.299369433217245        0.299399699849925        0.299399699849925        0.299399699849925      0.00271624510815009       0.0116829496207614       0.0626171353527803      0.00776677577259467      0.00776677577259654      0.00537150325932493
                     0.13       0.0188373506361809       0.0188373506368317        0.299259125359331        0.299649824912456        0.299649824912456        0.299649824912456      0.00272147805534247       0.0117008446669854       0.0626798098274483      0.00777785406699181      0.00777785406699096      0.00538188943465476
                     0.13       0.0188092131267291       0.0188092131264239        0.299148698219235        0.299899949974987        0.299899949974987        0.299899949974987      0.00272671914726128        0.011718766792833       0.0627425385442021      0.00778894365759096      0.00778894365759136      0.00539229267532565
                     0.13       0.0187811488099769       0.0187811488090519        0.299038151931055        0.300150075037519        0.300150075037519        0.300150075037519      0.00273196839380881        0.011736716026834       0.0628053214859892      0.00780004455430949       0.0078000445543107       0.0054027129977915
                     0.13       0.0187531574578134       0.0187531574572089        0.298927486635231         0.30040020010005         0.30040020010005         0.30040020010005      0.00273722580491757       0.0117546923974624       0.0628681586355525      0.00781115676705916      0.00781115676705995      0.00541315041839703
                     0.13       0.0187252388439336       0.0187252388447811        0.298816702481928        0.300650325162581        0.300650325162581        0.300650325162581       0.0027424913905653       0.0117726959331017       0.0629310499753656      0.00782228030574868      0.00782228030574758      0.00542360495333655
                     0.13        0.018697392739164       0.0186973927385333        0.298705799616342        0.300900450225113        0.300900450225113        0.300900450225113      0.00274776516070527       0.0117907266622082       0.0629939954879147      0.00783341518028982      0.00783341518029064      0.00543407661882976
                     0.13       0.0186696189149448       0.0186696189143876        0.298594778168259        0.301150575287644        0.301150575287644        0.301150575287644      0.00275304712521965        0.011808784613411       0.0630569951558701      0.00784456140059287      0.00784456140059359      0.00544456543124762
                     0.13        0.018641917150364       0.0186419171503849        0.298483638305726        0.301400700350175        0.301400700350175        0.301400700350175      0.00275833729416963       0.0118268698149402       0.0631200489611122      0.00785571897655749      0.00785571897655746      0.00545507140646668
                     0.13       0.0186142872190628       0.0186142872193432        0.298372380168947        0.301650825412706        0.301650825412706        0.301650825412706      0.00276363567748597       0.0118449822953429        0.063183156885955      0.00786688791808976       0.0078668879180894      0.00546559456066351
                     0.13       0.0185867288957524        0.018586728895712        0.298261003914486        0.301900950475238        0.301900950475238        0.301900950475238      0.00276894228517455       0.0118631220830042       0.0632463189123195       0.0078780682350937      0.00787806823509376      0.00547613490978285
                     0.13       0.0185592419590479       0.0185592419595669        0.298149509687504        0.302151075537769        0.302151075537769        0.302151075537769      0.00277425712718948       0.0118812892064392       0.0633095350222438      0.00788925993746759      0.00788925993746692      0.00548669246987187
                     0.13       0.0185318261867804       0.0185318261861558        0.298037897663687          0.3024012006003          0.3024012006003          0.3024012006003      0.00277958021362602       0.0118994836938547       0.0633728051971343      0.00790046303511007      0.00790046303511088      0.00549726725657338
                     0.13       0.0185044813574573       0.0185044813574978        0.297926167976045        0.302651325662831        0.302651325662831        0.302651325662831      0.00278491155438108       0.0119177055739217       0.0634361294190743      0.00791167753791826       0.0079116775379182       0.0055078592860106
                     0.13       0.0184772072541592       0.0184772072535372        0.297814320805558        0.302901450725363        0.302901450725363        0.302901450725363      0.00279025115957486       0.0119359548748121       0.0634995076691972      0.00792290345578267      0.00792290345578347      0.00551846857369029
                     0.13       0.0184500036514008       0.0184500036502001        0.297702356302991        0.303151575787894        0.303151575787894        0.303151575787894      0.00279559903918553       0.0119542316250409       0.0635629399291077      0.00793414079860427      0.00793414079860582      0.00552909513544888
                     0.13       0.0184228703374385       0.0184228703371629        0.297590274641245        0.303401700850425        0.303401700850425        0.303401700850425      0.00280095520329598       0.0119725358528842       0.0636264261799006      0.00794538957626562      0.00794538957626597      0.00553973898681789
                     0.13       0.0183958070892024       0.0183958070892682        0.297478075971389        0.303651825912956        0.303651825912956        0.303651825912956      0.00280631966188563       0.0119908675868797       0.0636899664030082      0.00795664979866324      0.00795664979866316      0.00555040014355746
                     0.13        0.018368813693215       0.0183688136931358        0.297365760474092        0.303901950975488        0.303901950975488        0.303901950975488      0.00281169242507212       0.0120092268552502        0.063753560579222      0.00796792147568065      0.00796792147568076      0.00556107862103092
                     0.13       0.0183418899356139       0.0183418899350219        0.297253328319769        0.304152076038019        0.304152076038019        0.304152076038019      0.00281707350292591       0.0120276136863413        0.063817208689443      0.00797920461720124        0.007979204617202      0.00557177443468892
                     0.13       0.0183150355954923       0.0183150355954932        0.297140779667566         0.30440220110055         0.30440220110055         0.30440220110055      0.00282246290546315       0.0120460281086396       0.0638809107146977      0.00799049923311681      0.00799049923311681      0.00558248760008232
                     0.13       0.0182882504654351       0.0182882504645881        0.297028114703696        0.304652326163082        0.304652326163082        0.304652326163082      0.00282786064282704        0.012064470150342       0.0639446666354245      0.00800180533330119      0.00800180533330227       0.0055932181323941
                     0.13       0.0182615343256738       0.0182615343254743        0.296915333597132        0.304902451225613        0.304902451225613        0.304902451225613      0.00283326672507947       0.0120829398398541       0.0640084764323108      0.00801312292764343      0.00801312292764368      0.00560396604697974
                     0.13       0.0182348869688419       0.0182348869688029        0.296802436533882        0.305152576288144        0.305152576288144        0.305152576288144       0.0028386811623618       0.0121014372054001       0.0640723400856345      0.00802445202601606      0.00802445202601611      0.00561473135894819
                     0.13       0.0182083081810027       0.0182083081800967        0.296689423681915        0.305402701350675        0.305402701350675        0.305402701350675      0.00284410396473105       0.0121199622754169       0.0641362575759286      0.00803579263829941      0.00803579263830058      0.00562551408359101
                     0.13       0.0181817977520078       0.0181817977515153        0.296576295235275        0.305652826413207        0.305652826413207        0.305652826413207      0.00284953514236496        0.012138515078069       0.0642002288831681      0.00804714477436833      0.00804714477436896      0.00563631423584146
                     0.13       0.0181553554738601        0.018155355474198        0.296463051367297        0.305902951475738        0.305902951475738        0.305902951475738      0.00285497470534535       0.0121570956417542       0.0642642539876163       0.0080585084440943      0.00805850844409386        0.005647131830848
                     0.13       0.0181289811334417       0.0181289811330902        0.296349692258869        0.306153076538269        0.306153076538269        0.306153076538269      0.00286042266378805       0.0121757039948087       0.0643283328693357      0.00806988365735473      0.00806988365735518      0.00565796688362762
                     0.13        0.018102674525866       0.0181026745258768         0.29623621810902          0.3064032016008          0.3064032016008          0.3064032016008      0.00286587902789323       0.0121943401653747       0.0643924655079608       0.0080812704240159      0.00808127042401589      0.00566881940893464
                     0.13        0.018076435442652       0.0180764354434931        0.296122629107484        0.306653326663332        0.306653326663332        0.306653326663332       0.0028713438078171       0.0122130041817119       0.0644566518832247       0.0080926687539481      0.00809266875394703      0.00567968942159793
                     0.13       0.0180502636755256       0.0180502636762762        0.296008925444712        0.306903451725863        0.306903451725863        0.306903451725863      0.00287681701371899       0.0122316960720849       0.0645208919747709       0.0081040786570207      0.00810407865701974       0.0056905769363977
                     0.13        0.018024159022518       0.0180241590228271        0.295895107299826        0.307153576788394        0.307153576788394        0.307153576788394      0.00288229865570667       0.0122504158648829       0.0645851857623496      0.00811550014309447      0.00811550014309408      0.00570148196821439
                     0.13       0.0179981212752854        0.017998121275294        0.295781174883045        0.307403701850925        0.307403701850925        0.307403701850925      0.00288778874402949        0.012269163588182       0.0646495332250928       0.0081269332220377      0.00812693322203769      0.00571240453150388
                     0.13       0.0179721502304182        0.017972150231249        0.295667128378627        0.307653826913457        0.307653826913457        0.307653826913457      0.00289328728881812       0.0122879392703417       0.0647139343425079      0.00813837790371179      0.00813837790371073      0.00572334464100262
                     0.13       0.0179462456858337       0.0179462456849645        0.295552968001481        0.307903951975988        0.307903951975988        0.307903951975988      0.00289879430034289       0.0123067429394065       0.0647783890934791      0.00814983419797585      0.00814983419797696      0.00573430231102666
                     0.13         0.01792040743673       0.0179204074361729        0.295438693939473        0.308154077038519        0.308154077038519        0.308154077038519      0.00290430978875017       0.0123255746237203       0.0648428974572938      0.00816130211469189       0.0081613021146926      0.00574527755618627
                     0.13       0.0178946352836189       0.0178946352833892        0.295324306411833        0.308404202101051        0.308404202101051        0.308404202101051      0.00290983376433011       0.0123444343513005       0.0649074594126036      0.00817278166371456      0.00817278166371485      0.00575627039066119
                     0.13       0.0178689290229882       0.0178689290232765        0.295209805600931        0.308654327163582        0.308654327163582        0.308654327163582      0.00291536623720254       0.0123633221505741       0.0649720749386386      0.00818427285490303      0.00818427285490267      0.00576728082904783
                     0.13       0.0178432884569211       0.0178432884572278        0.295095191725092        0.308904452226113        0.308904452226113        0.308904452226113      0.00292090721765291       0.0123822380495883       0.0650367440139101      0.00819577569810882      0.00819577569810843      0.00577830888545407
                     0.13       0.0178177133827623       0.0178177133838723        0.294980464992914        0.309154577288644        0.309154577288644        0.309154577288644      0.00292645671592085       0.0124011820765104        0.065101466617033      0.00820729020318884      0.00820729020318743      0.00578935457406669
                     0.13       0.0177922036060571       0.0177922036055291        0.294865625612759        0.309404702351176        0.309404702351176        0.309404702351176      0.00293201474224535       0.0124201542595142        0.065166242726539      0.00821881637998907      0.00821881637998974      0.00580041790903335
                     0.13       0.0177667589253689       0.0177667589245301         0.29475067379251        0.309654827413707        0.309654827413707        0.309654827413707       0.0029375813068625        0.012439154626794       0.0652310723209023      0.00823035423836375      0.00823035423836481      0.00581149890446557
                     0.13        0.017741379146708       0.0177413791463697        0.294635609769187        0.309904952476238        0.309904952476238        0.309904952476238       0.0029431564201409       0.0124581832062364       0.0652959553779928      0.00824190378815714      0.00824190378815756      0.00582259757406779
                     0.13       0.0177160640695447       0.0177160640695504        0.294520433723687        0.310155077538769        0.310155077538769        0.310155077538769      0.00294874009219279       0.0124772400263489       0.0653608918766194      0.00825346503922116      0.00825346503922115        0.005833713932204
                     0.13       0.0176908134999929       0.0176908135000033        0.294405145898098        0.310405202601301        0.310405202601301        0.310405202601301      0.00295433233340901       0.0124963251149853       0.0654258817944154      0.00826503800139881       0.0082650380013988      0.00584484799242928
                     0.13       0.0176656272454839       0.0176656272450151        0.294289746517157        0.310655327663832        0.310655327663832        0.310655327663832      0.00295993315410172       0.0125154385001942       0.0654909251092522      0.00827662268453089      0.00827662268453148      0.00585599976847224
                     0.13       0.0176405051066571       0.0176405051069178        0.294174235777377        0.310905452726363        0.310905452726363        0.310905452726363      0.00296554256445299       0.0125345802103455       0.0655560217994338      0.00828821909846614      0.00828821909846581       0.0058671692743728
                     0.13       0.0176154468961296       0.0176154468960724        0.294058613920977        0.311155577788894        0.311155577788894        0.311155577788894      0.00297116057485373       0.0125537502733167        0.065621171842367      0.00829982725303774      0.00829982725303781      0.00587835652355328
                     0.13       0.0175904524161276       0.0175904524166669        0.293942881177592        0.311405702851426        0.311405702851426        0.311405702851426      0.00297678719563624       0.0125729487171408       0.0656863752156285      0.00831144715809132      0.00831144715809064      0.00588956152954972
                     0.13       0.0175655214772053       0.0175655214788445        0.293827037764267        0.311655827913957        0.311655827913957        0.311655827913957      0.00298242243707569       0.0125921755699881       0.0657516318969269      0.00832307882346152      0.00832307882345947      0.00590078430601282
                     0.13       0.0175406538891301       0.0175406538893451        0.293711083913979        0.311905952976488        0.311905952976488        0.311905952976488      0.00298806630951945       0.0126114308598705       0.0658169418636289      0.00833472225898346      0.00833472225898319      0.00591202486634839
                     0.13       0.0175158494588697       0.0175158494593956        0.293595019859301         0.31215607803902         0.31215607803902         0.31215607803902      0.00299371882331215       0.0126307146148135       0.0658823050930329      0.00834637747449515       0.0083463774744945       0.0059232832239227
                     0.13       0.0174911079972241       0.0174911079988183        0.293478845830521        0.312406203101551        0.312406203101551        0.312406203101551      0.00299937998878792       0.0126500268628759        0.065947721562406      0.00835804447982932      0.00835804447982733      0.00593455939208618
                     0.13       0.0174664293178702       0.0174664293183123        0.293362562074003        0.312656328164082        0.312656328164082        0.312656328164082      0.00300504981635334       0.0126693676319514       0.0660131912486604      0.00836972328481454      0.00836972328481399      0.00594585338394092
                     0.13       0.0174418132286846       0.0174418132291945        0.293246168809294        0.312906453226613        0.312906453226613        0.312906453226613      0.00301072831629368       0.0126887369502352       0.0660787141291202      0.00838141389928608      0.00838141389928545      0.00595716521288343
                     0.13       0.0174172595432387       0.0174172595432647        0.293129666288028        0.313156578289145        0.313156578289145        0.313156578289145      0.00301641549903789       0.0127081348455837       0.0661442901804633      0.00839311633307158      0.00839311633307155      0.00596849489185846
                     0.13       0.0173927680764353       0.0173927680751485        0.293013054747528        0.313406703351676        0.313406703351676        0.313406703351676      0.00302211137495075       0.0127275613460145       0.0662099193795511      0.00840483059599648      0.00840483059599808      0.00597984243394648
                     0.13       0.0173683386383945       0.0173683386394495        0.292896334438402        0.313656828414207        0.313656828414207        0.313656828414207      0.00302781595445623       0.0127470164794148        0.066275601702951      0.00841655669789165      0.00841655669789034      0.00599120785201337
                     0.13        0.017343971046647       0.0173439710474636         0.29277950559096        0.313906953476738        0.313906953476738        0.313906953476738      0.00303352924788673       0.0127665002738975       0.0663413371275148      0.00842829464857819      0.00842829464857718      0.00600259115913733
                     0.13        0.017319665116227       0.0173196651162736        0.292662568461011         0.31415707853927         0.31415707853927         0.31415707853927      0.00303925126568882       0.0127860127573087       0.0664071256295752      0.00844004445787982      0.00844004445787976      0.00601399236802594
                     0.13       0.0172954206633271       0.0172954206630623        0.292545523295996        0.314407203601801        0.314407203601801        0.314407203601801      0.00304498201827141       0.0128055539575931       0.0664729671855472      0.00845180613561827       0.0084518061356186      0.00602541149144687
                     0.13       0.0172712375023327       0.0172712375026291        0.292428370342688        0.314657328664332        0.314657328664332        0.314657328664332      0.00305072151603965       0.0128251239027147       0.0665388617717961      0.00846357969161699      0.00846357969161662      0.00603684854212982
                     0.13       0.0172471154525244       0.0172471154508692        0.292311109866029        0.314907453726863        0.314907453726863        0.314907453726863      0.00305646976947947       0.0128447226204472       0.0666048093642937      0.00847536513569285      0.00847536513569489      0.00604830353252552
                     0.13       0.0172230543277016       0.0172230543277041        0.292193742106903        0.315157578789395        0.315157578789395        0.315157578789395      0.00306222678896914        0.012864350138834       0.0666708099393754      0.00848716247766898      0.00848716247766898      0.00605977647534525
                     0.13        0.017199053953187        0.017199053953787        0.292076267324499        0.315407703851926        0.315407703851926        0.315407703851926      0.00306799258496929       0.0128840064857228       0.0667368634729789      0.00849897172735377      0.00849897172735303      0.00607126738301918
                     0.13       0.0171751141447165       0.0171751141444895        0.291958685776288        0.315657828914457        0.315657828914457        0.315657828914457      0.00307376716793096       0.0129036916889977        0.066802969934887      0.00851079289456691      0.00851079289456719      0.00608277626795202
                     0.13       0.0171512347228552       0.0171512347225985        0.291840997728735        0.315907953976988        0.315907953976988        0.315907953976988      0.00307955054834644       0.0129234057764476       0.0668691293130644      0.00852262598912165      0.00852262598912196      0.00609430314238546
                     0.13       0.0171274155058866       0.0171274155056065        0.291723203435109         0.31615807903952         0.31615807903952         0.31615807903952      0.00308534273664712       0.0129431487760171       0.0669353415772283      0.00853447102083352      0.00853447102083386      0.00610584801868291
                     0.13       0.0171036563171906       0.0171036563159646        0.291605303163784        0.316408204102051        0.316408204102051        0.316408204102051      0.00309114374333321       0.0129629207154905       0.0670016067029091      0.00854632799951128      0.00854632799951278      0.00611741090896575
                     0.13       0.0170799569801222       0.0170799569805861        0.291487297185217        0.316658329164582        0.316658329164582        0.316658329164582      0.00309695357891321       0.0129827216226358       0.0670679246655291      0.00855819693496321      0.00855819693496264      0.00612899182528024
                     0.13       0.0170563173161138       0.0170563173168324        0.291369185755057        0.316908454227114        0.316908454227114        0.316908454227114      0.00310277225382853       0.0130025515253964       0.0671342954407205      0.00857007783699948       0.0085700778369986      0.00614059077981517
                     0.13       0.0170327371469979       0.0170327371474684        0.291250969147351        0.317158579289645        0.317158579289645        0.317158579289645      0.00310859977860283       0.0130224104515221       0.0672007190037304      0.00858197071542923      0.00858197071542866       0.0061522077844738
                     0.13       0.0170092162985265       0.0170092162985494        0.291132647637985        0.317408704352176        0.317408704352176        0.317408704352176      0.00311443616376789       0.0130422984287468        0.067267195329707      0.00859387558005633       0.0085938755800563      0.00616384285108675
                     0.13       0.0169857545938712       0.0169857545940784        0.291014221494704        0.317658829414707        0.317658829414707        0.317658829414707        0.003120281419818       0.0130622154849039       0.0673337243938809      0.00860579244068729      0.00860579244068704      0.00617549599154091
                     0.13       0.0169623518607016         0.01696235185945        0.290895690991928        0.317908954477239        0.317908954477239        0.317908954477239       0.0031261355572778        0.013082161647759       0.0674003061713069      0.00861772130712263      0.00861772130712416      0.00618716721758791
                     0.13       0.0169390079268458       0.0169390079260069        0.290777056412723         0.31815907953977         0.31815907953977         0.31815907953977      0.00313199858671025       0.0131021369449892       0.0674669406368258      0.00862966218916223      0.00862966218916325      0.00619885654081809
                     0.13       0.0169157226100691       0.0169157226100756        0.290658318022889        0.318409204602301        0.318409204602301        0.318409204602301      0.00313787051859894       0.0131221414044812       0.0675336277655395      0.00864161509661771       0.0086416150966177      0.00621056397299625
                     0.13       0.0168924957459024       0.0168924957445411         0.29053947611511        0.318659329664832        0.318659329664832        0.318659329664832      0.00314375136354922       0.0131421750538187       0.0676003675319973      0.00865358003927855      0.00865358003928021      0.00622228952548885
                     0.13       0.0168693271562342       0.0168693271569751        0.290420530965931        0.318909454727364        0.318909454727364        0.318909454727364      0.00314964113209271       0.0131622379207791       0.0676671599109866      0.00866555702695038      0.00866555702694948      0.00623403320982195
                     0.13       0.0168462166748414        0.016846216674934        0.290301482864111        0.319159579789895        0.319159579789895        0.319159579789895      0.00315553983481606       0.0131823300330086       0.0677340048770196      0.00867754606942387      0.00867754606942376      0.00624579503731294
                     0.13        0.016823164129123       0.0168231641281706        0.290182332080231        0.319409704852426        0.319409704852426        0.319409704852426      0.00316144748222452       0.0132024514183604        0.067800902404868      0.00868954717649699      0.00868954717649815      0.00625757501946578
                     0.13       0.0168001693470274       0.0168001693469459        0.290063078927314        0.319659829914957        0.319659829914957        0.319659829914957      0.00316736408501047       0.0132226021042356       0.0678678524685143      0.00870156035796652      0.00870156035796662      0.00626937316718121
                     0.13       0.0167772321590272       0.0167772321598461        0.289943723670177        0.319909954977489        0.319909954977489        0.319909954977489      0.00317328965365293       0.0132427821185639       0.0679348550427161      0.00871358562362575      0.00871358562362475      0.00628118949193782
                     0.13       0.0167543523999132        0.016754352400209        0.289824266613387         0.32016008004002         0.32016008004002         0.32016008004002      0.00317922419880756       0.0132629914888474        0.068001910101489      0.00872562298326221      0.00872562298326185      0.00629302400464516
                     0.13       0.0167315298975577       0.0167315298970465         0.28970470804187        0.320410205102551        0.320410205102551        0.320410205102551      0.00318516773104083       0.0132832302428146       0.0680690176191348       0.0087376724466714      0.00873767244667201      0.00630487671641839
                     0.13       0.0167087644830567        0.016708764482986        0.289585048267344        0.320660330165082        0.320660330165082        0.320660330165082      0.00319112026103832       0.0133034984079074       0.0681361775694418      0.00874973402364439      0.00874973402364448       0.0063167476379711
                     0.13       0.0166860559922212       0.0166860559929511        0.289465287565772        0.320910455227614        0.320910455227614        0.320910455227614      0.00319708179932793       0.0133237960119582       0.0682033899267506      0.00876180772396613      0.00876180772396525      0.00632863678043383
                     0.13       0.0166634042594436       0.0166634042584172        0.289345426247122        0.321160580290145        0.321160580290145        0.321160580290145      0.00320305235658641       0.0133441230824411       0.0682706546647693      0.00877389355742278      0.00877389355742402      0.00634054415444054
                     0.13       0.0166408091166521       0.0166408091159616        0.289225464612406        0.321410705352676        0.321410705352676        0.321410705352676      0.00320903194345125        0.013364479646933        0.068337971757309      0.00878599153380305      0.00878599153380389      0.00635246977069079
                     0.13        0.016618270396012       0.0166182703954582         0.28910540294875        0.321660830415208        0.321660830415208        0.321660830415208      0.00321502057049764       0.0133848657331722       0.0684053411783697      0.00879810166289489      0.00879810166289556      0.00636441364001522
                     0.13       0.0165957879381713       0.0165957879379067        0.288985241580424        0.321910955477739        0.321910955477739        0.321910955477739      0.00322101824846551       0.0134052813684897       0.0684727629012503      0.00881022395447554      0.00881022395447586       0.0063763757727044
                     0.13        0.016573361574452       0.0165733615746996        0.288864980804686         0.32216108054027         0.32216108054027         0.32216108054027      0.00322702498797384       0.0134257265805276       0.0685402368996765      0.00882235841833307      0.00882235841833277      0.00638835617935193
                     0.13       0.0165509911425449       0.0165509911429744        0.288744620923312        0.322411205602801        0.322411205602801        0.322411205602801      0.00323304079966276       0.0134462013968788       0.0686077631472404      0.00883450506424738      0.00883450506424686      0.00640035487044017
                     0.13       0.0165286764806202       0.0165286764810367        0.288624162247004        0.322661330665333        0.322661330665333        0.322661330665333      0.00323906569421048       0.0134667058450453        0.068675341617325      0.00884666390199736      0.00884666390199686      0.00641237185628173
                     0.13       0.0165064174253974       0.0165064174257848        0.288503605094802        0.322911455727864        0.322911455727864        0.322911455727864      0.00324509968233187       0.0134872399524468       0.0687429722831316      0.00885883494136321      0.00885883494136275      0.00642440714702647
                     0.13       0.0164842138152671        0.016484213814817        0.288382949772032        0.323161580790395        0.323161580790395        0.323161580790395       0.0032511427746811       0.0135078037466574       0.0688106551180413      0.00887101819212267      0.00887101819212321      0.00643646075295282
                     0.13       0.0164620654881466       0.0164620654874288        0.288262196591549        0.323411705852926        0.323411705852926        0.323411705852926      0.00325719498194531       0.0135283972551753         0.06887839009526      0.00888321366405358      0.00888321366405444      0.00644853268418719
                     0.13       0.0164399722841298       0.0164399722849182         0.28814134587397        0.323661830915458        0.323661830915458        0.323661830915458      0.00326325631484545       0.0135490205054183       0.0689461771878109      0.00889542136693076      0.00889542136692982      0.00646062295070035
                     0.13       0.0164179340424628       0.0164179340427806        0.288020397937937        0.323911955977989        0.323911955977989        0.323911955977989      0.00326932678409315       0.0135696735248364       0.0690140163687119      0.00890764131052958       0.0089076413105292      0.00647273156243609
                     0.13       0.0163959506068815       0.0163959506077936        0.287899353095801         0.32416208104052         0.32416208104052         0.32416208104052      0.00327540640037349       0.0135903563409445       0.0690819076110272       0.0089198735046196      0.00891987350461851       0.0064848585293686
                     0.13       0.0163740218122103       0.0163740218131562        0.287778211681996        0.324412206103051        0.324412206103051        0.324412206103051      0.00328149517446542       0.0136110689810378         0.06914985088742      0.00893211795898062      0.00893211795897949      0.00649700386112561
                     0.13       0.0163521475056135       0.0163521475061056        0.287656974013287        0.324662331165583        0.324662331165583        0.324662331165583      0.00328759311707361       0.0136318114725936        0.069217846170792      0.00894437468337724      0.00894437468337665      0.00650916756751592
                     0.13       0.0163303275276981       0.0163303275276976        0.287535640400646        0.324912456228114        0.324912456228114        0.324912456228114      0.00329370023887492       0.0136525838431663       0.0692858934340991      0.00895664368758147      0.00895664368758147      0.00652134965837233
                     0.13        0.016308561719277       0.0163085617193518         0.28741421119134        0.325162581290645        0.325162581290645        0.325162581290645      0.00329981655070523       0.0136733861199214       0.0693539926496507      0.00896892498136462      0.00896892498136453      0.00653355014299071
                     0.13       0.0162868499261869       0.0162868499258687        0.287292686700942        0.325412706353177        0.325412706353177        0.325412706353177      0.00330594206326187         0.01369421833037        0.069422143790233      0.00898121857449162        0.008981218574492      0.00654576903103508
                     0.13       0.0162651919909539       0.0162651919914209        0.287171067261353        0.325662831415708        0.325662831415708        0.325662831415708      0.00331207678731318       0.0137150805018539       0.0694903468283225      0.00899352447673088      0.00899352447673033      0.00655800633189806
                     0.13       0.0162435877573116       0.0162435877573115        0.287049353209213        0.325912956478239        0.325912956478239        0.325912956478239      0.00331822073364789       0.0137359726616705       0.0695586017362777      0.00900584269784896      0.00900584269784896      0.00657026205485471
                     0.13       0.0162220370725113       0.0162220370725114        0.286927544870769         0.32616308154077         0.32616308154077         0.32616308154077      0.00332437391300985       0.0137568948372294       0.0696269084865777      0.00901817324760783      0.00901817324760783      0.00658253620926481
                     0.13       0.0162005397793738       0.0162005397793457        0.286805642586962        0.326413206603302        0.326413206603302        0.326413206603302      0.00333053633620574       0.0137778470557924       0.0696952670514256      0.00903051613577427      0.00903051613577431      0.00659482880423727
                     0.13       0.0161790957266584       0.0161790957257368        0.286683646692491        0.326663331665833        0.326663331665833        0.326663331665833        0.003336708014016       0.0137988293446884        0.069763677403081      0.00904287137210763      0.00904287137210872         0.00660713984891
                     0.13        0.016157704757271       0.0161577047584668        0.286561557524887        0.326913456728364        0.326913456728364        0.326913456728364      0.00334288895723212       0.0138198417312252       0.0698321395137185      0.00905523896637375      0.00905523896637233       0.0066194693523284
                     0.13       0.0161363667227996       0.0161363667225588        0.286439375429005        0.327163581790895        0.327163581790895        0.327163581790895      0.00334907917667807       0.0138408842426323       0.0699006533553498      0.00906761892832778      0.00906761892832806      0.00663181732338485
                     0.13       0.0161150814675132       0.0161150814665846        0.286317100730414        0.327413706853427        0.327413706853427        0.327413706853427      0.00335527868309362       0.0138619569063569       0.0699692189002711      0.00908001126773313      0.00908001126773423      0.00664418377117606
                     0.13       0.0160938488411379       0.0160938488418618          0.2861947337949        0.327663831915958        0.327663831915958        0.327663831915958      0.00336148748739346        0.013883059749409       0.0700378361200672      0.00909241599434633      0.00909241599434548      0.00665656870420324
                     0.13        0.016072668691587       0.0160726686916028        0.286072274958991        0.327913956978489        0.327913956978489        0.327913956978489      0.00336770560036394       0.0139041927991283       0.0701065049867765      0.00910483311792566      0.00910483311792564      0.00666897213130566
                     0.13       0.0160515408701839       0.0160515408697244        0.285949724554345         0.32816408204102         0.32816408204102         0.32816408204102      0.00337393303277294       0.0139253560829047       0.0701752254724802      0.00911726264822493      0.00911726264822547      0.00668139406133354
                     0.13       0.0160304652247107       0.0160304652249602        0.285827082947214        0.328414207103552        0.328414207103552        0.328414207103552      0.00338016979553524       0.0139465496277617       0.0702439975486446      0.00912970459500176      0.00912970459500146       0.0066938345026156
                     0.13       0.0160094416054172       0.0160094416048911        0.285704350481629        0.328664332166083        0.328664332166083        0.328664332166083      0.00338641589947007        0.013967773460969       0.0703128211870724      0.00914215896801043      0.00914215896801105      0.00670629346372457
                     0.13         0.01598846986497       0.0159884698644403        0.285581527516083        0.328914457228614        0.328914457228614        0.328914457228614      0.00339267135546044       0.0139890276096383       0.0703816963592894        0.009154625777002      0.00915462577700262      0.00671877095298233
                     0.13       0.0159675498524004       0.0159675498519561        0.285458614393123        0.329164582291146        0.329164582291146        0.329164582291146      0.00339893617431875       0.0140103121010663       0.0704506230370528      0.00916710503173136      0.00916710503173188      0.00673126697887073
                     0.13       0.0159466814188932        0.015946681419147        0.285335611463627        0.329414707353677        0.329414707353677        0.329414707353677      0.00340521036689451       0.0140316269624604       0.0705196011919501      0.00917959674195051      0.00917959674195021       0.0067437815497036
                     0.13        0.015925864421254       0.0159258644214784        0.285212519099962        0.329664832416208        0.329664832416208        0.329664832416208      0.00341149394413014       0.0140529722207934       0.0705886307951715      0.00919210091740443      0.00919210091740417      0.00675631467344771
                     0.13       0.0159050987098948       0.0159050987108646         0.28508933765554        0.329914957478739        0.329914957478739        0.329914957478739      0.00341778691688496       0.0140743479032552       0.0706577118181926      0.00920461756784522      0.00920461756784409      0.00676886635827043
                     0.13       0.0158843841365279       0.0158843841365154        0.284966067476403        0.330165082541271        0.330165082541271        0.330165082541271      0.00342408929598748        0.014095754037122       0.0707268442325868      0.00921714670302306      0.00921714670302307      0.00678143661238352
                     0.13       0.0158637205562799       0.0158637205558104        0.284842708936403        0.330415207603802        0.330415207603802        0.330415207603802      0.00343040109238575       0.0141171906493646       0.0707960280094228       0.0092296883326837      0.00922968833268425      0.00679402544356514
                     0.13       0.0158431078252546       0.0158431078257298        0.284719262406014        0.330665332666333        0.330665332666333        0.330665332666333      0.00343672231701404       0.0141386577669949        0.070865263119801      0.00924224246657141      0.00924224246657086      0.00680663285958259
                     0.13       0.0158225457982239       0.0158225457972424         0.28459572822595        0.330915457728864        0.330915457728864        0.330915457728864      0.00344305298067785       0.0141601554173585       0.0709345495352824      0.00925480911443161      0.00925480911443276      0.00681925886855199
                     0.13       0.0158020343276012       0.0158020343263614        0.284472106780305        0.331165582791396        0.331165582791396        0.331165582791396      0.00344939309436924       0.0141816836273308       0.0710038872266879      0.00926738828601208      0.00926738828601353      0.00683190347794268
                     0.13       0.0157815732712194       0.0157815732712043        0.284348398431109        0.331415707853927        0.331415707853927        0.331415707853927      0.00345574266898611       0.0142032424240279       0.0710732761651642      0.00927997999105388       0.0092799799910539      0.00684456669546786
                     0.13       0.0157611624851239       0.0157611624850794        0.284224603546762        0.331665832916458        0.331665832916458        0.331665832916458      0.00346210171545294       0.0142248318345049       0.0711427163217295      0.00929258423929978      0.00929258423929983      0.00685724852869733
                     0.13       0.0157408018270682       0.0157408018275139        0.284100722501355        0.331915957978989        0.331915957978989        0.331915957978989      0.00346847024471945       0.0142464518857544       0.0712122076672776      0.00930520104049019      0.00930520104048967      0.00686994898506658
                     0.13       0.0157204911534552       0.0157204911535542        0.283976755663319        0.332166083041521        0.332166083041521        0.332166083041521      0.00347484826771114       0.0142681026048387       0.0712817501727759      0.00931783040436668      0.00931783040436657      0.00688266807203163
                     0.13       0.0157002303231736       0.0157002303235878        0.283852703404635        0.332416208104052        0.332416208104052        0.332416208104052      0.00348123579536916       0.0142897840187811       0.0713513438090995      0.00933047234066759      0.00933047234066711      0.00689540579694327
                     0.13       0.0156800191950255       0.0156800191948954        0.283728566109645        0.332666333166583        0.332666333166583        0.332666333166583       0.0034876328386868       0.0143114961544759       0.0714209885468971      0.00934312685913096      0.00934312685913111      0.00690816216692602
                     0.13       0.0156598576255897       0.0156598576265392        0.283604344140615        0.332916458229115        0.332916458229115        0.332916458229115      0.00349403940856388       0.0143332390390631       0.0714906843571563      0.00935579396949702      0.00935579396949592      0.00692093718934998
                     0.13       0.0156397454760222       0.0156397454762271         0.28348003789185        0.333166583291646        0.333166583291646        0.333166583291646      0.00350045551603703        0.014355012699335       0.0715604312103173      0.00936847368150034      0.00936847368150011      0.00693373087108887
                     0.13       0.0156196826053659       0.0156196826051157        0.283355647730328        0.333416708354177        0.333416708354177        0.333416708354177      0.00350688117202636       0.0143768171623856       0.0716302290772361      0.00938116600487757      0.00938116600487786      0.00694654321933416
                     0.13       0.0155996688746978       0.0155996688742216        0.283231174041307        0.333666833416708        0.333666833416708        0.333666833416708      0.00351331638753073       0.0143986524551124        0.071700077928453      0.00939387094936261      0.00939387094936316      0.00695937424096933
                     0.13       0.0155797041435573       0.0155797041436153        0.283106617204475         0.33391695847924         0.33391695847924         0.33391695847924      0.00351976117352486       0.0144205186044791       0.0717699777345751      0.00940658852469079      0.00940658852469072      0.00697222394289708
                     0.13        0.015559788274928       0.0155597882748213        0.282981977610552        0.334167083541771        0.334167083541771        0.334167083541771      0.00352621554103093       0.0144424156373298       0.0718399284660062      0.00941931874059308       0.0094193187405932      0.00698509233181097
                     0.13       0.0155399211285016       0.0155399211284177        0.282857255643612        0.334417208604302        0.334417208604302        0.334417208604302      0.00353267950104307       0.0144643435805878       0.0719099300932429      0.00943206160680387      0.00943206160680397       0.0069979794144385
                     0.13       0.0155201025692248       0.0155201025684872         0.28273245169352        0.334667333666833        0.334667333666833        0.334667333666833      0.00353915306458097       0.0144863024611115       0.0719799825866616      0.00944481713305116      0.00944481713305201       0.0070108851973699
                     0.13       0.0155003324564205       0.0155003324565571        0.282607566138642        0.334917458729365        0.334917458729365        0.334917458729365      0.00354563624261452       0.0145082923058942       0.0720500859168061      0.00945758532906904      0.00945758532906889       0.0070238096872967
                     0.13       0.0154806106547629       0.0154806106542632        0.282482599378255        0.335167583791896        0.335167583791896        0.335167583791896      0.00355212904620349       0.0145303131417005       0.0721202400538646      0.00947036620458509      0.00947036620458566      0.00703675289056414
                     0.13       0.0154609370289769       0.0154609370289532        0.282357551792922        0.335417708854427        0.335417708854427        0.335417708854427      0.00355863148632961       0.0145523649955007       0.0721904449683062      0.00948315976932645      0.00948315976932648      0.00704971481371848
                     0.13       0.0154413114418602       0.0154413114413309        0.282232423796875        0.335667833916958        0.335667833916958        0.335667833916958       0.0035651435741156       0.0145744478939045       0.0722607006300425      0.00949596603302214      0.00949596603302275      0.00706269546278239
                     0.13       0.0154217337566941       0.0154217337578967        0.282107215752347         0.33591795897949         0.33591795897949         0.33591795897949      0.00357166532046589       0.0145965618640917       0.0723310070098012      0.00950878500540026      0.00950878500539888      0.00707569484444087
                     0.13       0.0154022038412787       0.0154022038412416        0.281981928089165        0.336168084042021        0.336168084042021        0.336168084042021      0.00357819673657033       0.0146187069325045       0.0724013640772068      0.00952161669618335       0.0095216166961834      0.00708871296438458
                     0.13       0.0153827215587697       0.0153827215588746        0.281856561179001        0.336418209104552        0.336418209104552        0.336418209104552      0.00358473783337471       0.0146408831262258       0.0724717718028073      0.00953446111509896      0.00953446111509884      0.00710174982905258
                     0.13       0.0153632867756591       0.0153632867754142        0.281731115435217        0.336668334167084        0.336668334167084        0.336668334167084      0.00359128862200021       0.0146630904718848       0.0725422301564618      0.00954731827187043      0.00954731827187071      0.00711480544424769
                     0.13       0.0153438993585149       0.0153438993584541        0.281605591250873        0.336918459229615        0.336918459229615        0.336918459229615      0.00359784911348302       0.0146853289963351       0.0726127391083368      0.00956018817622067      0.00956018817622074      0.00712787981599665
                     0.13       0.0153245591739896       0.0153245591728808        0.281479989024748        0.337168584292146        0.337168584292146        0.337168584292146      0.00360441931947494       0.0147075987263725       0.0726832986330439      0.00957307083787215      0.00957307083787341      0.00714097295018894
                     0.13       0.0153052660890498       0.0153052660887945        0.281354309163677        0.337418709354677        0.337418709354677        0.337418709354677      0.00361099924988657       0.0147298996887045        0.072753908691388      0.00958596626654663      0.00958596626654692      0.00715408485254394
                     0.13       0.0152860199722692       0.0152860199720287        0.281228552081161        0.337668834417209        0.337668834417209        0.337668834417209      0.00361758891643604       0.0147522319099704       0.0728245692577454      0.00959887447196369      0.00959887447196396      0.00716721552862979
                     0.13       0.0152668206905418       0.0152668206903348        0.281102718166725         0.33791895947974         0.33791895947974         0.33791895947974      0.00362418833014715        0.014774595417076       0.0728952803022911      0.00961179546384448      0.00961179546384471      0.00718036498429096
                     0.13        0.015247668111143       0.0152476681111352        0.280976807831585        0.338169084542271        0.338169084542271        0.338169084542271      0.00363079750213478       0.0147969902366918       0.0729660417948404      0.00962472925190936      0.00962472925190936      0.00719353322501145
                     0.13         0.01522856210665       0.0152285621058499        0.280850821490701        0.338419209604802        0.338419209604802        0.338419209604802       0.0036374164435316       0.0148194163954457       0.0730368537051384      0.00963767584587232      0.00963767584587322      0.00720672025616465
                     0.13       0.0152095025422748       0.0152095025418794         0.28072475954493        0.338669334667334        0.338669334667334        0.338669334667334      0.00364404516541041       0.0148418739201296       0.0731077160031501      0.00965063525545539      0.00965063525545584      0.00721992608326285
                     0.13       0.0151904892922562       0.0151904892917387        0.280598622410359        0.338919459729865        0.338919459729865        0.338919459729865      0.00365068367890935       0.0148643628373635       0.0731786286585774      0.00966360749037001      0.00966360749037059      0.00723315071154727
                     0.13       0.0151715222220755       0.0151715222230073        0.280472410497714        0.339169584792396        0.339169584792396        0.339169584792396       0.0036573319951439       0.0148868831738374        0.073249591641213      0.00967659256033719      0.00967659256033613      0.00724639414627586
                     0.13       0.0151526012071957       0.0151526012072852        0.280346124219589        0.339419709854927        0.339419709854927        0.339419709854927      0.00366399012523927       0.0149094349562154       0.0733206049208017      0.00968959047506632      0.00968959047506621      0.00725965639262222
                     0.13       0.0151337261157191       0.0151337261153191        0.280219763987378        0.339669834917459        0.339669834917459        0.339669834917459      0.00367065808031515       0.0149320182111829       0.0733916684671035      0.00970260124427477      0.00970260124427522      0.00727293745571866
                     0.13       0.0151148968178878       0.0151148968180887        0.280093330233405         0.33991995997999         0.33991995997999         0.33991995997999      0.00367733587157926       0.0149546329651969       0.0734627822495397      0.00971562487767717      0.00971562487767694      0.00728623734034522
                     0.13       0.0150961131897982        0.015096113189699        0.279966823348027        0.340170085042521        0.340170085042521        0.340170085042521      0.00368402351006702       0.0149772792451733       0.0735339462381884      0.00972866138498118      0.00972866138498129      0.00729955605181322
                     0.13       0.0150773750999347       0.0150773750998167        0.279840243768499        0.340420210105053        0.340420210105053        0.340420210105053      0.00369072100700781       0.0149999570775227       0.0736051604023858      0.00974171077590274      0.00974171077590287      0.00731289359471681
                     0.13       0.0150586824239761       0.0150586824238897        0.279713591911567        0.340670335167584        0.340670335167584        0.340670335167584      0.00369742837354758       0.0150226664888763       0.0736764247117777      0.00975477306014933      0.00975477306014943      0.00732624997387993
                     0.13       0.0150400350333966       0.0150400350331391        0.279586868197906        0.340920460230115        0.340920460230115        0.340920460230115      0.00370414562084892         0.01504540750583       0.0737477391359529      0.00976784824743285      0.00976784824743314      0.00733962519401296
                     0.13       0.0150214328011804       0.0150214328010552        0.279460073040571        0.341170585292646        0.341170585292646        0.341170585292646       0.0037108727600443       0.0150681801550641       0.0738191036446168      0.00978093634746318      0.00978093634746332      0.00735301925987558
                     0.13       0.0150028756032781       0.0150028756030942        0.279333206879033        0.341420710355178        0.341420710355178        0.341420710355178       0.0037176098023762       0.0150909844629685       0.0738905182070486       0.0097940373699465      0.00979403736994671      0.00736643217579652
                     0.13       0.0149843633120294       0.0149843633129391        0.279206270129436        0.341670835417709        0.341670835417709        0.341670835417709      0.00372435675899133       0.0151138204561954       0.0739619827929001      0.00980715132459276      0.00980715132459174      0.00737986394637516
                     0.13       0.0149658958059996       0.0149658958057324        0.279079263217262         0.34192096048024         0.34192096048024         0.34192096048024      0.00373111364107646       0.0151366881612928        0.074033497371669      0.00982027822110459      0.00982027822110489      0.00739331457602095
                     0.13       0.0149474729571536       0.0149474729572978         0.27895218657081        0.342171085542771        0.342171085542771        0.342171085542771      0.00373788045983055       0.0151595876047837        0.074105061912814      0.00983341806919168      0.00983341806919152      0.00740678406904514
                     0.13       0.0149290946402923       0.0149290946405261        0.278825040614876        0.342421210605303        0.342421210605303        0.342421210605303      0.00374465722643819       0.0151825188132326       0.0741766763858432      0.00984657087856024      0.00984657087855998      0.00742027242975029
                     0.13       0.0149107607339466       0.0149107607338328        0.278697825790743        0.342671335667834        0.342671335667834        0.342671335667834       0.0037514439521551       0.0152054818130198       0.0742483407600121      0.00985973665891198       0.0098597366589121      0.00743377966214709
                     0.13       0.0148924711137285       0.0148924711139108        0.278570542509025        0.342921460730365        0.342921460730365        0.342921460730365      0.00375824064811064       0.0152284766308684       0.0743200550050561      0.00987291541995155      0.00987291541995135      0.00744730577062261
                     0.13       0.0148742256555385       0.0148742256560168        0.278443191229502        0.343171585792896        0.343171585792896        0.343171585792896      0.00376504732563648       0.0152515032929638       0.0743918190899389      0.00988610717138296      0.00988610717138243      0.00746085075880834
                     0.13       0.0148560242389176       0.0148560242389324        0.278315772356993        0.343421710855428        0.343421710855428        0.343421710855428      0.00377186399584117       0.0152745618260948         0.07446363298449      0.00989931192290584      0.00989931192290583      0.00747441463105741
                     0.13       0.0148378667397591       0.0148378667393158        0.278188286337522        0.343671835917959        0.343671835917959        0.343671835917959      0.00377869067000278       0.0152976522566025       0.0745354966579002      0.00991252968422359      0.00991252968422408       0.0074879973910799
                     0.13       0.0148197530362413       0.0148197530357984        0.278060733612835         0.34392196098049         0.34392196098049         0.34392196098049      0.00378552735938313       0.0153207746108752       0.0746074100794294      0.00992576046503673      0.00992576046503722      0.00750159904258802
                     0.13       0.0148016830070177       0.0148016830072986        0.277933114611407        0.344172086043021        0.344172086043021        0.344172086043021      0.00379237407519109       0.0153439289154495       0.0746793732185504      0.00993900427504493      0.00993900427504462       0.0075152195894246
                     0.13       0.0147836565320817       0.0147836565317898        0.277805429772447        0.344422211105553        0.344422211105553        0.344422211105553      0.00379923082867972       0.0153671151967459       0.0747513860445674      0.00995226112394609      0.00995226112394642      0.00752885903522161
                     0.13       0.0147656734865399       0.0147656734867624        0.277677679537121        0.344672336168084        0.344672336168084        0.344672336168084      0.00380609763111162       0.0153903334811691       0.0748234485267711      0.00996553102144321      0.00996553102144296      0.00754251738352481
                     0.13       0.0147477337556973       0.0147477337562246        0.277549864343932        0.344922461230615        0.344922461230615        0.344922461230615      0.00381297449374129        0.015413583795146       0.0748955606344898      0.00997881397722764      0.00997881397722706      0.00755619463785984
                     0.13       0.0147298372155646       0.0147298372155791        0.277421984622005        0.345172586293147        0.345172586293147        0.345172586293147      0.00381986142778395       0.0154368661652196       0.0749677223372125      0.00999211000100079      0.00999211000100077      0.00756989080182827
                     0.13        0.014711983747347       0.0147119837476632        0.277294040832328        0.345422711355678        0.345422711355678        0.345422711355678      0.00382675844458809       0.0154601806175767       0.0750399336039415       0.0100054191024579       0.0100054191024576      0.00758360587851847
                     0.13        0.014694173232913       0.0146941732326766         0.27716603341365        0.345672836418209        0.345672836418209        0.345672836418209      0.00383366555541148       0.0154835271786532       0.0751121944040265       0.0100187412912934       0.0100187412912936      0.00759733987127819
                     0.13       0.0146764055519914       0.0146764055524009        0.277037962803225         0.34592296148074         0.34592296148074         0.34592296148074      0.00384058277150771       0.0155069058749037       0.0751845047068543       0.0100320765772034       0.0100320765772029      0.00761109278341882
                     0.13        0.014658680589307       0.0146586805890402        0.276909829448135        0.346173086543272        0.346173086543272        0.346173086543272      0.00384751010417234       0.0155303167326741       0.0752568644816681       0.0100454249698786       0.0100454249698788      0.00762486461805322
                     0.13       0.0146409982206945       0.0146409982214219        0.276781633789523        0.346423211605803        0.346423211605803        0.346423211605803       0.0038544475646763       0.0155537597783851       0.0753292736978166       0.0100587864790189       0.0100587864790181      0.00763865537832139
                     0.13       0.0146233583331837       0.0146233583334777        0.276653376282158        0.346673336668334        0.346673336668334        0.346673336668334      0.00386139516434938       0.0155772350383001       0.0754017323244442       0.0100721611143117       0.0100721611143113      0.00765246506711011
                     0.13       0.0146057608086453       0.0146057608081769        0.276525057376405        0.346923461730865        0.346923461730865        0.346923461730865      0.00386835291450439        0.015600742538737       0.0754742403307809       0.0100855488854498       0.0100855488854503      0.00766629368731125
                     0.13       0.0145882055293996       0.0145882055292719        0.276396677510488        0.347173586793397        0.347173586793397        0.347173586793397       0.0038753208264059       0.0156242823061492       0.0755467976862514       0.0100989498021251       0.0100989498021252      0.00768014124193333
                     0.13       0.0145706923782685       0.0145706923783845         0.27626823714628        0.347423711855928        0.347423711855928        0.347423711855928      0.00388229891141592       0.0156478543667323       0.0756194043599339       0.0101123638740288       0.0101123638740287      0.00769400773358736
                     0.13       0.0145532212415832        0.014553221241771         0.27613973672781        0.347673836918459        0.347673836918459        0.347673836918459      0.00388928718082668       0.0156714587468768       0.0756920603211918       0.0101257911108478       0.0101257911108476      0.00770789316508309
                     0.13       0.0145357919997363       0.0145357919990193        0.276011176717079         0.34792396198099         0.34792396198099         0.34792396198099       0.0038962856460027       0.0156950954727839       0.0757647655391317       0.0101392315222753       0.0101392315222761      0.00772179753891397
                     0.13       0.0145184045390575       0.0145184045398864        0.275882557552356        0.348174087043522        0.348174087043522        0.348174087043522      0.00390329431821664       0.0157187645709101       0.0758375199832347       0.0101526851179978       0.0101526851179968      0.00773572085785762
                     0.13       0.0145010587449318       0.0145010587449116        0.275753879696224        0.348424212106053        0.348424212106053        0.348424212106053      0.00391031320883903       0.0157424660674516       0.0759103236226267       0.0101661519077022       0.0101661519077022      0.00774966312428396
                     0.13       0.0144837545027642       0.0144837545025329         0.27562514359825        0.348674337168584        0.348674337168584        0.348674337168584      0.00391734232919044        0.015766199988746       0.0759831764266456       0.0101796319010755       0.0101796319010758      0.00776362434069299
                     0.13       0.0144664916961173       0.0144664916957261        0.275496349726616        0.348924462231116        0.348924462231116        0.348924462231116      0.00392438169066837       0.0157899663609316       0.0760560783643765       0.0101931251078062       0.0101931251078066      0.00777760450925853
                     0.13       0.0144492702131881       0.0144492702127526        0.275367498522127        0.349174587293647        0.349174587293647        0.349174587293647      0.00393143130456119       0.0158137652104458       0.0761290294053213       0.0102066315375775       0.0102066315375779      0.00779160363249247
                     0.13       0.0144320899385092       0.0144320899386032        0.275238590454236        0.349424712356178        0.349424712356178        0.349424712356178      0.00393849118227449       0.0158375965634159       0.0762020295185766       0.0102201512000762       0.0102201512000761      0.00780562171243548
                     0.13        0.014414950759563       0.0144149507596668        0.275109625979465        0.349674837418709        0.349674837418709        0.349674837418709      0.00394556133516387       0.0158614604461114       0.0762750786734524       0.0102336841049858       0.0102336841049857      0.00781965875125779
                     0.13       0.0143978525628509       0.0143978525630538        0.274980605552015        0.349924962481241        0.349924962481241        0.349924962481241       0.0039526417745773       0.0158853568848302       0.0763481768393131       0.0102472302619904       0.0102472302619902      0.00783371475110621
                     0.13       0.0143807952363174       0.0143807952366913        0.274851529631689        0.350175087543772        0.350175087543772        0.350175087543772      0.00395973251188651        0.015909285905809       0.0764213239854523       0.0102607896807725       0.0102607896807721      0.00784778971398946
                     0.13        0.014363778668185       0.0143637786680813        0.274722398691081        0.350425212606303        0.350425212606303        0.350425212606303      0.00396683355851722       0.0159332475351455       0.0764945200809996       0.0102743623710136       0.0102743623710137      0.00786188364167361
                     0.13       0.0143468027456937       0.0143468027451191        0.274593213180201        0.350675337668834        0.350675337668834        0.350675337668834      0.00397394492580637       0.0159572417991897       0.0765677650954479       0.0102879483423963        0.010287948342397      0.00787599653619538
                     0.13       0.0143298673570375       0.0143298673575722        0.274463973574021        0.350925462731366        0.350925462731366        0.350925462731366      0.00398106662519255        0.015981268724016       0.0766410589979315       0.0103015476046019       0.0103015476046014       0.0078901283991723
                     0.13       0.0143129723908324       0.0143129723906746        0.274334680319547        0.351175587793897        0.351175587793897        0.351175587793897      0.00398819866800382       0.0160053283360127       0.0767144017580307       0.0103151601673108        0.010315160167311      0.00790427923257139
                     0.13       0.0142961177371944        0.014296117736998        0.274205333897549        0.351425712856428        0.351425712856428        0.351425712856428       0.0039953410657068        0.016029420661192       0.0767877933448426       0.0103287860402016       0.0103287860402018      0.00791844903781227
                     0.13       0.0142793032836756       0.0142793032839586        0.274075934768741        0.351675837918959        0.351675837918959        0.351675837918959      0.00400249382968813       0.0160535457257944       0.0768612337277882       0.0103424252329553        0.010342425232955      0.00793263781654937
                     0.13       0.0142625289228957       0.0142625289232213        0.273946483396553        0.351925962981491        0.351925962981491        0.351925962981491       0.0040096569713492       0.0160777035560271       0.0769347228762747       0.0103560777552473        0.010356077755247      0.00794684557034121
                     0.13       0.0142457945422661       0.0142457945425883        0.273816980249124        0.352176088044022        0.352176088044022        0.352176088044022      0.00401683050211027       0.0161018941780529       0.0770082607596623       0.0103697436167582       0.0103697436167578      0.00796107230062133
                     0.13       0.0142291000338475       0.0142291000334288        0.273687425787508        0.352426213106553        0.352426213106553        0.352426213106553      0.00402401443336677       0.0161261176181102       0.0770818473474428       0.0103834228271633       0.0103834228271638      0.00797531800887024
                     0.13       0.0142124452873462       0.0142124452876086        0.273557820493721        0.352676338169085        0.352676338169085        0.352676338169085       0.0040312087766001       0.0161503739022091        0.077155482608829       0.0103971153961403         0.01039711539614      0.00798958269620639
                     0.13        0.014195830194333       0.0141958301944417        0.273428164829256        0.352926463231616        0.352926463231616        0.352926463231616      0.00403841354321038        0.016174663056589       0.0772291665133556       0.0104108213333646       0.0104108213333645      0.00800386636399138
                     0.13       0.0141792546465013       0.0141792546465011        0.273298459257161        0.353176588294147        0.353176588294147        0.353176588294147      0.00404562874460783       0.0161989851074726       0.0773028990305707        0.010424540648511        0.010424540648511      0.00801816901350839
                     0.13       0.0141627185363466       0.0141627185363394        0.273168704272318        0.353426713356678        0.353426713356678        0.353426713356678      0.00405285439233123       0.0162233400807323       0.0773766801295786       0.0104382733512534       0.0104382733512535        0.008032490645519
                     0.13       0.0141462217555192       0.0141462217548815        0.273038900322111         0.35367683841921         0.35367683841921         0.35367683841921      0.00406009049773163       0.0162477280027692       0.0774505097802115       0.0104520194512663        0.010452019451267      0.00804683126142355
                     0.13       0.0141297641945906        0.014129764194089        0.272909047888684        0.353926963481741        0.353926963481741        0.353926963481741       0.0040673370723013       0.0162721488996024        0.077524387951824        0.010465778958225       0.0104657789582255      0.00806119086205817
                     0.13       0.0141133457480065       0.0141133457479206         0.27277914743327        0.354177088544272        0.354177088544272        0.354177088544272      0.00407459412745206        0.016296602797481        0.077598314614103       0.0104795518818004       0.0104795518818005      0.00807556944850962
                     0.13       0.0140969663091923       0.0140969663087753        0.272649199449526        0.354427213606803        0.354427213606803        0.354427213606803      0.00408186167472591       0.0163210897222996       0.0776722897362934       0.0104933382316642       0.0104933382316646      0.00808996702133373
                     0.13       0.0140806257722387        0.014080625771617        0.272519204401426        0.354677338669335        0.354677338669335        0.354677338669335      0.00408913972555058       0.0163456097002811       0.0777463132881088       0.0105071380174872       0.0105071380174879      0.00810438358146598
                     0.13       0.0140643240279829         0.01406432402888        0.272389162765935        0.354927463731866        0.354927463731866        0.354927463731866      0.00409642829140609       0.0163701627575103       0.0778203852391024       0.0105209512489434       0.0105209512489425      0.00811881912959599
                     0.13       0.0140480609732522       0.0140480609726069        0.272259075009616        0.355177588794397        0.355177588794397        0.355177588794397      0.00410372738373499       0.0163947489201864       0.0778945055590151       0.0105347779357002       0.0105347779357009      0.00813327366651108
                     0.13       0.0140318365018439       0.0140318365019107          0.2721289416181        0.355427713856928        0.355427713856928        0.355427713856928      0.00411103701405776       0.0164193682142973       0.0779686742173385       0.0105486180874277       0.0105486180874276      0.00814774719266318
                     0.13        0.014015650508314       0.0140156505080953        0.271998763073903         0.35567783891946         0.35567783891946         0.35567783891946       0.0041183571938847       0.0164440206658716       0.0780428911836535       0.0105624717137953       0.0105624717137955      0.00816223970849478
                     0.13       0.0139995028864574       0.0139995028864902         0.27186853983694        0.355927963981991        0.355927963981991        0.355927963981991      0.00412568793463826       0.0164687063011889        0.078117156427892       0.0105763388244726       0.0105763388244726      0.00817675121472622
                     0.13       0.0139833935335954        0.013983393533939        0.271738272406233        0.356178089044522        0.356178089044522        0.356178089044522      0.00413302924789983        0.016493425146095       0.0781914699194626       0.0105902194291256       0.0105902194291252       0.0081912817114472
                     0.13       0.0139673223453524       0.0139673223456027        0.271607961241391        0.356428214107053        0.356428214107053        0.356428214107053      0.00414038114509639       0.0165181772268764       0.0782658316283762       0.0106041135374213       0.0106041135374211      0.00820583119927342
                     0.13       0.0139512892161933       0.0139512892166141        0.271477606834556        0.356678339169585        0.356678339169585        0.356678339169585      0.00414774363778633       0.0165429625694623       0.0783402415242154       0.0106180211590282       0.0106180211590278      0.00822039967828653
                     0.13       0.0139352940433388        0.013935294044082        0.271347209657343        0.356928464232116        0.356928464232116        0.356928464232116       0.0041551167374502       0.0165677812000091       0.0784146995768946       0.0106319423036114       0.0106319423036106      0.00823498714881656
                     0.13       0.0139193367241902       0.0139193367239634        0.271216770194646        0.357178589294647        0.357178589294647        0.357178589294647      0.00416250045562229       0.0165926331445287       0.0784892057561673       0.0106458769808354       0.0106458769808356      0.00824959361094324
                     0.13       0.0139034171542227       0.0139034171539643        0.271086288924823        0.357428714357179        0.357428714357179        0.357428714357179      0.00416989480381526       0.0166175184291081       0.0785637600319315       0.0106598252003668        0.010659825200367      0.00826421906478871
                     0.13       0.0138875352308738       0.0138875352311717        0.270955766335236         0.35767883941971         0.35767883941971         0.35767883941971      0.00417729979357893       0.0166424370797362       0.0786383623739869       0.0106737869718695       0.0106737869718692       0.0082788635102879
                     0.13       0.0138716908539591       0.0138716908537456         0.27082520290583        0.357928964482241        0.357928964482241        0.357928964482241      0.00418471543643768       0.0166673891224845       0.0787130127522827       0.0106877623050051       0.0106877623050053      0.00829352694743151
                     0.13       0.0138558839180395       0.0138558839179555        0.270694599114917        0.358179089544772        0.358179089544772        0.358179089544772      0.00419214174391051       0.0166923745834488       0.0787877111368287         0.01070175120944       0.0107017512094401      0.00830820937618078
                     0.13       0.0138401143225619       0.0138401143227511        0.270563955447959        0.358429214607304        0.358429214607304        0.358429214607304      0.00419957872754925       0.0167173934886443       0.0788624574975789       0.0107157536948356       0.0107157536948354      0.00832291079633747
                     0.13       0.0138243819677095       0.0138243819682689        0.270433272387381        0.358679339669835        0.358679339669835        0.358679339669835      0.00420702639889587       0.0167424458641209       0.0789372518045637        0.010729769770852       0.0107297697708514      0.00833763120769484
                     0.13       0.0138086867496838       0.0138086867501231        0.270302550423187        0.358929464732366        0.358929464732366        0.358929464732366      0.00421448476952464       0.0167675317358519       0.0790120940277587       0.0107437994471535        0.010743799447153      0.00835237060988034
                     0.13       0.0137930285688742       0.0137930285690727        0.270171790026325        0.359179589794897        0.359179589794897        0.359179589794897       0.0042219538509382        0.016792651130019       0.0790869841374411       0.0107578427333994       0.0107578427333992      0.00836712900275113
                     0.13       0.0137774073260603       0.0137774073257109        0.270040991696881        0.359429714857429        0.359429714857429        0.359429714857429      0.00422943365475738       0.0168178040724834       0.0791619221035279       0.0107718996392486        0.010771899639249      0.00838190638567864
                     0.13       0.0137618229177788       0.0137618229176262        0.269910155915096         0.35967983991996         0.35967983991996         0.35967983991996      0.00423692419252603       0.0168429905893329       0.0792369078962542       0.0107859701743642       0.0107859701743644      0.00839670275827607
                     0.13        0.013746275246391       0.0137462752464814        0.269779283165123        0.359929964982491        0.359929964982491        0.359929964982491      0.00424442547580857       0.0168682107066087       0.0793119414858486       0.0108000543484029       0.0108000543484028      0.00841151812004581
                     0.13       0.0137307642113867       0.0137307642109918        0.269648373930564        0.360180090045022        0.360180090045022        0.360180090045022      0.00425193751616889       0.0168934644503643       0.0793870228425899       0.0108141521710241       0.0108141521710245      0.00842635247044592
                     0.13       0.0137152897135742       0.0137152897144786        0.269517428699773        0.360430215107554        0.360430215107554        0.360430215107554      0.00425946032519339       0.0169187518465997        0.079462151936735       0.0108282636518857       0.0108282636518847      0.00844120580881128
                     0.13       0.0136998516535389       0.0136998516537619        0.269386447966576        0.360680340170085        0.360680340170085        0.360680340170085      0.00426699391449201       0.0169440729212605       0.0795373287385137       0.0108423888006454       0.0108423888006452      0.00845607813434283
                     0.13       0.0136844499332114       0.0136844499333952         0.26925543221128        0.360930465232616        0.360930465232616        0.360930465232616      0.00427453829562615       0.0169694277004399       0.0796125532183882       0.0108565276269595       0.0108565276269594      0.00847096944639081
                     0.13       0.0136690844534347       0.0136690844528634        0.269124381931114        0.361180590295148        0.361180590295148        0.361180590295148      0.00428209348022557       0.0169948162100495       0.0796878253466352       0.0108706801404851       0.0108706801404857      0.00848587974400111
                     0.13       0.0136537551161479       0.0136537551166346        0.268993297598432        0.361430715357679        0.361430715357679        0.361430715357679      0.00428965947982671       0.0170202384762762       0.0797631450939206       0.0108848463508778       0.0108848463508773      0.00850080902653902
                     0.13         0.01363846182246       0.0136384618224714        0.268862179715465         0.36168084042021         0.36168084042021         0.36168084042021      0.00429723630608447       0.0170456945249823       0.0798385124305455       0.0108990262677939       0.0108990262677939      0.00851575729287215
                     0.13       0.0136232044774992       0.0136232044777869        0.268731028765644        0.361930965482741        0.361930965482741        0.361930965482741      0.00430482397058643        0.017071184382234       0.0799139273271239       0.0109132199008854       0.0109132199008851      0.00853072454209728
                     0.13       0.0136079829808247       0.0136079829806689        0.268599845234823        0.362181090545273        0.362181090545273        0.362181090545273      0.00431242248492963       0.0170967080740815       0.0799893897542804       0.0109274272598096       0.0109274272598098      0.00854571077322379
                     0.13       0.0135927972368498       0.0135927972370176        0.268468629621537        0.362431215607804        0.362431215607804        0.362431215607804      0.00432003186076634       0.0171222656264303       0.0800648996825185       0.0109416483542189       0.0109416483542187      0.00856071598502008
                     0.13       0.0135776471484012       0.0135776471480206        0.268337382408624        0.362681340670335        0.362681340670335        0.362681340670335      0.00432765210968973       0.0171478570653662       0.0801404570826071       0.0109558831937666        0.010955883193767      0.00857574017643838
                     0.13       0.0135625326190351       0.0135625326191291        0.268206104086513        0.362931465732866        0.362931465732866        0.362931465732866      0.00433528324332683        0.017173482416891        0.080216061925263       0.0109701317881055       0.0109701317881054      0.00859078334626656
                     0.13       0.0135474535523715       0.0135474535523902        0.268074795149704        0.363181590795398        0.363181590795398        0.363181590795398       0.0043429252733228       0.0171991417069661       0.0802917141811953       0.0109843941468878       0.0109843941468877      0.00860584549318071
                     0.13       0.0135324098537548        0.013532409853387        0.267943456087173        0.363431715857929        0.363431715857929        0.363431715857929       0.0043505782113059       0.0172248349616141       0.0803674138212437       0.0109986702797637       0.0109986702797641      0.00862092661588911
                     0.13       0.0135174014259211       0.0135174014264374        0.267812087386686         0.36368184092046         0.36368184092046         0.36368184092046      0.00435824206890241       0.0172505622068763       0.0804431608163164       0.0110129601963861       0.0110129601963856      0.00863602671306802
                     0.13       0.0135024281743337       0.0135024281746861         0.26768068954241        0.363931965982991        0.363931965982991        0.363931965982991      0.00436591685776734       0.0172763234687251       0.0805189551372896       0.0110272639064047       0.0110272639064043      0.00865114578324741
                     0.13       0.0134874900046146       0.0134874900047275        0.267549263049174        0.364182091045523        0.364182091045523        0.364182091045523      0.00437360258956146       0.0173021187731265       0.0805947967550774       0.0110415814194686       0.0110415814194685      0.00866628382489716
                     0.13       0.0134725868194995       0.0134725868195452        0.267417808394148        0.364432216108054        0.364432216108054        0.364432216108054      0.00438129927591967       0.0173279481461385       0.0806706856407651         0.01105591274523       0.0110559127452299      0.00868144083655251
                     0.13       0.0134577185269592       0.0134577185274784        0.267286326066004        0.364682341170585        0.364682341170585        0.364682341170585      0.00438900692848698       0.0173538116137989       0.0807466217654591       0.0110702578933353       0.0110702578933347      0.00869661681667654
                     0.13       0.0134428850318739       0.0134428850320651        0.267154816569608        0.364932466233117        0.364932466233117        0.364932466233117      0.00439672555897297        0.017379709201974       0.0808226051001056       0.0110846168734338       0.0110846168734336      0.00871181176343911
                     0.13       0.0134280862409232       0.0134280862410719        0.267023280384162        0.365182591295648        0.365182591295648        0.365182591295648      0.00440445517899387       0.0174056409368147       0.0808986356160604       0.0110989896951728       0.0110989896951727      0.00872702567534712
                     0.13       0.0134133220581739       0.0134133220583276        0.266891718009896        0.365432716358179        0.365432716358179        0.365432716358179      0.00441219580024852        0.017431606844245       0.0809747132844442       0.0111133763682022        0.011113376368202      0.00874225855054171
                     0.13       0.0133985923927108       0.0133985923926408        0.266760129928924         0.36568284142071         0.36568284142071         0.36568284142071      0.00441994743437196       0.0174576069503882        0.081050838076683       0.0111277769021663       0.0111277769021663       0.0087575103873882
                     0.13       0.0133838971501785       0.0133838971504922        0.266628516646404        0.365932966483242        0.365932966483242        0.365932966483242      0.00442771009308983       0.0174836412811178       0.0811270099639442       0.0111421913067127       0.0111421913067123      0.00877278118385565
                     0.13        0.013369236237501       0.0133692362375193        0.266496878650566        0.366183091545773        0.366183091545773        0.366183091545773      0.00443548378806777       0.0175097098624986       0.0812032289176916       0.0111566195914876       0.0111566195914876      0.00878807093811987
                     0.13       0.0133546095627159       0.0133546095631082        0.266365216429889        0.366433216608304        0.366433216608304        0.366433216608304      0.00444326853097514       0.0175358127205932       0.0812794949094289       0.0111710617661359       0.0111710617661355      0.00880337964830466
                     0.13        0.013340017035237        0.013340017034367        0.266233530491394        0.366683341670835        0.366683341670835        0.366683341670835      0.00445106433355746       0.0175619498812624       0.0813558079104818       0.0111855178403006       0.0111855178403015      0.00881870731220549
                     0.13       0.0133254585588432       0.0133254585584863        0.266101821308319        0.366933466733367        0.366933466733367        0.366933466733367       0.0044588712074337       0.0175881213707484        0.081432167892688       0.0111999878236304       0.0111999878236308      0.00883405392808049
                     0.13       0.0133109340440956       0.0133109340442464        0.265970089394275        0.367183591795898        0.367183591795898        0.367183591795898      0.00446668916438149        0.017614327214844       0.0815085748273954        0.011214471725767       0.0112144717257669      0.00884941949352953
                     0.13       0.0132964434000497       0.0132964433997787        0.265838335229056        0.367433716858429        0.367433716858429        0.367433716858429      0.00447451821605391       0.0176405674397225       0.0815850286864749       0.0112289695563532       0.0112289695563535      0.00886480400661641
                     0.13        0.013281986534488       0.0132819865344763        0.265706559312784         0.36768384192096         0.36768384192096         0.36768384192096      0.00448235837418476       0.0176668420713347       0.0816615294415796       0.0112434813250329       0.0112434813250329      0.00888020746504992
                     0.13       0.0132675633560957       0.0132675633563818        0.265574762132636        0.367933966983492        0.367933966983492        0.367933966983492      0.00449020965046295       0.0176931511357792       0.0817380770646019       0.0112580070414489       0.0112580070414486      0.00889562986668777
                     0.13       0.0132531737755145       0.0132531737758154        0.265442944182439        0.368184092046023        0.368184092046023        0.368184092046023      0.00449807205660678       0.0177194946590821       0.0818146715274012       0.0112725467152419       0.0112725467152416      0.00891107120923994
                     0.13       0.0132388177016301       0.0132388177016329        0.265311105966049        0.368434217108554        0.368434217108554        0.368434217108554      0.00450594560437663       0.0177458726671635       0.0818913128017708       0.0112871003560539       0.0112871003560539      0.00892653149021744
                     0.13       0.0132244950433467        0.013224495042928        0.265179247968497        0.368684342171086        0.368684342171086        0.368684342171086      0.00451383030546568       0.0177722851861562       0.0819680008598188       0.0113016679735271       0.0113016679735275      0.00894201070737022
                     0.13       0.0132102057111775       0.0132102057114847        0.265047370684082        0.368934467233617        0.368934467233617        0.368934467233617      0.00452172617160586       0.0177987322420915       0.0820447356735837       0.0113162495773013        0.011316249577301      0.00895750885826129
                     0.13       0.0131959496163215       0.0131959496164317        0.264915474615568        0.369184592296148        0.369184592296148        0.369184592296148       0.0045296332145667       0.0178252138609116       0.0821215172150692       0.0113308451770159       0.0113308451770158      0.00897302594027875
                     0.13       0.0131817266686594       0.0131817266688638        0.264783560245278        0.369434717358679        0.369434717358679        0.369434717358679      0.00453755144604297       0.0178517300687893       0.0821983454566019       0.0113454547823111       0.0113454547823109      0.00898856195107541
                     0.13       0.0131675367795591       0.0131675367795423         0.26465162807031        0.369684842421211        0.369684842421211        0.369684842421211      0.00454548087779068       0.0178782808917365       0.0822752203703843       0.0113600784028255       0.0113600784028256      0.00900411688803373
                     0.13       0.0131533798589824       0.0131533798584366        0.264519678585239        0.369934967483742        0.369934967483742        0.369934967483742      0.00455342152155998       0.0179048663557984       0.0823521419287164        0.011374716048199       0.0113747160481995      0.00901969074852897
                     0.13       0.0131392558189622       0.0131392558182796        0.264387712288971        0.370185092546273        0.370185092546273        0.370185092546273      0.00456137338912176       0.0179314864869734       0.0824291101039022       0.0113893677280689       0.0113893677280696        0.009035283529825
                     0.13       0.0131251645708914       0.0131251645706296        0.264255729660183        0.370435217608804        0.370435217608804        0.370435217608804      0.00456933649217576       0.0179581413114897       0.0825061248685867       0.0114040334520733       0.0114040334520736       0.0090508952294487
                     0.13       0.0131111060267497       0.0131111060263754        0.264123731210961        0.370685342671336        0.370685342671336        0.370685342671336      0.00457731084255101       0.0179848308552084       0.0825831861950349       0.0114187132298493       0.0114187132298497      0.00906652584437301
                     0.13       0.0130970800983305       0.0130970800986308        0.263991717425257        0.370935467733867        0.370935467733867        0.370935467733867      0.00458529645197521       0.0180115551443065       0.0826602940559488        0.011433407071034       0.0114334070710337      0.00908217537195481
                     0.13       0.0130830866985985       0.0130830866985273        0.263859688785952        0.371185592796398        0.371185592796398        0.371185592796398      0.00459329333217685       0.0180383142049773       0.0827374484241146       0.0114481149852631       0.0114481149852631      0.00909784380952309
                     0.13       0.0130691257403592       0.0130691257404553        0.263727645810622        0.371435717858929        0.371435717858929        0.371435717858929      0.00460130149501918       0.0180651080630313       0.0828146492719289       0.0114628369821722       0.0114628369821721      0.00911353115383301
                     0.13       0.0130551971356225       0.0130551971359053        0.263595588980529        0.371685842921461        0.371685842921461        0.371685842921461      0.00460932095223357       0.0180919367446886       0.0828918965723374       0.0114775730713978       0.0114775730713975      0.00912923740214976
                     0.13       0.0130413007980794       0.0130413007976983        0.263463518778624        0.371935967983992        0.371935967983992        0.371935967983992      0.00461735171556167       0.0181188002761538       0.0829691902983231        0.011492323262574       0.0114923232625744      0.00914496255166921
                     0.13        0.013027436640354       0.0130274366409847        0.263331435713863        0.372186093046523        0.372186093046523        0.372186093046523      0.00462539379684813       0.0181456986833455       0.0830465304226054       0.0115070875653363       0.0115070875653357      0.00916070659914614
                     0.13       0.0130136045759476       0.0130136045763019        0.263199340267799        0.372436218109054        0.372436218109054        0.372436218109054      0.00463344720783888       0.0181726319924941       0.0831239169183308       0.0115218659893187       0.0115218659893184      0.00917646954171073
                     0.13       0.0129998045206486       0.0129998045210215        0.263067232938961        0.372686343171586        0.372686343171586        0.372686343171586      0.00464151196034875       0.0181996002296403       0.0832013497584891        0.011536658544153       0.0115366585441526      0.00919225137619042
                     0.13        0.012986036386972       0.0129860363868947        0.262935114215906        0.372936468234117        0.372936468234117        0.372936468234117      0.00464958806615893       0.0182266034209453       0.0832788289162742       0.0115514652394738       0.0115514652394739      0.00920805209952219
                     0.13       0.0129723000895858       0.0129723000899135          0.2628029846011        0.373186593296648        0.373186593296648        0.373186593296648      0.00465767553710852       0.0182536415924169       0.0833563543647736       0.0115662860849136       0.0115662860849132      0.00922387170838722
                     0.13       0.0129585955429725       0.0129585955429789        0.262670844566451         0.37343671835918         0.37343671835918         0.37343671835918      0.00466577438492553        0.018280714770409       0.0834339260775303       0.0115811210901047       0.0115811210901047      0.00923971019989236
                     0.13       0.0129449226616386       0.0129449226615499        0.262538694621944        0.373686843421711        0.373686843421711        0.373686843421711      0.00467388462148626       0.0183078229808554       0.0835115440276778       0.0115959702646793       0.0115959702646794      0.00925556757051867
                     0.13         0.01293128136096       0.0129312813612193        0.262406535254813        0.373936968484242        0.373936968484242        0.373936968484242      0.00468200625858682       0.0183349662499473       0.0835892081887128       0.0116108336182685       0.0116108336182682      0.00927144381705373
                     0.13       0.0129176715569035       0.0129176715570677        0.262274366956294        0.374187093546773        0.374187093546773        0.374187093546773      0.00469013930804262        0.018362144603836       0.0836669185341497       0.0116257111605026       0.0116257111605024      0.00928733893618191
                     0.13       0.0129040931635832       0.0129040931637533        0.262142190206068        0.374437218609305        0.374437218609305        0.374437218609305      0.00469828378163004       0.0183893580688076       0.0837446750377199       0.0116406029010134       0.0116406029010133      0.00930325292472344
                     0.13       0.0128905460987101       0.0128905460987099        0.262010005513734        0.374687343671836        0.374687343671836        0.374687343671836      0.00470643969124405       0.0184166066708169       0.0838224776728571       0.0116555088494293       0.0116555088494293      0.00931918577899773
                     0.13       0.0128770302766738       0.0128770302764191        0.261877813365756        0.374937468734367        0.374937468734367        0.374937468734367      0.00471460704869624       0.0184438904360844       0.0839003264133556       0.0116704290153815       0.0116704290153817      0.00933513749563812
                     0.13       0.0128635456147852       0.0128635456147668        0.261745614243024        0.375187593796898        0.375187593796898        0.375187593796898      0.00472278586578321       0.0184712093908944        0.083978221233152       0.0116853634084981       0.0116853634084981      0.00935110807132284
                     0.13       0.0128500920281326       0.0128500920284145        0.261613408645192         0.37543771885943         0.37543771885943         0.37543771885943      0.00473097615437633       0.0184985635613303       0.0840561621060278       0.0117003120384093       0.0117003120384091      0.00936709750240097
                     0.13        0.012836669435105       0.0128366694350048        0.261481197052816        0.375687843921961        0.375687843921961        0.375687843921961      0.00473917792628108         0.01852595297369       0.0841341490060725        0.011715274914742       0.0117152749147421      0.00938310578547481
                     0.13       0.0128232777528987       0.0128232777530831        0.261348979964661        0.375937968984492        0.375937968984492        0.375937968984492      0.00474739119337526       0.0185533776540741        0.084212181907221       0.0117302520471237       0.0117302520471235      0.00939913291682619
                     0.13       0.0128099168963716         0.01280991689601        0.261216757869776        0.376188094047023        0.376188094047023        0.376188094047023      0.00475561596750612       0.0185808376287005       0.0842902607836192       0.0117452434451843       0.0117452434451847      0.00941517889284641
                     0.13       0.0127965867853128       0.0127965867854999         0.26108453124974        0.376438219109555        0.376438219109555        0.376438219109555      0.00476385226049772       0.0186083329238689        0.084368385609561       0.0117602491185487       0.0117602491185485      0.00943124371000207
                     0.13       0.0127832873365365        0.012783287336381        0.260952300593546        0.376688344172086        0.376688344172086        0.376688344172086      0.00477210008420693       0.0186358635658066       0.0844465563593378       0.0117752690768442       0.0117752690768444      0.00944732736460615
                     0.13       0.0127700184682375        0.012770018467447         0.26082006640008        0.376938469234617        0.376938469234617        0.376938469234617      0.00478035945053292        0.018663429580634       0.0845247730071932       0.0117903033296969       0.0117903033296977      0.00946342985277959
                     0.13       0.0127567800973348       0.0127567800976142        0.260687829150658        0.377188594297149        0.377188594297149        0.377188594297149      0.00478863037131412       0.0186910309946728       0.0846030355276615       0.0118053518867339       0.0118053518867336      0.00947955117087519
                     0.13       0.0127435721449234       0.0127435721443914        0.260555589325728         0.37743871935968         0.37743871935968         0.37743871935968      0.00479691285839169       0.0187186678342585        0.084681343895366       0.0118204147575777       0.0118204147575783      0.00949569131522048
                     0.13       0.0127303945267469       0.0127303945269264        0.260423347428679        0.377688844422211        0.377688844422211        0.377688844422211      0.00480520692369657       0.0187463401254794       0.0847596980847285       0.0118354919518563       0.0118354919518562      0.00951185028175013
                     0.13       0.0127172471627268       0.0127172471625203        0.260291103937861        0.377938969484742        0.377938969484742        0.377938969484742      0.00481351257907231       0.0187740478947063       0.0848380980705541       0.0118505834791932       0.0118505834791934      0.00952802806674704
                     0.13       0.0127041299727711       0.0127041299731159        0.260158859340944        0.378189094547274        0.378189094547274        0.378189094547274      0.00482182983640228         0.01880179116821       0.0849165438276066       0.0118656893492117       0.0118656893492114      0.00954422466631203
                     0.13       0.0126910428752484       0.0126910428753126        0.260026614104595        0.378439219609805        0.378439219609805        0.378439219609805      0.00483015870749731       0.0188295699725043       0.0849950353309903       0.0118808095715364       0.0118808095715364      0.00956044007683301
                     0.13       0.0126779857905676       0.0126779857906793        0.259894368754586        0.378689344672336        0.378689344672336        0.378689344672336      0.00483849920439301       0.0188573843334478        0.085073572555171       0.0118959441557899       0.0118959441557898      0.00957667429374588
                     0.13       0.0126649586374831       0.0126649586374768        0.259762123734796        0.378939469734867        0.378939469734867        0.378939469734867      0.00484685133882642       0.0188852342778187       0.0851521554756822       0.0119110931115961       0.0119110931115961      0.00959292731371611
                     0.13       0.0126519613349933       0.0126519613356073        0.259629879562484        0.379189594797399        0.379189594797399        0.379189594797399      0.00485521512281135       0.0189131198315838       0.0852307840672502       0.0119262564485784       0.0119262564485778      0.00960919913223643
                     0.13        0.012638993806861       0.0126389938069731         0.25949763670198         0.37943971985993         0.37943971985993         0.37943971985993      0.00486359056817294       0.0189410410213014       0.0853094583053218       0.0119414341763555       0.0119414341763554        0.009625489745582
                     0.13        0.012626055970347       0.0126260559701596        0.259365395649358        0.379689844922461        0.379689844922461        0.379689844922461      0.00487197768685722       0.0189689978731879        0.085388178165042       0.0119566263045523       0.0119566263045525      0.00964179914949966
                     0.13       0.0126131477473785       0.0126131477467647        0.259233156877483        0.379939969984992        0.379939969984992        0.379939969984992      0.00488037649073105       0.0189969904137201       0.0854669436219118       0.0119718328427887       0.0119718328427893       0.0096581273400595
                     0.13       0.0126002690580512       0.0126002690578105        0.259100920874473        0.380190095047524        0.380190095047524        0.380190095047524      0.00488878699172258       0.0190250186692128       0.0855457546513308       0.0119870538006866       0.0119870538006868        0.009674474313059
                     0.13        0.012587419824796        0.012587419824098        0.258968688129013        0.380440220110055        0.380440220110055        0.380440220110055      0.00489720920176834       0.0190530826659796       0.0856246112287771        0.012002289187865       0.0120022891878657      0.00969084006425073
                     0.13       0.0125745999670741       0.0125745999671384        0.258836459113703        0.380690345172586        0.380690345172586        0.380690345172586      0.00490564313275066       0.0190811824305208       0.0857035133300003       0.0120175390139461        0.012017539013946      0.00970722458960123
                     0.13       0.0125618094083869       0.0125618094082117        0.258704234310275        0.380940470235118        0.380940470235118        0.380940470235118      0.00491408879659089       0.0191093179892393       0.0857824609307167       0.0120328032885475       0.0120328032885477       0.0097236278848999
                     0.13       0.0125490480695839       0.0125490480695779        0.258572014206976        0.381190595297649        0.381190595297649        0.381190595297649      0.00492254620524035       0.0191374893684734       0.0858614540066535       0.0120480820212896       0.0120480820212896      0.00974004994579971
                     0.13       0.0125363158724146       0.0125363158725124        0.258439799278736         0.38144072036018         0.38144072036018         0.38144072036018      0.00493101537060699       0.0191656965947159       0.0859404925337776       0.0120633752217915       0.0120633752217914      0.00975649076812547
                     0.13        0.012523612739523       0.0125236127398804        0.258307590008363        0.381690845422711        0.381690845422711        0.381690845422711      0.00493949630463345       0.0191939396943774       0.0860195764880431       0.0120786828996713        0.012078682899671      0.00977295034754494
                     0.13       0.0125109385931534       0.0125109385934965           0.258175386868        0.381940970485243        0.381940970485243        0.381940970485243      0.00494798901922892       0.0192222186939949       0.0860987058456137       0.0120940050645475       0.0120940050645471      0.00978942867985728
                     0.13       0.0124982933562142       0.0124982933561989        0.258043190351846        0.382191095547774        0.382191095547774        0.382191095547774      0.00495649352638941       0.0192505336198657       0.0861778805824787       0.0121093417260374       0.0121093417260374      0.00980592576048422
                     0.13       0.0124856769505165        0.012485676950675        0.257911000914028        0.382441220610305        0.382441220610305        0.382441220610305      0.00496500983796928       0.0192788844987405        0.086257100675175       0.0121246928937596       0.0121246928937595      0.00982244158543722
                     0.13        0.012473089301043       0.0124730893006281        0.257778819060205        0.382691345672836        0.382691345672836        0.382691345672836      0.00497353796601839       0.0193072713568016       0.0863363660997269       0.0121400585773292       0.0121400585773296      0.00983897614989177
                     0.13       0.0124605303296988       0.0124605303292432        0.257646645248623        0.382941470735368        0.382941470735368        0.382941470735368      0.00498207792241784       0.0193356942207677       0.0864156768327899       0.0121554387863642       0.0121554387863646      0.00985552944972818
                     0.13        0.012447999960315       0.0124479999599692        0.257514479960952        0.383191595797899        0.383191595797899        0.383191595797899      0.00499062971914116       0.0193641531171027       0.0864950328508364       0.0121708335304805       0.0121708335304808      0.00987210148042871
                     0.13       0.0124354981163348       0.0124354981162368         0.25738232367562         0.38344172086043         0.38344172086043         0.38344172086043      0.00499919336815513       0.0193926480723142       0.0865744341304559       0.0121862428192942       0.0121862428192943      0.00988869223749318
                     0.13       0.0124230247216967       0.0124230247219638        0.257250176865216        0.383691845922961        0.383691845922961        0.383691845922961      0.00500776888141184       0.0194211791129812       0.0866538806483949       0.0122016666624209       0.0122016666624206      0.00990530171647967
                     0.13       0.0124105797019141       0.0124105797015055        0.257118040000636        0.383941970985493        0.383941970985493        0.383941970985493      0.00501635627086297        0.019449746265708       0.0867333723814999       0.0122171050694743       0.0122171050694747      0.00992192991294032
                     0.13       0.0123981629791073       0.0123981629790472        0.256985913559276        0.384192096048024        0.384192096048024        0.384192096048024      0.00502495554848949       0.0194783495570358       0.0868129093066303       0.0122325580500713       0.0122325580500714      0.00993857682229361
                     0.13       0.0123857744797019       0.0123857744793496        0.256853798023343        0.384442221110555        0.384442221110555        0.384442221110555      0.00503356672629612       0.0195069890134572       0.0868924914006728       0.0122480256138246        0.012248025613825      0.00995524243985088
                     0.13       0.0123734141280525       0.0123734141280468        0.256721693859078        0.384692346173087        0.384692346173087        0.384692346173087      0.00504218981623562       0.0195356646616505       0.0869721186407858       0.0122635077703485       0.0122635077703485      0.00997192676114097
                     0.13       0.0123610818478659       0.0123610818480334        0.256589601530281        0.384942471235618        0.384942471235618        0.384942471235618      0.00505082483025772       0.0195643765283306       0.0870517910042422       0.0122790045292579       0.0122790045292578      0.00998862978169961
                     0.13       0.0123487775659456       0.0123487775661937        0.256457521524089        0.385192596298149        0.385192596298149        0.385192596298149      0.00505947178040327       0.0195931246399567       0.0871315084681307       0.0122945159001645       0.0122945159001643       0.0100053514966666
                     0.13       0.0123365012071693       0.0123365012067471        0.256325454291293         0.38544272136068         0.38544272136068         0.38544272136068      0.00506813067858711       0.0196219090234025       0.0872112710100428       0.0123100418926817       0.0123100418926821        0.010022091901719
                     0.13       0.0123242526969207       0.0123242526963067        0.256193400317715        0.385692846423212        0.385692846423212        0.385692846423212      0.00507680153685698       0.0196507297051582       0.0872910786072543       0.0123255825164223       0.0123255825164229       0.0100388509919553
                     0.13       0.0123120319612321       0.0123120319613769        0.256061360078571        0.385942971485743        0.385942971485743        0.385942971485743      0.00508548436722868       0.0196795867118399       0.0873709312372523       0.0123411377809982        0.012341137780998       0.0100556287626095
                     0.13        0.012299838926759       0.0122998389260796        0.255929334017164        0.386193096548274        0.386193096548274        0.386193096548274      0.00509417918160914       0.0197084800704271       0.0874508288779742       0.0123567076960205       0.0123567076960212       0.0100724252093847
                     0.13       0.0122876735180905       0.0122876735174205        0.255797322628711        0.386443221610805        0.386443221610805        0.386443221610805      0.00510288599209818       0.0197374098073298       0.0875307715068531       0.0123722922711024       0.0123722922711031       0.0100892403271416
                     0.13       0.0122755356625447        0.012275535662792          0.2556653263647        0.386693346673337        0.386693346673337        0.386693346673337      0.00511160481064445       0.0197663759494508       0.0876107591019019       0.0123878915158541       0.0123878915158538       0.0101060741113958
                     0.13       0.0122634252877557       0.0122634252880977        0.255533345691233        0.386943471735868        0.386943471735868        0.386943471735868        0.005120335649256        0.019795378523539        0.087690791641061       0.0124035054398852       0.0124035054398849       0.0101229265574047
                     0.13       0.0122513423192957       0.0122513423191011        0.255401381080074        0.387193596798399        0.387193596798399        0.387193596798399      0.00512907851996675       0.0198244175562899       0.0877708691022925       0.0124191340528075       0.0124191340528077       0.0101397976603078
                     0.13       0.0122392866852729       0.0122392866852718        0.255269433007923         0.38744372186093         0.38744372186093         0.38744372186093      0.00513783343483488       0.0198534930743492       0.0878509914635876       0.0124347773642298       0.0124347773642298       0.0101566874151382
                     0.13       0.0122272583118425       0.0122272583114184        0.255137501912363        0.387693846923462        0.387693846923462        0.387693846923462      0.00514660040578455       0.0198826051048093       0.0879311587034709       0.0124504353837629       0.0124504353837634       0.0101735958175138
                     0.13       0.0122152571266905       0.0122152571266808        0.255005588270596        0.387943971985993        0.387943971985993        0.387943971985993      0.00515537944488835       0.0199117536743274       0.0880113708001048       0.0124661081210159       0.0124661081210159       0.0101905228624026
                     0.13       0.0122032830581278       0.0122032830582742        0.254873692547173        0.388194097048524        0.388194097048524        0.388194097048524      0.00516417056418003       0.0199409388097107       0.0880916277318856       0.0124817955855971       0.0124817955855969       0.0102074685449432
                     0.13       0.0121913360337519       0.0121913360335134        0.254741815203017        0.388444222111056        0.388444222111056        0.388444222111056      0.00517297377568671       0.0199701605378159       0.0881719294773396       0.0124974977871153       0.0124974977871155       0.0102244328603029
                     0.13       0.0121794159812474       0.0121794159813981        0.254609956699297        0.388694347173587        0.388694347173587        0.388694347173587      0.00518178909144247       0.0199994188855043       0.0882522760150747        0.012513214735179       0.0125132147351789       0.0102414158036177
                     0.13       0.0121675228298263       0.0121675228297489        0.254478117500814        0.388944472236118        0.388944472236118        0.388944472236118      0.00519061652350117       0.0200287138796057       0.0883326673237507       0.0125289464393954       0.0125289464393955        0.010258417369939
                     0.13       0.0121556565061688       0.0121556565059233        0.254346298053014        0.389194597298649        0.389194597298649        0.389194597298649      0.00519945608385334       0.0200580455471754       0.0884131033823283       0.0125446929093736       0.0125446929093738       0.0102754375545955
                     0.13       0.0121438169406674       0.0121438169407446        0.254214498831436        0.389444722361181        0.389444722361181        0.389444722361181      0.00520830778460457       0.0200874139149394       0.0884935841695271       0.0125604541547192       0.0125604541547191       0.0102924763524157
                     0.13       0.0121320040621449        0.012132004061965        0.254082720285174        0.389694847423712        0.389694847423712        0.389694847423712      0.00521717163777217       0.0201168190099289       0.0885741096644498        0.012576230185039       0.0125762301850392       0.0103095337586175
                     0.13       0.0121202177975335       0.0121202177981927        0.253950962866726        0.389944972486243        0.389944972486243        0.389944972486243      0.00522604765539096       0.0201462608591471       0.0886546798462423       0.0125920210099416        0.012592021009941       0.0103266097683389
                     0.13       0.0121084580790044       0.0121084580786802        0.253819227041252        0.390195097548774        0.390195097548774        0.390195097548774       0.0052349358495491       0.0201757394894624       0.0887352946940096       0.0126078266390304       0.0126078266390307       0.0103437043764924
                     0.13       0.0120967248347805       0.0120967248345371        0.253687513266057        0.390445222611306        0.390445222611306        0.390445222611306      0.00524383623231257       0.0202052549278408       0.0888159541870294       0.0126236470819123       0.0126236470819125       0.0103608175780886
                     0.13         0.01208501799377        0.012085017993865        0.253555821983823        0.390695347673837        0.390695347673837        0.390695347673837      0.00525274881570174       0.0202348072014215       0.0888966583048286       0.0126394823481936       0.0126394823481935       0.0103779493683423
                     0.13       0.0120733374862735       0.0120733374867518        0.253424153659747        0.390945472736368        0.390945472736368        0.390945472736368      0.00526167361182403       0.0202643963371009       0.0889774070267803       0.0126553324474789       0.0126553324474784       0.0103950997420887
                     0.13       0.0120616832435492       0.0120616832432375        0.253292508748493        0.391195597798899        0.391195597798899        0.391195597798899      0.00527061063275605       0.0202940223619014       0.0890582003324621       0.0126711973893719       0.0126711973893722       0.0104122686943037
                     0.13       0.0120500551940227       0.0120500551940124        0.253160887688209        0.391445722861431        0.391445722861431        0.391445722861431        0.005279559890522       0.0203236853030399       0.0891390382017175       0.0126870771834788       0.0126870771834788       0.0104294562201988
                     0.13       0.0120384532690555       0.0120384532689099        0.253029290938906        0.391695847923962        0.391695847923962        0.391695847923962      0.00528852139723104       0.0203533851874984       0.0892199206142492       0.0127029718394028        0.012702971839403        0.010446662314616
                     0.13       0.0120268773992914       0.0120268773992915         0.25289771895574        0.391945972986493        0.391945972986493        0.391945972986493      0.00529749516498174       0.0203831220423226       0.0893008475499025       0.0127188813667478       0.0127188813667478       0.0104638869724498
                     0.13       0.0120153275156457       0.0120153275156545        0.252766172173444        0.392196098049024        0.392196098049024        0.392196098049024      0.00530648120580626       0.0204128958947948       0.0893818189888256        0.012734805775117        0.012734805775117       0.0104811301888928
                     0.13       0.0120038035476935       0.0120038035476208        0.252634651053963        0.392446223111556        0.392446223111556        0.392446223111556      0.00531547953184026       0.0204427067719061        0.089462834910974        0.012750745074115        0.012750745074115       0.0104983919586842
                     0.13       0.0119923054283419       0.0119923054284041        0.252503156033832        0.392696348174087        0.392696348174087        0.392696348174087      0.00532449015513695       0.0204725547009363       0.0895438952966612       0.0127666992733429       0.0127666992733429        0.010515672276941
                     0.13       0.0119808330886205       0.0119808330890105        0.252371687572875        0.392946473236618        0.392946473236618        0.392946473236618      0.00533351308783771       0.0205024397089183       0.0896250001260438       0.0127826683824036       0.0127826683824033       0.0105329711383889
                     0.13       0.0119693864607212       0.0119693864605484        0.252240246109299         0.39319659829915         0.39319659829915         0.39319659829915      0.00534254834201518       0.0205323618231349       0.0897061493796032       0.0127986524108987       0.0127986524108988        0.010550288538072
                     0.13       0.0119579654747204       0.0119579654748238        0.252108832089513        0.393446723361681        0.393446723361681        0.393446723361681      0.00535159592977709       0.0205623210707883       0.0897873430378218       0.0128146513684315       0.0128146513684314       0.0105676244708822
                     0.13       0.0119465700635176       0.0119465700636866        0.251977445946015        0.393696848424212        0.393696848424212        0.393696848424212      0.00536065586318942       0.0205923174792443        0.089868581081419       0.0128306652646027       0.0128306652646025       0.0105849789319086
                     0.13       0.0119352001600796       0.0119352001599189        0.251846088148169        0.393946973486743        0.393946973486743        0.393946973486743      0.00536972815445474       0.0206223510754687        0.089949863490819       0.0128466941090127       0.0128466941090128       0.0106023519156353
                     0.13       0.0119238556950031       0.0119238556952463        0.251714759112398        0.394197098549275        0.394197098549275        0.394197098549275        0.005378812815596       0.0206524218870276       0.0900311902470936       0.0128627379112639       0.0128627379112637       0.0106197434173613
                     0.13       0.0119125366017292       0.0119125366020329        0.251583459284425        0.394447223611806        0.394447223611806        0.394447223611806       0.0053879098587464       0.0206825299411703       0.0901125613310977       0.0128787966809561       0.0128787966809558       0.0106371534319005
                     0.13       0.0119012428132614       0.0119012428130244        0.251452189112207        0.394697348674337        0.394697348674337        0.394697348674337       0.0053970192960537       0.0207126752651317       0.0901939767237544       0.0128948704276891       0.0128948704276893       0.0106545819540101
                     0.13        0.011889974262098       0.0118899742623516        0.251320949031053        0.394947473736868        0.394947473736868        0.394947473736868       0.0054061411396289       0.0207428578862976       0.0902754364062151       0.0129109591610633        0.012910959161063        0.010672028978626
                     0.13       0.0118787308815519       0.0118787308820242         0.25118973948229          0.3951975987994          0.3951975987994          0.3951975987994      0.00541527540161033        0.020773077831998       0.0903569403596564       0.0129270628906779       0.0129270628906775       0.0106894945005677
                     0.13       0.0118675126049096        0.011867512604781        0.251058560896769        0.395447723861931        0.395447723861931        0.395447723861931      0.00542442209410673       0.0208033351296899       0.0904384885654555       0.0129431816261323       0.0129431816261324       0.0107069785147999
                     0.13       0.0118563193652171       0.0118563193651565        0.250927413703051        0.395697848924462        0.395697848924462        0.395697848924462      0.00543358122922592       0.0208336298068655       0.0905200810051027       0.0129593153770258       0.0129593153770258       0.0107244810163032
                     0.13       0.0118451510964664       0.0118451510962948        0.250796298360458        0.395947973986993        0.395947973986993        0.395947973986993      0.00544275281919045       0.0208639618906868       0.0906017176598681       0.0129754641529566       0.0129754641529567       0.0107420019995506
                     0.13       0.0118340077316431       0.0118340077318815        0.250665215282546        0.396198099049525        0.396198099049525        0.396198099049525      0.00545193687606996        0.020894331408835       0.0906833985115836       0.0129916279635238       0.0129916279635236         0.01075954145972
                     0.13       0.0118228892069762       0.0118228892069874        0.250534164909221        0.396448224112056        0.396448224112056        0.396448224112056      0.00546113341203319       0.0209247383887075       0.0907651235418978       0.0130078068183234       0.0130078068183234        0.010777099391552
                     0.13       0.0118117954543228       0.0118117954543209        0.250403147668421        0.396698349174587        0.396698349174587        0.396698349174587        0.005470342439214       0.0209551828578491       0.0908468927326804       0.0130240007269553       0.0130240007269553       0.0107946757899576
                     0.13       0.0118007264090039       0.0118007264090236        0.250272164000027        0.396948474237119        0.396948474237119        0.396948474237119      0.00547956396979536       0.0209856648436804       0.0909287060657688       0.0130402096990159       0.0130402096990159        0.010812270649639
                     0.13       0.0117896820052081       0.0117896820050572        0.250141214323292         0.39719859929965         0.39719859929965         0.39719859929965      0.00548879801589496       0.0210161843738632       0.0910105635233001       0.0130564337441026       0.0130564337441027       0.0108298839656065
                     0.13       0.0117786621782438       0.0117786621786168        0.250010299075053        0.397448724362181        0.397448724362181        0.397448724362181       0.0054980445896997        0.021046741475874       0.0910924650873292       0.0130726728718117       0.0130726728718114       0.0108475157325727
                     0.13       0.0117676668628917        0.011767666862832         0.24987941867302        0.397698849424712        0.397698849424712        0.397698849424712      0.00550730370333609       0.0210773361774146       0.0911744107401919       0.0130889270917398       0.0130889270917398       0.0108651659455354
                     0.13       0.0117566959941507       0.0117566959944509        0.249748573549064        0.397948974487244        0.397948974487244        0.397948974487244      0.00551657536898841       0.0211079685060395       0.0912564004641809       0.0131051964134831       0.0131051964134828       0.0108828345992491
                     0.13       0.0117457495069107       0.0117457495068228        0.249617764137481        0.398199099549775        0.398199099549775        0.398199099549775      0.00552585959885468       0.0211386384892896        0.091338434241648       0.0131214808466377       0.0131214808466378        0.010900521688412
                     0.13       0.0117348273371541       0.0117348273376876         0.24948699085328        0.398449224612306        0.398449224612306        0.398449224612306      0.00553515640507507       0.0211693461549286        0.091420512055238       0.0131377804007989       0.0131377804007984       0.0109182272080104
                     0.13       0.0117239294201951       0.0117239294202777        0.249356254122655        0.398699349674837        0.398699349674837        0.398699349674837      0.00554446579983431       0.0212000915306105       0.0915026338875715       0.0131540950855621        0.013154095085562       0.0109359511528357
                     0.13       0.0117130556922996       0.0117130556919318        0.249225554365068        0.398949474737369        0.398949474737369        0.398949474737369      0.00555378779530211       0.0212308746440734        0.091584799721431       0.0131704249105217       0.0131704249105221       0.0109536935177691
                     0.13       0.0117022060884238       0.0117022060886477         0.24909489200644          0.3991995997999          0.3991995997999          0.3991995997999      0.00556312240367732       0.0212616955229968       0.0916670095396271       0.0131867698852736       0.0131867698852734       0.0109714542975717
                     0.13       0.0116913805464157       0.0116913805464989        0.248964267463378        0.399449724862431        0.399449724862431        0.399449724862431      0.00557246963713423       0.0212925541951742       0.0917492633251552       0.0132031300194103       0.0132031300194102       0.0109892334871362
                     0.13       0.0116805790011526       0.0116805790013995        0.248833681160532        0.399699849924962        0.399699849924962        0.399699849924962      0.00558182950788175       0.0213234506883235       0.0918315610610239       0.0132195053225274       0.0132195053225271       0.0110070310812108
                     0.13       0.0116698013897825        0.011669801390094        0.248703133506994        0.399949974987494        0.399949974987494        0.399949974987494      0.00559120202808264       0.0213543850303455       0.0919139027304859       0.0132358958042179       0.0132358958042176       0.0110248470747745
                     0.13       0.0116590476489147       0.0116590476488985        0.248572624922264        0.400200100050025        0.400200100050025        0.400200100050025      0.00560058720994264       0.0213853572490386       0.0919962883167828       0.0132523014740755       0.0132523014740755       0.0110426814626253
                     0.13       0.0116483177158714       0.0116483177155695        0.248442155830739        0.400450225112556        0.400450225112556        0.400450225112556      0.00560998506569255       0.0214163673721579       0.0920787178032072       0.0132687223416929       0.0132687223416932       0.0110605342394668
                     0.13       0.0116376115263426       0.0116376115261322        0.248311726635669        0.400700350175088        0.400700350175088        0.400700350175088      0.00561939560749665       0.0214474154277073       0.0921611911733446       0.0132851584166642       0.0132851584166643       0.0110784054003239
                     0.13       0.0116269290193162       0.0116269290192347        0.248181337754867        0.400950475237619        0.400950475237619        0.400950475237619      0.00562881884757749       0.0214785014435383       0.0922437084107315       0.0133016097085803       0.0133016097085803       0.0110962949399744
                     0.13       0.0116162701306198       0.0116162701304523        0.248050989602146         0.40120060030015         0.40120060030015         0.40120060030015      0.00563825479815065       0.0215096254475628       0.0923262694990381        0.013318076227035       0.0133180762270351       0.0111142028532444
                     0.13         0.01160563479844       0.0116056347984446        0.247920682594815        0.401450725362681        0.401450725362681        0.401450725362681      0.00564770347145184       0.0215407874676638       0.0924088744219942       0.0133345579816197       0.0133345579816196       0.0111321291348898
                     0.13         0.01159502296148       0.0115950229617613        0.247790417126158        0.401700850425213        0.401700850425213        0.401700850425213      0.00565716487964174       0.0215719875320027       0.0924915231636516       0.0133510549819252       0.0133510549819249       0.0111500737800342
                     0.13       0.0115844345564893       0.0115844345561929        0.247660193621667        0.401950975487744        0.401950975487744        0.401950975487744       0.0056666390349976       0.0216032256683995       0.0925742157078413        0.013367567237544       0.0133675672375443        0.011168036783274
                     0.13       0.0115738695220662       0.0115738695216276        0.247530012480243        0.402201100550275        0.402201100550275        0.402201100550275      0.00567612594971446       0.0216345019049785       0.0926569520387462       0.0133840947580668       0.0133840947580672       0.0111860181396151
                     0.13       0.0115633277957186       0.0115633277955126        0.247399874112742        0.402451225612806        0.402451225612806        0.402451225612806      0.00568562563603539       0.0216658162697463       0.0927397321405285       0.0134006375530851       0.0134006375530853       0.0112040178438588
                     0.13        0.011552809316705       0.0115528093170026        0.247269778919893        0.402701350675338        0.402701350675338        0.402701350675338      0.00569513810617604       0.0216971687908329       0.0928225559975337       0.0134171956321887       0.0134171956321884       0.0112220358909543
                     0.13        0.011542314023782       0.0115423140236203        0.247139727309789        0.402951475737869        0.402951475737869        0.402951475737869      0.00570466337238505        0.021728559496301       0.0929054235941344       0.0134337690049678       0.0134337690049679       0.0112400722757201
                     0.13       0.0115318418553552       0.0115318418552878        0.247009719686049          0.4032016008004          0.4032016008004          0.4032016008004       0.0057142014469035       0.0217599884142748       0.0929883349148381       0.0134503576810126       0.0134503576810126       0.0112581269930325
                     0.13       0.0115213927496007       0.0115213927497478        0.246879756444501        0.403451725862931        0.403451725862931        0.403451725862931      0.00572375234195242       0.0217914555729794       0.0930712899443124       0.0134669616699136       0.0134669616699134       0.0112762000378794
                     0.13       0.0115109666470637       0.0115109666470506        0.246749837996942        0.403701850925463        0.403701850925463        0.403701850925463      0.00573331606981635       0.0218229610004739       0.0931542886671744       0.0134835809812589       0.0134835809812589       0.0112942914049811
                     0.13       0.0115005634861263       0.0115005634859686        0.246619964732303        0.403951975987994        0.403951975987994        0.403951975987994      0.00574289264270799       0.0218545047250857       0.0932373310683404       0.0135002156246384       0.0135002156246386       0.0113124010894103
                     0.13       0.0114901832061426       0.0114901832063665        0.246490137054387        0.404202101050525        0.404202101050525        0.404202101050525      0.00575248207289916         0.02188608677499       0.0933204171326838       0.0135168656096412        0.013516865609641         0.01133052908599
                     0.13        0.011479825747432       0.0114798257477169        0.246360355359427        0.404452226113056        0.404452226113056        0.404452226113056      0.00576208437264359       0.0219177071784592       0.0934035468452417       0.0135335309458551       0.0135335309458549       0.0113486753896523
                     0.13       0.0114694910501281       0.0114694910500483        0.246230620043964        0.404702351175588        0.404702351175588        0.404702351175588      0.00577169955420347       0.0219493659637754       0.0934867201911387       0.0135502116428683       0.0135502116428683       0.0113668399953123
                     0.13       0.0114591790527166       0.0114591790526377         0.24610093150578        0.404952476238119        0.404952476238119        0.404952476238119      0.00578132762985235       0.0219810631592222       0.0935699371555792       0.0135669077102699         0.01356690771027       0.0113850228978537
                     0.13       0.0114488896965015       0.0114488896960461        0.245971290129988         0.40520260130065         0.40520260130065         0.40520260130065      0.00579096861182868       0.0220127987932347       0.0936531977239734       0.0135836191576468       0.0135836191576472       0.0114032240923514
                     0.13       0.0114386229208553       0.0114386229209939        0.245841696314194        0.405452726363182        0.405452726363182        0.405452726363182       0.0058006225124214        0.022044572894125       0.0937365018817148       0.0136003459945873       0.0136003459945872       0.0114214435736696
                     0.13       0.0114283786671402       0.0114283786669126         0.24571215045197        0.405702851425713        0.405702851425713        0.405702851425713      0.00581028934391339        0.022076385490263       0.0938198496143248       0.0136170882306777       0.0136170882306779       0.0114396813367259
                     0.13         0.01141815687545       0.0114181568754562        0.245582652928217        0.405952976488244        0.405952976488244        0.405952976488244       0.0058199691185649       0.0221082366101282       0.0939032409074875       0.0136338458755054       0.0136338458755054       0.0114579373765661
                     0.13       0.0114079574867359       0.0114079574866551        0.245453204134186        0.406203101550775        0.406203101550775        0.406203101550775       0.0058296618486663       0.0221401262821443       0.0939866757469293       0.0136506189386571       0.0136506189386572        0.011476211688124
                     0.13       0.0113977804421575       0.0113977804423247        0.245323804455562        0.406453226613307        0.406453226613307        0.406453226613307      0.00583936754649668       0.0221720545348096       0.0940701541185151       0.0136674074297188       0.0136674074297187       0.0114945042664119
                     0.13       0.0113876256815237       0.0113876256817303        0.245194454276716        0.406703351675838        0.406703351675838        0.406703351675838      0.00584908622433809       0.0222040213966532       0.0941536760082155       0.0136842113582779       0.0136842113582778       0.0115128151064536
                     0.13       0.0113774931488241       0.0113774931486834        0.245065153992347        0.406953476738369        0.406953476738369        0.406953476738369      0.00585881789451581       0.0222360268961001       0.0942372414019955       0.0137010307339179        0.013701030733918       0.0115311442030978
                     0.13       0.0113673827828807       0.0113673827830375        0.244935903981943          0.4072036018009          0.4072036018009          0.4072036018009      0.00586856256931063       0.0222680710617622       0.0943208502860518       0.0137178655662267       0.0137178655662265       0.0115494915514268
                     0.13       0.0113572945266682       0.0113572945268716        0.244806704615034        0.407453726863432        0.407453726863432        0.407453726863432      0.00587832026097811       0.0223001539223725        0.094404502646757       0.0137347158647883       0.0137347158647881       0.0115678571466732
                     0.13       0.0113472283217766       0.0113472283219907        0.244677556298376        0.407703851925963        0.407703851925963        0.407703851925963      0.00588809098190721       0.0223322755062687       0.0944881984702495        0.013751581639188       0.0137515816391878       0.0115862409834647
                     0.13       0.0113371841098439       0.0113371841095457        0.244548459388664        0.407953976988494        0.407953976988494        0.407953976988494      0.00589787474432552       0.0223644358423557       0.0945719377431979       0.0137684628990109       0.0137684628990111       0.0116046430572214
                     0.13       0.0113271618329179       0.0113271618331302        0.244419414269098        0.408204102051025        0.408204102051025        0.408204102051025       0.0059076715605578       0.0223966349592592       0.0946557204521258       0.0137853596538415       0.0137853596538413       0.0116230633629304
                     0.13       0.0113171614337272       0.0113171614337245        0.244290421331957        0.408454227113557        0.408454227113557        0.408454227113557      0.00591748144296779       0.0224288728855206       0.0947395465835763       0.0138022719132637       0.0138022719132637       0.0116415018954254
                     0.13        0.011307182854342       0.0113071828544286        0.244161480938403        0.408704352176088        0.408704352176088        0.408704352176088       0.0059273044038211       0.0224611496500386       0.0948234161244441       0.0138191996868618       0.0138191996868617       0.0116599586500296
                     0.13       0.0112972260374606        0.011297226037382        0.244032593466361        0.408954477238619        0.408954477238619        0.408954477238619      0.00593714045544874        0.022493465281542       0.0949073290615779       0.0138361429842194       0.0138361429842195       0.0116784336217903
                     0.13       0.0112872909252484       0.0112872909251116        0.243903759286721        0.409204602301151        0.409204602301151        0.409204602301151      0.00594698961016556       0.0225258198088525       0.0949912853819752       0.0138531018149206       0.0138531018149207       0.0116969268058593
                     0.13       0.0112773774619584       0.0112773774617392        0.243774978783429        0.409454727363682        0.409454727363682        0.409454727363682      0.00595685188033789       0.0225582132606606       0.0950752850726076       0.0138700761885473       0.0138700761885475       0.0117154381971721
                     0.13       0.0112674855891691       0.0112674855893121         0.24364625231867        0.409704852426213        0.409704852426213        0.409704852426213      0.00596672727826671       0.0225906456659149       0.0951593281207275       0.0138870661146839       0.0138870661146838       0.0117339677910054
                     0.13       0.0112576152511224       0.0112576152509797        0.243517580264702        0.409954977488744        0.409954977488744        0.409954977488744      0.00597661581629566       0.0226231170534657       0.0952434145135952       0.0139040716029122       0.0139040716029123       0.0117525155824671
                     0.13       0.0112477663909361       0.0112477663907915        0.243388962985345        0.410205102551276        0.410205102551276        0.410205102551276      0.00598651750674672       0.0226556274522719       0.0953275442386233       0.0139210926628147       0.0139210926628149       0.0117710815667938
                     0.13       0.0112379389513322       0.0112379389515316        0.243260400854265        0.410455227613807        0.410455227613807        0.410455227613807      0.00599643236198329       0.0226881768912002       0.0954117172832377       0.0139381293039746       0.0139381293039744       0.0117896657390575
                     0.13       0.0112281328777666       0.0112281328775614        0.243131894232874        0.410705352676338        0.410705352676338        0.410705352676338      0.00600636039433632       0.0227207653992654       0.0954959336350585        0.013955181535972       0.0139551815359722       0.0118082680945201
                     0.13       0.0112183481122664       0.0112183481122458        0.243003443491675        0.410955477738869        0.410955477738869        0.410955477738869      0.00601630161617393       0.0227533930054001       0.0955801932817155       0.0139722493683904       0.0139722493683904       0.0118268886282916
                     0.13       0.0112085845998905       0.0112085845999684        0.242875048982017        0.411205602801401        0.411205602801401        0.411205602801401      0.00602625603980918       0.0227860597387612       0.0956644962110921       0.0139893328108103       0.0139893328108102        0.011845527335783
                     0.13       0.0111988422847404       0.0111988422844587        0.242746711084922        0.411455727863932        0.411455727863932        0.411455727863932      0.00603622367766143       0.0228187656281955       0.0957488424109102       0.0140064318728128       0.0140064318728131       0.0118641842119238
                     0.13       0.0111891211104367       0.0111891211106257        0.242618430146278        0.411705852926463        0.411705852926463        0.411705852926463      0.00604620454204072       0.0228515107029518       0.0958332318692737       0.0140235465639796       0.0140235465639795       0.0118828592522011
                     0.13        0.011179421021847       0.0111794210222683          0.2424902065266        0.411955977988994        0.411955977988994        0.411955977988994      0.00605619864531446       0.0228842949921338       0.0959176645742579        0.014040676893891       0.0140406768938907        0.011901552451862
                     0.13        0.011169741964637       0.0111697419642219        0.242362040594318        0.412206103051526        0.412206103051526        0.412206103051526      0.00606620599988424       0.0229171185247729       0.0960021405139602       0.0140578228721265       0.0140578228721269       0.0119202638060217
                     0.13         0.01116008388202       0.0111600838816861        0.242233932689684        0.412456228114057        0.412456228114057        0.412456228114057      0.00607622661806515       0.0229499813302276       0.0960866596767957       0.0140749845082677        0.014074984508268       0.0119389933102422
                     0.13       0.0111504467193149       0.0111504467193795        0.242105883184067        0.412706353176588        0.412706353176588        0.412706353176588      0.00608626051228436       0.0229828834375294       0.0961712220510166       0.0140921618118942       0.0140921618118941       0.0119577409595815
                     0.13       0.0111408304222915       0.0111408304220837        0.241977892427863         0.41295647823912         0.41295647823912         0.41295647823912      0.00609630769490782       0.0230158248759562       0.0962558276251393       0.0141093547925851       0.0141093547925853       0.0119765067494296
                     0.13        0.011131234935473       0.0111312349356918        0.241849960765437        0.413206603301651        0.413206603301651        0.413206603301651      0.00610636817828838       0.0230488056748684       0.0963404763878094       0.0141265634599204       0.0141265634599202       0.0119952906752688
                     0.13       0.0111216602045052       0.0111216602046383        0.241722088560852        0.413456728364182        0.413456728364182        0.413456728364182      0.00611644197485252       0.0230818258634264       0.0964251683276039       0.0141437878234793       0.0141437878234791       0.0120140927322613
                     0.13       0.0111121061754934       0.0111121061755674        0.241594276148693        0.413706853426713        0.413706853426713        0.413706853426713      0.00612652909693717       0.0231148854711294       0.0965099034334251         0.01416102789284         0.01416102789284       0.0120329129160382
                     0.13       0.0111025727930291       0.0111025727931619        0.241466523892085        0.413956978489245        0.413956978489245        0.413956978489245       0.0061366295569825       0.0231479845271812        0.096594681694042       0.0141782836775825       0.0141782836775823       0.0120517512217688
                     0.13       0.0110930600043994       0.0110930600044621        0.241338832135784        0.414207103551776        0.414207103551776        0.414207103551776      0.00614674336737529       0.0231811230610013       0.0966795030984511       0.0141955551872837       0.0141955551872837       0.0120706076449137
                     0.13       0.0110835677546917        0.011083567754483        0.241211201223762        0.414457228614307        0.414457228614307        0.414457228614307      0.00615687054050711       0.0232143011020366       0.0967643676357411       0.0142128424315229       0.0142128424315231       0.0120894821809428
                     0.13       0.0110740959896668       0.0110740959899363        0.241083631502914        0.414707353676838        0.414707353676838        0.414707353676838      0.00616701108878852        0.023247518679717       0.0968492752950738       0.0142301454198784       0.0142301454198781       0.0121083748252757
                     0.13       0.0110646446566244        0.011064644656568        0.240956123304959         0.41495747873937         0.41495747873937         0.41495747873937      0.00617716502458725       0.0232807758236558       0.0969342260658109        0.014247464161927        0.014247464161927       0.0121272855735728
                     0.13       0.0110552137017414       0.0110552137014588        0.240828676990567        0.415207603801901        0.415207603801901        0.415207603801901      0.00618733236037496       0.0233140725631646       0.0970192199371762       0.0142647986672465       0.0142647986672467       0.0121462144210269
                     0.13       0.0110458030711635       0.0110458030709666        0.240701292890587        0.415457728864432        0.415457728864432        0.415457728864432      0.00619751310853278          0.0233474089279       0.0971042568987151       0.0142821489454146       0.0142821489454148       0.0121651613633069
                     0.13       0.0110364127118839       0.0110364127120298        0.240573971338944        0.415707853926963        0.415707853926963        0.415707853926963      0.00620770728146005       0.0233807849475008       0.0971893369400334       0.0142995150060081        0.014299515006008         0.01218412639603
                     0.13       0.0110270425708068       0.0110270425707316        0.240446712695648        0.415957978989495        0.415957978989495        0.415957978989495      0.00621791489174071       0.0234142006512468       0.0972744600506273       0.0143168968586039        0.014316896858604       0.0122031095143924
                     0.13       0.0110176923331093       0.0110176923329844        0.240319517276292        0.416208104052026        0.416208104052026        0.416208104052026      0.00622813595148308       0.0234476560694521       0.0973596262204413       0.0143342945130075       0.0143342945130076       0.0122221107143013
                     0.13       0.0110083624702351       0.0110083624703825        0.240192385415502        0.416458229114557        0.416458229114557        0.416458229114557      0.00623837047333681       0.0234811512311869       0.0974448354392884       0.0143517079783367       0.0143517079783366       0.0122411299913568
                     0.13       0.0109990526676478       0.0109990526676523        0.240065317467618        0.416708354177089        0.416708354177089        0.416708354177089      0.00624861846973403       0.0235146861661947       0.0975300876969888       0.0143691372643967       0.0143691372643967       0.0122601673408405
                     0.13       0.0109897628723061       0.0109897628722126        0.239938313744987         0.41695847923962         0.41695847923962         0.41695847923962      0.00625887995304415       0.0235482609044361       0.0976153829837503       0.0143865823807639        0.014386582380764        0.012279222758707
                     0.13        0.010980493032371       0.0109804930325141        0.239811374593714        0.417208604302151        0.417208604302151        0.417208604302151      0.00626915493566624       0.0235818754756067       0.0977007212896045       0.0144040433370136       0.0144040433370134       0.0122982962403676
                     0.13       0.0109712433560752       0.0109712433562214        0.239684500341452        0.417458729364682        0.417458729364682        0.417458729364682      0.00627944343028003        0.023615529909097       0.0977861026047883       0.0144215201424942        0.014421520142494       0.0123173877815287
                     0.13       0.0109620132702384       0.0109620132703847        0.239557691304484        0.417708854427214        0.417708854427214        0.417708854427214       0.0062897454490715       0.0236492242354816       0.0978715269197812        0.014439012807235       0.0144390128072349       0.0123364973780787
                     0.13       0.0109528029827027       0.0109528029828369        0.239430947825555        0.417958979489745        0.417958979489745        0.417958979489745      0.00630006100460759       0.0236829584841986       0.0979569942248749       0.0144565213405845       0.0144565213405844       0.0123556250254801
                     0.13       0.0109436124422885       0.0109436124420222        0.239304270221042        0.418209104552276        0.418209104552276        0.418209104552276      0.00631039010931182       0.0237167326852499       0.0980425045106711       0.0144740457521171       0.0144740457521173       0.0123747707196184
                     0.13       0.0109344415976056       0.0109344415978121        0.239177658819077        0.418459229614807        0.418459229614807        0.418459229614807       0.0063207327756544       0.0237505468685258       0.0981280577677676       0.0144915860514068       0.0144915860514066         0.01239393445619
                     0.13        0.010925290397105        0.010925290396982        0.239051113936864        0.418709354677339        0.418709354677339        0.418709354677339      0.00633108901607722       0.0237844010640551       0.0982136539869255       0.0145091422480282       0.0145091422480283       0.0124131162310669
                     0.13       0.0109161587894705       0.0109161587897486        0.238924635913959         0.41895947973987         0.41895947973987         0.41895947973987      0.00634145884310425       0.0238182953016382         0.09829929315883       0.0145267143515551       0.0145267143515548       0.0124323160397617
                     0.13       0.0109070467234641       0.0109070467234722        0.238798225049042        0.419209604802401        0.419209604802401        0.419209604802401      0.00635184226913361       0.0238522296115421       0.0983849752745504       0.0145443023715615       0.0145443023715615       0.0124515338784442
                     0.13       0.0108979541482364       0.0108979541480958        0.238671881679301        0.419459729864932        0.419459729864932        0.419459729864932      0.00636223930669758       0.0238862040236285       0.0984707003249567       0.0145619063176208       0.0145619063176209       0.0124707697426658
                     0.13       0.0108888810129216       0.0108888810127825        0.238545606113396        0.419709854927464        0.419709854927464        0.419709854927464      0.00637264996824316         0.02392021856809       0.0985564683012103       0.0145795261993063       0.0145795261993064       0.0124900236284368
                     0.13        0.010879827265938       0.0108798272660575        0.238419398670014        0.419959979989995        0.419959979989995        0.419959979989995      0.00638307426625903       0.0239542732750279       0.0986422791944905       0.0145971620261919       0.0145971620261918       0.0125092955316072
                     0.13       0.0108707928579329       0.0108707928576145        0.238293259660058        0.420210105052526        0.420210105052526        0.420210105052526      0.00639351221321556        0.023988368174645       0.0987281329961044       0.0146148138078493       0.0146148138078496        0.012528585448153
                     0.13       0.0108617777379634       0.0108617777380366        0.238167189409191        0.420460230115058        0.420460230115058        0.420460230115058      0.00640396382164089       0.0240225032970015         0.09881402969735       0.0146324815538519       0.0146324815538518       0.0125478933738142
                     0.13       0.0108527818552572       0.0108527818552746        0.238041188212936        0.420710355177589        0.420710355177589        0.420710355177589      0.00641442910397138       0.0240566786725062       0.0988999692898116       0.0146501652737722       0.0146501652737722       0.0125672193048162
                     0.13        0.010843805160286       0.0108438051603589        0.237915256401048         0.42096048024012         0.42096048024012         0.42096048024012      0.00642490807276493         0.02409089433121       0.0989859517649245       0.0146678649771822       0.0146678649771821       0.0125865632368358
                     0.13       0.0108348476029154       0.0108348476027213          0.2377893942623        0.421210605302651        0.421210605302651        0.421210605302651      0.00643540074045357       0.0241251503036311       0.0990719771144923       0.0146855806736538        0.014685580673654       0.0126059251662102
                     0.13       0.0108259091328606        0.010825909133131        0.237663602122099        0.421460730365183        0.421460730365183        0.421460730365183      0.00644590711959583       0.0241594466199053       0.0991580453301366       0.0147033123727593        0.014703312372759       0.0126253050886895
                     0.13       0.0108169897009521       0.0108169897006683        0.237537880282825        0.421710855427714        0.421710855427714        0.421710855427714      0.00645642722268535       0.0241937833104385       0.0992441564037375       0.0147210600840697       0.0147210600840699       0.0126447030003959
                     0.13       0.0108080892570698       0.0108080892568869        0.237412229048352        0.421960980490245        0.421960980490245        0.421960980490245      0.00646696106222729       0.0242281604056383       0.0993303103272326       0.0147388238171568       0.0147388238171569       0.0126641188974295
                     0.13       0.0107992077518352       0.0107992077517838        0.237286648726411        0.422211105552776        0.422211105552776        0.422211105552776      0.00647750865074845        0.024262577935889       0.0994165070926237       0.0147566035815917       0.0147566035815918       0.0126835527758309
                     0.13       0.0107903451362984       0.0107903451364819        0.237161139618237        0.422461230615308        0.422461230615308        0.422461230615308      0.00648807000076305       0.0242970359316638       0.0995027466920397       0.0147743993869451       0.0147743993869449       0.0127030046317477
                     0.13        0.010781501360905       0.0107815013610362        0.237035702018904        0.422711355677839        0.422711355677839        0.422711355677839      0.00649864512477266       0.0243315344235227       0.0995890291177265       0.0147922112427879       0.0147922112427878       0.0127224744614287
                     0.13        0.010772676377178       0.0107726763771197        0.236910336238797         0.42296148074037         0.42296148074037         0.42296148074037      0.00650923403533775       0.0243660734418758       0.0996753543619146       0.0148100391586902       0.0148100391586903       0.0127419622608799
                     0.13       0.0107638701350305       0.0107638701349709        0.236785042569077        0.423211605802901        0.423211605802901        0.423211605802901      0.00651983674496394       0.0244006530173637       0.0997617224170415       0.0148278831442234       0.0148278831442234       0.0127614680264189
                     0.13       0.0107550825866346       0.0107550825868993         0.23665982130677        0.423461730865433        0.423461730865433        0.423461730865433      0.00653045326618443       0.0244352731805795       0.0998481332755848       0.0148457432089566       0.0148457432089563       0.0127809917542723
                     0.13       0.0107463136838613       0.0107463136839289         0.23653467276435        0.423711855927964        0.423711855927964        0.423711855927964      0.00654108361159136       0.0244699339619675       0.0999345869300081       0.0148636193624593       0.0148636193624592       0.0128005334404215
                     0.13       0.0107375633768957       0.0107375633770365        0.236409597212958        0.423961980990495        0.423961980990495        0.423961980990495      0.00655172779364989       0.0245046353924429        0.100021083373119       0.0148815116143023       0.0148815116143022       0.0128200930815159
                     0.13       0.0107288316180444       0.0107288316180533        0.236284594957683        0.424212106053027        0.424212106053027        0.424212106053027      0.00656238582494521       0.0245393775025682        0.100107622597594       0.0148994199740546       0.0148994199740546       0.0128396706736627
                     0.13       0.0107201183593149        0.010720118359257        0.236159666286354        0.424462231115558        0.424462231115558        0.424462231115558      0.00657305771801342        0.024574160323113        0.100194204596291        0.014917344451285       0.0149173444512851       0.0128592662132502
                     0.13       0.0107114235520512       0.0107114235523871        0.236034811495965        0.424712356178089        0.424712356178089        0.424712356178089      0.00658374348542946       0.0246089838847669        0.100280829362096       0.0149352850555633        0.014935285055563       0.0128788796965236
                     0.13       0.0107027471492406         0.01070274714956        0.235910030869791         0.42496248124062         0.42496248124062         0.42496248124062      0.00659444313973186       0.0246438482183874         0.10036749688806       0.0149532417964573       0.0149532417964571       0.0128985111199524
                     0.13       0.0106940891018191       0.0106940891020796        0.235785324700658        0.425212606303152        0.425212606303152        0.425212606303152       0.0066051566934984       0.0246787533547485        0.100454207167256       0.0149712146835368       0.0149712146835366       0.0129181604798567
                     0.13       0.0106854493632767       0.0106854493633345        0.235660693269701        0.425462731365683        0.425462731365683        0.425462731365683      0.00661588415927723       0.0247136993247686        0.100540960192905       0.0149892037263692       0.0149892037263692       0.0129378277727492
                     0.13       0.0106768278854105       0.0106768278856741        0.235536136864772        0.425712856428214        0.425712856428214        0.425712856428214      0.00662662554964741       0.0247486861593138        0.100627755958275       0.0150072089345233       0.0150072089345231        0.012957512995039
                     0.13       0.0106682246212537       0.0106682246208788        0.235411655772406        0.425962981490745        0.425962981490745        0.425962981490745      0.00663738087719065       0.0247837138892839        0.100714594456708       0.0150252303175667        0.015025230317567       0.0129772161431609
                     0.13       0.0106596395232732       0.0106596395228857        0.235287250266175        0.426213106553277        0.426213106553277        0.426213106553277      0.00664815015445631       0.0248187825457382        0.100801475681716       0.0150432678850674       0.0150432678850677       0.0129969372137631
                     0.13       0.0106510725439527       0.0106510725441529        0.235162920634317        0.426463231615808        0.426463231615808        0.426463231615808      0.00665893339404958       0.0248538921595969        0.100888399626799       0.0150613216465933       0.0150613216465931       0.0130166762032629
                     0.13       0.0106425236367946       0.0106425236370574        0.235038667152989        0.426713356678339        0.426713356678339        0.426713356678339      0.00666973060854322       0.0248890427619309        0.100975366285597       0.0150793916117114       0.0150793916117112       0.0130364331082769
                     0.13       0.0106339927552695       0.0106339927552161         0.23491449010995         0.42696348174087         0.42696348174087         0.42696348174087      0.00668054181055774        0.024924234383704        0.101062375651772       0.0150974777899886       0.0150974777899886       0.0130562079252405
                     0.13       0.0106254798521836       0.0106254798522528        0.234790389765589        0.427213606803402        0.427213606803402        0.427213606803402      0.00669136701263309       0.0249594670561976        0.101149427719223       0.0151155801909923       0.0151155801909922       0.0130760006510344
                     0.13       0.0106169848809068       0.0106169848809667        0.234666366407074        0.427463731865933        0.427463731865933        0.427463731865933      0.00670220622740354       0.0249947408104222        0.101236522481766       0.0151336988242892       0.0151336988242891       0.0130958112821145
                     0.13       0.0106085077953745       0.0106085077953898        0.234542420304885        0.427713856928464        0.427713856928464        0.427713856928464      0.00671305946745852       0.0250300556775884        0.101323659933396       0.0151518336994456       0.0151518336994456       0.0131156398152106
                     0.13       0.0106000485485405       0.0106000485488793        0.234418551729308        0.427963981990995        0.427963981990995        0.427963981990995      0.00672392674539501       0.0250654116889298        0.101410840068187       0.0151699848260285       0.0151699848260283       0.0131354862470614
                     0.13       0.0105916070950584        0.010591607095065        0.234294760957715        0.428214107053527        0.428214107053527        0.428214107053527      0.00673480807384078       0.0251008088756221        0.101498062880242       0.0151881522136034       0.0151881522136034       0.0131553505742976
                     0.13       0.0105831833881322       0.0105831833884447        0.234171048253655        0.428464232116058        0.428464232116058        0.428464232116058      0.00674570346538801       0.0251362472690115        0.101585328363829       0.0152063358717369       0.0152063358717366       0.0131752327937785
                     0.13       0.0105747773824599       0.0105747773827036        0.234047413894085        0.428714357178589        0.428714357178589        0.428714357178589         0.00675661293268       0.0251717269003182        0.101672636513211       0.0152245358099941       0.0152245358099939       0.0131951329021537
                     0.13       0.0105663890316012       0.0105663890318998        0.233923858138458        0.428964482241121        0.428964482241121        0.428964482241121      0.00676753648831241       0.0252072478009733        0.101759987322829       0.0152427520379413        0.015242752037941       0.0132150508963609
                     0.13       0.0105580182905634       0.0105580182906896          0.2338003812574        0.429214607303652        0.429214607303652        0.429214607303652      0.00677847414492541       0.0252428100023055        0.101847380787139       0.0152609845651431        0.015260984565143       0.0132349867731646
                     0.13       0.0105496651134328       0.0105496651133123        0.233676983503003        0.429464732366183        0.429464732366183        0.429464732366183      0.00678942591510778       0.0252784135358657        0.101934816900776       0.0152792334011653       0.0152792334011654       0.0132549405296337
                     0.13       0.0105413294549651       0.0105413294547825        0.233553665155858        0.429714857428714        0.429714857428714        0.429714857428714      0.00680039181154808       0.0253140584329153        0.102022295658286       0.0152974985555726       0.0152974985555727       0.0132749121623862
                     0.13       0.0105330112694257       0.0105330112694201        0.233430426471621        0.429964982491246        0.429964982491246        0.429964982491246      0.00681137184686275       0.0253497447250071        0.102109817054433       0.0153157800379301       0.0153157800379301       0.0132949016684475
                     0.13       0.0105247105125912       0.0105247105124739        0.233307267710082        0.430215107553777        0.430215107553777        0.430215107553777      0.00682236603369076       0.0253854724436683        0.102197381084033       0.0153340778578018       0.0153340778578019       0.0133149090447837
                     0.13       0.0105164271386496       0.0105164271387031        0.233184189133399        0.430465232616308        0.430465232616308        0.430465232616308      0.00683337438468676        0.025421241620422        0.102284987741968       0.0153523920247527       0.0153523920247526         0.01333493428833
                     0.13       0.0105081611026138       0.0105081611026792        0.233061190984652        0.430715357678839        0.430715357678839        0.430715357678839      0.00684439691245304        0.025457052287018        0.102372637023297       0.0153707225483471        0.015370722548347       0.0133549773963355
                     0.13       0.0104999123605894       0.0104999123604035        0.232938273539117        0.430965482741371        0.430965482741371        0.430965482741371      0.00685543362970262       0.0254929044748771        0.102460328922972       0.0153890694381483       0.0153890694381484       0.0133750383655396
                     0.13       0.0104916808669432       0.0104916808668183        0.232815437042996        0.431215607803902        0.431215607803902        0.431215607803902      0.00686648454906399       0.0255287982157566        0.102548063436182        0.015407432703721       0.0154074327037211       0.0133951171931561
                     0.13       0.0104834665775677       0.0104834665774198        0.232692681746324        0.431465732866433        0.431465732866433        0.431465732866433      0.00687754968318737       0.0255647335413923        0.102635840558174       0.0154258123546285       0.0154258123546286       0.0134152138763452
                     0.13       0.0104752694484661       0.0104752694487102        0.232570007907313        0.431715857928964        0.431715857928964        0.431715857928964      0.00688862904475605       0.0256007104834515        0.102723660284213        0.015444208400434       0.0154442084004338       0.0134353284121434
                     0.13       0.0104670894348566       0.0104670894349433        0.232447415776508        0.431965982991496        0.431965982991496        0.431965982991496      0.00689972264643812       0.0256367290737069        0.102811522609687       0.0154626208507012       0.0154626208507011       0.0134554607977183
                     0.13       0.0104589264935223       0.0104589264935532        0.232324905604631        0.432216108054027        0.432216108054027        0.432216108054027      0.00691083050091046       0.0256727893439478        0.102899427530053       0.0154810497149923       0.0154810497149923       0.0134756110302429
                     0.13       0.0104507805791876       0.0104507805793154        0.232202477634166        0.432466233116558        0.432466233116558        0.432466233116558      0.00692195262083175       0.0257088913260757        0.102987375040887       0.0154994950028715       0.0154994950028714       0.0134957791070307
                     0.13       0.0104426516486409       0.0104426516490373        0.232080132119548        0.432716358179089        0.432716358179089        0.432716358179089      0.00693308901890796       0.0257450350518819        0.103075365137773       0.0155179567239007       0.0155179567239004       0.0135159650252115
                     0.13       0.0104345396587414       0.0104345396586136        0.231957869293113        0.432966483241621        0.432966483241621        0.432966483241621      0.00694423970778231       0.0257812205534182        0.103163397816482       0.0155364348876422       0.0155364348876423       0.0135361687822784
                     0.13       0.0104264445645622        0.010426444564662        0.231835689413606        0.433216608304152        0.433216608304152        0.433216608304152      0.00695540470019053       0.0258174478624721        0.103251473072718       0.0155549295036592       0.0155549295036591       0.0135563903753091
                     0.13       0.0104183663235903        0.010418366323316        0.231713592721924        0.433466733366683        0.433466733366683        0.433466733366683       0.0069665840088201       0.0258537170110447        0.103339590902354       0.0155734405815131       0.0155734405815133       0.0135766298016765
                     0.13       0.0104103048921503       0.0104103048922156        0.231591579445234        0.433716858429215        0.433716858429215        0.433716858429215      0.00697777764632421        0.025890028031306        0.103427751301405       0.0155919681307662       0.0155919681307661       0.0135968870589829
                     0.13       0.0104022602266344       0.0104022602265358        0.231469649835242        0.433966983491746        0.433966983491746        0.433966983491746      0.00698898562544074       0.0259263809551834        0.103515954265826       0.0156105121609805       0.0156105121609806       0.0136171621444453
                     0.13        0.010394232284841       0.0103942322846339        0.231347804138205        0.434217108554277        0.434217108554277        0.434217108554277      0.00700020795889944       0.0259627758146824        0.103604199791672       0.0156290726817169       0.0156290726817171       0.0136374550553775
                     0.13       0.0103862210229246       0.0103862210230112        0.231226042580896        0.434467233616808        0.434467233616808        0.434467233616808      0.00701144465937684       0.0259992126420416        0.103692487875172       0.0156476497025375       0.0156476497025374       0.0136577657894151
                     0.13       0.0103782263986018       0.0103782263987848        0.231104365398819         0.43471735867934         0.43471735867934         0.43471735867934       0.0070226957395859       0.0260356914694257        0.103780818512582        0.015666243233003       0.0156662432330029       0.0136780943440626
                     0.13       0.0103702483687995       0.0103702483690438        0.230982772831578        0.434967483741871        0.434967483741871        0.434967483741871      0.00703396121225977        0.026072212328977        0.103869191700199       0.0156848532826749       0.0156848532826747       0.0136984407167685
                     0.13       0.0103622868908812       0.0103622868908239        0.230861265102772        0.435217608804402        0.435217608804402        0.435217608804402      0.00704524109009082       0.0261087752530317        0.103957607434482       0.0157034798611139       0.0157034798611139       0.0137188049052472
                     0.13       0.0103543419227977       0.0103543419228583        0.230739842460537        0.435467733866933        0.435467733866933        0.435467733866933      0.00705653538585614       0.0261453802736819        0.104046065711824       0.0157221229778804       0.0157221229778804       0.0137391869068293
                     0.13       0.0103464134214433       0.0103464134214967        0.230618505123772        0.435717858929465        0.435717858929465        0.435717858929465      0.00706784411224941       0.0261820274233577        0.104134566528843       0.0157407826425355       0.0157407826425355       0.0137595867193242
                     0.13       0.0103385013452151       0.0103385013452817        0.230497253319784        0.435967983991996        0.435967983991996        0.435967983991996      0.00707916728199971       0.0262187167344189        0.104223109882181       0.0157594588646391        0.015759458864639        0.013780004340416
                     0.13       0.0103306056512679       0.0103306056512455        0.230376087285001        0.436218109054527        0.436218109054527        0.436218109054527      0.00709050490787184       0.0262554482391495        0.104311695768498       0.0157781516537518       0.0157781516537519       0.0138004397676524
                     0.13       0.0103227262981649       0.0103227262983094        0.230255007246628        0.436468234117058        0.436468234117058        0.436468234117058      0.00710185700261129       0.0262922219699534        0.104400324184575       0.0157968610194332       0.0157968610194331       0.0138208929987395
                     0.13        0.010314863244177       0.0103148632441417        0.230134013424776         0.43671835917959         0.43671835917959         0.43671835917959      0.00711322357894948        0.026329037959333        0.104488995127297        0.015815586971243       0.0158155869712431       0.0138413640315069
                     0.13       0.0103070164473715       0.0103070164473397        0.230013106041947        0.436968484242121        0.436968484242121        0.436968484242121      0.00712460464963335       0.0263658962397865          0.1045777085936       0.0158343295187409        0.015834329518741       0.0138618528637562
                     0.13       0.0102991858660623       0.0102991858658837        0.229892285318753        0.437218609304652        0.437218609304652        0.437218609304652       0.0071360002274127       0.0264027968438543        0.104666464580499       0.0158530886714865       0.0158530886714866       0.0138823594933296
                     0.13       0.0102913714582738       0.0102913714582406        0.229771551492395        0.437468734367184        0.437468734367184        0.437468734367184      0.00714741032509635       0.0264397398039205        0.104755263084992       0.0158718644390392       0.0158718644390393        0.013902883917814
                     0.13       0.0102835731831566       0.0102835731830661        0.229650904770386        0.437718859429715        0.437718859429715        0.437718859429715      0.00715883495541081       0.0264767251527094        0.104844104104297       0.0158906568309579        0.015890656830958       0.0139234261352825
                     0.13       0.0102757909994505       0.0102757909990038        0.229530345369216        0.437968984492246        0.437968984492246        0.437968984492246      0.00717027413111733        0.026513752922871        0.104932987635646       0.0159094658568015       0.0159094658568018       0.0139439861436752
                     0.13         0.01026802486571       0.0102680248655339        0.229409873514003        0.438219109554777        0.438219109554777        0.438219109554777      0.00718172786501299       0.0265508231469842        0.105021913676299       0.0159282915261288        0.015928291526129       0.0139645639408045
                     0.13       0.0102602747404905       0.0102602747404009        0.229289489415724        0.438469234617309        0.438469234617309        0.438469234617309      0.00719319616985919       0.0265879358578028        0.105110882223651       0.0159471338484989        0.015947133848499       0.0139851595247203
                     0.13       0.0102525405840289       0.0102525405840544         0.22916919329698         0.43871935967984         0.43871935967984         0.43871935967984      0.00720467905846216       0.0266250910879758         0.10519989327511       0.0159659928334692       0.0159659928334692       0.0140057728932973
                     0.13       0.0102448223545088       0.0102448223545974        0.229048985355022        0.438969484742371        0.438969484742371        0.438969484742371      0.00721617654355696       0.0266622888704483         0.10528894682826       0.0159848684905987       0.0159848684905986       0.0140264040448272
                     0.13         0.01023712001186       0.0102371200118925        0.228928865816337        0.439219609804902        0.439219609804902        0.439219609804902      0.00722768863797827       0.0266995292378725        0.105378042880622       0.0160037608294451       0.0160037608294451       0.0140470529771446
                     0.13       0.0102294335148116       0.0102294335149218        0.228808834889289        0.439469734867434        0.439469734867434        0.439469734867434      0.00723921535451269       0.0267368122231179        0.105467181429861       0.0160226698595667       0.0160226698595667       0.0140677196883857
                     0.13       0.0102217628240479       0.0102217628241666        0.228688892782778        0.439719859929965        0.439719859929965        0.439719859929965      0.00725075670595743       0.0267741378590691        0.105556362473711       0.0160415955905205       0.0160415955905204       0.0140884041766892
                     0.13       0.0102141078981332       0.0102141078980136        0.228569039703998        0.439969984992496        0.439969984992496        0.439969984992496      0.00726231270511191       0.0268115061786531        0.105645586009971       0.0160605380318649        0.016060538031865       0.0141091064402328
                     0.13       0.0102064686969133       0.0102064686969649        0.228449275856279        0.440220110055027        0.440220110055027        0.440220110055027      0.00727388336477232       0.0268489172148592        0.105734852036524       0.0160794971931572       0.0160794971931571       0.0141298264772674
                     0.13       0.0101988451815626       0.0101988451812347        0.228329601452373        0.440470235117559        0.440470235117559        0.440470235117559       0.0072854686977727       0.0268863710005975        0.105824160551278       0.0160984730839535       0.0160984730839538       0.0141505642859046
                     0.13       0.0101912373104121       0.0101912373102335        0.228210016696897         0.44072036018009         0.44072036018009         0.44072036018009      0.00729706871692963       0.0269238675688895        0.105913511552237       0.0161174657138125       0.0161174657138126       0.0141713198643983
                     0.13        0.010183645044395       0.0101836450446268        0.228090521783145        0.440970485242621        0.440970485242621        0.440970485242621      0.00730868343503363       0.0269614069528985        0.106002905037521       0.0161364750922902         0.01613647509229       0.0141920932111949
                     0.13       0.0101760683440716        0.010176068343813        0.227971116921765        0.441220610305153        0.441220610305153        0.441220610305153      0.00732031286493668       0.0269989891856251        0.106092341005233       0.0161555012289432       0.0161555012289434       0.0142128843244753
                     0.13       0.0101685071690638       0.0101685071690041        0.227851802316133        0.441470735367684        0.441470735367684        0.441470735367684      0.00733195701947682       0.0270366143001704        0.106181819453576       0.0161745441333286       0.0161745441333286       0.0142336932025485
                     0.13        0.010160961480376       0.0101609614802824         0.22773257815501        0.441720860430215        0.441720860430215        0.441720860430215      0.00734361591145555       0.0270742823298137        0.106271340380875       0.0161936038150024       0.0161936038150024       0.0142545198439695
                     0.13        0.010153431238467       0.0101534312385208          0.2276134446422        0.441970985492746        0.441970985492746        0.441970985492746      0.00735528955372867       0.0271119933076962        0.106360903785452       0.0162126802835209       0.0162126802835209       0.0142753642470646
                     0.13        0.010145916403764        0.010145916403791        0.227494401974585        0.442221110555278        0.442221110555278        0.442221110555278      0.00736697795913967       0.0271497472670563        0.106450509665727       0.0162317735484405       0.0162317735484405       0.0142962264102833
                     0.13       0.0101384169380331       0.0101384169381186         0.22737545034468        0.442471235617809        0.442471235617809        0.442471235617809      0.00737868114052643       0.0271875442411998        0.106540158020192       0.0162508836193163       0.0162508836193163       0.0143171063321569
                     0.13       0.0101309328009788       0.0101309328008613        0.227256589953704         0.44272136068034         0.44272136068034         0.44272136068034      0.00739039911076118       0.0272253842633648        0.106629848847366       0.0162700105057051       0.0162700105057052       0.0143380040110903
                     0.13       0.0101234639542892       0.0101234639541653        0.227137820987992        0.442971485742871        0.442971485742871        0.442971485742871      0.00740213188268068       0.0272632673669688        0.106719582145898       0.0162891542171618       0.0162891542171619       0.0143589194457383
                     0.13        0.010116010359334       0.0101160103592764        0.227019143641089        0.443221610805403        0.443221610805403        0.443221610805403      0.00741387946915054       0.0273011935853758         0.10680935791446       0.0163083147632418       0.0163083147632419       0.0143798526346534
                     0.13       0.0101085719770048       0.0101085719768574        0.226900558100814        0.443471735867934        0.443471735867934        0.443471735867934      0.00742564188302794        0.027339162952034        0.106899176151814       0.0163274921535007       0.0163274921535008       0.0144008035764919
                     0.13       0.0101011487683151       0.0101011487682197        0.226782064556872        0.443721860930465        0.443721860930465        0.443721860930465      0.00743741913718342       0.0273771755003941        0.106989036856768       0.0163466863974939        0.016346686397494        0.014421772269893
                     0.13        0.010093740695976       0.0100937406958951        0.226663663204581        0.443971985992996        0.443971985992996        0.443971985992996      0.00744921124451371       0.0274152312638687        0.107078940028173       0.0163658975632507       0.0163658975632508       0.0144427587718941
                     0.13       0.0100863477203063         0.01008634772033        0.226545354224131        0.444222111055528        0.444222111055528        0.444222111055528      0.00746101821787701       0.0274533302760564        0.107168885664998       0.0163851255434869       0.0163851255434869       0.0144637629644717
                     0.13       0.0100789698039716       0.0100789698039487        0.226427137796048        0.444472236118059        0.444472236118059        0.444472236118059      0.00747284007014203       0.0274914725705735        0.107258873766277       0.0164043704061212       0.0164043704061212       0.0144847849048147
                     0.13       0.0100716069081991       0.0100716069081431        0.226309014108296         0.44472236118059         0.44472236118059         0.44472236118059      0.00748467681420682       0.0275296581809809         0.10734890433106       0.0164236321607086       0.0164236321607086       0.0145058245916415
                     0.13       0.0100642589953938       0.0100642589956242        0.226190983354357        0.444972486243122        0.444972486243122        0.444972486243122       0.0074965284629953        0.027567887140803        0.107438977358445        0.016442910816803       0.0164429108168028       0.0145268820235956
                     0.13       0.0100569260272209       0.0100569260271641        0.226073045699453        0.445222611305653        0.445222611305653        0.445222611305653      0.00750839502935408       0.0276061594838892        0.107529092847698        0.016462206383959        0.016462206383959       0.0145479571997843
                     0.13       0.0100496079664577       0.0100496079663765         0.22595520133133        0.445472736368184        0.445472736368184        0.445472736368184       0.0075202765262061       0.0276444752438705        0.107619250798053         0.01648151887173       0.0164815188717301        0.014569050118969
                     0.13         0.01004230477451       0.0100423047745676        0.225837450419213        0.445722861430715        0.445722861430715        0.445722861430715      0.00753217296642682       0.0276828344545998        0.107709451208878       0.0165008482896706       0.0165008482896706       0.0145901607802197
                     0.13       0.0100350164144713       0.0100350164142198        0.225719793161944        0.445972986493247        0.445972986493247        0.445972986493247      0.00754408436298845       0.0277212371496368        0.107799694079476       0.0165201945879672       0.0165201945879674       0.0146112891227805
                     0.13       0.0100277428488427       0.0100277428489068        0.225602229723024        0.446223111555778        0.446223111555778        0.446223111555778      0.00755601072876604       0.0277596833629403        0.107889979409353       0.0165395578947945       0.0165395578947944       0.0146324352644609
                     0.13       0.0100204840394921       0.0100204840394901        0.225484760276992        0.446473236618309        0.446473236618309        0.446473236618309      0.00756795207667563       0.0277981731283762        0.107980307198028       0.0165589381604518       0.0165589381604518       0.0146535991450317
                     0.13       0.0100132399498568       0.0100132399500244        0.225367385000155         0.44672336168084         0.44672336168084         0.44672336168084      0.00757990841964665       0.0278367064798131        0.108070677445064       0.0165783353944918       0.0165783353944917       0.0146747807635037
                     0.13       0.0100060105426983        0.010006010542847        0.225250104059322        0.446973486743372        0.446973486743372        0.446973486743372      0.00759187977058873       0.0278752834512445        0.108161090150126       0.0165977496064677       0.0165977496064676       0.0146959801190528
                     0.13      0.00999879578105623       0.0099987957811776        0.225132917635704        0.447223611805903        0.447223611805903        0.447223611805903      0.00760386614246283        0.027913904076534        0.108251545312874       0.0166171808059323       0.0166171808059322       0.0147171972106391
                     0.13       0.0099915956273418      0.00999159562736869         0.22501582589857        0.447473736868434        0.447473736868434        0.447473736868434      0.00761586754820154       0.0279525683896962        0.108342042933068       0.0166366290024389       0.0166366290024388       0.0147384320374266
                     0.13      0.00998441004515595      0.00998441004541709        0.224898829008808        0.447723861930965        0.447723861930965        0.447723861930965      0.00762788400072147       0.0279912764248567        0.108432583010561       0.0166560942055397       0.0166560942055394       0.0147596845987268
                     0.13      0.00997723899786472      0.00997723899800279        0.224781927141805        0.447973986993497        0.447973986993497        0.447973986993497      0.00763991551299088       0.0280300282160112        0.108523165545205       0.0166755764247871        0.016675576424787        0.014780954893634
                     0.13      0.00997008244875834      0.00997008244873422        0.224665120460941        0.448224112056028        0.448224112056028        0.448224112056028       0.0076519620979499       0.0280688237973061         0.10861379053695       0.0166950756697335       0.0166950756697336       0.0148022429214477
                     0.13      0.00996294036138227      0.00996294036118134        0.224548409132861        0.448474237118559        0.448474237118559        0.448474237118559      0.00766402376855686       0.0281076632028767        0.108704457985791       0.0167145919499312       0.0167145919499313       0.0148235486814294
                     0.13      0.00995581269897864      0.00995581269897783        0.224431793318799        0.448724362181091        0.448724362181091        0.448724362181091       0.0076761005377619       0.0281465464669389        0.108795167891795       0.0167341252749322       0.0167341252749322       0.0148448721729408
                     0.13      0.00994869942544198       0.0099486994253839        0.224315273189978        0.448974487243622        0.448974487243622        0.448974487243622      0.00768819241855392       0.0281854736236267        0.108885920255053       0.0167536756542884       0.0167536756542885       0.0148662133951987
                     0.13       0.0099416005047094      0.00994160050484845         0.22419884889897        0.449224612306153        0.449224612306153        0.449224612306153      0.00770029942387353       0.0282244447072945        0.108976715075769       0.0167732430975514       0.0167732430975513        0.014887572347731
                     0.13      0.00993451590078255      0.00993451590079067        0.224082520615563        0.449474737368684        0.449474737368684        0.449474737368684      0.00771242156672128       0.0282634597521384        0.109067552354147       0.0167928276142727       0.0167928276142727       0.0149089490298056
                     0.13      0.00992744557727677      0.00992744557728056        0.223966288491531        0.449724862431216        0.449724862431216        0.449724862431216      0.00772455886005221       0.0283025187925689        0.109158432090502       0.0168124292140041       0.0168124292140041       0.0149303434409917
                     0.13      0.00992038949846994      0.00992038949863285         0.22385015268383        0.449974987493747        0.449974987493747        0.449974987493747      0.00773671131684516       0.0283416218629649        0.109249354285189       0.0168320479062967       0.0168320479062965       0.0149517555807901
                     0.13      0.00991334762898059      0.00991334762900797        0.223734113358518        0.450225112556278        0.450225112556278        0.450225112556278      0.00774887895011407       0.0283807689976326        0.109340318938581       0.0168516837007013       0.0168516837007012       0.0149731854485713
                     0.13      0.00990631993265257      0.00990631993302931        0.223618170664929        0.450475237618809        0.450475237618809        0.450475237618809      0.00776106177283124        0.028419960231079        0.109431326051163       0.0168713366067693        0.016871336606769       0.0149946330439862
                     0.13      0.00989930637420746      0.00989930637404195        0.223502324759698        0.450725362681341        0.450725362681341        0.450725362681341      0.00777325979799894       0.0284591955977579        0.109522375623447       0.0168910066340514       0.0168910066340515       0.0150160983665841
                     0.13      0.00989230691776683      0.00989230691774236        0.223386575794006        0.450975487743872        0.450975487743872        0.450975487743872      0.00778547303861176       0.0284984751322039        0.109613467656016       0.0169106937920986       0.0169106937920986       0.0150375814160155
                     0.13       0.0098853215283118      0.00988532152822258        0.223270923924141        0.451225612806403        0.451225612806403        0.451225612806403      0.00779770150768716       0.0285377988689216        0.109704602149487       0.0169303980904611       0.0169303980904612       0.0150590821918646
                     0.13      0.00987835017040189      0.00987835017040014           0.223155369298        0.451475737868934        0.451475737868934        0.451475737868934      0.00780994521822646       0.0285771668425281         0.10979577910456       0.0169501195386897       0.0169501195386897       0.0150806006938632
                     0.13      0.00987139280930025      0.00987139280949317        0.223039912067572        0.451725862931466        0.451725862931466        0.451725862931466      0.00782220418325076       0.0286165790876205        0.109886998521967       0.0169698581463341        0.016969858146334        0.015102136921693
                     0.13      0.00986444940982325      0.00986444940971464        0.222924552379429        0.451975987993997        0.451975987993997        0.451975987993997      0.00783447841577332        0.028656035638878        0.109978260402512       0.0169896139229447       0.0169896139229448       0.0151236908751365
                     0.13      0.00985751993667004       0.0098575199364453        0.222809290381535        0.452226113056528        0.452226113056528        0.452226113056528      0.00784676792882001       0.0286955365309882        0.110069564747046       0.0170093868780718        0.017009386878072       0.0151452625539688
                     0.13      0.00985060435480748      0.00985060435483006        0.222694126224949         0.45247623811906         0.45247623811906         0.45247623811906      0.00785907273543406       0.0287350817986305        0.110160911556462       0.0170291770212654       0.0170291770212653       0.0151668519579308
                     0.13       0.0098437026303976      0.00984370263045598        0.222579060049264        0.452726363181591        0.452726363181591        0.452726363181591      0.00787139284863263       0.0287746714766281        0.110252300831734       0.0170489843620743       0.0170489843620743       0.0151884590869603
                     0.13       0.0098368147284657      0.00983681472818906        0.222464092004908        0.452976488244122        0.452976488244122        0.452976488244122      0.00788372828147339       0.0288143055997151        0.110343732573858       0.0170688089100487       0.0170688089100489       0.0152100839408381
                     0.13      0.00982994061405183      0.00982994061392198        0.222349222223228        0.453226613306653        0.453226613306653        0.453226613306653      0.00789607904696543       0.0288539842028499        0.110435206783935       0.0170886506747381       0.0170886506747382       0.0152317265196625
                     0.13      0.00982308025274663      0.00982308025282812        0.222234450857477        0.453476738369185        0.453476738369185        0.453476738369185      0.00790844515819128       0.0288937073207846        0.110526723463052       0.0171085096656918       0.0171085096656918       0.0152533868231995
                     0.13      0.00981623361100392      0.00981623361103252        0.222119778040143        0.453726863431716        0.453726863431716        0.453726863431716      0.00792082662818006       0.0289334749885133        0.110618282612405       0.0171283858924585       0.0171283858924585       0.0152750648515596
                     0.13      0.00980940065402071      0.00980940065372382        0.222005203916942        0.453976988494247        0.453976988494247        0.453976988494247      0.00793322347000766       0.0289732872409158          0.1107098842332       0.0171482793645876       0.0171482793645878       0.0152967606046584
                     0.13      0.00980258134742184      0.00980258134761237        0.221890728627553        0.454227113556778        0.454227113556778        0.454227113556778      0.00794563569674075       0.0290131441129588        0.110801528326711       0.0171681900916281       0.0171681900916279       0.0153184740825228
                     0.13      0.00979577565750462      0.00979577565763767        0.221776352300855         0.45447723861931         0.45447723861931         0.45447723861931      0.00795806332142231       0.0290530456397473         0.11089321489429       0.0171881180831285       0.0171881180831284       0.0153402052853655
                     0.13      0.00978898355038358      0.00978898355054017        0.221662075083673        0.454727363681841        0.454727363681841        0.454727363681841      0.00797050635715634       0.0290929918562211        0.110984943937288       0.0172080633486376       0.0172080633486374       0.0153619542131305
                     0.13      0.00978220499234933      0.00978220499238013        0.221547897101892        0.454977488744372        0.454977488744372        0.454977488744372      0.00798296481699323       0.0291329827975645        0.111076715457161       0.0172280258977035       0.0172280258977035       0.0153837208661087
                     0.13      0.00977543994950807      0.00977543994943244         0.22143381849812        0.455227613806903        0.455227613806903        0.455227613806903       0.0079954387140411       0.0291730184988105        0.111168529455372       0.0172480057398748       0.0172480057398749       0.0154055052443413
                     0.13      0.00976868838812787       0.0097686883879965        0.221319839400296        0.455477738869435        0.455477738869435        0.455477738869435      0.00800792806137215       0.0292130989951701        0.111260385933461       0.0172680028846998       0.0172680028846999       0.0154273073481175
                     0.13      0.00976195027455527      0.00976195027467653        0.221205959931714        0.455727863931966        0.455727863931966        0.455727863931966      0.00802043287205389       0.0292532243219273        0.111352284893036       0.0172880173417267       0.0172880173417266       0.0154491271778147
                     0.13      0.00975522557594543       0.0097552255760134        0.221092180230022        0.455977988994497        0.455977988994497        0.455977988994497      0.00803295315920396       0.0292933945142394         0.11144422633571       0.0173080491205029       0.0173080491205028       0.0154709647335993
                     0.13      0.00974851425876999      0.00974851425844862        0.220978500432701        0.456228114057028        0.456228114057028        0.456228114057028      0.00804548893594757       0.0293336096072905        0.111536210263145       0.0173280982305763       0.0173280982305766       0.0154928200156555
                     0.13      0.00974181628933467      0.00974181628927686        0.220864920656975         0.45647823911956         0.45647823911956         0.45647823911956      0.00805804021535848       0.0293738696365008        0.111628236677103       0.0173481646814951       0.0173481646814952       0.0155146930245034
                     0.13      0.00973513163436668      0.00973513163444163        0.220751441033047        0.456728364182091        0.456728364182091        0.456728364182091       0.0080706070105569       0.0294141746371795        0.111720305579357       0.0173682484828069       0.0173682484828068       0.0155365837604734
                     0.13      0.00972846026189951      0.00972846026171147        0.220638061683694        0.456978489244622        0.456978489244622        0.456978489244622      0.00808318933464936       0.0294545246447364        0.111812416971745       0.0173883496440582       0.0173883496440583       0.0155584922240288
                     0.13      0.00972180213824134      0.00972180213792235        0.220524782742784        0.457228614307154        0.457228614307154        0.457228614307154      0.00809578720078282        0.029494919694491        0.111904570856123       0.0174084681747969       0.0174084681747971       0.0155804184154735
                     0.13       0.0097151572306356      0.00971515723045635        0.220411604327547        0.457478739369685        0.457478739369685        0.457478739369685      0.00810840062206409       0.0295353598219608        0.111996767234437       0.0174286040845701       0.0174286040845702       0.0156023623353896
                     0.13      0.00970852550639901      0.00970852550642431        0.220298526565246        0.457728864432216        0.457728864432216        0.457728864432216      0.00812102961163662       0.0295758450625827        0.112089006108647       0.0174487573829247       0.0174487573829247       0.0156243239842166
                     0.13      0.00970190693289438      0.00970190693283782        0.220185549571087        0.457978989494747        0.457978989494747        0.457978989494747      0.00813367418261719       0.0296163754519444        0.112181287480791       0.0174689280794077       0.0174689280794077       0.0156463033625999
                     0.13      0.00969530147772087      0.00969530147761876        0.220072673471862        0.458229114557279        0.458229114557279        0.458229114557279      0.00814633434816468       0.0296569510255366        0.112273611352923       0.0174891161835656       0.0174891161835656       0.0156683004710179
                     0.13      0.00968870910778307       0.0096887091079424        0.219959898375274         0.45847923961981         0.45847923961981         0.45847923961981      0.00815901012139011       0.0296975718190742        0.112365977727188       0.0175093217049456       0.0175093217049455       0.0156903153102659
                     0.13      0.00968212979173382      0.00968212979165328        0.219847224416347        0.458729364682341        0.458729364682341        0.458729364682341      0.00817170151549269       0.0297382378680107        0.112458386605711       0.0175295446530934       0.0175295446530934       0.0157123478807239
                     0.13      0.00967556349632839      0.00967556349659216        0.219734651704004        0.458979489744872        0.458979489744872        0.458979489744872      0.00818440854360279       0.0297789492080975        0.112550837990718       0.0175497850375561       0.0175497850375559       0.0157343981831996
                     0.13      0.00966901019035639       0.0096690101903039        0.219622180353209        0.459229614807404        0.459229614807404        0.459229614807404      0.00819713121887747       0.0298197058750466         0.11264333188447       0.0175700428678792       0.0175700428678793       0.0157564662184212
                     0.13      0.00966246984093015      0.00966246984098262        0.219509810484255        0.459479739869935        0.459479739869935        0.459479739869935      0.00820986955449662       0.0298605079045397        0.112735868289255       0.0175903181536096       0.0175903181536095       0.0157785519870487
                     0.13      0.00965594241625341      0.00965594241642545        0.219397542204093        0.459729864932466        0.459729864932466        0.459729864932466      0.00822262356360969       0.0299013553324219        0.112828447207434       0.0176106109042929       0.0176106109042928       0.0158006554899683
                     0.13      0.00964942788495142      0.00964942788477066        0.219285375627645        0.459979989994997        0.459979989994997        0.459979989994997      0.00823539325939779       0.0299422481944793        0.112921068641399       0.0176309211294747       0.0176309211294749       0.0158227767279564
                     0.13      0.00964292621462347      0.00964292621456696        0.219173310871416        0.460230115057529        0.460230115057529        0.460230115057529        0.008248178655054       0.0299831865265071        0.113013732593574       0.0176512488387013       0.0176512488387013       0.0158449157017807
                     0.13      0.00963643737402096      0.00963643737394426        0.219061348040642         0.46048024012006         0.46048024012006         0.46048024012006      0.00826097976374694       0.0300241703644415         0.11310643906645       0.0176715940415178       0.0176715940415178       0.0158670724124021
                     0.13      0.00962996133114429      0.00962996133143365        0.218949487252099        0.460730365182591        0.460730365182591        0.460730365182591       0.0082737965986867       0.0300651997441242         0.11319918806254         0.01769195674747       0.0176919567474698       0.0158892468606159
                     0.13       0.0096234980546615      0.00962349805468239        0.218837728607296        0.460980490245123        0.460980490245123        0.460980490245123       0.0082866291730474         0.03010627470158        0.113291979584427       0.0177123369661032       0.0177123369661032       0.0159114390474737
                     0.13      0.00961704751327941       0.0096170475133049        0.218726072216828        0.461230615307654        0.461230615307654        0.461230615307654      0.00829947750003782       0.0301473952727634         0.11338481363472       0.0177327347069626       0.0177327347069626       0.0159336489739001
                     0.13      0.00961060967583018      0.00961060967557413        0.218614518195244        0.461480740370185        0.461480740370185        0.461480740370185      0.00831234159288551       0.0301885614936132         0.11347769021606        0.017753149979593       0.0177531499795932       0.0159558766407739
                     0.13      0.00960418451012873      0.00960418451031694        0.218503066628189        0.461730865432716        0.461730865432716        0.461730865432716      0.00832522146474306       0.0302297734003932        0.113570609331186       0.0177735827935404       0.0177735827935402        0.015978122049444
                     0.13      0.00959777198665708      0.00959777198650069        0.218391717640793        0.461980990495248        0.461980990495248        0.461980990495248       0.0083381171288853        0.030271031028981        0.113663570982802       0.0177940331583482       0.0177940331583483        0.016000385200655
                     0.13      0.00959137207309672      0.00959137207319711        0.218280471324278        0.462231115557779        0.462231115557779        0.462231115557779      0.00835102859849597       0.0303123344156322        0.113756575173711       0.0178145010835621       0.0178145010835621       0.0160226660957003
                     0.13      0.00958498473878504      0.00958498473894177        0.218169327787335         0.46248124062031         0.46248124062031         0.46248124062031      0.00836395588681879       0.0303536835964453        0.113849621906734       0.0178349865787267       0.0178349865787266       0.0160449647356153
                     0.13      0.00957860995328225      0.00957860995351148        0.218058287129167        0.462731365682841        0.462731365682841        0.462731365682841      0.00837689900707783       0.0303950786076418        0.113942711184747       0.0178554896533861       0.0178554896533859       0.0160672811216003
                     0.13      0.00957224768497517      0.00957224768503188        0.217947349449819        0.462981490745373        0.462981490745373        0.462981490745373      0.00838985797250653       0.0304365194854604        0.114035843010656       0.0178760103170853       0.0178760103170852       0.0160896152548588
                     0.13      0.00956589790423872      0.00956589790434052         0.21783651485057        0.463231615807904        0.463231615807904        0.463231615807904      0.00840283279635071       0.0304780062661498        0.114129017387411       0.0178965485793677       0.0178965485793676       0.0161119671365908
                     0.13      0.00955956057968055      0.00955956057967323        0.217725783431047        0.463481740870435        0.463481740870435        0.463481740870435      0.00841582349185961       0.0305195389860027        0.114222234318004       0.0179171044497782       0.0179171044497782       0.0161343367680388
                     0.13      0.00955323568105967      0.00955323568131708        0.217615155279741        0.463731865932966        0.463731865932966        0.463731865932966      0.00842883007225875       0.0305611176814508         0.11431549380549       0.0179376779378605       0.0179376779378604        0.016156724150636
                     0.13      0.00954692317828119       0.0095469231782911        0.217504630505853        0.463981990995498        0.463981990995498        0.463981990995498      0.00844185255083978       0.0306027423887368        0.114408795852915       0.0179582690531584       0.0179582690531584        0.016179129285507
                     0.13      0.00954062304055612      0.00954062304046018        0.217394209195048        0.464232116058029        0.464232116058029        0.464232116058029      0.00845489094083629       0.0306444131443717        0.114502140463415       0.0179788778052159        0.017978877805216       0.0162015521741619
                     0.13      0.00953433523794817      0.00953433523794598        0.217283891447044         0.46448224112056         0.46448224112056         0.46448224112056      0.00846794525552919       0.0306861299847459        0.114595527640135       0.0179995042035766       0.0179995042035766       0.0162239928179066
                     0.13      0.00952805973999896      0.00952805974014873        0.217173677347965        0.464732366183091        0.464732366183091        0.464732366183091      0.00848101550816922       0.0307278929464156        0.114688957386283       0.0180201482577841        0.018020148257784       0.0162464512182764
                     0.13      0.00952179651725947      0.00952179651733993        0.217063567007155        0.464982491245623        0.464982491245623        0.464982491245623      0.00849410171208072       0.0307697020657216        0.114782429705066       0.0180408099773816       0.0180408099773815       0.0162689273764592
                     0.13      0.00951554553943574      0.00951554553925864        0.216953560492185        0.465232616308154        0.465232616308154        0.465232616308154      0.00850720388047731       0.0308115573794615        0.114875944599796       0.0180614893719125       0.0180614893719127       0.0162914212943133
                     0.13      0.00950930677649245      0.00950930677659168        0.216843657911954        0.465482741370685        0.465482741370685        0.465482741370685      0.00852032202669789        0.030853458924031        0.114969502073754       0.0180821864509203       0.0180821864509202       0.0163139329730662
                     0.13      0.00950308019866449      0.00950308019881862         0.21673385934302        0.465732866433217        0.465732866433217        0.465732866433217      0.00853345616399791       0.0308954067361848        0.115063102130314       0.0181029012239478       0.0181029012239477       0.0163364624144681
                     0.13      0.00949686577699769      0.00949686577677283        0.216624164890612        0.465982991495748        0.465982991495748        0.465982991495748      0.00854660630572197       0.0309374008524061         0.11515674477284       0.0181236337005377       0.0181236337005379        0.016359009619837
                     0.13      0.00949066348086222      0.00949066348096345        0.216514574631613        0.466233116558279        0.466233116558279        0.466233116558279      0.00855977246514153       0.0309794413094964        0.115250430004773       0.0181443838902335       0.0181443838902334       0.0163815745909505
                     0.13      0.00948447328132515      0.00948447328139932        0.216405088649641         0.46648324162081         0.46648324162081         0.46648324162081      0.00857295465555628       0.0310215281442124        0.115344157829586       0.0181651518025774       0.0181651518025774       0.0164041573294973
                     0.13      0.00947829514887722      0.00947829514894473        0.216295707032033        0.466733366683342        0.466733366683342        0.466733366683342      0.00858615289028395       0.0310636613932972         0.11543792825078       0.0181859374471123       0.0181859374471123       0.0164267578371242
                     0.13      0.00947212905395112      0.00947212905412815        0.216186429860294        0.466983491745873        0.466983491745873        0.466983491745873      0.00859936718263295       0.0311058410935793        0.115531741271896       0.0182067408333807       0.0182067408333806       0.0164493761155856
                     0.13      0.00946597496783599      0.00946597496778732        0.216077257230681        0.467233616808404        0.467233616808404        0.467233616808404      0.00861259754596251       0.0311480672817605        0.115625596896497       0.0182275619709247       0.0182275619709248        0.016472012166422
                     0.13      0.00945983286098254      0.00945983286078555        0.215968189212943        0.467483741870935        0.467483741870935        0.467483741870935      0.00862584399356414       0.0311903399948403        0.115719495128215       0.0182484008692869        0.018248400869287        0.016494665991604
                     0.13      0.00945370270413359      0.00945370270430271        0.215859225898048        0.467733866933467        0.467733866933467        0.467733866933467      0.00863910653879682       0.0312326592696252        0.115813435970684       0.0182692575380095       0.0182692575380093       0.0165173375927877
                     0.13      0.00944758446874053        0.009447584468662         0.21575036735864        0.467983991995998        0.467983991995998        0.467983991995998      0.00865238519497703       0.0312750251431351        0.115907419427606       0.0182901319866342       0.0182901319866343       0.0165400269719312
                     0.13      0.00944147812572023      0.00944147812569669        0.215641613680678        0.468234117058529        0.468234117058529        0.468234117058529      0.00866567997546551       0.0313174376522781        0.116001445502692       0.0183110242247032       0.0183110242247032       0.0165627341308016
                     0.13      0.00943538364610882      0.00943538364628511        0.215532964941417         0.46848424212106         0.46848424212106         0.46848424212106      0.00867899089360718       0.0313598968340769        0.116095514199707       0.0183319342617584       0.0183319342617583        0.016585459071318
                     0.13      0.00942930100125058      0.00942930100110299        0.215424421207668        0.468734367183592        0.468734367183592        0.468734367183592      0.00869231796272491        0.031402402725687        0.116189625522455       0.0183528621073415       0.0183528621073416       0.0166082017955785
                     0.13      0.00942323016259947      0.00942323016255285        0.215315982573747        0.468984492246123        0.468984492246123        0.468984492246123      0.00870566119622729       0.0314449553640058        0.116283779474746       0.0183738077709939       0.0183738077709939       0.0166309623052696
                     0.13      0.00941717110151538      0.00941717110173212        0.215207649111734        0.469234617308654        0.469234617308654        0.469234617308654      0.00871902060746754       0.0314875547861849        0.116377976060444       0.0183947712622573       0.0183947712622572       0.0166537406024403
                     0.13      0.00941112378956723      0.00941112378956155        0.215099420888836        0.469484742371186        0.469484742371186        0.469484742371186      0.00873239620979458       0.0315302010294509        0.116472215283466        0.018415752590673        0.018415752590673       0.0166765366892319
                     0.13      0.00940508819834336      0.00940508819826899        0.214991297978708        0.469734867433717        0.469734867433717        0.469734867433717      0.00874578801658203       0.0315728941309889         0.11656649714774       0.0184367517657824       0.0184367517657824       0.0166993505677017
                     0.13       0.0093990642995232      0.00939906429954053        0.214883280466118        0.469984992496248        0.469984992496248        0.469984992496248      0.00875919604124241        0.031615634127896        0.116660821657217       0.0184577687971265       0.0184577687971265       0.0167221822397507
                     0.13       0.0093930520649494      0.00939305206509195        0.214775368417102        0.470235117558779        0.470235117558779        0.470235117558779      0.00877262029714439        0.031658421057486        0.116755188815909       0.0184788036942465       0.0184788036942464       0.0167450317075879
                     0.13      0.00938705146669254      0.00938705146659606        0.214667561897686        0.470485242621311        0.470485242621311        0.470485242621311      0.00878606079766433       0.0317012549570982        0.116849598627854       0.0184998564666831       0.0184998564666832       0.0167678989734385
                     0.13      0.00938106247603223      0.00938106247584279        0.214559860982529        0.470735367683842        0.470735367683842        0.470735367683842      0.00879951755621089       0.0317441358640091         0.11694405109712       0.0185209271239777       0.0185209271239778         0.01679078403941
                     0.13      0.00937508506552558      0.00937508506542899         0.21445226574789        0.470985492746373        0.470985492746373        0.470985492746373      0.00881299058620391       0.0317870638155032        0.117038546227796       0.0185420156756706       0.0185420156756706        0.016813686907602
                     0.13      0.00936911920717938      0.00936911920724556        0.214344776248147        0.471235617808904        0.471235617808904        0.471235617808904      0.00882647990101159       0.0318300388491146        0.117133084024034       0.0185631221313025       0.0185631221313025       0.0168366075804698
                     0.13      0.00936316487313119      0.00936316487309985        0.214237392570529        0.471485742871436        0.471485742871436        0.471485742871436      0.00883998551410033       0.0318730610020672        0.117227664489981        0.018584246500414       0.0185842465004141       0.0168595460599756
                     0.13      0.00935722203607414      0.00935722203598467        0.214130114761253        0.471735867933967        0.471735867933967        0.471735867933967       0.0088535074388307       0.0319161303120281        0.117322287629853       0.0186053887925453       0.0186053887925454       0.0168825023487343
                     0.13       0.0093512906674027      0.00935129066742492        0.214022942893704        0.471985992996498        0.471985992996498        0.471985992996498      0.00886704568864709       0.0319592468164137        0.117416953447878       0.0186265490172374       0.0186265490172373       0.0169054764489557
                     0.13      0.00934537074069912      0.00934537074048687        0.213915877040491        0.472236118059029        0.472236118059029        0.472236118059029      0.00888060027699809       0.0320024105526723        0.117511661948305       0.0186477271840295       0.0186477271840297       0.0169284683628783
                     0.13      0.00933946222753496      0.00933946222745776        0.213808917253798        0.472486243121561        0.472486243121561        0.472486243121561      0.00889417121728556       0.0320456215584865        0.117606413135447       0.0186689233024626       0.0186689233024627       0.0169514780930735
                     0.13      0.00933356510096554      0.00933356510094443        0.213702063606809        0.472736368184092        0.472736368184092        0.472736368184092      0.00890775852297565       0.0320888798713502        0.117701207013616       0.0186901373820764       0.0186901373820764        0.016974505641804
                     0.13      0.00932767933406168      0.00932767933387664        0.213595316159707        0.472986493246623        0.472986493246623        0.472986493246623      0.00892136220750721       0.0321321855289146        0.117796043587173       0.0187113694324103       0.0187113694324105         0.01699755101155
                     0.13      0.00932180489881794      0.00932180489857488        0.213488674966226        0.473236618309155        0.473236618309155        0.473236618309155      0.00893498228430886       0.0321755385689226        0.117890922860511       0.0187326194630049       0.0187326194630051       0.0170206142049083
                     0.13      0.00931594176830536      0.00931594176843091        0.213382140093624        0.473486743371686        0.473486743371686        0.473486743371686      0.00894861876685464        0.032218939029004        0.117985844838044       0.0187538874833996       0.0187538874833995       0.0170436952242826
                     0.13      0.00931008991577807      0.00931008991563832        0.213275711609065        0.473736868434217        0.473736868434217        0.473736868434217      0.00896227166862539       0.0322623869468158        0.118080809524215       0.0187751735031338       0.0187751735031339       0.0170667940720946
                     0.13      0.00930424931421953      0.00930424931421818        0.213169389556461        0.473986993496748        0.473986993496748        0.473986993496748       0.0089759410030467       0.0323058823602757        0.118175816923514       0.0187964775317471       0.0187964775317471       0.0170899107511422
                     0.13      0.00929841993628001      0.00929841993621084        0.213063174004402         0.47423711855928         0.47423711855928         0.47423711855928      0.00898962678361959       0.0323494253070774        0.118270867040447        0.018817799578779        0.018817799578779       0.0171130452638579
                     0.13      0.00929260175547264       0.0092926017554952        0.212957064999187        0.474487243621811        0.474487243621811        0.474487243621811      0.00900332902379052       0.0323930158251648         0.11836595987955       0.0188391396537686       0.0188391396537686       0.0171361976130352
                     0.13      0.00928679474475806      0.00928679474487613        0.212851062609218        0.474737368684342        0.474737368684342        0.474737368684342      0.00901704773707576        0.032436653952284        0.118461095445388       0.0188604977662554       0.0188604977662553       0.0171593678011426
                     0.13      0.00928099887802432      0.00928099887804637        0.212745166886225        0.474987493746873        0.474987493746873        0.474987493746873      0.00903078293695315        0.032480339726375        0.118556273742561        0.018881873925778        0.018881873925778       0.0171825558309227
                     0.13      0.00927521412832357      0.00927521412830362        0.212639377880133        0.475237618809405        0.475237618809405        0.475237618809405      0.00904453463690373       0.0325240731854217        0.118651494775699       0.0189032681418757       0.0189032681418757        0.017205761705162
                     0.13      0.00926944046938258      0.00926944046938626        0.212533695645839        0.475487743871936        0.475487743871936        0.475487743871936      0.00905830285042952        0.032567854367383        0.118746758549454       0.0189246804240872       0.0189246804240872       0.0172289854265867
                     0.13      0.00926367787421438      0.00926367787428783        0.212428120245039        0.475737868934467        0.475737868934467        0.475737868934467      0.00907208759105847       0.0326116833101748        0.118842065068505       0.0189461107819516       0.0189461107819515       0.0172522269978349
                     0.13      0.00925792631687634      0.00925792631697391         0.21232265171897        0.475987993996998        0.475987993996998        0.475987993996998      0.00908588887227142       0.0326555600519448        0.118937414337569       0.0189675592250073       0.0189675592250073       0.0172754864218762
                     0.13      0.00925218577099167      0.00925218577094392        0.212217290117463         0.47623811905953         0.47623811905953         0.47623811905953      0.00909970670757992       0.0326994846307797        0.119032806361388       0.0189890257627931       0.0189890257627931       0.0172987637015641
                     0.13      0.00924645621047865      0.00924645621055011        0.212112035505418        0.476488244122061        0.476488244122061        0.476488244122061      0.00911354111054422       0.0327434570846389         0.11912824114472       0.0190105104048472       0.0190105104048472       0.0173220588395365
                     0.13      0.00924073760912361      0.00924073760900711        0.212006887919818        0.476738369184592        0.476738369184592        0.476738369184592      0.00912739209465652       0.0327874774517897        0.119223718692368       0.0190320131607083       0.0190320131607083       0.0173453718388775
                     0.13      0.00923502994085743      0.00923502994097264        0.211901847411326        0.476988494247124        0.476988494247124        0.476988494247124      0.00914125967345376       0.0328315457703864        0.119319239009151       0.0190535340399144       0.0190535340399143       0.0173687027024769
                     0.13      0.00922933317975674      0.00922933317958952        0.211796914027919        0.477238619309655        0.477238619309655        0.477238619309655       0.0091551438604735       0.0328756620786363        0.119414802099918       0.0190750730520039       0.0190750730520041       0.0173920514332822
                     0.13       0.0092236472998769       0.0092236473000378        0.211692087819259        0.477488744372186        0.477488744372186        0.477488744372186      0.00916904466926603       0.0329198264147545        0.119510407969547       0.0190966302065149       0.0190966302065148       0.0174154180342313
                     0.13      0.00921797227561037      0.00921797227570668        0.211587368832667        0.477738869434717        0.477738869434717        0.477738869434717      0.00918296211338233       0.0329640388170058        0.119606056622941       0.0191182055129852       0.0191182055129852       0.0174388025083146
                     0.13      0.00921230808115196      0.00921230808103507        0.211482757109782        0.477988994497249        0.477988994497249        0.477988994497249       0.0091968962063655       0.0330082993237375        0.119701748065025       0.0191397989809528       0.0191397989809529       0.0174622048586258
                     0.13      0.00920665469029384      0.00920665469036735        0.211378252692372         0.47823911955978         0.47823911955978         0.47823911955978      0.00921084696176794       0.0330526079733213        0.119797482300761       0.0191614106199559       0.0191614106199558        0.017485625088273
                     0.13      0.00920101207842767      0.00920101207856136        0.211273855631489        0.478489244622311        0.478489244622311        0.478489244622311      0.00922481439317387       0.0330969648040601        0.119893259335126       0.0191830404395314       0.0191830404395313       0.0175090632002383
                     0.13      0.00919538021952169      0.00919538021965804        0.211169565968094        0.478739369684842        0.478739369684842        0.478739369684842      0.00923879851414843       0.0331413698543849         0.11998907917313       0.0192046884492175       0.0192046884492174       0.0175325191976747
                     0.13      0.00918975908822726      0.00918975908836469        0.211065383743618        0.478989494747374        0.478989494747374        0.478989494747374      0.00925279933826517        0.033185823162747        0.120084941819803       0.0192263546585515       0.0192263546585514       0.0175559930837442
                     0.13      0.00918414865892254      0.00918414865889493         0.21096130899684        0.479239619809905        0.479239619809905        0.479239619809905       0.0092668168790986       0.0332303247676502        0.120180847280204        0.019248039077071        0.019248039077071        0.017579484861666
                     0.13      0.00917854890667658      0.00917854890668168        0.210857341771538        0.479489744872436        0.479489744872436        0.479489744872436      0.00928085115024467       0.0332748747075728        0.120276795559418       0.0192697417143132       0.0192697417143132       0.0176029945345986
                     0.13       0.0091729598060437       0.0091729598062491        0.210753482102356        0.479739869934967        0.479739869934967        0.479739869934967      0.00929490216528191        0.033319473021111         0.12037278666255       0.0192914625798155       0.0192914625798153       0.0176265221058568
                     0.13      0.00916738133221495      0.00916738133219565        0.210649730039394        0.479989994997499        0.479989994997499        0.479989994997499      0.00930896993783862       0.0333641197467313        0.120468820594735       0.0193132016831147       0.0193132016831148       0.0176500675785348
                     0.13      0.00916181346004655      0.00916181345981453        0.210546085615756         0.48024012006003         0.48024012006003         0.48024012006003      0.00932305448150481        0.033408814923096        0.120564897361131       0.0193349590337481       0.0193349590337482       0.0176736309560036
                     0.13      0.00915625616424137      0.00915625616426335        0.210442548862081        0.480490245122561        0.480490245122561        0.480490245122561      0.00933715580987159        0.033453558588918        0.120661016966918       0.0193567346412527       0.0193567346412527       0.0176972122416876
                     0.13        0.009150709419965      0.00915070941996226        0.210339119819199        0.480740370185093        0.480740370185093        0.480740370185093      0.00935127393656508       0.0334983507828334        0.120757179417301       0.0193785285151654       0.0193785285151654       0.0177208114388715
                     0.13       0.0091451732026482      0.00914517320283903        0.210235798527931        0.480990495247624        0.480990495247624        0.480990495247624      0.00936540887521918       0.0335431915435037        0.120853384717511       0.0194003406650229       0.0194003406650227       0.0177444285508567
                     0.13      0.00913964748756691      0.00913964748731869        0.210132585014278        0.481240620310155        0.481240620310155        0.481240620310155      0.00937956063943562       0.0335880809097648        0.120949632872799       0.0194221711003616       0.0194221711003618       0.0177680635811868
                     0.13      0.00913413224975498      0.00913413224977413        0.210029479322211        0.481490745372686        0.481490745372686        0.481490745372686       0.0093937292428722       0.0336330189202978        0.121045923888443       0.0194440198307185       0.0194440198307185       0.0177917165331472
                     0.13      0.00912862746496393      0.00912862746505254         0.20992648148007        0.481740870435218        0.481740870435218        0.481740870435218      0.00940791469915223        0.033678005613966        0.121142257769741       0.0194658868656298       0.0194658868656297        0.017815387410278
                     0.13      0.00912313310820955      0.00912313310822629        0.209823591521767        0.481990995497749        0.481990995497749        0.481990995497749      0.00942211702192139       0.0337230410296028        0.121238634522015       0.0194877722146322       0.0194877722146322       0.0178390762160506
                     0.13      0.00911764915548853      0.00911764915539946        0.209720809475843         0.48224112056028         0.48224112056028         0.48224112056028      0.00943633622481971       0.0337681252061202        0.121335054150612       0.0195096758872617       0.0195096758872617       0.0178627829540341
                     0.13      0.00911217558210786      0.00911217558210565        0.209618135382213        0.482491245622811        0.482491245622811        0.482491245622811      0.00945057232152419       0.0338132581823426          0.1214315166609       0.0195315978930547       0.0195315978930547       0.0178865076276402
                     0.13      0.00910671236362747        0.009106712363541        0.209515569266328        0.482741370685343        0.482741370685343        0.482741370685343      0.00946482532568156       0.0338584399972645        0.121528022058272       0.0195535382415475       0.0195535382415476       0.0179102502405174
                     0.13      0.00910125947638131      0.00910125947620159        0.209413111155212        0.482991495747874        0.482991495747874        0.482991495747874      0.00947909525094949       0.0339036706898896        0.121624570348132       0.0195754969422758       0.0195754969422759       0.0179340107963061
                     0.13      0.00909581689536651      0.00909581689528268        0.209310761079057        0.483241620810405        0.483241620810405        0.483241620810405       0.0094933821110028       0.0339489502992164         0.12172116153592       0.0195974740047759        0.019597474004776       0.0179577892986142
                     0.13       0.0090903845970953      0.00909038459707128        0.209208519073193        0.483491745872936        0.483491745872936        0.483491745872936      0.00950768591953693       0.0339942788642169        0.121817795627091       0.0196194694385835       0.0196194694385835       0.0179815857509878
                     0.13      0.00908496255741184      0.00908496255736658        0.209106385157946        0.483741870935468        0.483741870935468        0.483741870935468       0.0095220066902153        0.034039656424039        0.121914472627122       0.0196414832532344       0.0196414832532344        0.018005400157217
                     0.13      0.00907955075215976      0.00907955075215941        0.209004359360301        0.483991995997999        0.483991995997999        0.483991995997999      0.00953634443672695       0.0340850830177893        0.122011192541511       0.0196635154582643       0.0196635154582643       0.0180292325210067
                     0.13      0.00907414915782449      0.00907414915784939        0.208902441713693         0.48424212106053         0.48424212106053         0.48424212106053      0.00955069917278545       0.0341305586845358        0.122107955375784       0.0196855660632087       0.0196855660632087       0.0180530828459795
                     0.13      0.00906875775052056      0.00906875775051828        0.208800632236806        0.484492246123062        0.484492246123062        0.484492246123062       0.0095650709120725        0.034176083463519        0.122204761135475       0.0197076350776032       0.0197076350776032       0.0180769511359982
                     0.13      0.00906337650575859      0.00906337650591127        0.208698930947727        0.484742371185593        0.484742371185593        0.484742371185593      0.00957945966827638       0.0342216573940113        0.122301609826144       0.0197297225109836       0.0197297225109835       0.0181008373949504
                     0.13      0.00905800540103777      0.00905800540094445        0.208597337889069        0.484992496248124        0.484992496248124        0.484992496248124      0.00959386545515803        0.034267280515066        0.122398501453386       0.0197518283728845       0.0197518283728846       0.0181247416263675
                     0.13      0.00905264441206094      0.00905264441197081        0.208495853073462        0.485242621310655        0.485242621310655        0.485242621310655       0.0096082882864059       0.0343129528660606        0.122495436022794       0.0197739526728417       0.0197739526728417       0.0181486638342515
                     0.13      0.00904729351528281      0.00904729351512295        0.208394476516266        0.485492746373187        0.485492746373187        0.485492746373187      0.00962272817572368       0.0343586744863707        0.122592413539986       0.0197960954203903       0.0197960954203904        0.018172604022579
                     0.13      0.00904195268725486      0.00904195268721561        0.208293208250958        0.485742871435718        0.485742871435718        0.485742871435718      0.00963718513687109       0.0344044454152179        0.122689434010615       0.0198182566250654       0.0198182566250654       0.0181965621950674
                     0.13      0.00903662190476851      0.00903662190476853        0.208192048295087        0.485992996498249        0.485992996498249        0.485992996498249      0.00965165918357253       0.0344502656920073        0.122786497440339       0.0198404362964018       0.0198404362964018       0.0182205383556916
                     0.13      0.00903130114438499      0.00903130114438567        0.208090996668546         0.48624312156078         0.48624312156078         0.48624312156078      0.00966615032956703       0.0344961353561463        0.122883603834843       0.0198626344439347       0.0198626344439347       0.0182445325084066
                     0.13      0.00902599038290665      0.00902599038294977        0.207990053389769        0.486493246623312        0.486493246623312        0.486493246623312      0.00968065858859667       0.0345420544470823        0.122980753199825       0.0198848510771987       0.0198848510771987       0.0182685446572053
                     0.13      0.00902068959735299      0.00902068959724138        0.207889218478144        0.486743371685843        0.486743371685843        0.486743371685843      0.00969518397441393       0.0345880230042788        0.123077945541006       0.0199070862057286       0.0199070862057286       0.0182925748060819
                     0.13      0.00901539876409959      0.00901539876412112        0.207788491955915        0.486993496748374        0.486993496748374        0.486993496748374      0.00970972650078694       0.0346340410671971        0.123175180864134       0.0199293398390592       0.0199293398390592        0.018316622959003
                     0.13      0.00901011786031717      0.00901011786027466        0.207687873835763        0.487243621810905        0.487243621810905        0.487243621810905      0.00972428618146488       0.0346801086754183        0.123272459174957        0.019951611986725       0.0199516119867251       0.0183406891200955
                     0.13      0.00900484686298651      0.00900484686315975        0.207587364140029        0.487493746873437        0.487493746873437        0.487493746873437      0.00973886303023105       0.0347262258684534        0.123369780479258       0.0199739026582606       0.0199739026582605       0.0183647732933561
                     0.13      0.00899958574939506      0.00899958574946062        0.207486962877882        0.487743871935968        0.487743871935968        0.487743871935968      0.00975345706084168       0.0347723926859696        0.123467144782831       0.0199962118632003       0.0199962118632002       0.0183888754829959
                     0.13      0.00899433449673735      0.00899433449656497        0.207386670074835        0.487993996998499        0.487993996998499        0.487993996998499      0.00976806828710275       0.0348186091674979        0.123564552091493       0.0200185396110783       0.0200185396110784       0.0184129956929951
                     0.13       0.0089890930820001      0.00898909308202319        0.207286485738569         0.48824412206103         0.48824412206103         0.48824412206103      0.00978269672278237       0.0348648753527712        0.123662002411077        0.020040885911429        0.020040885911429       0.0184371339276184
                     0.13      0.00898386148241947      0.00898386148228999        0.207186409882042        0.488494247123562        0.488494247123562        0.488494247123562      0.00979734238166852       0.0349111912814959        0.123759495747427       0.0200632507737867       0.0200632507737868       0.0184612901910664
                     0.13       0.0089786396756107      0.00897863967565279        0.207086442524366        0.488744372186093        0.488744372186093        0.488744372186093      0.00981200527757392       0.0349575569933429        0.123857032106418       0.0200856342076853       0.0200856342076852       0.0184854644874627
                     0.13      0.00897342763855004      0.00897342763865328        0.206986583671183        0.488994497248624        0.488994497248624        0.488994497248624      0.00982668542428348       0.0350039725281423         0.12395461149393        0.020108036222659       0.0201080362226589       0.0185096568211491
                     0.13      0.00896822534930244      0.00896822534917261        0.206886833343141        0.489244622311156        0.489244622311156        0.489244622311156      0.00984138283562825        0.035050437925601        0.124052233915871       0.0201304568282415       0.0201304568282415       0.0185338671962571
                     0.13      0.00896303278491941      0.00896303278506986        0.206787191547704        0.489494747373687        0.489494747373687        0.489494747373687      0.00985609752541296       0.0350969532255819        0.124149899378158       0.0201528960339668       0.0201528960339667       0.0185580956171321
                     0.13      0.00895784992345789      0.00895784992356471        0.206687658292209        0.489744872436218        0.489744872436218        0.489744872436218      0.00987082950744975       0.0351435184679746        0.124247607886726       0.0201753538493686       0.0201753538493685       0.0185823420881369
                     0.13      0.00895267674231654      0.00895267674244227        0.206588233595321        0.489994997498749        0.489994997498749        0.489994997498749      0.00988557879558733       0.0351901336925829        0.124345359447538       0.0201978302839806       0.0201978302839805       0.0186066066134792
                     0.13      0.00894751321935369      0.00894751321954852        0.206488917464789        0.490245122561281        0.490245122561281        0.490245122561281      0.00990034540365402       0.0352367989393435        0.124443154066562       0.0202203253473363       0.0202203253473362       0.0186308891975464
                     0.13      0.00894235933247805      0.00894235933256155        0.206389709903047        0.490495247623812        0.490495247623812        0.490495247623812      0.00991512934547141       0.0352835142482709        0.124540991749779       0.0202428390489694       0.0202428390489693        0.018655189844821
                     0.13      0.00893721505933369       0.0089372150592058         0.20629061092161        0.490745372686343        0.490745372686343        0.490745372686343      0.00992993063489225       0.0353302796593161        0.124638872503193       0.0202653713984133       0.0202653713984134       0.0186795085596644
                     0.13      0.00893208037824062      0.00893208037817598         0.20619162053365        0.490995497748874        0.490995497748874        0.490995497748874      0.00994474928578219        0.035377095212439        0.124736796332837       0.0202879224052012       0.0202879224052012       0.0187038453464286
                     0.13      0.00892695526653143      0.00892695526651024        0.206092738736057        0.491245622811406        0.491245622811406        0.491245622811406      0.00995958531197028       0.0354239609477857        0.124834763244729       0.0203104920788668       0.0203104920788669       0.0187282002097252
                     0.13      0.00892183970283645      0.00892183970292139        0.205993965545033        0.491495747873937        0.491495747873937        0.491495747873937      0.00997443872734455       0.0354708769053377        0.124932773244933       0.0203330804289431        0.020333080428943       0.0187525731538912
                     0.13      0.00891673366547466      0.00891673366547395        0.205895300963734        0.491745872936468        0.491745872936468        0.491745872936468      0.00998930954576667       0.0355178431252302        0.125030826339516       0.0203556874649629       0.0203556874649629       0.0187769641834748
                     0.13      0.00891163713228983      0.00891163713215963        0.205796744992276        0.491995997998999        0.491995997998999        0.491995997998999       0.0100041977810975       0.0355648596476538        0.125128922534552       0.0203783131964596       0.0203783131964597       0.0188013733030846
                     0.13      0.00890655008151885      0.00890655008156347        0.205698297642821        0.492246123061531        0.492246123061531        0.492246123061531       0.0100191034472368       0.0356119265127069        0.125227061836151       0.0204009576329662       0.0204009576329661       0.0188258005171642
                     0.13      0.00890147249169903      0.00890147249172189        0.205599958915783        0.492496248124062        0.492496248124062        0.492496248124062       0.0100340265580617       0.0356590437606284        0.125325244250422       0.0204236207840155       0.0204236207840154       0.0188502458303482
                     0.13      0.00889640434124063      0.00889640434105029          0.2055017288096        0.492746373186593        0.492746373186593        0.492746373186593       0.0100489671274518       0.0357062114317017        0.125423469783489       0.0204463026591402       0.0204463026591403       0.0188747092473159
                     0.13      0.00889134560842195      0.00889134560846178         0.20540360733514        0.492996498249125        0.492996498249125        0.492996498249125       0.0100639251693253       0.0357534295661147        0.125521738441502       0.0204690032678733       0.0204690032678733       0.0188991907725755
                     0.13      0.00888629627176024      0.00888629627173875        0.205305594486726        0.493246623311656        0.493246623311656        0.493246623311656       0.0100789006975664       0.0358006982042426         0.12562005023061       0.0204917226197475       0.0204917226197475       0.0189236904108982
                     0.13      0.00888125631041669      0.00888125631058084        0.205207690276161        0.493496748374187        0.493496748374187        0.493496748374187       0.0100938937261112       0.0358480173863149        0.125718405156999       0.0205144607242949       0.0205144607242948       0.0189482081668085
                     0.13      0.00887622570219786      0.00887622570230173        0.205109894693573        0.493746873436718        0.493746873436718        0.493746873436718       0.0101089042688481       0.0358953871527991        0.125816803226843       0.0205372175910487       0.0205372175910487       0.0189727440451702
                     0.13      0.00887120442649516      0.00887120442647167          0.2050122077453         0.49399699849925         0.49399699849925         0.49399699849925       0.0101239323397139       0.0359428075440293        0.125915244446349       0.0205599932295409       0.0205599932295409       0.0189972980506195
                     0.13      0.00886619246163019      0.00886619246150288        0.204914629431788        0.494247123561781        0.494247123561781        0.494247123561781       0.0101389779526388       0.0359902786004234        0.126013728821739        0.020582787649304       0.0205827876493041        0.019021870187896
                     0.13      0.00886118978656686       0.0088611897864448        0.204817159746561        0.494497248624312        0.494497248624312        0.494497248624312       0.0101540411215416       0.0360378003624916        0.126112256359228       0.0206056008598704       0.0206056008598705       0.0190464604618573
                     0.13      0.00885619638044792      0.00885619638048809        0.204719798691887        0.494747373686843        0.494747373686843        0.494747373686843       0.0101691218603719       0.0360853728706847        0.126210827065068       0.0206284328707721        0.020628432870772       0.0190710688772455
                     0.13      0.00885121222217711      0.00885121222194482        0.204622546261509        0.494997498749375        0.494997498749375        0.494997498749375       0.0101842201830643       0.0361329961655623        0.126309440945506       0.0206512836915412       0.0206512836915414       0.0190956954389445
                     0.13      0.00884623729044694      0.00884623729053204        0.204525402464368        0.495247623811906        0.495247623811906        0.495247623811906       0.0101993361036001       0.0361806702875617        0.126408098006832       0.0206741533317102       0.0206741533317101       0.0191203401516271
                     0.13      0.00884127156471896      0.00884127156465472        0.204428367282244        0.495497748874437        0.495497748874437        0.495497748874437        0.010214469635899       0.0362283952774096        0.126506798255307       0.0206970418008107       0.0206970418008108       0.0191450030203849
                     0.13      0.00883631502393945      0.00883631502383465        0.204331440724392        0.495747873936968        0.495747873936968        0.495747873936968       0.0102296207939574       0.0362761711755916        0.126605541697245       0.0207199491083748       0.0207199491083749       0.0191696840499157
                     0.13      0.00883136764748956      0.00883136764757418        0.204234622779279          0.4959979989995          0.4959979989995          0.4959979989995        0.010244789591727       0.0363239980228203        0.126704328338945       0.0207428752639343       0.0207428752639343       0.0191943832452413
                     0.13      0.00882642941434061      0.00882642941452586        0.204137913437763        0.496248124062031        0.496248124062031        0.496248124062031       0.0102599760431728        0.036371875859811        0.126803158186722       0.0207658202770211        0.020765820277021       0.0192191006113623
                     0.13      0.00882150030423047      0.00882150030423072        0.204041312700865        0.496498249124562        0.496498249124562        0.496498249124562       0.0102751801622933       0.0364198047272059        0.126902031246924       0.0207887841571667       0.0207887841571667       0.0192438361531434
                     0.13      0.00881658029655221      0.00881658029653221        0.203944820562587        0.496748374187093        0.496748374187093        0.496748374187093       0.0102904019630765       0.0364677846657405        0.127000947525898       0.0208117669139028       0.0208117669139028        0.019268589875568
                     0.13      0.00881166937033433      0.00881166937037383         0.20384843701271        0.496998499249625        0.496998499249625        0.496998499249625       0.0103056414595064       0.0365158157162173        0.127099907029994       0.0208347685567611        0.020834768556761        0.019293361783697
                     0.13        0.008806767505498      0.00880676750547653        0.203752162047677        0.497248624312156        0.497248624312156        0.497248624312156       0.0103208986655923       0.0365638979193995        0.127198909765591       0.0208577890952729       0.0208577890952729        0.019318151882507
                     0.13      0.00880187468148712      0.00880187468144605         0.20365599565262        0.497498749374687        0.497498749374687        0.497498749374687       0.0103361735953227        0.036612031316185        0.127297955739065       0.0208808285389697       0.0208808285389697       0.0193429601771568
                     0.13      0.00879699087781382      0.00879699087781315        0.203559937825716        0.497748874437219        0.497748874437219        0.497748874437219       0.0103514662627251       0.0366602159473718        0.127397044956818       0.0209038868973829       0.0209038868973829       0.0193677866726265
                     0.13      0.00879211607428451      0.00879211607420393        0.203463988558095         0.49799899949975         0.49799899949975         0.49799899949975       0.0103667766818178       0.0367084518538512        0.127496177425261       0.0209269641800438       0.0209269641800439       0.0193926313740154
                     0.13       0.0087872502506743      0.00878725025073368        0.203368147840303        0.498249124562281        0.498249124562281        0.498249124562281        0.010382104866625       0.0367567390765454        0.127595353150816       0.0209500603964836       0.0209500603964836       0.0194174942864456
                     0.13       0.0087823933866974      0.00878239338690381        0.203272415654674        0.498499249624812        0.498499249624812        0.498499249624812       0.0103974508311571       0.0368050776564817        0.127694572139895       0.0209731755562334       0.0209731755562333       0.0194423754151753
                     0.13      0.00877754546262714      0.00877754546258517         0.20317679199566        0.498749374687344        0.498749374687344        0.498749374687344       0.0104128145894625       0.0368534676345958         0.12779383439895       0.0209963096688242       0.0209963096688242       0.0194672747652978
                     0.13      0.00877270645796296      0.00877270645796012        0.203081276857849        0.498999499749875        0.498999499749875        0.498999499749875       0.0104281961555979       0.0369019090518481        0.127893139934448        0.021019462743787        0.021019462743787       0.0194921923419192
                     0.13      0.00876787635303424      0.00876787635286865        0.202985870218388        0.499249624812406        0.499249624812406        0.499249624812406       0.0104435955435829       0.0369504019493919        0.127992488752828       0.0210426347906528       0.0210426347906529       0.0195171281504171
                     0.13      0.00876305512718879      0.00876305512731047        0.202890572076428        0.499499749874937        0.499499749874937        0.499499749874937       0.0104590127675005        0.036998946368195         0.12809188086059       0.0210658258189527       0.0210658258189526       0.0195420821958591
                     0.13       0.0087582427614655      0.00875824276140336        0.202795382405152        0.499749874937469        0.499749874937469        0.499749874937469       0.0104744478413758       0.0370475423494995        0.128191316264193        0.021089035838217       0.0210890358382171       0.0195670544837099
                     0.13      0.00875343923533115      0.00875343923540928        0.202700301208328                      0.5                      0.5                      0.5       0.0104899007793175       0.0370961899342799        0.128290794970166       0.0211122648579769       0.0211122648579769       0.0195920450189978
