                   T[GeV]                  tauU[fm]                  tauD[fm]                  tauS[fm]               tauUBar[fm]               tauDBar[fm]               tauSBar[fm]                effMU[GeV]                effMD[GeV]                effMS[GeV]               effCPU[GeV]               effCPD[GeV]               effCPS[GeV]
        0.040000000000000        79.483675625448811        79.483675625448811        90.673417664155565        40.044041179383157        40.044041179383157        92.838229310378864         0.352161120194480         0.352161120194480         0.542587230323664         0.318435705524512         0.318435705524512         0.318435705524512
        0.041000000000000        72.748145745064008        72.748145744953234        82.787871461113895        36.314047785937746        36.314047785825167        83.365235056219589         0.350832153354839         0.350832153354505         0.541992952491695         0.318435705524512         0.318435705524512         0.318435705524512
        0.042000000000000        66.736090512391712        66.736090512293970        75.767739677064910        33.001729225615520        33.001729225517416        75.014157831965846         0.349422903578369         0.349422903578035         0.541362446604601         0.318435705524512         0.318435705524512         0.318435705524512
        0.043000000000000        61.352939286691068        61.352939286591116        69.497446361349404        30.050695087289004        30.050695087189922        67.629581095922575         0.347928948679944         0.347928948679558         0.540693779469596         0.318435705524512         0.318435705524512         0.318435705524512
        0.044000000000000        56.518656944937632        56.518656944615707        63.879708397968443        27.413363296999275        27.413363296684267        61.080636868773659         0.346345422349425         0.346345422348022         0.539984852090446         0.318435705524512         0.318435705524512         0.318435705524512
        0.045000000000000        52.165178000211455        52.165178000194501        58.831587548983379        25.048790201595615        25.048790201579244        55.256619385025701         0.344666947733464         0.344666947733381         0.539233377557408         0.318435705524512         0.318435705524512         0.318435705524512
        0.046000000000000        48.234353879051099        48.234353878972669        54.282730593077979        22.922983247887824        22.922983247813139        50.063469179162851         0.342887556696273         0.342887556695841         0.538436854072302         0.318435705524512         0.318435705524512         0.318435705524512
        0.047000000000000        44.676297257682229        44.676297257740892        50.172815760916933        21.006496025923337        21.006496025978421        45.420940688461656         0.341000591601481         0.341000591601844         0.537592532106876         0.318435705524512         0.318435705524512         0.318435705524512
        0.048000000000000        41.448021107801488        41.448021107741333        46.449745902438160        19.273995781715936        19.273995781660282        41.260302058093778         0.338998584855996         0.338998584855579         0.536697374118058         0.318435705524512         0.318435705524512         0.318435705524512
        0.049000000000000        38.512357235498804        38.512357235395314        43.068928202863098        17.703763602604244        17.703763602509955        37.522465936104908         0.336873109693311         0.336873109692510         0.535748004696552         0.318435705524512         0.318435705524512         0.318435705524512
        0.050000000000000        35.837035033091013        35.837035033151359        39.991454006909763        16.276997895913702        16.276997895967806        34.156444726244203         0.334614593466307         0.334614593466829         0.534740648294684         0.318435705524512         0.318435705524512         0.318435705524512
        0.051000000000000        33.393945357249606        33.393945357251049        37.183447046182508        14.977274844373524        14.977274844374790        31.118409192393745         0.332212081337302         0.332212081337316         0.533671050611736         0.318435705524512         0.318435705524512         0.318435705524512
        0.052000000000000        31.158533011010139        31.158533010887922        34.615656062129091        13.790363694767136        13.790363694661236        28.369247177682826         0.329652933327452         0.329652933326135         0.532534378139986         0.318435705524512         0.318435705524512         0.318435705524512
        0.053000000000000        29.109241442962830        29.109241442962851        32.261792442020926        12.703651243076912        12.703651243076928        25.875914644898003         0.326922402368129         0.326922402368130         0.531325077516430         0.318435705524512         0.318435705524512         0.318435705524512
        0.054000000000000        27.227152705100522        27.227152705100593        30.099250065095685        11.706352404456682        11.706352404456737        23.609113358086226         0.324003214534535         0.324003214534536         0.530036742240101         0.318435705524512         0.318435705524512         0.318435705524512
        0.055000000000000        25.495557699527872        25.495557699527701        28.107730289089421        10.788126888089455        10.788126888089316        21.543034937683839         0.320874730036171         0.320874730036169         0.528661831181725         0.318435705524512         0.318435705524512         0.318435705524512
        0.056000000000000        23.899700807039192        23.899700807039171        26.269703172183693         9.940785283681494         9.940785283681477        19.654989411865902         0.317512067174258         0.317512067174258         0.527191387772086         0.318435705524512         0.318435705524512         0.318435705524512
        0.057000000000000        22.426492583360872        22.426492583360577        24.568947726235852         9.156584575101606         9.156584575101380        17.924673855750171         0.313884729410684         0.313884729410679         0.525614594378954         0.318435705524512         0.318435705524512         0.318435705524512
        0.058000000000000        21.064307904657241        21.064307904656861        22.990993518901103         8.427517716308516         8.427517716308225        16.333814429842391         0.309954648834410         0.309954648834403         0.523918142551167         0.318435705524512         0.318435705524512         0.318435705524512
        0.059000000000000        19.802803577838453        19.802803577838272        21.522688726199632         7.747790003036556         7.747790003036421        14.865957542798657         0.305673262318404         0.305673262318400         0.522085297806900         0.318435705524512         0.318435705524512         0.318435705524512
        0.060000000000000        18.632764310102665        18.632764310103042        20.151856360170626         7.110802707149510         7.110802707149783        13.505841228063588         0.300976966941375         0.300976966941384         0.520094455642623         0.318435705524512         0.318435705524512         0.318435705524512
        0.061000000000000        17.545981469305826        17.545981469306177        18.866941120927436         6.510250460050091         6.510250460050337        12.239079920762007         0.295779708635161         0.295779708635171         0.517916803178808         0.318435705524512         0.318435705524512         0.318435705524512
        0.062000000000000        16.535158677655424        16.535158677654373        17.656505067587837         5.939411701007021         5.939411701006304        11.051205066869500         0.289960146417064         0.289960146417028         0.515512299654761         0.318435705524512         0.318435705524512         0.318435705524512
        0.062100000000000        16.437999897179449        16.437999897179470        17.539129660134563         5.883685767184273         5.883685767184290        10.936202168187499         0.289337720768795         0.289337720768797         0.515257334646596         0.318435705524512         0.318435705524512         0.318435705524512
        0.062138461538461        16.400816978682968        16.400816978682968        17.494146634966917         5.862305138344589         5.862305138344590        10.892136782336014         0.289096163677714         0.289096163677714         0.515158502584921         0.318435705524512         0.318435705524512         0.318435705524512
        0.062176923076923        16.363733957583918        16.363733957584387        17.449246932400204         5.840955498738282         5.840955498738597        10.848162532252934         0.288853385163301         0.288853385163317         0.515059237079308         0.318435705524512         0.318435705524512         0.318435705524512
        0.062215384615385        16.326751040180660        16.326751040180504        17.404446561137771         5.819636477906960         5.819636477906855        10.804279152228622         0.288609371881860         0.288609371881854         0.514959533827313         0.318435705524512         0.318435705524512         0.318435705524512
        0.062253846153846        16.289868747661345        16.289868747661412        17.359729140379741         5.798345148618941         5.798345148618986        10.760485672460536         0.288364110239997         0.288364110239999         0.514859388448449         0.318435705524512         0.318435705524512         0.318435705524512
        0.062292307692308        16.253087055078701        16.253087055078506        17.315101251951869         5.777083557665204         5.777083557665073        10.716780882697986         0.288117586393275         0.288117586393268         0.514758796483929         0.318435705524512         0.318435705524512         0.318435705524512
        0.062330769230769        16.216405069938300        16.216405069937451        17.270553580316626         5.755851187317146         5.755851187316575        10.673163984643510         0.287869786238178         0.287869786238148         0.514657753394136         0.318435705524512         0.318435705524512         0.318435705524512
        0.062369230769231        16.179821229225226        16.179821229225333        17.226097048115733         5.734645988147138         5.734645988147211        10.629634113632992         0.287620695408118         0.287620695408122         0.514556254557578         0.318435705524512         0.318435705524512         0.318435705524512
        0.062407692307692        16.143343141006696        16.143343141006696        17.181723087180004         5.713468168028276         5.713468168028276        10.586194022012380         0.287370299264363         0.287370299264363         0.514454295267895         0.318435705524512         0.318435705524512         0.318435705524512
        0.062446153846154        16.106964066825508        16.106964066824720        17.137452898516948         5.692315189578944         5.692315189578415        10.542834813646669         0.287118582889961         0.287118582889932         0.514351870732186         0.318435705524512         0.318435705524512         0.318435705524512
        0.062484615384615        16.070678144547145        16.070678144548118        17.093235684009422         5.671192027351183         5.671192027351836        10.499559573876549         0.286865531081766         0.286865531081800         0.514248976068442         0.318435705524512         0.318435705524512         0.318435705524512
        0.062523076923077        16.034492438754963        16.034492438755532        17.049117215906051         5.650092472298261         5.650092472298640        10.456367154913595         0.286611128342587         0.286611128342608         0.514145606303090         0.318435705524512         0.318435705524512         0.318435705524512
        0.062561538461539        15.998405990186885        15.998405990187978        17.005098130349126         5.629017841233190         5.629017841233915        10.413256913635971         0.286355358875168         0.286355358875208         0.514041756369471         0.318435705524512         0.318435705524512         0.318435705524512
        0.062600000000000        15.962416725439216        15.962416725439381        16.961141269155295         5.607978992099681         5.607978992099791        10.370227678447277         0.286098206570701         0.286098206570707         0.513937421103823         0.318435705524512         0.318435705524512         0.318435705524512
        0.062638461538462        15.926525458756915        15.926525458756768        16.917273900515056         5.586950960457330         5.586950960457234        10.327285967179266         0.285839655003133         0.285839655003128         0.513832595244000         0.318435705524512         0.318435705524512         0.318435705524512
        0.062676923076923        15.890731208047875        15.890731208047733        16.873474388954676         5.565947678853736         5.565947678853640        10.284415599600941         0.285579687419965         0.285579687419960         0.513727273426419         0.318435705524512         0.318435705524512         0.318435705524512
        0.062715384615385        15.855034026299100        15.855034026299018        16.829754574748037         5.544966391868246         5.544966391868191        10.241623328492883         0.285318286731075         0.285318286731073         0.513621450182637         0.318435705524512         0.318435705524512         0.318435705524512
        0.062753846153846        15.819433859104132        15.819433859104981        16.786131616266164         5.524007092252890         5.524007092253453        10.198907888870130         0.285055435502331         0.285055435502363         0.513515119937549         0.318435705524512         0.318435705524512         0.318435705524512
        0.062792307692308        15.783929778935631        15.783929778936617        16.742574385681337         5.503068595438145         5.503068595438795        10.156268801786140         0.284791115943523         0.284791115943560         0.513408277005512         0.318435705524512         0.318435705524512         0.318435705524512
        0.062830769230769        15.748522239009418        15.748522239009858        16.699105905710940         5.482150440041377         5.482150440041668        10.113704049396061         0.284525309899499         0.284525309899516         0.513300915587803         0.318435705524512         0.318435705524512         0.318435705524512
        0.062869230769231        15.713210605998075        15.713210605997576        16.655714019973200         5.461242888703119         5.461242888702793        10.071213054656241         0.284257998838652         0.284257998838634         0.513193029768973         0.318435705524512         0.318435705524512         0.318435705524512
        0.062907692307692        15.677994039748091        15.677994039748070        16.612388449099928         5.440363413470928         5.440363413470915        10.028794722967783         0.283989163843373         0.283989163843373         0.513084613514074         0.318435705524512         0.318435705524512         0.318435705524512
        0.062946153846154        15.642872835032835        15.642872835032600        16.569142143747669         5.419488521188455         5.419488521188302         9.986447972086456         0.283718785597774         0.283718785597765         0.512975660664787         0.318435705524512         0.318435705524512         0.318435705524512
        0.062984615384615        15.607846239313966        15.607846239314043        16.525962277490120         5.398646482950330         5.398646482950381         9.944171925833153         0.283446844376417         0.283446844376421         0.512866164936076         0.318435705524512         0.318435705524512         0.318435705524512
        0.063000000000000        15.593862106060246        15.593862106060246        16.508710720833541         5.390312409498439         5.390312409498439         9.927280917631787         0.283337625852517         0.283337625852516         0.512822213238526         0.318435705524512         0.318435705524512         0.318435705524512
        0.063023076923077        15.572914243270990        15.572914243270509        16.482856091647935         5.377818554853338         5.377818554853019         9.901965729184601         0.283173320031904         0.283173320031885         0.512756119912277         0.318435705524512         0.318435705524512         0.318435705524512
        0.063061538461539        15.538076624025884        15.538076624026477        16.439826890763989         5.357007748208786         5.357007748209176         9.859827091492383         0.282898191982069         0.282898191982092         0.512645519043380         0.318435705524512         0.318435705524512         0.318435705524512
        0.063100000000000        15.503332858947017        15.503332858948028        16.396862466933829         5.336211419292101         5.336211419292764         9.817755577071612         0.282621439197949         0.282621439197988         0.512534355641206         0.318435705524512         0.318435705524512         0.318435705524512
        0.063138461538462        15.468682952224597        15.468682952224770        16.353972027755120         5.315429366557828         5.315429366557940         9.775750014720833         0.282343040189517         0.282343040189524         0.512422622875189         0.318435705524512         0.318435705524512         0.318435705524512
        0.063176923076923        15.434126816043010        15.434126816042914        16.311160582043424         5.294660713118470         5.294660713118408         9.733809235881628         0.282062972990669         0.282062972990665         0.512310313767666         0.318435705524512         0.318435705524512         0.318435705524512
        0.063215384615385        15.399663635716287        15.399663635715914        16.268412608276062         5.273904502575530         5.273904502575286         9.691932056862315         0.281781215146490         0.281781215146475         0.512197421190191         0.318435705524512         0.318435705524512         0.318435705524512
        0.063253846153846        15.365292427898366        15.365292427898735        16.225706916845013         5.253159871544010         5.253159871544252         9.650117198474447         0.281497743695777         0.281497743695792         0.512083937857966         0.318435705524512         0.318435705524512         0.318435705524512
        0.063292307692308        15.331014452291811        15.331014452291811        16.183086750787059         5.232425865847175         5.232425865847175         9.608363632240158         0.281212535158138         0.281212535158138         0.511969856326231         0.318435705524512         0.318435705524512         0.318435705524512
        0.063330769230769        15.296829082076238        15.296829082075467        16.140541381390793         5.211702276830096         5.211702276829596         9.566670068971954         0.280925565512844         0.280925565512813         0.511855168983532         0.318435705524512         0.318435705524512         0.318435705524512
        0.063369230769231        15.262735471553148        15.262735471552872        16.098052397511434         5.190988783956540         5.190988783956362         9.525034949998622         0.280636810187467         0.280636810187455         0.511739868048488         0.318435705524512         0.318435705524512         0.318435705524512
        0.063407692307692        15.228733794923702        15.228733794923052        16.055636981892061         5.170281755427959         5.170281755427540         9.483457493769144         0.280346244034288         0.280346244034261         0.511623945562523         0.318435705524512         0.318435705524512         0.318435705524512
        0.063446153846154        15.194823388073388        15.194823388072241        16.013275559314899         5.149584202282835         5.149584202282094         9.441939686673937         0.280053841316988         0.280053841316940         0.511507393385932         0.318435705524512         0.318435705524512         0.318435705524512
        0.063484615384615        15.161003565410626        15.161003565410056        15.970955965611228         5.128890520807856         5.128890520807489         9.400473204875192         0.279759575685718         0.279759575685694         0.511390203190086         0.318435705524512         0.318435705524512         0.318435705524512
        0.063523076923077        15.127275766593515        15.127275766593195        15.928729904864655         5.108201970366551         5.108201970366346         9.359061102092085         0.279463420162473         0.279463420162460         0.511272366453374         0.318435705524512         0.318435705524512         0.318435705524512
        0.063561538461539        15.093638217024800        15.093638217024692        15.886552822694108         5.087517282276718         5.087517282276649         9.317704951333754         0.279165347114761         0.279165347114757         0.511153874452738         0.318435705524512         0.318435705524512         0.318435705524512
        0.063600000000000        15.060091469722609        15.060091469722190        15.844445384159918         5.066835523603793         5.066835523603523         9.276394953840581         0.278865328237798         0.278865328237780         0.511034718258771         0.318435705524512         0.318435705524512         0.318435705524512
        0.063638461538462        15.026634353567326        15.026634353567010        15.802381931670288         5.046155131752736         5.046155131752536         9.235134385029408         0.278563334528504         0.278563334528491         0.510914888727476         0.318435705524512         0.318435705524512         0.318435705524512
        0.063676923076923        14.993267347258143        14.993267347258779        15.760380313209868         5.025548147762463         5.025548147762870         9.193921832508098         0.278259336263631         0.278259336263658         0.510794376493874         0.318435705524512         0.318435705524512         0.318435705524512
        0.063715384615385        14.959989613186195        14.959989613187101        15.718432771243231         5.004885041811596         5.004885041812173         9.152755859738351         0.277953302973610         0.277953302973649         0.510673171963898         0.318435705524512         0.318435705524512         0.318435705524512
        0.063753846153846        14.926801218797404        14.926801218797694        15.676531445131561         4.984201131048750         4.984201131048934         9.111636740403641         0.277645203416253         0.277645203416266         0.510551265306618         0.318435705524512         0.318435705524512         0.318435705524512
        0.063792307692308        14.893702608988157        14.893702608987720        15.634703482971792         4.963442538305806         4.963442538305526         9.070560380490953         0.277335005550037         0.277335005550018         0.510428646446024         0.318435705524512         0.318435705524512         0.318435705524512
        0.063830769230769        14.860690821104985        14.860690821104985        15.592912704254580         4.942743609828903         4.942743609828902         9.029526625623156         0.277022676505634         0.277022676505634         0.510305305052569         0.318435705524512         0.318435705524512         0.318435705524512
        0.063869230769231        14.827767500564301        14.827767500564402        15.551174234980367         4.922047480263549         4.922047480263613         8.988532406699392         0.276708182554691         0.276708182554695         0.510181230533525         0.318435705524512         0.318435705524512         0.318435705524512
        0.063907692307692        14.794932232477315        14.794932232477279        15.509482553781782         4.901334082479797         4.901334082479776         8.947577016957542         0.276391489079764         0.276391489079763         0.510056412024118         0.318435705524512         0.318435705524512         0.318435705524512
        0.063946153846154        14.762186811454436        14.762186811454631        15.467845842135858         4.880621112556819         4.880621112556943         8.906659570169852         0.276072560541442         0.276072560541451         0.509930838377473         0.318435705524512         0.318435705524512         0.318435705524512
        0.063984615384615        14.729527887514612        14.729527887513360        15.426240222298686         4.859898653926051         4.859898653925261         8.865780389487130         0.275751360443028         0.275751360442971         0.509804498153994         0.318435705524512         0.318435705524512         0.318435705524512
        0.064000000000000        14.716489518849611        14.716489518844279        15.409621846119579         4.851606421711393         4.851606421708024         8.849439089113215         0.275622236545648         0.275622236545408         0.509753744984365         0.318435705524512         0.318435705524512         0.318435705524512
        0.064023076923077        14.696957366356321        14.696957366357596        15.384691606716329         4.839163874804384         4.839163874805188         8.824934125861809         0.275427851297281         0.275427851297338         0.509677379611460         0.318435705524512         0.318435705524512         0.318435705524512
        0.064061538461539        14.664474632072990        14.664474632073455        15.343190969764883         4.818415314788675         4.818415314788968         8.784119585386044         0.275101994582504         0.275101994582526         0.509549470691395         0.318435705524512         0.318435705524512         0.318435705524512
        0.064100000000000        14.632078526341772        14.632078526340718        15.301729216716442         4.797651400188440         4.797651400187780         8.743334535781159         0.274773750710881         0.274773750710833         0.509420759010028         0.318435705524512         0.318435705524512         0.318435705524512
        0.064138461538462        14.599769636991127        14.599769636990985        15.260312373903702         4.776870846949435         4.776870846949345         8.702578621458700         0.274443078981970         0.274443078981964         0.509291231844042         0.318435705524512         0.318435705524512         0.318435705524512
        0.064176923076923        14.567548194591357        14.567548194591481        15.218947651817727         4.756070611674236         4.756070611674315         8.661849641270317         0.274109937538672         0.274109937538678         0.509160876117183         0.318435705524512         0.318435705524512         0.318435705524512
        0.064215384615385        14.535412059195814        14.535412059195828        15.177612014380388         4.735248816591113         4.735248816591123         8.621146959555315         0.273774283325225         0.273774283325226         0.509029678387938         0.318435705524512         0.318435705524512         0.318435705524512
        0.064253846153846        14.503362834469380        14.503362834469888        15.136307713047611         4.714401372951890         4.714401372952209         8.580466444681946         0.273436072035267         0.273436072035290         0.508897624833673         0.318435705524512         0.318435705524512         0.318435705524512
        0.064292307692308        14.471398871160575        14.471398871161217        15.095044933328394         4.693515093431167         4.693515093431570         8.539807465888355         0.273095258062560         0.273095258062590         0.508764701235841         0.318435705524512         0.318435705524512         0.318435705524512
        0.064330769230769        14.439520585309056        14.439520585308919        15.053816671779744         4.672651540482477         4.672651540482391         8.499168270987356         0.272751794448352         0.272751794448346         0.508630892964285         0.318435705524512         0.318435705524512         0.318435705524512
        0.064369230769231        14.407728647975116        14.407728647974182        15.012615838289021         4.651685209755170         4.651685209754588         8.458545923555041         0.272405632822360         0.272405632822316         0.508496184959285         0.318435705524512         0.318435705524512         0.318435705524512
        0.064407692307692        14.376021667405345        14.376021667406540        14.971454916476024         4.630782922749496         4.630782922750242         8.417938918672203         0.272056723348934         0.272056723348992         0.508360561715868         0.318435705524512         0.318435705524512         0.318435705524512
        0.064446153846154        14.344399247103135        14.344399247104652        14.930320351654162         4.609673216256373         4.609673216257314         8.377345189526503         0.271705014658538         0.271705014658612         0.508224007262590         0.318435705524512         0.318435705524512         0.318435705524512
        0.064484615384615        14.312862555149131        14.312862555150355        14.889223017730000         4.588784641226830         4.588784641227590         8.336762018267049         0.271350453786710         0.271350453786770         0.508086505143745         0.318435705524512         0.318435705524512         0.318435705524512
        0.064523076923077        14.281410307961103        14.281410307959876        14.848150222888819         4.567718067154497         4.567718067153735         8.296190328335920         0.270992986101075         0.270992986101015         0.507948038397144         0.318435705524512         0.318435705524512         0.318435705524512
        0.064561538461539        14.250042311270541        14.250042311269265        14.807095773067699         4.546544981902256         4.546544981901467         8.255622325385524         0.270632555229752         0.270632555229689         0.507808589532990         0.318435705524512         0.318435705524512         0.318435705524512
        0.064600000000000        14.218758489250813        14.218758489251247        14.766067810312157         4.525369191050736         4.525369191051002         8.215058509085075         0.270269102986454         0.270269102986475         0.507668140511303         0.318435705524512         0.318435705524512         0.318435705524512
        0.064638461538462        14.187558775954946        14.187558775955830        14.725060499213045         4.504154196027866         4.504154196028412         8.174497749069639         0.269902569281012         0.269902569281056         0.507526672714810         0.318435705524512         0.318435705524512         0.318435705524512
        0.064676923076923        14.156442668194225        14.156442668194197        14.684072512637041         4.482840343362876         4.482840343362859         8.133934841367900         0.269532892039791         0.269532892039789         0.507384166925616         0.318435705524512         0.318435705524512         0.318435705524512
        0.064715384615385        14.125410048752871        14.125410048752084        14.643104436392793         4.461163953316572         4.461163953316088         8.093370147062043         0.269160007111331         0.269160007111291         0.507240603296791         0.318435705524512         0.318435705524512         0.318435705524512
        0.064753846153846        14.094460498258888        14.094460498257799        14.602146322619879         4.439519270937390         4.439519270936720         8.052797679778793         0.268783848167129         0.268783848167074         0.507095961322627         0.318435705524512         0.318435705524512         0.318435705524512
        0.064792307692308        14.063594591555230        14.063594591555081        14.561205912131770         4.418776158273904         4.418776158273810         8.012216411170524         0.268404346602531         0.268404346602523         0.506950219809217         0.318435705524512         0.318435705524512         0.318435705524512
        0.064830769230769        14.032811979841716        14.032811979840245        14.520284151814735         4.397524232932790         4.397524232931889         7.971623757843384         0.268021431422672         0.268021431422596         0.506803356840126         0.318435705524512         0.318435705524512         0.318435705524512
        0.064869230769231        14.002111357255215        14.002111357253265        14.479360966746775         4.375850199895575         4.375850199894383         7.931016492824323         0.267635029125115         0.267635029125013         0.506655349741466         0.318435705524512         0.318435705524512         0.318435705524512
        0.064907692307692        13.971494810255379        13.971494810257044        14.438449936033237         4.353740422076010         4.353740422077025         7.890392060601928         0.267245063588031         0.267245063588118         0.506506175049029         0.318435705524512         0.318435705524512         0.318435705524512
        0.064946153846154        13.940962851336296        13.940962851337130        14.397544114291120         4.332320649312635         4.332320649313142         7.849746717341556         0.266851455918126         0.266851455918171         0.506355808461801         0.318435705524512         0.318435705524512         0.318435705524512
        0.064984615384615        13.910504312449213        13.910504312448920        14.356616530377249         4.310463706416017         4.310463706415839         7.809078129366584         0.266454124324664         0.266454124324649         0.506204224805382         0.318435705524512         0.318435705524512         0.318435705524512
        0.065000000000000        13.898346427881068        13.898346427873514        14.340277263871675         4.301714632230778         4.301714632226180         7.792803872032574         0.266294134433193         0.266294134432788         0.506143246170354         0.318435705524512         0.318435705524512         0.318435705524512
        0.065023076923077        13.880133281831860        13.880133281831332        14.315732807161250         4.288627687561575         4.288627687561253         7.768383650170342         0.266052983970752         0.266052983970724         0.506051397987606         0.318435705524512         0.318435705524512         0.318435705524512
        0.065061538461539        13.849842965081978        13.849842965080043        14.274805708958731         4.266828648343377         4.266828648342202         7.727657219948748         0.265647946803980         0.265647946803876         0.505897300947612         0.318435705524512         0.318435705524512         0.318435705524512
        0.065100000000000        13.819634775285035        13.819634775284658        14.233911098721213         4.244753021929125         4.244753021928896         7.686899169852354         0.265238921397647         0.265238921397627         0.505741905609177         0.318435705524512         0.318435705524512         0.318435705524512
        0.065138461538462        13.789508509806236        13.789508509807003        14.192982921624544         4.222715624069203         4.222715624069670         7.646101307923384         0.264825812757555         0.264825812757597         0.505585182822664         0.318435705524512         0.318435705524512         0.318435705524512
        0.065176923076923        13.759461372157306        13.759461372159384        14.152052029437419         4.200152558033303         4.200152558034560         7.605262415233470         0.264408522136088         0.264408522136204         0.505427102310336         0.318435705524512         0.318435705524512         0.318435705524512
        0.065215384615385        13.729494974480307        13.729494974479726        14.111113866211948         4.176249983902849         4.176249983902498         7.564377996981708         0.263986946820631         0.263986946820599         0.505267632602994         0.318435705524512         0.318435705524512         0.318435705524512
        0.065253846153846        13.699610523046104        13.699610523045553        14.070137668381314         4.154915665550600         4.154915665550267         7.523444277490055         0.263560979906053         0.263560979906022         0.505106740972806         0.318435705524512         0.318435705524512         0.318435705524512
        0.065292307692308        13.669804937927028        13.669804937924782        14.029162925570418         4.131357552609932         4.131357552608578         7.482457357211142         0.263130510063239         0.263130510063112         0.504944393364372         0.318435705524512         0.318435705524512         0.318435705524512
        0.065330769230769        13.640080575385715        13.640080575387351        13.988165393113254         4.107746412852961         4.107746412853945         7.441412677087835         0.262695421274105         0.262695421274199         0.504780554316301         0.318435705524512         0.318435705524512         0.318435705524512
        0.065369230769231        13.610435939530115        13.610435939529065        13.947130780095241         4.083737149983769         4.083737149983138         7.400305339124476         0.262255592561787         0.262255592561727         0.504615186881034         0.318435705524512         0.318435705524512         0.318435705524512
        0.065407692307692        13.580866848027226        13.580866848027865        13.906074342679728         4.060875063545630         4.060875063546014         7.359131491014115         0.261810897684661         0.261810897684698         0.504448252534385         0.318435705524512         0.318435705524512         0.318435705524512
        0.065446153846154        13.551382399126943        13.551382399126737        13.864979898508155         4.038986331260920         4.038986331260798         7.317885128025025         0.261361204818666         0.261361204818654         0.504279711081229         0.318435705524512         0.318435705524512         0.318435705524512
        0.065484615384615        13.521974823730227        13.521974823727962        13.823848268479839         4.015255373177414         4.015255373176055         7.276561914346677         0.260906376213037         0.260906376212903         0.504109520554022         0.318435705524512         0.318435705524512         0.318435705524512
        0.065523076923077        13.492646059098512        13.492646059099876        13.782667127769312         3.991550520309630         3.991550520310447         7.235156715867648         0.260446267811629         0.260446267811711         0.503937637100365         0.318435705524512         0.318435705524512         0.318435705524512
        0.065561538461539        13.463393671711586        13.463393671710920        13.741438928434617         3.967819233219255         3.967819233218858         7.193663267700085         0.259980728852125         0.259980728852086         0.503764014865063         0.318435705524512         0.318435705524512         0.318435705524512
        0.065600000000000        13.434222946050994        13.434222946047150        13.700170275126384         3.945558171364805         3.945558171362508         7.152075064550383         0.259509601418288         0.259509601418055         0.503588605857044         0.318435705524512         0.318435705524512         0.318435705524512
        0.065638461538462        13.405128360005111        13.405128360004335        13.658839972842834         3.921001532280516         3.921001532280052         7.110386470745484         0.259032719967623         0.259032719967575         0.503411359810696         0.318435705524512         0.318435705524512         0.318435705524512
        0.065676923076923        13.376109725117059        13.376109725118283        13.617448084585973         3.896454559496869         3.896454559497598         7.068591704872373         0.258549910823242         0.258549910823317         0.503232224035889         0.318435705524512         0.318435705524512         0.318435705524512
        0.065715384615385        13.347164000787417        13.347164000789748        13.575982757307685         3.868634459736813         3.868634459738205         7.026685041152908         0.258060991586428         0.258060991586572         0.503051143243861         0.318435705524512         0.318435705524512         0.318435705524512
        0.065753846153846        13.318296296266318        13.318296296264821        13.534460012733524         3.843924110072360         3.843924110071466         6.984656973642718         0.257565770549804         0.257565770549711         0.502868059375799         0.318435705524512         0.318435705524512         0.318435705524512
        0.065792307692308        13.289504571545622        13.289504571544443        13.492856972025528         3.818256684801459         3.818256684800759         6.942502132079099         0.257064046003023         0.257064046002948         0.502682911396739         0.318435705524512         0.318435705524512         0.318435705524512
        0.065830769230769        13.260799749971461        13.260799749969491        13.451164319614689         3.792724706290804         3.792724706289631         6.900210983561580         0.256555605515788         0.256555605515663         0.502495635086119         0.318435705524512         0.318435705524512         0.318435705524512
        0.065869230769231        13.232162375781710        13.232162375778843        13.409392002034698         3.765440067830546         3.765440067828841         6.857776671442538         0.256040225123873         0.256040225123688         0.502306162797207         0.318435705524512         0.318435705524512         0.318435705524512
        0.065907692307692        13.203584907219913        13.203584907220160        13.367521591166701         3.736512969314536         3.736512969314681         6.815190748226970         0.255517668443718         0.255517668443734         0.502114423197060         0.318435705524512         0.318435705524512         0.318435705524512
        0.065946153846154        13.175101297741646        13.175101297742552        13.325553096329486         3.709281366572849         3.709281366573388         6.772444315803717         0.254987685717570         0.254987685717630         0.501920340986697         0.318435705524512         0.318435705524512         0.318435705524512
        0.065984615384615        13.146679318922915        13.146679318921349        13.283473832105175         3.681562253371978         3.681562253371047         6.729524501795307         0.254450012730040         0.254450012729936         0.501723836582571         0.318435705524512         0.318435705524512         0.318435705524512
        0.066000000000000        13.135336053540792        13.135336053556943        13.266618626131052         3.670326720014804         3.670326720024407         6.712311436181848         0.254232796668073         0.254232796669147         0.501644559686122         0.318435705524512         0.318435705524512         0.318435705524512
        0.066023076923077        13.118333070586523        13.118333070588447        13.241277198323774         3.653295567894221         3.653295567895364         6.686424440915142         0.253904369638004         0.253904369638133         0.501524825773703         0.318435705524512         0.318435705524512         0.318435705524512
        0.066061538461539        13.090050756967802        13.090050756966134        13.198950539185752         3.624439647447559         3.624439647446568         6.643132189158958         0.253350459643729         0.253350459643617         0.501323219331732         0.318435705524512         0.318435705524512         0.318435705524512
        0.066100000000000        13.061857951871486        13.061857951868058        13.156485735641398         3.596413119655450         3.596413119653410         6.599638440781228         0.252787967580234         0.252787967580001         0.501118922598288         0.318435705524512         0.318435705524512         0.318435705524512
        0.066138461538461        13.033714864231428        13.033714864227825        13.113899525789906         3.566323000336313         3.566323000334172         6.555927323237384         0.252216558268235         0.252216558267987         0.500911835002721         0.318435705524512         0.318435705524512         0.318435705524512
        0.066176923076923        13.005657043867281        13.005657043864046        13.071143842700931         3.533579342190105         3.533579342188180         6.511987088988552         0.251635874728876         0.251635874728651         0.500701849539024         0.318435705524512         0.318435705524512         0.318435705524512
        0.066215384615385        12.977667770651756        12.977667770653312        13.028215263803327         3.506023347078517         3.506023347079442         6.467806298577697         0.251045536205806         0.251045536205916         0.500488852190082         0.318435705524512         0.318435705524512         0.318435705524512
        0.066253846153846        12.949706324760596        12.949706324757853        12.985116651495083         3.468489313217112         3.468489313215476         6.423395517761153         0.250445135876641         0.250445135876446         0.500272721256078         0.318435705524512         0.318435705524512         0.318435705524512
        0.066292307692308        12.921861296396223        12.921861296398188        12.941825464970456         3.434233425723336         3.434233425724512         6.378688112538750         0.249834238351209         0.249834238351351         0.500053326626734         0.318435705524512         0.318435705524512         0.318435705524512
        0.066330769230769        12.894041837365881        12.894041837363767        12.898337700242152         3.398539127618030         3.398539127616766         6.333691040796107         0.249212376830913         0.249212376830760         0.499830528952111         0.318435705524512         0.318435705524512         0.318435705524512
        0.066369230769231        12.866301959515168        12.866301959512622        12.854608494336182         3.361265631792303         3.361265631790778         6.288385872297453         0.248579049875010         0.248579049874823         0.499604178700209         0.318435705524512         0.318435705524512         0.318435705524512
        0.066407692307692        12.838615859939955        12.838615859943133        12.810668573294100         3.326243151368557         3.326243151370463         6.242751997092915         0.247933717774508         0.247933717774744         0.499374115102193         0.318435705524512         0.318435705524512         0.318435705524512
        0.066446153846154        12.810974825188385        12.810974825196018        12.766487024069741         3.286092038273827         3.286092038278417         6.196776247336024         0.247275798367351         0.247275798367925         0.499140164932825         0.318435705524512         0.318435705524512         0.318435705524512
        0.066484615384615        12.783367788503325        12.783367788509226        12.722039165541856         3.236011052809531         3.236011052813094         6.150429406019700         0.246604662348140         0.246604662348589         0.498902141150537         0.318435705524512         0.318435705524512         0.318435705524512
        0.066523076923077        12.755829977614763        12.755829977612606        12.677316044383124         3.192640937201577         3.192640937200272         6.103687374253583         0.245919627749458         0.245919627749292         0.498659841290616         0.318435705524512         0.318435705524512         0.318435705524512
        0.066561538461539        12.728315729553355        12.728315729563690        12.632252700509087         3.144530339268512         3.144530339274793         6.056525519808048         0.245219953746848         0.245219953747655         0.498413045671831         0.318435705524512         0.318435705524512         0.318435705524512
        0.066600000000000        12.700804765931762        12.700804765928872        12.586880358592149         3.081909473992037         3.081909473990269         6.008912603073243         0.244504833360995         0.244504833360766         0.498161515276195         0.318435705524512         0.318435705524512         0.318435705524512
        0.066638461538461        12.673319265334905        12.673319265334310        12.541147296104848         3.011186777235947         3.011186777235580         5.960819674891600         0.243773385011805         0.243773385011757         0.497904989305340         0.318435705524512         0.318435705524512         0.318435705524512
        0.066676923076923        12.645844901338657        12.645844901339798        12.495032377584925         2.934389080791940         2.934389080792648         5.912209368967465         0.243024642769738         0.243024642769831         0.497643182361218         0.318435705524512         0.318435705524512         0.318435705524512
        0.066715384615385        12.618384870914824        12.618384870917970        12.448485906551470         2.858543435563398         2.858543435565360         5.863045945609232         0.242257544621148         0.242257544621406         0.497375781047289         0.318435705524512         0.318435705524512         0.318435705524512
        0.066753846153846        12.590951479330654        12.590951479337514        12.401496773178586         2.792340901629117         2.792340901633416         5.813285964839371         0.241470918916129         0.241470918916701         0.497102440058930         0.318435705524512         0.318435705524512         0.318435705524512
        0.066792307692308        12.563551655832324        12.563551655825089        12.354022215404012         2.740115949383977         2.740115949379429         5.762884282256746         0.240663468086454         0.240663468085842         0.496822777484504         0.318435705524512         0.318435705524512         0.318435705524512
        0.066830769230769        12.536153568777962        12.536153568777939        12.305998879805196         2.693341845843043         2.693341845843028         5.711788390785118         0.239833749129530         0.239833749129527         0.496536369176708         0.318435705524512         0.318435705524512         0.318435705524512
        0.066869230769231        12.508745477147645        12.508745477139472        12.257409650849906         2.650466550312839         2.650466550307677         5.659940667602760         0.238980150241386         0.238980150240673         0.496242742027434         0.318435705524512         0.318435705524512         0.318435705524512
        0.066907692307692        12.481303816908721        12.481303816907134        12.208175649323145         2.610639673801660         2.610639673800659         5.607272390404752         0.238100862129078         0.238100862128937         0.495941365708417         0.318435705524512         0.318435705524512         0.318435705524512
        0.066946153846154        12.453827187835893        12.453827187832118        12.158243267683375         2.577857717504587         2.577857717502196         5.553717830514121         0.237193843359154         0.237193843358813         0.495631642725949         0.318435705524512         0.318435705524512         0.318435705524512
        0.066984615384615        12.426245289023473        12.426245289014787        12.107548075662219         2.537631443961400         2.537631443955886         5.499192760856037         0.236256776725298         0.236256776724501         0.495312895881469         0.318435705524512         0.318435705524512         0.318435705524512
        0.067000000000000        12.415192459716215        12.415192459718794        12.087057118701379         2.523916462991830         2.523916462993470         5.477089151653118         0.235872947896139         0.235872947896377         0.495182698518329         0.318435705524512         0.318435705524512         0.318435705524512
        0.067023076923077        12.398575214243063        12.398575214236720        12.056004578953591         2.503803336937776         2.503803336933741         5.443599691861699         0.235287015546040         0.235287015545448         0.494984352889224         0.318435705524512         0.318435705524512         0.318435705524512
        0.067061538461539        12.370753907381237        12.370753907387881        12.003524090114759         2.471369673902440         2.471369673906668         5.386830711528454         0.234281515088272         0.234281515088903         0.494645126729642         0.318435705524512         0.318435705524512         0.318435705524512
        0.067090000000000        12.350048558139386        12.350048558139386        11.963986807322454         2.448110936880628         2.448110936880629         5.343990845712168         0.233512367342546         0.233512367342546         0.494386619712955         0.318435705524512         0.318435705524512         0.318435705524512
        0.067099357798165        12.343213354166906        12.343213354167382        11.950853649661500         2.440589355954228         2.440589355954531         5.329740805628195         0.233254518804598         0.233254518804644         0.494300148169374         0.318435705524512         0.318435705524512         0.318435705524512
        0.067100000000000        12.342744323839129        12.342744323845109        11.949950776152543         2.440080998871181         2.440080998874994         5.328760413275142         0.233236745207534         0.233236745208114         0.494294190670856         0.318435705524512         0.318435705524512         0.318435705524512
        0.067108715596330        12.336383176842151        12.336383176842240        11.937659044718290         2.437021224202344         2.437021224202402         5.315404528158660         0.232994108972088         0.232994108972097         0.494212914707022         0.318435705524512         0.318435705524512         0.318435705524512
        0.067118073394495        12.329517947408396        12.329517947407998        11.924387475546126         2.429492136520182         2.429492136519927         5.300980950038709         0.232731072497300         0.232731072497260         0.494124900371732         0.318435705524512         0.318435705524512         0.318435705524512
        0.067127431192660        12.322625156726994        12.322625156727494        11.911031819642613         2.418382532369038         2.418382532369354         5.286466779647829         0.232465341239808         0.232465341239856         0.494036085407224         0.318435705524512         0.318435705524512         0.318435705524512
        0.067136788990826        12.315733924009333        12.315733924009571        11.897601859335916         2.411084966192310         2.411084966192463         5.271859569370547         0.232196844164647         0.232196844164671         0.493946449227089         0.318435705524512         0.318435705524512         0.318435705524512
        0.067138461538461        12.314509447382814        12.314509447390821        11.895196292742709         2.409785898129377         2.409785898134495         5.269239553931022         0.232148576601595         0.232148576602387         0.493930345772306         0.318435705524512         0.318435705524512         0.318435705524512
        0.067146146788991        12.308819458911424        12.308819458911241        11.884082256068682         2.403828529387436         2.403828529387318         5.257157139009590         0.231925507166247         0.231925507166228         0.493855970364635         0.318435705524512         0.318435705524512         0.318435705524512
        0.067155504587156        12.301898937453911        12.301898937453917        11.870493046003311         2.396627179211027         2.396627179211031         5.242356055460819         0.231651252886956         0.231651252886957         0.493764626421130         0.318435705524512         0.318435705524512         0.318435705524512
        0.067164862385321        12.294931950196943        12.294931950197483        11.856822823990411         2.389474286027040         2.389474286027384         5.227455276405759         0.231374000508813         0.231374000508867         0.493672394006500         0.318435705524512         0.318435705524512         0.318435705524512
        0.067174220183486        12.287957437033439        12.287957437033885        11.843063005838641         2.382360959036979         2.382360959037266         5.212448970383877         0.231093665549109         0.231093665549154         0.493579248681353         0.318435705524512         0.318435705524512         0.318435705524512
        0.067176923076923        12.285936466741850        12.285936466740361        11.839061453395978         2.380311037176524         2.380311037175570         5.208096002129642         0.231012131450589         0.231012131450438         0.493552178296752         0.318435705524512         0.318435705524512         0.318435705524512
        0.067183577981651        12.280954422721138        12.280954422720585        11.829203506957835         2.375277137482898         2.375277137482544         5.197335498993703         0.230810159611466         0.230810159611410         0.493485164885845         0.318435705524512         0.318435705524512         0.318435705524512
        0.067192935779816        12.273920560230462        12.273920560231314        11.815259559232208         2.368228225960529         2.368228225961077         5.182111078621217         0.230523390151702         0.230523390151789         0.493390115873591         0.318435705524512         0.318435705524512         0.318435705524512
        0.067202293577982        12.266864155453952        12.266864155452748        11.801224494439543         2.361216760698260         2.361216760697487         5.166773640887308         0.230233260184294         0.230233260184170         0.493294073627677         0.318435705524512         0.318435705524512         0.318435705524512
        0.067211651376147        12.259792193968165        12.259792193968662        11.787079984109480         2.354237601873629         2.354237601873948         5.151316912387272         0.229939667994606         0.229939667994657         0.493197008779279         0.318435705524512         0.318435705524512         0.318435705524512
        0.067215384615385        12.256964444749729        12.256964444754580        11.781415023013368         2.351465730615336         2.351465730618448         5.145118554198215         0.229821581701687         0.229821581702189         0.493158002227831         0.318435705524512         0.318435705524512         0.318435705524512
        0.067221009174312        12.252682095812142        12.252682095813725        11.772841083610011         2.347296695419129         2.347296695420144         5.135739268917646         0.229642506808690         0.229642506808854         0.493098890513484         0.318435705524512         0.318435705524512         0.318435705524512
        0.067230366972477        12.245532575605351        12.245532575604489        11.758482536943999         2.340373583743774         2.340373583743221         5.120036635301264         0.229341664464233         0.229341664464144         0.492999686476742         0.318435705524512         0.318435705524512         0.318435705524512
        0.067239724770642        12.238352421509456        12.238352421508134        11.744004889417013         2.333477391563426         2.333477391562574         5.104203429229877         0.229037022975378         0.229037022975239         0.492899362651830         0.318435705524512         0.318435705524512         0.318435705524512
        0.067249082568807        12.231133078926073        12.231133078926636        11.729430293286180         2.326606419825743         2.326606419826105         5.088235606150789         0.228728458174587         0.228728458174647         0.492797883258252         0.318435705524512         0.318435705524512         0.318435705524512
        0.067253846153846        12.227453170624381        12.227453170617229        11.721963733060473         2.323118972874967         2.323118972870362         5.080053364778866         0.228569874460304         0.228569874459546         0.492745781189309         0.318435705524512         0.318435705524512         0.318435705524512
        0.067258440366972        12.223886114046980        12.223886114046151        11.714731203393409         2.319756629460808         2.319756629460271         5.072125699610547         0.228415839199954         0.228415839199865         0.492695210604773         0.318435705524512         0.318435705524512         0.318435705524512
        0.067267798165138        12.216583303379347        12.216583303377913        11.699901704664139         2.312929983095878         2.312929983094954         5.055874977108852         0.228099028016559         0.228099028016405         0.492591304954970         0.318435705524512         0.318435705524512         0.318435705524512
        0.067277155963303        12.209227858721292        12.209227858722754        11.684942003978678         2.306113657223129         2.306113657224071         5.039476121770553         0.227777878867184         0.227777878867341         0.492486124371790         0.318435705524512         0.318435705524512         0.318435705524512
        0.067286513761468        12.201834281239421        12.201834281239039        11.669854768673483         2.299310432913077         2.299310432912832         5.022923379151461         0.227452237652715         0.227452237652674         0.492379624541116         0.318435705524512         0.318435705524512         0.318435705524512
        0.067292307692308        12.197238024402429        12.197238024396480        11.660442066630576         2.295104978025643         2.295104978021803         5.012597856954347         0.227248345819068         0.227248345818421         0.492313018765522         0.318435705524512         0.318435705524512         0.318435705524512
        0.067295871559633        12.194393805834107        12.194393805835015        11.654622529063300         2.292514920655094         2.292514920655683         5.006208034795026         0.227121941239442         0.227121941239542         0.492271758575784         0.318435705524512         0.318435705524512         0.318435705524512
        0.067305229357798        12.186890678974832        12.186890678975493        11.639248522524529         2.285735048005464         2.285735048005890         4.989325362976170         0.226786816764471         0.226786816764543         0.492162476819852         0.318435705524512         0.318435705524512         0.318435705524512
        0.067314587155963        12.179336144181546        12.179336144179871        11.623717079042063         2.278964843717809         2.278964843716725         4.972267569731010         0.226446680789963         0.226446680789778         0.492051726609248         0.318435705524512         0.318435705524512         0.318435705524512
        0.067323944954128        12.171715163387489        12.171715163387489        11.608003877710491         2.272198152307992         2.272198152307992         4.955030542297554         0.226101338363514         0.226101338363514         0.491939452004507         0.318435705524512         0.318435705524512         0.318435705524512
        0.067330769230769        12.166113234384650        12.166113234389080        11.596452077657371         2.267256264143117         2.267256264145988         4.942346462952725         0.225846165490109         0.225846165490604         0.491856601034643         0.318435705524512         0.318435705524512         0.318435705524512
        0.067333302752294        12.164022515220916        12.164022515220323        11.592152416055342         2.265416526604987         2.265416526604600         4.937606391707653         0.225750582043917         0.225750582043850         0.491825593517383         0.318435705524512         0.318435705524512         0.318435705524512
        0.067342660550459        12.156258897502337        12.156258897502161        11.576117961824767         2.258648694252595         2.258648694252483         4.919986644076495         0.225394190719634         0.225394190719615         0.491710087775038         0.318435705524512         0.318435705524512         0.318435705524512
        0.067352018348624        12.148418539270070        12.148418539269267        11.559885926057891         2.251866637590827         2.251866637590306         4.902162751129045         0.225031928436215         0.225031928436124         0.491592867192176         0.318435705524512         0.318435705524512         0.318435705524512
        0.067361376146789        12.140489170363590        12.140489170364585        11.543483762161497         2.245074988768074         2.245074988768723         4.884127487488395         0.224663542841126         0.224663542841240         0.491473859527668         0.318435705524512         0.318435705524512         0.318435705524512
        0.067369230769231        12.133775075254126        12.133775075248764        11.529549736746102         2.239373597952060         2.239373597948568         4.868818914726687         0.224349512419951         0.224349512419332         0.491372563260027         0.318435705524512         0.318435705524512         0.318435705524512
        0.067370733944954        12.132474790479185        12.132474790479352        11.526858193896683         2.238277708729115         2.238277708729226         4.865865493673337         0.224288763709903         0.224288763709922         0.491352987472912         0.318435705524512         0.318435705524512         0.318435705524512
        0.067380091743119        12.124362286360917        12.124362286362009        11.510020671172652         2.231460716760972         2.231460716761684         4.847372461848870         0.223907301070257         0.223907301070385         0.491230168120269         0.318435705524512         0.318435705524512         0.318435705524512
        0.067389449541284        12.116139459922795        12.116139459925201        11.492960261757132         2.225571931263743         2.225571931265311         4.828634878036302         0.223518843181022         0.223518843181303         0.491105312394221         0.318435705524512         0.318435705524512         0.318435705524512
        0.067398807339450        12.107797888050891        12.107797888054556        11.475656659542789         2.218174074036931         2.218174074039323         4.809641764812966         0.223123054197198         0.223123054197630         0.490978324392810         0.318435705524512         0.318435705524512         0.318435705524512
        0.067407692307692        12.099762513769106        12.099762513793690        11.459004098884508         2.211226941811269         2.211226941827357         4.791364882913889         0.222740302333398         0.222740302336325         0.490855730378529         0.318435705524512         0.318435705524512         0.318435705524512
        0.067408165137615        12.099326458671779        12.099326458673584        11.458104278979294         2.210874995073842         2.210874995075022         4.790377758246742         0.222719571589355         0.222719571589570         0.490849100663057         0.318435705524512         0.318435705524512         0.318435705524512
        0.067417522935780        12.090720880940664        12.090720880937914        11.440279256885200         2.203949313070352         2.203949313068549         4.770836487193284         0.222308003043198         0.222308003042868         0.490717529326178         0.318435705524512         0.318435705524512         0.318435705524512
        0.067426880733945        12.081976063157750        12.081976063159068        11.422173946784136         2.196998867038006         2.196998867038870         4.750999307963709         0.221887923061298         0.221887923061457         0.490583489123837         0.318435705524512         0.318435705524512         0.318435705524512
        0.067436238532110        12.073083699778017        12.073083699776905        11.403783597348486         2.190005527053874         2.190005527053144         4.730838374902461         0.221458868941114         0.221458868940978         0.490446848286100         0.318435705524512         0.318435705524512         0.318435705524512
        0.067445596330275        12.063995359822480        12.063995359821723        11.385071022705434         2.182958960909589         2.182958960909092         4.710340307720208         0.221020336015887         0.221020336015794         0.490307463191692         0.318435705524512         0.318435705524512         0.318435705524512
        0.067446153846154        12.063449868046604        12.063449868024927        11.383956722759461         2.182540981069093         2.182540981054825         4.709118887414594         0.220994135079018         0.220994135076341         0.490299138245736         0.318435705524512         0.318435705524512         0.318435705524512
        0.067454954128440        12.054693530645414        12.054693530644947        11.366028026628687         2.175843886304307         2.175843886303999         4.689489770378731         0.220571772553101         0.220571772553042         0.490165176944309         0.318435705524512         0.318435705524512         0.318435705524512
        0.067464311926605        12.045216825278816        12.045216825278553        11.346592388364249         2.168649309479768         2.168649309479594         4.668265500144130         0.220112573069170         0.220112573069137         0.490019817484445         0.318435705524512         0.318435705524512         0.318435705524512
        0.067473669724771        12.035509158411433        12.035509158410594        11.326772471892486         2.161430065348176         2.161430065347620         4.646663161057063         0.219642071190190         0.219642071190083         0.489871195596956         0.318435705524512         0.318435705524512         0.318435705524512
        0.067483027522936        12.025532169689228        12.025532169689189        11.306528735128179         2.154116615264596         2.154116615264571         4.624609914670428         0.219159530689725         0.219159530689721         0.489719102393637         0.318435705524512         0.318435705524512         0.318435705524512
        0.067484615384615        12.023805570782633        12.023805570782647        11.303058631874864         2.152869117143236         2.152869117143247         4.620823474150189         0.219076397840570         0.219076397840572         0.489692933460268         0.318435705524512         0.318435705524512         0.318435705524512
        0.067492385321101        12.015253107845366        12.015253107844156        11.285830764802755         2.146674699116847         2.146674699116044         4.602100869214739         0.218664134980416         0.218664134980259         0.489563306368813         0.318435705524512         0.318435705524512         0.318435705524512
        0.067501743119266        12.004662566581571        12.004662566581205        11.264658545714754         2.139177752402452         2.139177752402209         4.579102246803216         0.218154974691488         0.218154974691439         0.489403549926446         0.318435705524512         0.318435705524512         0.318435705524512
        0.067511100917431        11.993753371266500        11.993753371267175        11.242942934496767         2.139758663041428         2.139758663041876         4.555581210432232         0.217631032364321         0.217631032364411         0.489239545095520         0.318435705524512         0.318435705524512         0.318435705524512
        0.067520458715596        11.982378153874583        11.982378153872366        11.220641403598833         2.123811071754698         2.123811071753215         4.531494303567931         0.217091163809333         0.217091163809035         0.489070968313636         0.318435705524512         0.318435705524512         0.318435705524512
        0.067523076923077        11.979164400370269        11.979164400370216        11.214286423972100         2.130003743424601         2.130003743424567         4.524649246359830         0.216937088006989         0.216937088006983         0.489022934326216         0.318435705524512         0.318435705524512         0.318435705524512
        0.067529816513761        11.970582424269875        11.970582424269077        11.197698268176770         2.115923211831019         2.115923211830485         4.506795204394456         0.216534075596442         0.216534075596333         0.488897454146684         0.318435705524512         0.318435705524512         0.318435705524512
        0.067539174311927        11.958269472761639        11.958269472763796        11.174061437724705         2.107878204094253         2.107878204095704         4.481427504775381         0.215958296554004         0.215958296554301         0.488718587323241         0.318435705524512         0.318435705524512         0.318435705524512
        0.067548532110092        11.945361217964136        11.945361217968816        11.149651871279600         2.099650655075462         2.099650655078614         4.455305071818541         0.215362142518709         0.215362142519363         0.488533892906344         0.318435705524512         0.318435705524512         0.318435705524512
        0.067557889908257        11.931811302909743        11.931811302914209        11.124388855583813         2.091240830199340         2.091240830202358         4.428399821991601         0.214743671137244         0.214743671137877         0.488342823686818         0.318435705524512         0.318435705524512         0.318435705524512
        0.067561538461539        11.926318116719202        11.926318116718889        11.114272821413021         2.087884435405877         2.087884435405667         4.417679785569213         0.214496002951758         0.214496002951714         0.488266463678783         0.318435705524512         0.318435705524512         0.318435705524512
        0.067567247706422        11.917470160430724        11.917470160428580        11.098151955948811         2.082571111385355         2.082571111383897         4.400621081069747         0.214100624430912         0.214100624430602         0.488144744193909         0.318435705524512         0.318435705524512         0.318435705524512
        0.067576605504587        11.902237330529172        11.902237330526168        11.070825653917074         2.073647920341824         2.073647920339783         4.371866988429272         0.213430353086777         0.213430353086339         0.487938909615281         0.318435705524512         0.318435705524512         0.318435705524512
        0.067585963302752        11.885952082913443        11.885952082917377        11.042280269504904         2.064420334378383         2.064420334381071         4.342025612476774         0.212729716593309         0.212729716593894         0.487724438026581         0.318435705524512         0.318435705524512         0.318435705524512
        0.067595321100917        11.868414861196355        11.868414861194257        11.012322990515058         2.054834577711275         2.054834577709837         4.310955342170493         0.211994948845189         0.211994948844872         0.487500273060754         0.318435705524512         0.318435705524512         0.318435705524512
        0.067600000000000        11.859109732458215        11.859109732457860        10.996755108030598         2.049894289335423         2.049894289335178         4.294906596554696         0.211613354166259         0.211613354166205         0.487384159932399         0.318435705524512         0.318435705524512         0.318435705524512
        0.067604678899083        11.849408301509492        11.849408301508667        10.980751518693449         2.044841313346657         2.044841313346088         4.278487562600005         0.211221471686402         0.211221471686275         0.487265132139609         0.318435705524512         0.318435705524512         0.318435705524512
        0.067614036697248        11.828609235400535        11.828609235385649        10.947268966824799         2.034366790327984         2.034366790317681         4.244422672792620         0.210403633084204         0.210403633081862         0.487017433878254         0.318435705524512         0.318435705524512         0.318435705524512
        0.067623394495413        11.805625414698387        11.805625414695374        10.911512783142449         2.034058873862412         2.034058873860317         4.208487561487788         0.209534326028610         0.209534326028125         0.486755192512396         0.318435705524512         0.318435705524512         0.318435705524512
        0.067632752293578        11.779735599705967        11.779735599703532        10.873018892879587         2.011500756311564         2.011500756309860         4.170360136899880         0.208604417750000         0.208604417749599         0.486475859974836         0.318435705524512         0.318435705524512         0.318435705524512
        0.067638461538461        11.762264329888129        11.762264329884959        10.847899896664524         2.003888361629666         2.003888361627436         4.145835307736927         0.208002247825055         0.208002247824525         0.486295632214450         0.318435705524512         0.318435705524512         0.318435705524512
        0.067642110091743        11.750281925542621        11.750281925556845        10.831116042433653         1.998822696128139         1.998822696138167         4.129592243149776         0.207601855963751         0.207601855966158         0.486176078847003         0.318435705524512         0.318435705524512         0.318435705524512
        0.067651467889908        11.716065225812619        11.716065225815907        10.784902072653701         1.984998799414031         1.984998799416366         4.085568959522364         0.206510209324213         0.206510209324786         0.485851279530601         0.318435705524512         0.318435705524512         0.318435705524512
        0.067660825688073        11.675301279395207        11.675301279392766        10.732985152190849         1.969673259244709         1.969673259242956         4.037419247349269         0.205306122304676         0.205306122304235         0.485494978680664         0.318435705524512         0.318435705524512         0.318435705524512
        0.067670183486239        11.625035270092956        11.625035270088039        10.673234463175376         1.952279559775175         1.952279559771608         3.983861195955968         0.203954535582541         0.203954535581619         0.485097463831978         0.318435705524512         0.318435705524512         0.318435705524512
        0.067676923076923        11.580200946429100        11.580200946416717        10.623390636321639         1.937945962933297         1.937945962924226         3.940725133575715         0.202858724698219         0.202858724695817         0.484777063479826         0.318435705524512         0.318435705524512         0.318435705524512
        0.067679541284404        11.560103476640231        11.560103476640395        10.601929032862085         1.931828710349109         1.931828710349233         3.922653030103846         0.202397748153401         0.202397748153434         0.484642784272478         0.318435705524512         0.318435705524512         0.318435705524512
        0.067688899082569        11.470029548508707        11.470029548508428        10.511944338742799         1.906462895709885         1.906462895709677         3.849924395236485         0.200533522465205         0.200533522465147         0.484102761808541         0.318435705524512         0.318435705524512         0.318435705524512
        0.067698256880734        11.328043551313103        11.328043551313336        10.385694221004853         1.871647073681939         1.871647073682118         3.756857909820831         0.198134994623357         0.198134994623410         0.483415062145949         0.318435705524512         0.318435705524512         0.318435705524512
        0.067707614678899        11.025163014459055        11.025163014462434        10.155531260808186         1.810270790960051         1.810270790962786         3.613519169139973         0.194460332113613         0.194460332114505         0.482376810556446         0.318435705524512         0.318435705524512         0.318435705524512
        0.067715384615385        12.362647927730809        12.362647927732667        10.330600099484153         1.811321417062818         1.811321417064532         3.155545470514226         0.177871318439200         0.177871318439857         0.477912377964521         0.318435705524512         0.318435705524512         0.318435705524512
        0.067716972477064        13.193952253706135        13.193952253707987        10.609677500884640         1.873229063943066         1.873229063944754         3.133630495295007         0.176136177172475         0.176136177173092         0.477465507701643         0.318435705524512         0.318435705524512         0.318435705524512
        0.067726330275229        15.081791826573486        15.081791826570885        11.151811094523323         1.993783527536918         1.993783527534552         3.047884612942853         0.171468217674794         0.171468217673994         0.476281013054469         0.318435705524512         0.318435705524512         0.318435705524512
        0.067735688073395        15.963584807343128        15.963584807345180        11.366876558982407         2.040779443663927         2.040779443665825         2.991805274282201         0.168926296212711         0.168926296213340         0.475646507518272         0.318435705524512         0.318435705524512         0.318435705524512
        0.067745045871560        16.561713434294742        16.561713434294624        11.500284969061664         2.069213362653695         2.069213362653583         2.947892544747650         0.167054579321796         0.167054579321759         0.475183860999342         0.318435705524512         0.318435705524512         0.318435705524512
        0.067753846153846        16.993817003693142        16.993817003691174        11.590668976343551         2.087923049247822         2.087923049245931         2.913071052740985         0.165619852298253         0.165619852297635         0.474831781107108         0.318435705524512         0.318435705524512         0.318435705524512
        0.067754403669725        17.018454653039189        17.018454653019869        11.595670762898207         2.088941960843020         2.088941960824412         2.911003634552437         0.165535800642720         0.165535800636637         0.474811214338081         0.318435705524512         0.318435705524512         0.318435705524512
        0.067763761467890        17.388462338804580        17.388462338803869        11.668937464776270         2.103579789159077         2.103579789158376         2.878848666490596         0.164242695795849         0.164242695795620         0.474495862477021         0.318435705524512         0.318435705524512         0.318435705524512
        0.067773119266055        17.699941539809895        17.699941539813249        11.727850416194142         2.114939850800642         2.114939850804007         2.850104926939266         0.163106536751996         0.163106536753096         0.474220204198957         0.318435705524512         0.318435705524512         0.318435705524512
        0.067782477064220        17.968772073953545        17.968772073950696        11.776664041781066         2.124004429094217         2.124004429091301         2.823975958348075         0.162087674624408         0.162087674623455         0.473974113424260         0.318435705524512         0.318435705524512         0.318435705524512
        0.067791834862385        18.205183933868703        18.205183933871290        11.818048504198158         2.131334003477220         2.131334003479919         2.799928878975041         0.161160342600855         0.161160342601739         0.473751025711247         0.318435705524512         0.318435705524512         0.318435705524512
        0.067792307692308        18.216396317233677        18.216396317226554        11.819975625774273         2.131667975255030         2.131667975247579         2.798761269306344         0.161115553602486         0.161115553600045         0.473740272004551         0.318435705524512         0.318435705524512         0.318435705524512
        0.067801192660550        18.415977806179235        18.415977806183104        11.853723826827103         2.137405370226736         2.137405370230865         2.777584976308141         0.160306762330845         0.160306762332200         0.473546421922146         0.318435705524512         0.318435705524512         0.318435705524512
        0.067810550458716        18.605995943887340        18.605995943884221        11.884871282340074         2.142417126669828         2.142417126666437         2.756666707087473         0.159514095987097         0.159514095985981         0.473357045476912         0.318435705524512         0.318435705524512         0.318435705524512
        0.067819908256881        18.778826582791947        18.778826582792362        11.912357831300413         2.146566377295131         2.146566377295597         2.736961110188368         0.158772738043354         0.158772738043508         0.473180464382709         0.318435705524512         0.318435705524512         0.318435705524512
        0.067829266055046        18.937178987744325        18.937178987741149        11.936846456131073         2.150073791742454         2.150073791738863         2.718302171503300         0.158075292563380         0.158075292562192         0.473014809440161         0.318435705524512         0.318435705524512         0.318435705524512
        0.067830769230769        18.961408612579685        18.961408612579881        11.940532476970857         2.150581908772083         2.150581908772307         2.715393398946829         0.157966952109709         0.157966952109783         0.472989117062917         0.318435705524512         0.318435705524512         0.318435705524512
        0.067838623853211        19.083162476801935        19.083162476800940        11.958806010370976         2.152998551969781         2.152998551968637         2.700557098279817         0.157415930705269         0.157415930704889         0.472858609984651         0.318435705524512         0.318435705524512         0.318435705524512
        0.067847981651376        19.218468305016700        19.218468305013566        11.978628861664983         2.155457910509877         2.155457910506190         2.683618383902398         0.156789967346274         0.156789967345045         0.472710685816455         0.318435705524512         0.318435705524512         0.318435705524512
        0.067857339449541        19.344437903735511        19.344437903734669        11.996617533626322         2.157495826241242         2.157495826240237         2.667397604060155         0.156193574535976         0.156193574535640         0.472570074119872         0.318435705524512         0.318435705524512         0.318435705524512
        0.067866697247706        19.462182393271366        19.462182393271636        12.013009965210758         2.159186471562939         2.159186471563266         2.651819429797838         0.155623579150108         0.155623579150218         0.472435977949489         0.318435705524512         0.318435705524512         0.318435705524512
        0.067869230769231        19.492766627627383        19.492766627627400        12.017202516463717         2.159589330842552         2.159589330842580         2.647703748034729         0.155473445902213         0.155473445902223         0.472400704841942         0.318435705524512         0.318435705524512         0.318435705524512
        0.067876055045872        19.572615163069177        19.572615163068932        12.028010053241843         2.160569303085123         2.160569303084825         2.636820478396990         0.155077318715235         0.155077318715135         0.472307729540243         0.318435705524512         0.318435705524512         0.318435705524512
        0.067885412844037        19.676548900658069        19.676548900657636        12.041769697608872         2.161686610023855         2.161686610023295         2.622346880977341         0.154552534588033         0.154552534587844         0.472184763174065         0.318435705524512         0.318435705524512         0.318435705524512
        0.067894770642202        19.774563518111883        19.774563518111623        12.054456142817010         2.162544556382425         2.162544556382092         2.608353323756060         0.154047292473925         0.154047292473812         0.472066594998061         0.318435705524512         0.318435705524512         0.318435705524512
        0.067904128440367        19.867291994273831        19.867291994273707        12.066177578767400         2.163209514369932         2.163209514369773         2.594798268178749         0.153559921965462         0.153559921965407         0.471952807685245         0.318435705524512         0.318435705524512         0.318435705524512
        0.067907692307692        19.901310254590882        19.901310254590879        12.070322242459435         2.163425874856004         2.163425874855997         2.589743831040186         0.153378700325933         0.153378700325931         0.471910547345099         0.318435705524512         0.318435705524512         0.318435705524512
        0.067913486238532        19.955196658357661        19.955196658357401        12.076934983049107         2.163700180643986         2.163700180643640         2.581647116559083         0.153088968924331         0.153088968924213         0.471843038387263         0.318435705524512         0.318435705524512         0.318435705524512
        0.067922844036697        20.038688200931549        20.038688200931087        12.086939716896973         2.164016433821008         2.164016433820377         2.568867670156429         0.152633159324698         0.152633159324482         0.471736969566743         0.318435705524512         0.318435705524512         0.318435705524512
        0.067932201834862        20.118151403936380        20.118151403936537        12.096318207553031         2.164183702065337         2.164183702065566         2.556432584207806         0.152191369703674         0.152191369703754         0.471634321532728         0.318435705524512         0.318435705524512         0.318435705524512
        0.067941559633028        20.193896524182570        20.193896524182570        12.105022084583126         2.164198559151954         2.164198559151954         2.544317383284908         0.151762603801136         0.151762603801136         0.471534846537185         0.318435705524512         0.318435705524512         0.318435705524512
        0.067946153846154        20.229847946311317        20.229847946315395        12.109084461719023         2.164166095921089         2.164166095926927         2.538473259140406         0.151556374048403         0.151556374050421         0.471487047916769         0.318435705524512         0.318435705524512         0.318435705524512
        0.067950917431193        20.266216899105828        20.266216899106176        12.113150010277984         2.164108714710159         2.164108714710661         2.532499189934354         0.151345973603837         0.151345973604010         0.471438323988962         0.318435705524512         0.318435705524512         0.318435705524512
        0.067960275229358        20.335357579639766        20.335357579639915        12.120784769646848         2.163895873646264         2.163895873646490         2.520958736298351         0.150940683882907         0.150940683882986         0.471344556551421         0.318435705524512         0.318435705524512         0.318435705524512
        0.067969633027523        20.401564514429538        20.401564514429634        12.127876637707626         2.163569515622985         2.163569515623122         2.509677634636197         0.150546019241479         0.150546019241527         0.471253366882824         0.318435705524512         0.318435705524512         0.318435705524512
        0.067978990825688        20.465021812796202        20.465021812796280        12.134499179694400         2.163162391807470         2.163162391807591         2.498639637159255         0.150161333654268         0.150161333654310         0.471164594996950         0.318435705524512         0.318435705524512         0.318435705524512
        0.067984615384615        20.501943283716578        20.501943283711324        12.138270193514520         2.162880346496960         2.162880346488814         2.492112965164295         0.149934557835173         0.149934557832316         0.471112312396287         0.318435705524512         0.318435705524512         0.318435705524512
        0.067988348623853        20.525926007281253        20.525926007281672        12.140695298214313         2.162676669284771         2.162676669285418         2.487830228988543         0.149786041426361         0.149786041426588         0.471078095992176         0.318435705524512         0.318435705524512         0.318435705524512
        0.067997706422018        20.584427739711469        20.584427739711401        12.146500263443757         2.162122208097995         2.162122208097887         2.477235935504491         0.149419609856333         0.149419609856295         0.470993738201766         0.318435705524512         0.318435705524512         0.318435705524512
        0.068000000000000        20.598421266250750        20.598421266250885        12.147874277579010         2.161968710954001         2.161968710954214         2.474670516674349         0.149331093904331         0.149331093904407         0.470973375086796         0.318435705524512         0.318435705524512         0.318435705524512
        0.068007064220184        20.640691196036720        20.640691196036649        12.151954847518775         2.161483421135801         2.161483421135699         2.466843579047142         0.149061552700087         0.149061552700051         0.470911401557575         0.318435705524512         0.318435705524512         0.318435705524512
        0.068016422018349        20.694851983493752        20.694851983493841        12.157067003923023         2.160783761094822         2.160783761094980         2.456641679598792         0.148711424964484         0.148711424964540         0.470830976276139         0.318435705524512         0.318435705524512         0.318435705524512
        0.068023076923077        20.732158464880481        20.732158464875415        12.160514465463505         2.160246691028952         2.160246691020442         2.449494840417172         0.148466962420617         0.148466962417591         0.470774872383288         0.318435705524512         0.318435705524512         0.318435705524512
        0.068025779816514        20.747023970965095        20.747023970964971        12.161868130086226         2.160020519824851         2.160020519824643         2.446620230856955         0.148368818098842         0.148368818098768         0.470752361657675         0.318435705524512         0.318435705524512         0.318435705524512
        0.068035137614679        20.797341757236044        20.797341757236090        12.166373972974986         2.159225547670489         2.159225547670577         2.436768683489120         0.148033356126771         0.148033356126802         0.470675465112212         0.318435705524512         0.318435705524512         0.318435705524512
        0.068044495412844        20.845879362164727        20.845879362164919        12.170592522275911         2.158356757453231         2.158356757453580         2.427078061088300         0.147704692099802         0.147704692099927         0.470600201273966         0.318435705524512         0.318435705524512         0.318435705524512
        0.068053853211009        20.892746856786783        20.892746856786768        12.174402389415460         2.157416167240146         2.157416167240119         2.417540124280620         0.147382505155668         0.147382505155658         0.470526491262944         0.318435705524512         0.318435705524512         0.318435705524512
        0.068061538461539        20.930078374440857        20.930078374444097        12.177500560685075         2.156628182783165         2.156628182789059         2.409814476804140         0.147122499244334         0.147122499246459         0.470467056651001         0.318435705524512         0.318435705524512         0.318435705524512
        0.068063211009174        20.938059370177221        20.938059370177196        12.178151968468670         2.156451902438772         2.156451902438724         2.408147046542671         0.147066497930096         0.147066497930078         0.470454262036241         0.318435705524512         0.318435705524512         0.318435705524512
        0.068072568807340        20.981875216628787        20.981875216628875        12.181672539037068         2.155455235917319         2.155455235917480         2.398891354222724         0.146756394158896         0.146756394158955         0.470383445791835         0.318435705524512         0.318435705524512         0.318435705524512
        0.068081926605505        21.024272041654157        21.024272041654211        12.184976988188911         2.154413259541153         2.154413259541265         2.389766295056317         0.146451936776244         0.146451936776284         0.470313979489480         0.318435705524512         0.318435705524512         0.318435705524512
        0.068091284403670        21.065316819683147        21.065316819683218        12.188074717114175         2.153334183388064         2.153334183388194         2.380765015663085         0.146152886070522         0.146152886070569         0.470245804392619         0.318435705524512         0.318435705524512         0.318435705524512
        0.068100000000000        21.102397255238905        21.102397255236465        12.190783875380534         2.152305283150762         2.152305283145947         2.372486778991413         0.145878999489090         0.145878999487331         0.470183414961488         0.318435705524512         0.318435705524512         0.318435705524512
        0.068100642201835        21.105087217092795        21.105087217092766        12.190976946293931         2.152228092846153         2.152228092846095         2.371881518716311         0.145859018141324         0.145859018141302         0.470178865681878         0.318435705524512         0.318435705524512         0.318435705524512
        0.068110000000000        21.143693779841310        21.143693779841222        12.194265565366226         2.151083890363793         2.151083890363600         2.363110080956743         0.145570123475652         0.145570123475582         0.470113112101097         0.318435705524512         0.318435705524512         0.318435705524512
        0.068138461538461        21.253891036438638        21.253891036439338        12.200915472885404         2.147424814530472         2.147424814531994         2.337065258675886         0.144720040728035         0.144720040728598         0.469919923552083         0.318435705524512         0.318435705524512         0.318435705524512
        0.068176923076923        21.388144800087669        21.388144800087332        12.208592797132461         2.142152634949257         2.142152634948465         2.303198536023340         0.143633080787309         0.143633080787012         0.469673519206966         0.318435705524512         0.318435705524512         0.318435705524512
        0.068215384615385        21.507892591855956        21.507892591857232        12.214257856672001         2.136570177775325         2.136570177778613         2.270617019330339         0.142608301595954         0.142608301597202         0.469441811244088         0.318435705524512         0.318435705524512         0.318435705524512
        0.068253846153846        21.615304255053250        21.615304255053776        12.218225335808810         2.130709512651437         2.130709512652929         2.239016381046987         0.141637857290434         0.141637857291006         0.469222894680970         0.318435705524512         0.318435705524512         0.318435705524512
        0.068292307692308        21.712105705153913        21.712105705153604        12.220763484505705         2.124745160979397         2.124745160978408         2.208243615602183         0.140715368411470         0.140715368411086         0.469015224807180         0.318435705524512         0.318435705524512         0.318435705524512
        0.068330769230769        21.799682779659474        21.799682779659225        12.222142362374212         2.118617702240627         2.118617702239739         2.178085132582437         0.139835570041633         0.139835570041283         0.468817530119955         0.318435705524512         0.318435705524512         0.318435705524512
        0.068369230769231        21.879167890346384        21.879167890346352        12.222456894737613         2.112379845289207         2.112379845289064         2.148367172751602         0.138994060874798         0.138994060874741         0.468628750354898         0.318435705524512         0.318435705524512         0.318435705524512
        0.068407692307692        21.951513582954796        21.951513582954775        12.221872385298445         2.106056598600164         2.106056598600059         2.118920326581194         0.138187120162037         0.138187120161995         0.468447991356957         0.318435705524512         0.318435705524512         0.318435705524512
        0.068446153846154        22.017514553649022        22.017514553649001        12.220529476672832         2.099671716661745         2.099671716661639         2.089509686145584         0.137411570915560         0.137411570915517         0.468274491435656         0.318435705524512         0.318435705524512         0.318435705524512
        0.068484615384615        22.077841543010653        22.077841543010607        12.218494136769102         2.093258442874645         2.093258442874365         2.059962225822139         0.136664676602140         0.136664676602025         0.468107595984620         0.318435705524512         0.318435705524512         0.318435705524512
        0.068523076923077        22.133079823739678        22.133079823739781        12.215897570987433         2.086801583845738         2.086801583846501         2.030017927041181         0.135944061558663         0.135944061558980         0.467946737965756         0.318435705524512         0.318435705524512         0.318435705524512
        0.068561538461538        22.183732100917307        22.183732100917258        12.212761129956444         2.080362441972629         2.080362441972171         1.999456490042596         0.135247648578507         0.135247648578315         0.467791422638523         0.318435705524512         0.318435705524512         0.318435705524512
        0.068600000000000        22.230227185707182        22.230227185707200        12.209177819735821         2.073866266786928         2.073866266787136         1.967908682691918         0.134573609890403         0.134573609890490         0.467641215574031         0.318435705524512         0.318435705524512         0.318435705524512
        0.068638461538461        22.272930683342665        22.272930683342679        12.205107602203926         2.067396882677460         2.067396882677710         1.934906730182733         0.133920327808554         0.133920327808662         0.467495733053244         0.318435705524512         0.318435705524512         0.318435705524512
        0.068676923076923        22.312181338984221        22.312181338984203        12.200735642142240         2.060932227629758         2.060932227629163         1.899761741808980         0.133286362901640         0.133286362901382         0.467354634314597         0.318435705524512         0.318435705524512         0.318435705524512
        0.068715384615385        22.348265614603012        22.348265614603026        12.196035469263036         2.054490845203540         2.054490845204354         1.861434258144742         0.132670428173161         0.132670428173517         0.467217615269402         0.318435705524512         0.318435705524512         0.318435705524512
        0.068753846153846        22.381433482182693        22.381433482182675        12.191013311772076         2.048068570889801         2.048068570890358         1.818130716033455         0.132071367752299         0.132071367752545         0.467084403324330         0.318435705524512         0.318435705524512         0.318435705524512
        0.068792307692308        22.411917312480629        22.411917312480636        12.185722463424000         2.041658037601705         2.041658037601478         1.766259185329281         0.131488139231506         0.131488139231405         0.466954753097862         0.318435705524512         0.318435705524512         0.318435705524512
        0.068830769230769        22.439914439764863        22.439914439764859        12.180185015771061         2.035269832239051         2.035269832239179         1.696836960559131         0.130919798895865         0.130919798895923         0.466828442842885         0.318435705524512         0.318435705524512         0.318435705524512
        0.068869230769231        22.465576286762950        22.465576286762932        12.174434110241718         2.028910605133376         2.028910605133619         1.579044837920092         0.130365489410980         0.130365489411091         0.466705271463988         0.318435705524512         0.318435705524512         0.318435705524512
        0.068907692307692        22.489122506209785        22.489122506209785        12.168454924444879         2.022579412236148         2.022579412236150         1.497081974555925         0.129824429289043         0.129824429289045         0.466585055975194         0.318435705524512         0.318435705524512         0.318435705524512
        0.068946153846154        22.510730700092356        22.510730700092278        12.162281323535035         2.016284957381053         2.016284957381650         1.442315084080635         0.129295903979622         0.129295903979898         0.466467629349588         0.318435705524512         0.318435705524512         0.318435705524512
        0.068984615384615        22.530480514140070        22.530480514140066        12.155942360395576         2.010014585462087         2.010014585462053         1.399296009657245         0.128779258288171         0.128779258288154         0.466352838690185         0.318435705524512         0.318435705524512         0.318435705524512
        0.069000000000000        22.537893605365927        22.537893605365880        12.153365941260134         2.007519047919719         2.007519047919982         1.384499870579389         0.128575788882086         0.128575788882209         0.466307628465410         0.318435705524512         0.318435705524512         0.318435705524512
        0.069023076923077        22.548514125763159        22.548514125763106        12.149449722721295         2.003779733692579         2.003779733692858         1.363762619383571         0.128273889757893         0.128273889758024         0.466240543639788         0.318435705524512         0.318435705524512         0.318435705524512
        0.069061538461538        22.564932499655537        22.564932499655509        12.142807546096853         1.997576677456545         1.997576677456661         1.333139030102396         0.127779243089176         0.127779243089232         0.466130615035572         0.318435705524512         0.318435705524512         0.318435705524512
        0.069100000000000        22.579853785241149        22.579853785241173        12.136038745031101         1.991415981296170         1.991415981296061         1.306486650855190         0.127294805169404         0.127294805169352         0.466022933718157         0.318435705524512         0.318435705524512         0.318435705524512
        0.069138461538461        22.593363087670337        22.593363087670333        12.129142227824333         1.985281671992982         1.985281671993010         1.282849101221676         0.126820100820352         0.126820100820365         0.465917389510647         0.318435705524512         0.318435705524512         0.318435705524512
        0.069176923076923        22.605546570184529        22.605546570184533        12.122137543359521         1.979175264022167         1.979175264022143         1.261640370852942         0.126354689049073         0.126354689049060         0.465813880320626         0.318435705524512         0.318435705524512         0.318435705524512
        0.069215384615385        22.616477273762840        22.616477273762822        12.115029552485547         1.973111316515443         1.973111316515511         1.242436913910782         0.125898159765603         0.125898159765636         0.465712311354443         0.318435705524512         0.318435705524512         0.318435705524512
        0.069253846153846        22.626220676461646        22.626220676461546        12.107814520398042         1.967084666367297         1.967084666367647         1.224908653996316         0.125450130904443         0.125450130904617         0.465612594428448         0.318435705524512         0.318435705524512         0.318435705524512
        0.069292307692308        22.634874949380698        22.634874949380581        12.100516524631013         1.961100402761289         1.961100402761681         1.208864952508040         0.125010245829066         0.125010245829262         0.465514647351027         0.318435705524512         0.318435705524512         0.318435705524512
        0.069330769230769        22.642479464484321        22.642479464484300        12.093137717197710         1.955149618281284         1.955149618281360         1.194021339723852         0.124578171108026         0.124578171108064         0.465418393390027         0.318435705524512         0.318435705524512         0.318435705524512
        0.069369230769231        22.649097003846283        22.649097003846318        12.085682619107196         1.949219792367463         1.949219792367351         1.180261224663712         0.124153594472030         0.124153594471973         0.465323760787111         0.318435705524512         0.318435705524512         0.318435705524512
        0.069407692307692        22.654772800907551        22.654772800907537        12.078159317769991         1.943337225811294         1.943337225811330         1.167367984078293         0.123736223012314         0.123736223012332         0.465230682329079         0.318435705524512         0.318435705524512         0.318435705524512
        0.069446153846154        22.659565393296052        22.659565393296042        12.070571774946538         1.937488176468799         1.937488176468835         1.155484795560251         0.123325781587895         0.123325781587913         0.465139094968326         0.318435705524512         0.318435705524512         0.318435705524512
        0.069484615384615        22.663517015022975        22.663517015022919        12.062925067083258         1.931676182989484         1.931676182989597         1.144300784410468         0.122922011366023         0.122922011366082         0.465048939476954         0.318435705524512         0.318435705524512         0.318435705524512
        0.069523076923077        22.666668703778150        22.666668703778090        12.055232587688087         1.925901515972668         1.925901515972821         1.133794700975403         0.122524668538697         0.122524668538778         0.464960160141463         0.318435705524512         0.318435705524512         0.318435705524512
        0.069561538461538        22.669061134595218        22.669061134595150        12.047458987719393         1.920146594419993         1.920146594420140         1.123943765396499         0.122133523141061         0.122133523141139         0.464872704483343         0.318435705524512         0.318435705524512         0.318435705524512
        0.069600000000000        22.670734042248728        22.670734042248700        12.039650875653516         1.914428253494242         1.914428253494310         1.114509899994296         0.121748358000575         0.121748358000612         0.464786523009948         0.318435705524512         0.318435705524512         0.318435705524512
        0.069638461538461        22.671733238700206        22.671733238700263        12.031824386097933         1.908744541571423         1.908744541571291         1.105647648826097         0.121368967784547         0.121368967784476         0.464701568988893         0.318435705524512         0.318435705524512         0.318435705524512
        0.069676923076923        22.672065463893489        22.672065463893432        12.023941901049932         1.903093410706288         1.903093410706416         1.097246329747986         0.120995158136347         0.120995158136417         0.464617798243868         0.318435705524512         0.318435705524512         0.318435705524512
        0.069715384615385        22.671780923534492        22.671780923534406        12.016019927260301         1.897464199661465         1.897464199661650         1.089172909334093         0.120626744870520         0.120626744870620         0.464535168965323         0.318435705524512         0.318435705524512         0.318435705524512
        0.069753846153846        22.670894933273967        22.670894933273903        12.008055140185894         1.891875536374674         1.891875536374791         1.081682987801570         0.120263553274703         0.120263553274768         0.464453641544936         0.318435705524512         0.318435705524512         0.318435705524512
        0.069792307692308        22.669452260757293        22.669452260757268        12.000058085486156         1.886342936606992         1.886342936607026         1.074552335530597         0.119905417450428         0.119905417450447         0.464373178420361         0.318435705524512         0.318435705524512         0.318435705524512
        0.069830769230769        22.667464097507199        22.667464097507246        11.992042321921545         1.880806128410385         1.880806128410309         1.067557215239045         0.119552179708822         0.119552179708780         0.464293743933353         0.318435705524512         0.318435705524512         0.318435705524512
        0.069869230769231        22.664959987774523        22.664959987774534        11.983980796447623         1.875303611541690         1.875303611541667         1.060970293816756         0.119203690026723         0.119203690026711         0.464215304201630         0.318435705524512         0.318435705524512         0.318435705524512
        0.069907692307692        22.661977504113160        22.661977504113196        11.975977807241881         1.869854665567745         1.869854665567686         1.054668925939286         0.118859805548215         0.118859805548181         0.464137827001468         0.318435705524512         0.318435705524512         0.318435705524512
        0.069946153846154        22.658490925890490        22.658490925890380        11.967816487987099         1.864384350831109         1.864384350831301         1.048618343043442         0.118520390126020         0.118520390126131         0.464061281659969         0.318435705524512         0.318435705524512         0.318435705524512
        0.069984615384615        22.654571464381206        22.654571464381196        11.959695530319701         1.858978264838260         1.858978264838270         1.042833378309575         0.118185313881473         0.118185313881478         0.463985638952627         0.318435705524512         0.318435705524512         0.318435705524512
        0.070000000000000        22.652876696637325        22.652876696637694        11.956415829428988         1.856812640554840         1.856812640554198         1.040585272649602         0.118052467983996         0.118052467983623         0.463955627732207         0.318435705524512         0.318435705524512         0.318435705524512
        0.070023076923077        22.650213934248629        22.650213934248583        11.951530444994670         1.853593138725997         1.853593138726068         1.037280792035340         0.117854452840170         0.117854452840211         0.463910871016556         0.318435705524512         0.318435705524512         0.318435705524512
        0.070061538461538        22.645445243204023        22.645445243204072        11.943372604346386         1.848226037139492         1.848226037139409         1.031881630652902         0.117527688547934         0.117527688547884         0.463836951261819         0.318435705524512         0.318435705524512         0.318435705524512
        0.070100000000000        22.640295869638877        22.640295869638827        11.935308864445265         1.842895517280489         1.842895517280572         1.026728601028018         0.117204907750344         0.117204907750393         0.463763854295804         0.318435705524512         0.318435705524512         0.318435705524512
        0.070138461538461        22.634752424833632        22.634752424833579        11.927113763448880         1.837639586898981         1.837639586899074         1.021877228010960         0.116886002088565         0.116886002088622         0.463691555851881         0.318435705524512         0.318435705524512         0.318435705524512
        0.070176923076923        22.628839257317775        22.628839257317861        11.918911607950777         1.832308142245780         1.832308142245658         1.017120047956762         0.116570867803606         0.116570867803533         0.463620032720887         0.318435705524512         0.318435705524512         0.318435705524512
        0.070215384615385        22.622573008724949        22.622573008724917        11.910646728672123         1.827087041268563         1.827087041268606         1.012538763842140         0.116259405478109         0.116259405478135         0.463549262690674         0.318435705524512         0.318435705524512         0.318435705524512
        0.070253846153846        22.615976161709934        22.615976161709952        11.902421094498767         1.821859001572964         1.821859001572935         1.008113687578028         0.115951519795213         0.115951519795195         0.463479224489450         0.318435705524512         0.318435705524512         0.318435705524512
        0.070292307692308        22.609055528950144        22.609055528950048        11.894186028656478         1.816632128751388         1.816632128751511         1.003841062670975         0.115647119303179         0.115647119303255         0.463409897731506         0.318435705524512         0.318435705524512         0.318435705524512
        0.070330769230769        22.601823437615835        22.601823437615884        11.885940804742738         1.811422653697854         1.811422653697796         0.999712786494455         0.115346116209007         0.115346116208970         0.463341262868732         0.318435705524512         0.318435705524512         0.318435705524512
        0.070369230769231        22.594296185500923        22.594296185500948        11.877692115497080         1.806250141318332         1.806250141318300         0.995721338600530         0.115048426176494         0.115048426176474         0.463273301144012         0.318435705524512         0.318435705524512         0.318435705524512
        0.070407692307692        22.586475882517583        22.586475882517572        11.869430824430060         1.801105967577902         1.801105967577921         0.991859731942621         0.114753968148261         0.114753968148273         0.463205994549406         0.318435705524512         0.318435705524512         0.318435705524512
        0.070446153846154        22.578387171112837        22.578387171112837        11.861168583326467         1.795987142365660         1.795987142365643         0.988118132909057         0.114462664169428         0.114462664169417         0.463139325785454         0.318435705524512         0.318435705524512         0.318435705524512
        0.070484615384615        22.570013739202761        22.570013739202810        11.852812029686309         1.790889340371901         1.790889340371844         0.984497604408958         0.114174439225424         0.114174439225387         0.463073278223695         0.318435705524512         0.318435705524512         0.318435705524512
        0.070523076923077        22.561431285465520        22.561431285465559        11.844623508118605         1.785805792228228         1.785805792228179         0.980988746061671         0.113889221097875         0.113889221097843         0.463007835872827         0.318435705524512         0.318435705524512         0.318435705524512
        0.070561538461538        22.552571074000717        22.552571074000603        11.836341293301267         1.780737480455398         1.780737480455543         0.977575154107489         0.113606940220372         0.113606940220466         0.462942983345561         0.318435705524512         0.318435705524512         0.318435705524512
        0.070600000000000        22.543471302163262        22.543471302163276        11.828038232969973         1.775695571438058         1.775695571438037         0.974274296939795         0.113327529544497         0.113327529544483         0.462878705827624         0.318435705524512         0.318435705524512         0.318435705524512
        0.070638461538461        22.534150436083625        22.534150436083639        11.819759020474445         1.770669538972161         1.770669538972142         0.971070642774958         0.113050924422694         0.113050924422681         0.462814989050432         0.318435705524512         0.318435705524512         0.318435705524512
        0.070676923076923        22.524608726855991        22.524608726855991        11.811494400347732         1.765656065216228         1.765656065216233         0.967959998821358         0.112777062486964         0.112777062486968         0.462751819263259         0.318435705524512         0.318435705524512         0.318435705524512
        0.070715384615385        22.514849541887894        22.514849541887898        11.803198373125428         1.760646573065279         1.760646573065275         0.964937849775799         0.112505883541768         0.112505883541764         0.462689183208407         0.318435705524512         0.318435705524512         0.318435705524512
        0.070753846153846        22.504871780563413        22.504871780563381        11.794915702673833         1.755685560635966         1.755685560635999         0.962003429844733         0.112237329463733         0.112237329463754         0.462627068097962         0.318435705524512         0.318435705524512         0.318435705524512
        0.070792307692308        22.494712199289701        22.494712199289712        11.786634330641521         1.750707245473191         1.750707245473174         0.959147417690247         0.111971344100371         0.111971344100358         0.462565461590657         0.318435705524512         0.318435705524512         0.318435705524512
        0.070830769230769        22.484364403594864        22.484364403594888        11.778353040890529         1.745748212313227         1.745748212313187         0.956371088176829         0.111707873184124         0.111707873184097         0.462504351771879         0.318435705524512         0.318435705524512         0.318435705524512
        0.070869230769231        22.473834838222185        22.473834838222189        11.770074998268583         1.740826356899425         1.740826356899416         0.953669856784066         0.111446864245338         0.111446864245332         0.462443727133633         0.318435705524512         0.318435705524512         0.318435705524512
        0.070907692307692        22.463127449114197        22.463127449114197        11.761799282996327         1.735912319138375         1.735912319138370         0.951045780107760         0.111188266531647         0.111188266531644         0.462383576556011         0.318435705524512         0.318435705524512         0.318435705524512
        0.070946153846154        22.452250801767047        22.452250801767054        11.753526722657215         1.730986604178303         1.730986604178291         0.948485965608504         0.110932030930835         0.110932030930827         0.462323889289491         0.318435705524512         0.318435705524512         0.318435705524512
        0.070984615384615        22.441209846413052        22.441209846413038        11.745266422634604         1.726104410346818         1.726104410346833         0.945988026837595         0.110678109901519         0.110678109901530         0.462264654938935         0.318435705524512         0.318435705524512         0.318435705524512
        0.071000000000000        22.436747248188894        22.436747248188961        11.741959940521811         1.724137959927591         1.724137959927517         0.945008759392092         0.110577179177205         0.110577179177153         0.462241085743752         0.318435705524512         0.318435705524512         0.318435705524512
        0.071023076923077        22.430003955773010        22.430003955772971        11.736982705019582         1.721205267245893         1.721205267245926         0.943558600684523         0.110426457402616         0.110426457402640         0.462205863447439         0.318435705524512         0.318435705524512         0.318435705524512
        0.071061538461538        22.418647901610409        22.418647901610388        11.728722354654984         1.716321146527643         1.716321146527669         0.941190430468285         0.110177028829265         0.110177028829283         0.462147505081681         0.318435705524512         0.318435705524512         0.318435705524512
        0.071100000000000        22.407144657294957        22.407144657294978        11.720474011229278         1.711453789547153         1.711453789547131         0.938885544071756         0.109929780955940         0.109929780955924         0.462089570418641         0.318435705524512         0.318435705524512         0.318435705524512
        0.071138461538461        22.395497374689118        22.395497374689139        11.712226489142298         1.706592648172423         1.706592648172403         0.936633348119413         0.109684671874099         0.109684671874084         0.462032050331589         0.318435705524512         0.318435705524512         0.318435705524512
        0.071176923076923        22.383700568753330        22.383700568753323        11.703935812474635         1.701718681323979         1.701718681323989         0.934435955513388         0.109441660939945         0.109441660939953         0.461974935977978         0.318435705524512         0.318435705524512         0.318435705524512
        0.071215384615385        22.371778377058465        22.371778377058416        11.695685857110387         1.696871456689697         1.696871456689745         0.932291413358621         0.109200708722386         0.109200708722422         0.461918218787547         0.318435705524512         0.318435705524512         0.318435705524512
        0.071253846153846        22.359730407486907        22.359730407486861        11.687491801737181         1.691969055542383         1.691969055542430         0.930197878614054         0.108961776954841         0.108961776954876         0.461861890451277         0.318435705524512         0.318435705524512         0.318435705524512
        0.071292307692308        22.347558757631667        22.347558757631674        11.679258651842286         1.687198524297947         1.687198524297937         0.928153577664620         0.108724828486696         0.108724828486689         0.461805942910389         0.318435705524512         0.318435705524512         0.318435705524512
        0.071330769230769        22.335262444593017        22.335262444593052        11.671032603000237         1.682381642777544         1.682381642777517         0.926157816371871         0.108489827241345         0.108489827241325         0.461750368346673         0.318435705524512         0.318435705524512         0.318435705524512
        0.071369230769231        22.322847904417728        22.322847904417760        11.662810163038452         1.677555451346947         1.677555451346912         0.924207694549887         0.108256738173390         0.108256738173363         0.461695159172672         0.318435705524512         0.318435705524512         0.318435705524512
        0.071407692307692        22.310321082921536        22.310321082921540        11.654602362529591         1.672731871850880         1.672731871850872         0.922301335827225         0.108025527227172         0.108025527227166         0.461640308022427         0.318435705524512         0.318435705524512         0.318435705524512
        0.071446153846154        22.297694079741174        22.297694079741174        11.646480458779468         1.667891026951602         1.667891026951602         0.920437942266778         0.107796161301918         0.107796161301918         0.461585807743250         0.318435705524512         0.318435705524512         0.318435705524512
        0.071484615384615        22.284989410360783        22.284989410360804        11.638280308067554         1.663066275219028         1.663066275219010         0.918616035358540         0.107568608212349         0.107568608212335         0.461531651387010         0.318435705524512         0.318435705524512         0.318435705524512
        0.071523076923077        22.272128342938547        22.272128342938529        11.630002186671527         1.658253349226053         1.658253349226072         0.916834449842182         0.107342836656127         0.107342836656141         0.461477832202578         0.318435705524512         0.318435705524512         0.318435705524512
        0.071561538461538        22.259181018202533        22.259181018202582        11.621820091468685         1.653424544252230         1.653424544252183         0.915091815075943         0.107118816181670         0.107118816181632         0.461424343628473         0.318435705524512         0.318435705524512         0.318435705524512
        0.071600000000000        22.246135868675388        22.246135868675395        11.613646222357122         1.648601486831032         1.648601486831029         0.913386922641167         0.106896517153891         0.106896517153889         0.461371179285257         0.318435705524512         0.318435705524512         0.318435705524512
        0.071638461538461        22.232990729864170        22.232990729864156        11.605481367601644         1.643770524061988         1.643770524061996         0.911718599998455         0.106675910727324         0.106675910727330         0.461318332969246         0.318435705524512         0.318435705524512         0.318435705524512
        0.071676923076923        22.219764318991913        22.219764318991924        11.597321213881138         1.638937741575161         1.638937741575152         0.910088929739987         0.106456968817274         0.106456968817266         0.461265798645987         0.318435705524512         0.318435705524512         0.318435705524512
        0.071715384615385        22.206448653183436        22.206448653183415        11.589136037366325         1.634090240161452         1.634090240161473         0.908490492953929         0.106239664070898         0.106239664070916         0.461213570443790         0.318435705524512         0.318435705524512         0.318435705524512
        0.071753846153846        22.193026641396763        22.193026641396767        11.580996663233268         1.629240203897488         1.629240203897482         0.906925410571332         0.106023969843001         0.106023969842996         0.461161642648156         0.318435705524512         0.318435705524512         0.318435705524512
        0.071792307692308        22.179546739984168        22.179546739984172        11.572865693827493         1.624381311969505         1.624381311969501         0.905392695867898         0.105809860170360         0.105809860170357         0.461110009696002         0.318435705524512         0.318435705524512         0.318435705524512
        0.071830769230769        22.165987218164144        22.165987218164162        11.564742941456650         1.619515617355133         1.619515617355120         0.903891404901867         0.105597309747716         0.105597309747705         0.461058666170235         0.318435705524512         0.318435705524512         0.318435705524512
        0.071869230769231        22.152350469156172        22.152350469156172        11.556630141631427         1.614629839183950         1.614629839183950         0.902420628383038         0.105386293907477         0.105386293907477         0.461007606795015         0.318435705524512         0.318435705524512         0.318435705524512
        0.071907692307692        22.138638291225980        22.138638291225973        11.548526448989033         1.609732199326042         1.609732199326049         0.900979490120802         0.105176788593916         0.105176788593923         0.460956826430187         0.318435705524512         0.318435705524512         0.318435705524512
        0.071946153846154        22.124856674056641        22.124856674056620        11.540445011335851         1.604822999060868         1.604822999060888         0.899567159604936         0.104968770346759         0.104968770346776         0.460906320067291         0.318435705524512         0.318435705524512         0.318435705524512
        0.071984615384615        22.111003407734792        22.111003407734799        11.532368251211087         1.599900667109941         1.599900667109934         0.898182818523555         0.104762216277684         0.104762216277678         0.460856082824467         0.318435705524512         0.318435705524512         0.318435705524512
        0.072000000000000        22.105442526805916        22.105442526805930        11.529137862636036         1.597926393970762         1.597926393970753         0.897636746051955         0.104679999598578         0.104679999598570         0.460836062210709         0.318435705524512         0.318435705524512         0.318435705524512
        0.072023076923077        22.097078697517148        22.097078697517144        11.524303783247349         1.594956621945188         1.594956621945192         0.896825696802450         0.104557104054450         0.104557104054454         0.460806109942705         0.318435705524512         0.318435705524512         0.318435705524512
        0.072061538461538        22.083083701518991        22.083083701519019        11.516224650302036         1.589992320720821         1.589992320720806         0.895502397497874         0.104353411879250         0.104353411879237         0.460756396781151         0.318435705524512         0.318435705524512         0.318435705524512
        0.072100000000000        22.069030220944359        22.069030220944338        11.508176281506483         1.585005615611521         1.585005615611543         0.894197675146490         0.104151118474460         0.104151118474480         0.460706938813706         0.318435705524512         0.318435705524512         0.318435705524512
        0.073000000000000        21.724753858939099        21.724753858939120        11.322818218414735         1.453045747370124         1.453045747370109         0.869623670363523         0.099772347714300         0.099772347714284         0.459613076001421         0.318435705524512         0.318435705524512         0.318435705524512
        0.074000000000000        21.266945647814303        21.266945647807745        11.124366441702216         0.999305984212343         0.999305984213306         0.851528226539592         0.095552488392724         0.095552488397004         0.458508382828862         0.318435705524512         0.318435705524512         0.318435705524512
        0.075000000000000        20.824284767243096        20.824284767241600        10.934167726015611         0.830303849601421         0.830303849601497         0.839286341215861         0.091843113821505         0.091843113822463         0.457485375884766         0.318435705524512         0.318435705524512         0.318435705524512
        0.076000000000000        20.402980199617602        20.402980199620181        10.752147745091131         0.755642250553855         0.755642250553795         0.830804513384577         0.088529935973415         0.088529935971744         0.456520950916851         0.318435705524512         0.318435705524512         0.318435705524512
        0.077000000000000        19.997655922320973        19.997655922316095        10.578076984290457         0.712065797565093         0.712065797565148         0.824841146740666         0.085534721644544         0.085534721647781         0.455599628371631         0.318435705524512         0.318435705524512         0.318435705524512
        0.078000000000000        19.607544436035806        19.607544436034249        10.411590811170582         0.683783214898434         0.683783214898443         0.820656468519425         0.082801257802636         0.082801257803705         0.454710519501148         0.318435705524512         0.318435705524512         0.318435705524512
        0.079000000000000        19.232466101660375        19.232466101660936        10.252349887181865         0.664340235934324         0.664340235934322         0.817781823092372         0.080287645700766         0.080287645700359         0.453845683571201         0.318435705524512         0.318435705524512         0.318435705524512
        0.080000000000000        18.872088311527023        18.872088311528014        10.099992109121542         0.650561712849191         0.650561712849190         0.815884202783865         0.077961725487221         0.077961725486477         0.452999163135727         0.318435705524512         0.318435705524512         0.318435705524512
        0.081000000000000        18.526016397192606        18.526016397193004         9.954152167334730         0.640611352286431         0.640611352286431         0.814733358348436         0.075798211547805         0.075798211547495         0.452166386240530         0.318435705524512         0.318435705524512         0.318435705524512
        0.082000000000000        18.193732505658641        18.193732505659188         9.814347633960731         0.633344070710299         0.633344070710299         0.814167108625673         0.073776819866525         0.073776819866073         0.451343779434232         0.318435705524512         0.318435705524512         0.318435705524512
        0.083000000000000        17.874785391528363        17.874785391528391         9.680402285324298         0.628062796270636         0.628062796270636         0.814049128669892         0.071880999370601         0.071880999370578         0.450528507995719         0.318435705524512         0.318435705524512         0.318435705524512
        0.084000000000000        17.568611012638346        17.568611012639000         9.551934711991613         0.624223763016046         0.624223763016044         0.814303733890841         0.070097046178084         0.070097046177475         0.449718296135025         0.318435705524512         0.318435705524512         0.318435705524512
        0.085000000000000        17.274603728619415        17.274603728619205         9.428347867278163         0.621446297256993         0.621446297256994         0.814842669771096         0.068413469048362         0.068413469048572         0.448911299233170         0.318435705524512         0.318435705524512         0.318435705524512
        0.086000000000000        16.992253883685912        16.992253883685471         9.309258656721271         0.619451673121262         0.619451673121264         0.815625743165579         0.066820524550678         0.066820524551131         0.448106010972973         0.318435705524512         0.318435705524512         0.318435705524512
        0.087000000000000        16.721000691170676        16.721000691170442         9.194087076878654         0.617955636369443         0.617955636369445         0.816603657009105         0.065309869858549         0.065309869858812         0.447301194465540         0.318435705524512         0.318435705524512         0.318435705524512
        0.088000000000000        16.460401547778730        16.460401547778442         9.081985237703387         0.616760615303445         0.616760615303448         0.817736194719912         0.063874298906181         0.063874298906521         0.446495830263245         0.318435705524512         0.318435705524512         0.318435705524512
        0.089000000000000        16.209877040944413        16.209877040944104         8.973421050889174         0.615845238521911         0.615845238521914         0.819006712322036         0.062507538816334         0.062507538816716         0.445689076493069         0.318435705524512         0.318435705524512         0.318435705524512
        0.090000000000000        15.968973762151570        15.968973762151656         8.871811131858562         0.615886949441384         0.615886949441383         0.820389008105424         0.061204090654365         0.061204090654252         0.444880237845235         0.318435705524512         0.318435705524512         0.318435705524512
        0.091000000000000        15.737243503709337        15.737243503709211         8.775429248206697         0.616488024665338         0.616488024665340         0.821863589877145         0.059959103321779         0.059959103321959         0.444068741137139         0.318435705524512         0.318435705524512         0.318435705524512
        0.092000000000000        15.514257165165901        15.514257165165814         8.683652121594610         0.617495136777640         0.617495136777642         0.823417198695438         0.058768272570978         0.058768272571111         0.443254115828981         0.318435705524512         0.318435705524512         0.318435705524512
        0.093000000000000        15.299598867249223        15.299598867249257         8.596089554352512         0.618821253866108         0.618821253866107         0.825037727480899         0.057627759320692         0.057627759320635         0.442435978320377         0.318435705524512         0.318435705524512         0.318435705524512
        0.094000000000000        15.092854452650112        15.092854452650101         8.512461052998651         0.620392615335949         0.620392615335949         0.826715714763575         0.056534122752422         0.056534122752440         0.441614019144444         0.318435705524512         0.318435705524512         0.318435705524512
        0.095000000000000        14.893728950524061        14.893728950524176         8.432668660670997         0.622186160318243         0.622186160318240         0.828443607458694         0.055484266334197         0.055484266333992         0.440787992548292         0.318435705524512         0.318435705524512         0.318435705524512
        0.096000000000000        14.701769664212618        14.701769664212643         8.356361219989987         0.624134679352022         0.624134679352021         0.830214210923133         0.054475390327917         0.054475390327861         0.439957707603449         0.318435705524512         0.318435705524512         0.318435705524512
        0.097000000000000        14.516714667807841        14.516714667807802         8.283418519824616         0.626242801884925         0.626242801884926         0.832026106420176         0.053504955577522         0.053504955577603         0.439123021100700         0.318435705524512         0.318435705524512         0.318435705524512
        0.098000000000000        14.338224974398488        14.338224974398486         8.213687043003205         0.628472150244492         0.628472150244492         0.833868410484128         0.052570650464991         0.052570650464989         0.438283831325383         0.318435705524512         0.318435705524512         0.318435705524512
        0.099000000000000        14.166010235649956        14.166010235649962         8.147021091066513         0.630808618073971         0.630808618073971         0.835741385984343         0.051670363939940         0.051670363939928         0.437440072869640         0.318435705524512         0.318435705524512         0.318435705524512
        0.100000000000000        13.999785921962387        13.999785921962379         8.083286083564200         0.633235539479297         0.633235539479297         0.837642404429156         0.050802162360789         0.050802162360811         0.436591712182137         0.318435705524512         0.318435705524512         0.318435705524512
        0.101000000000000        13.839285627506674        13.839285627506687         8.022357948865899         0.635740207514624         0.635740207514623         0.839568488108872         0.049964269668586         0.049964269668546         0.435738743740392         0.318435705524512         0.318435705524512         0.318435705524512
        0.102000000000000        13.684254013105399        13.684254013105416         7.964108898178065         0.638312251128420         0.638312251128420         0.841519899714805         0.049155050312279         0.049155050312239         0.434881186736497         0.318435705524512         0.318435705524512         0.318435705524512
        0.103000000000000        13.534459633082754        13.534459633082751         7.908447945560750         0.640943013923707         0.640943013923707         0.843494557172441         0.048372994476600         0.048372994476605         0.434019082190051         0.318435705524512         0.318435705524512         0.318435705524512
        0.104000000000000        13.389676056784552        13.389676056784518         7.855270023128952         0.643625939653191         0.643625939653193         0.845491622396464         0.047616705246550         0.047616705246660         0.433152490419037         0.318435705524512         0.318435705524512         0.318435705524512
        0.105000000000000        13.249654120865955        13.249654120865957         7.804459015795299         0.646341895473385         0.646341895473385         0.847509854914364         0.046884887405839         0.046884887405830         0.432281488811544         0.318435705524512         0.318435705524512         0.318435705524512
        0.106000000000000        13.114260878180437        13.114260878180433         7.755939667928962         0.649116879434267         0.649116879434267         0.849550276037373         0.046176337616079         0.046176337616084         0.431406169852303         0.318435705524512         0.318435705524512         0.318435705524512
        0.107000000000000        12.983251667484137        12.983251667484140         7.709623006053537         0.651920627714757         0.651920627714756         0.851612122392018         0.045489935786569         0.045489935786551         0.430526639366417         0.318435705524512         0.318435705524512         0.318435705524512
        0.108000000000000        12.856442155809898        12.856442155809882         7.665420743929262         0.654750754809242         0.654750754809243         0.853695392203048         0.044824637451882         0.044824637451957         0.429643014948717         0.318435705524512         0.318435705524512         0.318435705524512
        0.109000000000000        12.733678758498222        12.733678758498227         7.623259782258547         0.657611261890990         0.657611261890990         0.855800286738376         0.044179467020136         0.044179467020106         0.428755424552910         0.318435705524512         0.318435705524512         0.318435705524512
        0.110000000000000        12.614799901480962        12.614799901480962         7.583053283729724         0.660504637749159         0.660504637749159         0.857927098090299         0.043553511775639         0.043553511775640         0.427864005219126         0.318435705524512         0.318435705524512         0.318435705524512
        0.111000000000000        12.499607902061513        12.499607902061518         7.544734940910441         0.663406968389313         0.663406968389313         0.860076218617260         0.042945916533796         0.042945916533769         0.426968901921765         0.318435705524512         0.318435705524512         0.318435705524512
        0.112000000000000        12.387996386073372        12.387996386073372         7.508238642940728         0.666339035464905         0.666339035464905         0.862248104671531         0.042355878861315         0.042355878861316         0.426070266522381         0.318435705524512         0.318435705524512         0.318435705524512
        0.113000000000000        12.279813070034640        12.279813070034631         7.473507222953341         0.669292490922549         0.669292490922550         0.864443275872234         0.041782644794638         0.041782644794686         0.425168256815195         0.318435705524512         0.318435705524512         0.318435705524512
        0.114000000000000        12.174916977649509        12.174916977649506         7.440452130089123         0.672263240221540         0.672263240221541         0.866662298470571         0.041225504990501         0.041225504990539         0.424263035654545         0.318435705524512         0.318435705524512         0.318435705524512
        0.115000000000000        12.073175208399855        12.073175208399853         7.409018715177370         0.675253744557522         0.675253744557523         0.868905785751948         0.040683791259371         0.040683791259411         0.423354770154712         0.318435705524512         0.318435705524512         0.318435705524512
        0.116000000000000        11.974501742232665        11.974501742232670         7.379220824879171         0.678261082875947         0.678261082875946         0.871174179577883         0.040156873432701         0.040156873432629         0.422443630954526         0.318435705524512         0.318435705524512         0.318435705524512
        0.117000000000000        11.878739672761581        11.878739672761581         7.350907699956639         0.681285749480940         0.681285749480940         0.873467437543692         0.039644156531110         0.039644156531111         0.421529791540986         0.318435705524512         0.318435705524512         0.318435705524512
        0.118000000000000        11.785791172893791        11.785791172893797         7.324059427930124         0.684326803956476         0.684326803956474         0.875787343052769         0.039145078193000         0.039145078192935         0.420613427624873         0.318435705524512         0.318435705524512         0.318435705524512
        0.119000000000000        11.695565189305970        11.695565189305972         7.298627941499693         0.687389169400776         0.687389169400775         0.878135001513007         0.038659106338689         0.038659106338677         0.419694716564257         0.318435705524512         0.318435705524512         0.318435705524512
        0.120000000000000        11.607925360989688        11.607925360989688         7.274568086585488         0.690459052222952         0.690459052222951         0.880510678158358         0.038185737042234         0.038185737042209         0.418773836832045         0.318435705524512         0.318435705524512         0.318435705524512
        0.121000000000000        11.522660247515612        11.522660247515612         7.251821139114024         0.693491762295909         0.693491762295909         0.882914443903902         0.037724492590785         0.037724492590742         0.417850967523172         0.318435705524512         0.318435705524512         0.318435705524512
        0.122000000000000        11.440104295304128        11.440104295304128         7.230279752795634         0.696660469380246         0.696660469380246         0.885347586821749         0.037274919709861         0.037274919709875         0.416926287898646         0.318435705524512         0.318435705524512         0.318435705524512
        0.123000000000000        11.359758237900193        11.359758237900193         7.210040005703259         0.699786724058517         0.699786724058517         0.887810102248532         0.036836587939321         0.036836587939344         0.415999976964056         0.318435705524512         0.318435705524512         0.318435705524512
        0.124000000000000        11.281666552546668        11.281666552546666         7.191056832853332         0.702918606519679         0.702918606519679         0.890302943114305         0.036409088141458         0.036409088141452         0.415072213079152         0.318435705524512         0.318435705524512         0.318435705524512
        0.125000000000000        11.205747239624202        11.205747239624202         7.173156263106948         0.706077355584273         0.706077355584273         0.892826721223419         0.035992031133884         0.035992031133875         0.414143173597850         0.318435705524512         0.318435705524512         0.318435705524512
        0.126000000000000        11.131918678306970        11.131918678306976         7.156360049847208         0.709250829316932         0.709250829316933         0.895384292408305         0.035585046429125         0.035585046429137         0.413213034535097         0.318435705524512         0.318435705524512         0.318435705524512
        0.127000000000000        11.060121917557495        11.060121917557495         7.140632642975583         0.712443923485023         0.712443923485023         0.897971773198711         0.035187781074436         0.035187781074410         0.412281970260526         0.318435705524512         0.318435705524512         0.318435705524512
        0.128000000000000        10.990285154565351        10.990285154565349         7.125942448177859         0.715655610799781         0.715655610799781         0.900591935532909         0.034799898580229         0.034799898580201         0.411350153215691         0.318435705524512         0.318435705524512         0.318435705524512
        0.129000000000000        10.922329638780802        10.922329638780800         7.112243207221722         0.718882753529837         0.718882753529838         0.903245159211946         0.034421077931903         0.034421077931931         0.410417753655687         0.318435705524512         0.318435705524512         0.318435705524512
        0.130000000000000        10.856220315955809        10.856220315955808         7.099501961320213         0.722135518980732         0.722135518980732         0.905932058023368         0.034051012673453         0.034051012673417         0.409484939411591         0.318435705524512         0.318435705524512         0.318435705524512
        0.131000000000000        10.791869351047682        10.791869351047684         7.087689615214839         0.725404113987124         0.725404113987124         0.908653057253065         0.033689410059828         0.033689410059837         0.408551875674257         0.318435705524512         0.318435705524512         0.318435705524512
        0.132000000000000        10.729213638179072        10.729213638179072         7.076743304358691         0.728692084908057         0.728692084908057         0.911408937504200         0.033335990270549         0.033335990270572         0.407618724797815         0.318435705524512         0.318435705524512         0.318435705524512
        0.133000000000000        10.668222819747312        10.668222819747312         7.066686143909267         0.731999837125592         0.731999837125592         0.914199440204706         0.032990485679172         0.032990485679162         0.406685646121688         0.318435705524512         0.318435705524512         0.318435705524512
        0.134000000000000        10.608813118041027        10.608813118041027         7.057464352905958         0.735321220433758         0.735321220433758         0.917025281485540         0.032652640173955         0.032652640173952         0.405752795810762         0.318435705524512         0.318435705524512         0.318435705524512
        0.135000000000000        10.550993667533197        10.550993667533197         7.049040186114439         0.738677726427115         0.738677726427115         0.919886820842743         0.032322208526518         0.032322208526512         0.404820326712363         0.318435705524512         0.318435705524512         0.318435705524512
        0.136000000000000        10.494673552032312        10.494673552032312         7.041421689420994         0.742050113766488         0.742050113766488         0.922784402188054         0.031998955802399         0.031998955802399         0.403888388229554         0.318435705524512         0.318435705524512         0.318435705524512
        0.137000000000000        10.439791854689917        10.439791854689917         7.034493888759933         0.745446671490868         0.745446671490868         0.925718044152311         0.031682656812228         0.031682656812227         0.402957126209756         0.318435705524512         0.318435705524512         0.318435705524512
        0.138000000000000        10.386335085006998        10.386335085007001         7.028306440640093         0.748869399912614         0.748869399912615         0.928688599268589         0.031373095598938         0.031373095598948         0.402026682847767         0.318435705524512         0.318435705524512         0.318435705524512
        0.139000000000000        10.334265793003274        10.334265793003272         7.022826292622967         0.752318131363193         0.752318131363192         0.931696120328053         0.031070064957915         0.031070064957910         0.401097196603509         0.318435705524512         0.318435705524512         0.318435705524512
        0.140000000000000        10.283523479076838        10.283523479076836         7.017989048168677         0.755794179106221         0.755794179106222         0.934740928614131         0.030773365989527         0.030773365989542         0.400168802131699         0.318435705524512         0.318435705524512         0.318435705524512
        0.141000000000000        10.233986920368084        10.233986920368084         7.013782295321061         0.759270932422159         0.759270932422159         0.937822930900323         0.030482807678819         0.030482807678823         0.399241630225759         0.318435705524512         0.318435705524512         0.318435705524512
        0.142000000000000        10.185788437768823        10.185788437768823         7.010210856954281         0.762797216836173         0.762797216836173         0.940942618320451         0.030198206501965         0.030198206501980         0.398315807772102         0.318435705524512         0.318435705524512         0.318435705524512
        0.143000000000000        10.138738277665528        10.138738277665530         7.007222617443772         0.766330635138779         0.766330635138779         0.944099964677770         0.029919386057487         0.029919386057496         0.397391457716565         0.318435705524512         0.318435705524512         0.318435705524512
        0.144000000000000        10.092893784852143        10.092893784852143         7.004796288654235         0.769899645311232         0.769899645311232         0.947295211709874         0.029646176719501         0.029646176719497         0.396468699041311         0.318435705524512         0.318435705524512         0.318435705524512
        0.145000000000000        10.048154107719755        10.048154107719753         7.002926050482639         0.773482206946374         0.773482206946374         0.950528461031677         0.029378415312041         0.029378415312013         0.395547646751579         0.318435705524512         0.318435705524512         0.318435705524512
        0.146000000000000        10.004503906300870        10.004503906300874         7.001549884018992         0.777091342256294         0.777091342256294         0.953784602749640         0.029115944802884         0.029115944802886         0.394628411872128         0.318435705524512         0.318435705524512         0.318435705524512
        0.147000000000000         9.961984108291132         9.961984108291132         7.000713825622787         0.780736001553868         0.780736001553867         0.957093908561100         0.028858614015266         0.028858614015261         0.393711101452556         0.318435705524512         0.318435705524512         0.318435705524512
        0.148000000000000         9.920633134182623         9.920633134182623         7.000386899359330         0.784440728670432         0.784440728670433         0.960450011316407         0.028606277356273         0.028606277356256         0.392795818580570         0.318435705524512         0.318435705524512         0.318435705524512
        0.149000000000000         9.880135333117352         9.880135333117352         7.000488822359843         0.788125780074297         0.788125780074297         0.963835985770906         0.028358794549683         0.028358794549683         0.391882662402833         0.318435705524512         0.318435705524512         0.318435705524512
        0.150000000000000         9.840741142463166         9.840741142463166         7.001039458569516         0.791869838475987         0.791869838475988         0.967263333112870         0.028116030439533         0.028116030439544         0.390971728156171         0.318435705524512         0.318435705524512         0.318435705524512
        0.151000000000000         9.802325698346387         9.802325698346387         7.002041839983915         0.795648436168689         0.795648436168689         0.970726343400019         0.027877854703936         0.027877854703922         0.390063107198884         0.318435705524512         0.318435705524512         0.318435705524512
        0.152000000000000         9.764854417243056         9.764854417243054         7.003430959255475         0.799457200941197         0.799457200941197         0.974227701846039         0.027644141644442         0.027644141644438         0.389156887053285         0.318435705524512         0.318435705524512         0.318435705524512
        0.153000000000000         9.728285001253850         9.728285001253850         7.005203352739585         0.803291892607060         0.803291892607060         0.977771730431797         0.027414770033125         0.027414770033118         0.388253151455171         0.318435705524512         0.318435705524512         0.318435705524512
        0.154000000000000         9.692621541161081         9.692621541161083         7.007367479793201         0.807158287077360         0.807158287077360         0.981349730295447         0.027189622877843         0.027189622877845         0.387351980403678         0.318435705524512         0.318435705524512         0.318435705524512
        0.155000000000000         9.658212852478231         9.658212852478229         7.009887733609117         0.811162321394641         0.811162321394641         0.984963739445321         0.026968587250129         0.026968587250132         0.386453450219146         0.318435705524512         0.318435705524512         0.318435705524512
        0.156000000000000         9.624244031139620         9.624244031139622         7.012767386685240         0.815084366103024         0.815084366103024         0.988617612363996         0.026751554112474         0.026751554112476         0.385557633604802         0.318435705524512         0.318435705524512         0.318435705524512
        0.157000000000000         9.591170059805968         9.591170059805968         7.015962890380059         0.819050747567677         0.819050747567677         0.992309722346249         0.026538418154458         0.026538418154461         0.384664599711574         0.318435705524512         0.318435705524512         0.318435705524512
        0.158000000000000         9.558965797879383         9.558965797879383         7.019489240513369         0.823065070360189         0.823065070360189         0.996043737231023         0.026329077636954         0.026329077636957         0.383774414207315         0.318435705524512         0.318435705524512         0.318435705524512
        0.159000000000000         9.527475907507338         9.527475907507338         7.023277935917460         0.827097268371128         0.827097268371128         0.999811948831752         0.026123434244652         0.026123434244649         0.382887139348458         0.318435705524512         0.318435705524512         0.318435705524512
        0.160000000000000         9.496382182602909         9.496382182602909         7.027388201940299         0.831056474940020         0.831056474940020         1.003617911593626         0.025921392945839         0.025921392945828         0.382002834054676         0.318435705524512         0.318435705524512         0.318435705524512
        0.161000000000000         9.466476516034620         9.466476516034620         7.031757669585062         0.835167868156173         0.835167868156173         1.007460710150503         0.025722861859134         0.025722861859137         0.381121553985962         0.318435705524512         0.318435705524512         0.318435705524512
        0.162000000000000         9.437297131228402         9.437297131228402         7.036391410258694         0.839309725777255         0.839309725777255         1.011341349047080         0.025527752126740         0.025527752126742         0.380243351621475         0.318435705524512         0.318435705524512         0.318435705524512
        0.163000000000000         9.409554476600597         9.409554476600597         7.041269519019813         0.843676443685437         0.843676443685437         1.015259683961786         0.025335977793722         0.025335977793718         0.379368276340162         0.318435705524512         0.318435705524512         0.318435705524512
        0.164000000000000         9.381812482766897         9.381812482766898         7.046417589748026         0.847885055499286         0.847885055499286         1.019215123575816         0.025147455693536         0.025147455693553         0.378496374502955         0.318435705524512         0.318435705524512         0.318435705524512
        0.165000000000000         9.354889883271985         9.354889883271987         7.051763143015416         0.852166400050022         0.852166400050022         1.023207497249958         0.024962105338304         0.024962105338304         0.377627689535823         0.318435705524512         0.318435705524512         0.318435705524512
        0.166000000000000         9.328381038965949         9.328381038965949         7.057323370939037         0.856413903306691         0.856413903306690         1.027236624445524         0.024779848814884         0.024779848814874         0.376762262013561         0.318435705524512         0.318435705524512         0.318435705524512
        0.167000000000000         9.302683099525769         9.302683099525769         7.063094735468140         0.860736218688395         0.860736218688395         1.031302296096363         0.024600610685292         0.024600610685304         0.375900129744523         0.318435705524512         0.318435705524512         0.318435705524512
        0.168000000000000         9.277651908825650         9.277651908825653         7.069052789766132         0.865100042053558         0.865100042053558         1.035403808284068         0.024424317892206         0.024424317892207         0.375041327855332         0.318435705524512         0.318435705524512         0.318435705524512
        0.169000000000000         9.253436536137855         9.253436536137855         7.075197069850978         0.869547384575941         0.869547384575941         1.039542421801812         0.024250899668071         0.024250899668076         0.374185888875540         0.318435705524512         0.318435705524512         0.318435705524512
        0.170000000000000         9.229898401248564         9.229898401248564         7.081515905138993         0.874045350278064         0.874045350278064         1.043716332585317         0.024080287449222         0.024080287449219         0.373333842822862         0.318435705524512         0.318435705524512         0.318435705524512
        0.171000000000000         9.206712228031666         9.206712228031666         7.087997716245996         0.878514242238599         0.878514242238599         1.047925603928672         0.023912414792939         0.023912414792939         0.372485217287063         0.318435705524512         0.318435705524512         0.318435705524512
        0.172000000000000         9.184193382782434         9.184193382782434         7.094634099971384         0.883038899227109         0.883038899227109         1.052170451018883         0.023747217298748         0.023747217298753         0.371640037514364         0.318435705524512         0.318435705524512         0.318435705524512
        0.173000000000000         9.162390144050216         9.162390144050216         7.101429480384970         0.887633066554302         0.887633066554302         1.056450327721256         0.023584632533012         0.023584632533011         0.370798326490302         0.318435705524512         0.318435705524512         0.318435705524512
        0.174000000000000         9.141002232758078         9.141002232758078         7.108355657468460         0.892225774771355         0.892225774771355         1.060764976769507         0.023424599956834         0.023424599956832         0.369960105022583         0.318435705524512         0.318435705524512         0.318435705524512
        0.175000000000000         9.119992324773946         9.119992324773946         7.115425940531080         0.896808230658774         0.896808230658774         1.065114136885139         0.023267060856975         0.023267060856981         0.369125391822212         0.318435705524512         0.318435705524512         0.318435705524512
        0.176000000000000         9.100065547611944         9.100065547611944         7.122615543688041         0.901565074274718         0.901565074274718         1.069497480656025         0.023111958279748         0.023111958279745         0.368294203584020         0.318435705524512         0.318435705524512         0.318435705524512
        0.177000000000000         9.080424409253286         9.080424409253284         7.129920069588851         0.906295266004462         0.906295266004462         1.073913910693605         0.022959236967799         0.022959236967795         0.367466555065968         0.318435705524512         0.318435705524512         0.318435705524512
        0.178000000000000         9.061481627799814         9.061481627799814         7.137345678698500         0.911104590410433         0.911104590410433         1.078364722977804         0.022808843299521         0.022808843299521         0.366642459166763         0.318435705524512         0.318435705524512         0.318435705524512
        0.179000000000000         9.042981969836802         9.042981969836802         7.144829578917244         0.915931073913515         0.915931073913515         1.082848755729571         0.022660725230886         0.022660725230885         0.365821927002707         0.318435705524512         0.318435705524512         0.318435705524512
        0.180000000000000         9.025066829676586         9.025066829676586         7.152469281462224         0.920821283926150         0.920821283926150         1.087367490132672         0.022514832239770         0.022514832239773         0.365004967982273         0.318435705524512         0.318435705524512         0.318435705524512
        0.181000000000000         9.007522473413697         9.007522473413697         7.160179111884315         0.925714012073151         0.925714012073151         1.091916796738863         0.022371115272624         0.022371115272620         0.364191589879983         0.318435705524512         0.318435705524512         0.318435705524512
        0.182000000000000         8.990488393710626         8.990488393710626         7.167975559282132         0.930649955138982         0.930649955138982         1.096498633034108         0.022229526693128         0.022229526693122         0.363381798908014         0.318435705524512         0.318435705524512         0.318435705524512
        0.183000000000000         8.973728730778847         8.973728730778845         7.175845523247519         0.935573908969632         0.935573908969632         1.101111906760293         0.022090020233089         0.022090020233089         0.362575599786374         0.318435705524512         0.318435705524512         0.318435705524512
        0.184000000000000         8.957980978122826         8.957980978122826         7.183790090738444         0.940670202816073         0.940670202816073         1.105756974531185         0.021952550945273         0.021952550945275         0.361772995811488         0.318435705524512         0.318435705524512         0.318435705524512
        0.185000000000000         8.942668493163749         8.942668493163747         7.191811964562651         0.945796810202176         0.945796810202176         1.110433125639125         0.021817075158044         0.021817075158045         0.360973988922978         0.318435705524512         0.318435705524512         0.318435705524512
        0.186000000000000         8.927609102790628         8.927609102790628         7.199893684404252         0.950912572517098         0.950912572517098         1.115139950460746         0.021683550431882         0.021683550431877         0.360178579768322         0.318435705524512         0.318435705524512         0.318435705524512
        0.187000000000000         8.912792498947089         8.912792498947089         7.208036596109736         0.956016567541952         0.956016567541952         1.119877050268558         0.021551935517550         0.021551935517553         0.359386767766424         0.318435705524512         0.318435705524512         0.318435705524512
        0.188000000000000         8.899192409070100         8.899192409070100         7.216236508373997         0.961349945843757         0.961349945843757         1.124643968409401         0.021422190315963         0.021422190315964         0.358598551168648         0.318435705524512         0.318435705524512         0.318435705524512
        0.189000000000000         8.885167247660156         8.885167247660155         7.224480216910371         0.966512585814800         0.966512585814800         1.129440343166840         0.021294275839529         0.021294275839529         0.357813927118509         0.318435705524512         0.318435705524512         0.318435705524512
        0.190000000000000         8.872575945715818         8.872575945715818         7.232780721949036         0.971959966180921         0.971959966180921         1.134265684113245         0.021168154175005         0.021168154175007         0.357032891709263         0.318435705524512         0.318435705524512         0.318435705524512
        0.191000000000000         8.859653912652998         8.859653912653000         7.241123087318926         0.977263147710635         0.977263147710635         1.139119534996387         0.021043788447889         0.021043788447887         0.356255440039952         0.318435705524512         0.318435705524512         0.318435705524512
        0.192000000000000         8.847244577158479         8.847244577158479         7.249498896806529         0.982631531064549         0.982631531064549         1.144001394318037         0.020921142787989         0.020921142787991         0.355481566269357         0.318435705524512         0.318435705524512         0.318435705524512
        0.193000000000000         8.835240071506460         8.835240071506462         7.257908371140005         0.988038297041340         0.988038297041339         1.148910622871435         0.020800182296391         0.020800182296394         0.354711263668227         0.318435705524512         0.318435705524512         0.318435705524512
        0.194000000000000         8.824223560719505         8.824223560719506         7.266351039196482         0.993628190170574         0.993628190170574         1.153847045717421         0.020680873013709         0.020680873013706         0.353944524669879         0.318435705524512         0.318435705524512         0.318435705524512
        0.195000000000000         8.813179802906022         8.813179802906022         7.274822958278731         0.999155488072168         0.999155488072168         1.158808643486339         0.020563181889429         0.020563181889429         0.353181340918760         0.318435705524512         0.318435705524512         0.318435705524512
        0.196000000000000         8.802540930026908         8.802540930026909         7.283276665645451         1.004722172852995         1.004722172852995         1.163797612645307         0.020447076752492         0.020447076752496         0.352421703317395         0.318435705524512         0.318435705524512         0.318435705524512
        0.197000000000000         8.792417857128136         8.792417857128136         7.291795105246642         1.010365747268893         1.010365747268893         1.168812107947360         0.020332526282885         0.020332526282884         0.351665602071720         0.318435705524512         0.318435705524512         0.318435705524512
        0.198000000000000         8.782684364459381         8.782684364459381         7.300371311473313         1.016057449160561         1.016057449160561         1.173851521307433         0.020219499984302         0.020219499984302         0.350913026734386         0.318435705524512         0.318435705524512         0.318435705524512
        0.199000000000000         8.773439224092428         8.773439224092428         7.308919939803135         1.021812782112505         1.021812782112505         1.178917230200318         0.020107968157884         0.020107968157883         0.350163966246755         0.318435705524512         0.318435705524512         0.318435705524512
        0.200000000000000         8.764825713507413         8.764825713507413         7.317482151980909         1.027673004287087         1.027673004287087         1.184004794680461         0.019997901876803         0.019997901876806         0.349418408978914         0.318435705524512         0.318435705524512         0.318435705524512
        0.201000000000000         8.756521192065950         8.756521192065950         7.326047146199910         1.033561942209642         1.033561942209642         1.189115535300286         0.019889272961862         0.019889272961861         0.348676342768442         0.318435705524512         0.318435705524512         0.318435705524512
        0.202000000000000         8.748353321001501         8.748353321001501         7.334626262481512         1.039437628740996         1.039437628740996         1.194248815750292         0.019782053957873         0.019782053957871         0.347937754957141         0.318435705524512         0.318435705524512         0.318435705524512
        0.203000000000000         8.740386213740674         8.740386213740674         7.343209092091812         1.045320363947646         1.045320363947646         1.199392994386251         0.019676218111036         0.019676218111037         0.347202632426757         0.318435705524512         0.318435705524512         0.318435705524512
        0.204000000000000         8.733562219539944         8.733562219539946         7.351788587605378         1.051434606708616         1.051434606708616         1.204569395395893         0.019571739347008         0.019571739347008         0.346470961632650         0.318435705524512         0.318435705524512         0.318435705524512
        0.205000000000000         8.726560470808195         8.726560470808197         7.360369729414537         1.057461200167171         1.057461200167171         1.209777156686945         0.019468592249766         0.019468592249766         0.345742728636379         0.318435705524512         0.318435705524512         0.318435705524512
        0.206000000000000         8.719692017340384         8.719692017340384         7.368947600165323         1.063482901304423         1.063482901304423         1.214996023819697         0.019366752041283         0.019366752041286         0.345017919136811         0.318435705524512         0.318435705524512         0.318435705524512
        0.207000000000000         8.714038070963669         8.714038070963669         7.377510603995482         1.069758998112588         1.069758998112587         1.220231742462558         0.019266194561900         0.019266194561898         0.344296518499538         0.318435705524512         0.318435705524512         0.318435705524512
        0.208000000000000         8.707959672382346         8.707959672382346         7.386055056824381         1.075895888234171         1.075895888234171         1.225483660053303         0.019166896251310         0.019166896251309         0.343578511785337         0.318435705524512         0.318435705524512         0.318435705524512
        0.209000000000000         8.702396917503785         8.702396917503785         7.394515480264520         1.082105349394898         1.082105349394898         1.230749460833729         0.019068834130364         0.019068834130364         0.342863883777054         0.318435705524512         0.318435705524512         0.318435705524512
        0.210000000000000         8.697327235459658         8.697327235459657         7.403144471376393         1.088425385298584         1.088425385298584         1.236037895534231         0.018971985783352         0.018971985783354         0.342152619005345         0.318435705524512         0.318435705524512         0.318435705524512
        0.211000000000000         8.692629014008288         8.692629014008290         7.411654134628304         1.094786062341622         1.094786062341622         1.241347896835348         0.018876329341022         0.018876329341023         0.341444701773023         0.318435705524512         0.318435705524512         0.318435705524512
        0.212000000000000         8.688283986974277         8.688283986974275         7.420133312578484         1.101201144652844         1.101201144652844         1.246667188383057         0.018781843464118         0.018781843464116         0.340740116178307         0.318435705524512         0.318435705524512         0.318435705524512
        0.213000000000000         8.684609963573200         8.684609963573200         7.428592848479590         1.107745342362753         1.107745342362753         1.252000666386915         0.018688507327518         0.018688507327519         0.340038846137080         0.318435705524512         0.318435705524512         0.318435705524512
        0.214000000000000         8.680287184433139         8.680287184433139         7.437030893907017         1.114104184971745         1.114104184971745         1.257335513550352         0.018596300604905         0.018596300604904         0.339340875403615         0.318435705524512         0.318435705524512         0.318435705524512
        0.215000000000000         8.677362695853986         8.677362695853986         7.445380887042937         1.120758756094635         1.120758756094635         1.262694600573097         0.018505203453964         0.018505203453965         0.338646187590601         0.318435705524512         0.318435705524512         0.318435705524512
        0.216000000000000         8.674292734661886         8.674292734661888         7.453755263620560         1.127357499674340         1.127357499674340         1.268065021478424         0.018415196502105         0.018415196502106         0.337954766187961         0.318435705524512         0.318435705524512         0.318435705524512
        0.217000000000000         8.672182553323170         8.672182553323170         7.462098077213301         1.134159316071991         1.134159316071991         1.273445380916038         0.018326260832629         0.018326260832627         0.337266594580595         0.318435705524512         0.318435705524512         0.318435705524512
        0.218000000000000         8.669674523529714         8.669674523529714         7.470447860832411         1.140847459023895         1.140847459023895         1.278835350557987         0.018238377971401         0.018238377971400         0.336581656065382         0.318435705524512         0.318435705524512         0.318435705524512
        0.219000000000000         8.667723892956316         8.667723892956316         7.478731926086078         1.147628716860299         1.147628716860299         1.284244603801939         0.018151529873974         0.018151529873973         0.335899933866906         0.318435705524512         0.318435705524512         0.318435705524512
        0.220000000000000         8.666220196682257         8.666220196682257         7.486952989565371         1.154497377621363         1.154497377621363         1.289649624181428         0.018065698913103         0.018065698913103         0.335221411152664         0.318435705524512         0.318435705524512         0.318435705524512
        0.221000000000000         8.665042334870309         8.665042334870309         7.495125014369192         1.161420648371670         1.161420648371670         1.295060527653940         0.017980867866732         0.017980867866732         0.334546071047065         0.318435705524512         0.318435705524512         0.318435705524512
        0.222000000000000         8.663760104322945         8.663760104322947         7.503246975044473         1.168294702272129         1.168294702272129         1.300476145698270         0.017897019906344         0.017897019906344         0.333873896644861         0.318435705524512         0.318435705524512         0.318435705524512
        0.223000000000000         8.663499201129223         8.663499201129223         7.511317896324204         1.175392746604677         1.175392746604677         1.305895260893841         0.017814138585723         0.017814138585720         0.333204871023591         0.318435705524512         0.318435705524512         0.318435705524512
        0.224000000000000         8.662755694739676         8.662755694739676         7.519330233188903         1.182351708521631         1.182351708521632         1.311316515346299         0.017732207830053         0.017732207830055         0.332538977255412         0.318435705524512         0.318435705524512         0.318435705524512
        0.225000000000000         8.662980715643615         8.662980715643615         7.527283274022317         1.189524420387124         1.189524420387124         1.316739255461872         0.017651211925447         0.017651211925446         0.331876198418052         0.318435705524512         0.318435705524512         0.318435705524512
        0.226000000000000         8.663428380601706         8.663428380601708         7.535170607099921         1.196730255912696         1.196730255912696         1.322160962880459         0.017571135508716         0.017571135508718         0.331216517605197         0.318435705524512         0.318435705524512         0.318435705524512
        0.227000000000000         8.664282356197926         8.664282356197928         7.542985230202476         1.204015414191955         1.204015414191955         1.327581153478896         0.017491963557594         0.017491963557593         0.330559917936069         0.318435705524512         0.318435705524512         0.318435705524512
        0.228000000000000         8.664928260803316         8.664928260803316         7.550733429851246         1.211230179438999         1.211230179438999         1.332997629712780         0.017413681381161         0.017413681381160         0.329906382564459         0.318435705524512         0.318435705524512         0.318435705524512
        0.229000000000000         8.666645826026974         8.666645826026974         7.558413258812570         1.218686455545960         1.218686455545960         1.338409258562486         0.017336274610698         0.017336274610698         0.329255894687203         0.318435705524512         0.318435705524512         0.318435705524512
        0.230000000000000         8.668135222430328         8.668135222430328         7.566004524099179         1.226070524554312         1.226070524554312         1.343814560738004         0.017259729190731         0.017259729190733         0.328608437551802         0.318435705524512         0.318435705524512         0.318435705524512
        0.231000000000000         8.669857362036689         8.669857362036689         7.573510430058988         1.233494202127906         1.233494202127906         1.349211295781235         0.017184031370437         0.017184031370435         0.327963994463837         0.318435705524512         0.318435705524512         0.318435705524512
        0.232000000000000         8.671960995604870         8.671960995604870         7.580928747949081         1.240994665664917         1.240994665664917         1.354599156411187         0.017109167695289         0.017109167695291         0.327322548793576         0.318435705524512         0.318435705524512         0.318435705524512
        0.233000000000000         8.674863741840909         8.674863741840909         7.588253131541292         1.248674975237411         1.248674975237411         1.359975773427732         0.017035124999011         0.017035124999008         0.326684083982205         0.318435705524512         0.318435705524512         0.318435705524512
        0.234000000000000         8.677563411862806         8.677563411862810         7.595489695275207         1.256289389035026         1.256289389035026         1.365339420844726         0.016961890395710         0.016961890395711         0.326048583547524         0.318435705524512         0.318435705524512         0.318435705524512
        0.235000000000000         8.680387622985696         8.680387622985698         7.602611965101683         1.263921341320815         1.263921341320815         1.370688567416767         0.016889451272372         0.016889451272372         0.325416031089209         0.318435705524512         0.318435705524512         0.318435705524512
        0.236000000000000         8.684489914821675         8.684489914821674         7.609624769267144         1.271853523575122         1.271853523575122         1.376021317577503         0.016817795281479         0.016817795281479         0.324786410293619         0.318435705524512         0.318435705524512         0.318435705524512
        0.237000000000000         8.687873259699119         8.687873259699119         7.616532382325206         1.279596011456659         1.279596011456659         1.381338554974736         0.016746910333957         0.016746910333957         0.324159704938177         0.318435705524512         0.318435705524512         0.318435705524512
        0.238000000000000         8.692231833174356         8.692231833174352         7.623300623453940         1.287567075417082         1.287567075417083         1.386630508331330         0.016676784592282         0.016676784592282         0.323535898895368         0.318435705524512         0.318435705524512         0.318435705524512
        0.239000000000000         8.696140015624010         8.696140015624010         7.629968815720646         1.295413313462249         1.295413313462249         1.391903375293264         0.016607406463832         0.016607406463831         0.322914976136348         0.318435705524512         0.318435705524512         0.318435705524512
        0.240000000000000         8.701255265015764         8.701255265015764         7.636498106494819         1.303547498563546         1.303547498563546         1.397152698792068         0.016538764594442         0.016538764594443         0.322296920734256         0.318435705524512         0.318435705524512         0.318435705524512
        0.241000000000000         8.705516856161468         8.705516856161470         7.642896727826783         1.311459872712778         1.311459872712778         1.402376741444316         0.016470847862156         0.016470847862155         0.321681716867046         0.318435705524512         0.318435705524512         0.318435705524512
        0.242000000000000         8.710539865267940         8.710539865267940         7.649161893532457         1.319549679975088         1.319549679975088         1.407573768602585         0.016403645371175         0.016403645371174         0.321069348820206         0.318435705524512         0.318435705524512         0.318435705524512
        0.243000000000000         8.716277111021499         8.716277111021499         7.655272844009709         1.327808479499101         1.327808479499101         1.412742287459698         0.016337146445994         0.016337146445993         0.320459800988941         0.318435705524512         0.318435705524512         0.318435705524512
        0.244000000000000         8.722184552529013         8.722184552529013         7.661247301199290         1.336099388925129         1.336099388925129         1.417880747316950         0.016271340625714         0.016271340625713         0.319853057880280         0.318435705524512         0.318435705524512         0.318435705524512
        0.245000000000000         8.728072956510143         8.728072956510145         7.667069829264282         1.344377297434700         1.344377297434700         1.422987828720049         0.016206217658541         0.016206217658540         0.319249104114783         0.318435705524512         0.318435705524512         0.318435705524512
        0.246000000000000         8.734182343493305         8.734182343493307         7.672733577865390         1.352703876005338         1.352703876005338         1.428059133554184         0.016141767496442         0.016141767496441         0.318647924428038         0.318435705524512         0.318435705524512         0.318435705524512
        0.247000000000000         8.741068200707714         8.741068200707712         7.678234649587431         1.361215258090404         1.361215258090404         1.433100678900913         0.016077980289963         0.016077980289963         0.318049503671927         0.318435705524512         0.318435705524512         0.318435705524512
        0.248000000000000         8.747900791978223         8.747900791978223         7.683583955303902         1.369707509927261         1.369707509927260         1.438110716589956         0.016014846383212         0.016014846383212         0.317453826815655         0.318435705524512         0.318435705524512         0.318435705524512
        0.249000000000000         8.754973439493881         8.754973439493881         7.688777725868728         1.378253894934085         1.378253894934085         1.443086047927332         0.015952356308997         0.015952356308996         0.316860878946539         0.318435705524512         0.318435705524512         0.318435705524512
        0.250000000000000         8.762602355752561         8.762602355752561         7.693808887500008         1.386932347288675         1.386932347288675         1.448033247265186         0.015890500784084         0.015890500784084         0.316270645270671         0.318435705524512         0.318435705524512         0.318435705524512
        0.251000000000000         8.770138834232419         8.770138834232419         7.698692570799244         1.395582591823042         1.395582591823042         1.452947160419166         0.015829270704643         0.015829270704644         0.315683111113313         0.318435705524512         0.318435705524512         0.318435705524512
        0.252000000000000         8.777985146005102         8.777985146005102         7.703426677782561         1.404307075961215         1.404307075961215         1.457831754954742         0.015768657141791         0.015768657141791         0.315098261919186         0.318435705524512         0.318435705524512         0.318435705524512
        0.253000000000000         8.786386664546425         8.786386664546425         7.708039302780470         1.413167525534458         1.413167525534457         1.462702675034971         0.015708651337276         0.015708651337276         0.314516083252553         0.318435705524512         0.318435705524512         0.318435705524512
        0.254000000000000         8.794726289274065         8.794726289274065         7.712546961686720         1.422007207731606         1.422007207731606         1.467560549794678         0.015649244699306         0.015649244699307         0.313936560797170         0.318435705524512         0.318435705524512         0.318435705524512
        0.255000000000000         8.803657308290452         8.803657308290452         7.716994492941279         1.430997339488825         1.430997339488825         1.472420767309395         0.015590428798481         0.015590428798480         0.313359680356071         0.318435705524512         0.318435705524512         0.318435705524512
        0.256000000000000         8.812561532385777         8.812561532385777         7.721403570351242         1.439974386630250         1.439974386630250         1.477300147561329         0.015532195363853         0.015532195363853         0.312785427851280         0.318435705524512         0.318435705524512         0.318435705524512
        0.257000000000000         8.822011136108243         8.822011136108243         7.725874294490302         1.449088510046721         1.449088510046721         1.482226913719079         0.015474536279113         0.015474536279113         0.312213789323304         0.318435705524512         0.318435705524512         0.318435705524512
        0.258000000000000         8.831624744602554         8.831624744602554         7.730514612477060         1.458242816945684         1.458242816945684         1.487243599546106         0.015417443578863         0.015417443578863         0.311644750930632         0.318435705524512         0.318435705524512         0.318435705524512
        0.259000000000000         8.841463605014621         8.841463605014621         7.735523751649525         1.467453339574903         1.467453339574903         1.492423141078130         0.015360909445022         0.015360909445023         0.311078298949033         0.318435705524512         0.318435705524512         0.318435705524512
        0.260000000000000         8.851538237401982         8.851538237401982         7.741328954543000         1.476723431965262         1.476723431965262         1.497922138837526         0.015304926203318         0.015304926203318         0.310514419770782         0.318435705524512         0.318435705524512         0.318435705524512
        0.261000000000000         8.861956945324730         8.861956945324730         7.748473807386541         1.486080948710172         1.486080948710172         1.503937087303881         0.015249486319893         0.015249486319893         0.309953099903836         0.318435705524512         0.318435705524512         0.318435705524512
        0.262000000000000         8.872591211212912         8.872591211212912         7.756388542369986         1.495493699234578         1.495493699234578         1.510253299972982         0.015194582398000         0.015194582398000         0.309394325970882         0.318435705524512         0.318435705524512         0.318435705524512
        0.263000000000000         8.883572388912464         8.883572388912464         7.764965876285193         1.504996252617196         1.504996252617196         1.516829615553853         0.015140207174796         0.015140207174795         0.308838084708340         0.318435705524512         0.318435705524512         0.318435705524512
        0.264000000000000         8.894760873842472         8.894760873842474         7.774096510688512         1.514553361971882         1.514553361971882         1.523623917091806         0.015086353518225         0.015086353518224         0.308284362965264         0.318435705524512         0.318435705524512         0.318435705524512
        0.265000000000000         8.906139823816655         8.906139823816654         7.783714316503215         1.524161039181474         1.524161039181474         1.530610032980113         0.015033014423990         0.015033014423990         0.307733147702227         0.318435705524512         0.318435705524512         0.318435705524512
        0.266000000000000         8.917808359381739         8.917808359381739         7.793779789953683         1.533845307444260         1.533845307444260         1.537772208489268         0.014980183012611         0.014980183012613         0.307184425990130         0.318435705524512         0.318435705524512         0.318435705524512
        0.267000000000000         8.929724411100633         8.929724411100633         7.804259507862080         1.543595954843436         1.543595954843436         1.545097371223122         0.014927852526569         0.014927852526568         0.306638185008928         0.318435705524512         0.318435705524512         0.318435705524512
        0.268000000000000         8.941897939301180         8.941897939301180         7.815133566760262         1.553416101817128         1.553416101817128         1.552577358263862         0.014876016327517         0.014876016327517         0.306094412046393         0.318435705524512         0.318435705524512         0.318435705524512
        0.269000000000000         8.954325666713894         8.954325666713894         7.826372703236746         1.563306440289014         1.563306440289014         1.560200101137593         0.014824667893591         0.014824667893591         0.305553094496729         0.318435705524512         0.318435705524512         0.318435705524512
        0.270000000000000         8.967009078034442         8.967009078034442         7.837948996802981         1.573265369745962         1.573265369745962         1.567957721358118         0.014773800816772         0.014773800816772         0.305014219859248         0.318435705524512         0.318435705524512         0.318435705524512
        0.271000000000000         8.979944332044065         8.979944332044065         7.849874626851490         1.583294712323047         1.583294712323047         1.575850675689810         0.014723408800336         0.014723408800336         0.304477775736961         0.318435705524512         0.318435705524512         0.318435705524512
        0.272000000000000         8.993126899990695         8.993126899990697         7.862125029934765         1.593393200011541         1.593393200011541         1.583871018413700         0.014673485656372         0.014673485656372         0.303943749835180         0.318435705524512         0.318435705524512         0.318435705524512
        0.273000000000000         9.006551406689832         9.006551406689832         7.874697047047426         1.603559831816188         1.603559831816188         1.592016762931775         0.014624025303363         0.014624025303363         0.303412129960040         0.318435705524512         0.318435705524512         0.318435705524512
        0.274000000000000         9.020250418940561         9.020250418940559         7.887567696695466         1.613803776103521         1.613803776103521         1.600279540884079         0.014575021763836         0.014575021763836         0.302882904017097         0.318435705524512         0.318435705524512         0.318435705524512
        0.275000000000000         9.034191312619942         9.034191312619942         7.900738534842414         1.624118038652436         1.624118038652436         1.608658536316292         0.014526469162078         0.014526469162079         0.302356060009776         0.318435705524512         0.318435705524512         0.318435705524512
        0.276000000000000         9.048364765322422         9.048364765322422         7.914194899380007         1.634498057266431         1.634498057266431         1.617148719329260         0.014478361721907         0.014478361721907         0.301831586037957         0.318435705524512         0.318435705524512         0.318435705524512
        0.277000000000000         9.062811671057066         9.062811671057066         7.927938102025106         1.644956486530474         1.644956486530474         1.625753985657960         0.014430693763829         0.014430693763828         0.301309470296438         0.318435705524512         0.318435705524512         0.318435705524512
        0.278000000000000         9.077489252431123         9.077489252431123         7.941961117235459         1.655483372776778         1.655483372776778         1.634466103518210         0.014383459705672         0.014383459705673         0.300789701073482         0.318435705524512         0.318435705524512         0.318435705524512
        0.279000000000000         9.092409436102086         9.092409436102086         7.956254248706463         1.666082172577636         1.666082172577636         1.643284613894467         0.014336654056412         0.014336654056412         0.300272266749244         0.318435705524512         0.318435705524512         0.318435705524512
        0.280000000000000         9.107571862676989         9.107571862676989         7.970816838442897         1.676752858030072         1.676752858030072         1.652208049024228         0.014290271416929         0.014290271416929         0.299757155794332         0.318435705524512         0.318435705524512         0.318435705524512
        0.281000000000000         9.122986904727863         9.122986904727863         7.985647155975538         1.687498280699355         1.687498280699355         1.661234663959644         0.014244306477379         0.014244306477379         0.299244356768281         0.318435705524512         0.318435705524512         0.318435705524512
        0.282000000000000         9.138669220887969         9.138669220887969         8.000741495096339         1.698322901786989         1.698322901786988         1.670363081119312         0.014198754015299         0.014198754015298         0.298733858318038         0.318435705524512         0.318435705524512         0.318435705524512
        0.283000000000000         9.154569270870720         9.154569270870720         8.016081761610756         1.709215666549627         1.709215666549627         1.679592858567295         0.014153608893763         0.014153608893764         0.298225649176530         0.318435705524512         0.318435705524512         0.318435705524512
        0.284000000000000         9.170724818531975         9.170724818531973         8.031679486232873         1.720185737214741         1.720185737214741         1.688920379566061         0.014108866059593         0.014108866059593         0.297719718161121         0.318435705524512         0.318435705524512         0.318435705524512
        0.285000000000000         9.187112903739585         9.187112903739585         8.047528356682800         1.731228247140255         1.731228247140255         1.698345363527884         0.014064520541604         0.014064520541605         0.297216054172165         0.318435705524512         0.318435705524512         0.318435705524512
        0.286000000000000         9.203714199728676         9.203714199728676         8.063626613959526         1.742337515325175         1.742337515325175         1.707868943760302         0.014020567448909         0.014020567448908         0.296714646191575         0.318435705524512         0.318435705524512         0.318435705524512
        0.287000000000000         9.220573685093848         9.220573685093848         8.079969910360930         1.753526451279047         1.753526451279047         1.717488275796383         0.013977001969253         0.013977001969254         0.296215483281323         0.318435705524512         0.318435705524512         0.318435705524512
        0.288000000000000         9.237706016044495         9.237706016044495         8.096555575453579         1.764799803816221         1.764799803816221         1.727203017663594         0.013933819367402         0.013933819367402         0.295718554582040         0.318435705524512         0.318435705524512         0.318435705524512
        0.289000000000000         9.255046781466515         9.255046781466515         8.113383474975832         1.776140326429887         1.776140326429887         1.737012417536794         0.013891014983566         0.013891014983566         0.295223849311608         0.318435705524512         0.318435705524512         0.318435705524512
        0.290000000000000         9.272618491364488         9.272618491364488         8.130449206259865         1.787554901575179         1.787554901575179         1.746915716597868         0.013848584232426         0.013848584232426         0.294731356763746         0.318435705524512         0.318435705524512         0.318435705524512
        0.291000000000000         9.290416048430354         9.290416048430354         8.147751855776150         1.799042507888582         1.799042507888582         1.756912401681486         0.013806522599367         0.013806522599367         0.294241066306608         0.318435705524512         0.318435705524512         0.318435705524512
        0.292000000000000         9.308520761906195         9.308520761906195         8.165289137767257         1.810625638728553         1.810625638728553         1.767001301047484         0.013764825642451         0.013764825642452         0.293752967381471         0.318435705524512         0.318435705524512         0.318435705524512
        0.293000000000000         9.326773875445724         9.326773875445724         8.183060361003644         1.822261779118966         1.822261779118966         1.777183066745623         0.013723488988692         0.013723488988693         0.293267049501359         0.318435705524512         0.318435705524512         0.318435705524512
        0.294000000000000         9.345295575418264         9.345295575418264         8.201062789782139         1.833984138678048         1.833984138678048         1.787456590484897         0.013682508333248         0.013682508333248         0.292783302249735         0.318435705524512         0.318435705524512         0.318435705524512
        0.295000000000000         9.364052269535824         9.364052269535824         8.219295540282403         1.845783957018211         1.845783957018210         1.797821542936012         0.013641879438068         0.013641879438068         0.292301715279182         0.318435705524512         0.318435705524512         0.318435705524512
        0.296000000000000         9.383041348434352         9.383041348434350         8.237757116369567         1.857660969557806         1.857660969557806         1.808277458699855         0.013601598130573         0.013601598130572         0.291822278310142         0.318435705524512         0.318435705524512         0.318435705524512
        0.297000000000000         9.402269340383084         9.402269340383086         8.256446169108282         1.869617482398171         1.869617482398171         1.818824079013628         0.013561660302367         0.013561660302367         0.291344981129665         0.318435705524512         0.318435705524512         0.318435705524512
        0.298000000000000         9.421682015755337         9.421682015755337         8.275361644142572         1.881638890924182         1.881638890924182         1.829460971198414         0.013522061907989         0.013522061907989         0.290869813590159         0.318435705524512         0.318435705524512         0.318435705524512
        0.299000000000000         9.441418061728021         9.441418061728021         8.294502348769205         1.893764122373219         1.893764122373219         1.840188022774405         0.013482798963677         0.013482798963677         0.290396765608190         0.318435705524512         0.318435705524512         0.318435705524512
        0.300000000000000         9.461338024285777         9.461338024285775         8.313866575326669         1.905955088469697         1.905955088469697         1.851004919407080         0.013443867546183         0.013443867546182         0.289925827163292         0.318435705524512         0.318435705524512         0.318435705524512
