                   T[GeV]                  tauU[fm]                  tauD[fm]                  tauS[fm]               tauUBar[fm]               tauDBar[fm]               tauSBar[fm]                effMU[GeV]                effMD[GeV]                effMS[GeV]               effCPU[GeV]               effCPD[GeV]               effCPS[GeV]
        0.120000000000000        16.335366923278773        16.335366923278769        20.838670061415851        16.335366923278773        16.335366923278773        20.838670061415847         0.344727991767736         0.344727991767736         0.536629920733286         0.000000000000000         0.000000000000000         0.000000000000000
        0.121000000000000        15.667566088492018        15.667566088492345        19.992715812581320        15.667566088492020        15.667566088492345        19.992715812581324         0.343795051483527         0.343795051483537         0.536088839842219         0.000000000000000         0.000000000000000         0.000000000000000
        0.122000000000000        15.035863586659380        15.035863586658589        19.192589202600587        15.035863586659381        15.035863586658591        19.192589202600590         0.342835955221808         0.342835955221782         0.535532306189432         0.000000000000000         0.000000000000000         0.000000000000000
        0.123000000000000        14.437814700127083        14.437814700125195        18.435271584197533        14.437814700127081        14.437814700125196        18.435271584197537         0.341850265148218         0.341850265148152         0.534960097253699         0.000000000000000         0.000000000000000         0.000000000000000
        0.124000000000000        13.871291454434550        13.871291454435145        17.717980497157399        13.871291454434548        13.871291454435145        17.717980497157399         0.340837529733164         0.340837529733186         0.534371987871091         0.000000000000000         0.000000000000000         0.000000000000000
        0.125000000000000        13.334228249189527        13.334228249187932        17.038109291500394        13.334228249189524        13.334228249187932        17.038109291500398         0.339797289331677         0.339797289331615         0.533767752475648         0.000000000000000         0.000000000000000         0.000000000000000
        0.126000000000000        12.824809153276520        12.824809153275979        16.393308177957504        12.824809153276519        12.824809153275980        16.393308177957504         0.338729075738329         0.338729075738307         0.533147165055334         0.000000000000000         0.000000000000000         0.000000000000000
        0.127000000000000        12.341317232031304        12.341317232032404        15.781374511465827        12.341317232031304        12.341317232032402        15.781374511465829         0.337632411728237         0.337632411728284         0.532509999110120         0.000000000000000         0.000000000000000         0.000000000000000
        0.128000000000000        11.882154316589446        11.882154316589986        15.200221534034650        11.882154316589443        11.882154316589986        15.200221534034650         0.336506810576786         0.336506810576811         0.531856027610983         0.000000000000000         0.000000000000000         0.000000000000000
        0.129000000000000        11.445838994805293        11.445838994805293        14.647947270062023        11.445838994805294        11.445838994805293        14.647947270062021         0.335351761278277         0.335351761278277         0.531185017655580         0.000000000000000         0.000000000000000         0.000000000000000
        0.130000000000000        11.031003135520953        11.031003135520963        14.122849053503030        11.031003135520951        11.031003135520963        14.122849053503026         0.334166783789209         0.334166783789209         0.530496751164170         0.000000000000000         0.000000000000000         0.000000000000000
        0.131000000000000        10.636362617225487        10.636362617225487        13.623254531902168        10.636362617225489        10.636362617225489        13.623254531902168         0.332951346826023         0.332951346826023         0.529790994461132         0.000000000000000         0.000000000000000         0.000000000000000
        0.132000000000000        10.260724853993510        10.260724853993512        13.147648150318746        10.260724853993514        10.260724853993512        13.147648150318750         0.331704920520940         0.331704920520940         0.529067518061454         0.000000000000000         0.000000000000000         0.000000000000000
        0.133000000000000         9.902982280234554         9.902982280234555        12.694612773827053         9.902982280234555         9.902982280234555        12.694612773827055         0.330426962839102         0.330426962839102         0.528326091802936         0.000000000000000         0.000000000000000         0.000000000000000
        0.134000000000000         9.562125531856118         9.562125531856127        12.262844812853015         9.562125531856122         9.562125531856129        12.262844812853018         0.329116918983539         0.329116918983539         0.527566484831719         0.000000000000000         0.000000000000000         0.000000000000000
        0.135000000000000         9.237135455757153         9.237135455757153        11.851094870034069         9.237135455757155         9.237135455757155        11.851094870034069         0.327774220777900         0.327774220777900         0.526788465594838         0.000000000000000         0.000000000000000         0.000000000000000
        0.136000000000000         8.927130051511750         8.927130051511748        11.458228486600445         8.927130051511748         8.927130051511748        11.458228486600445         0.326398286026195         0.326398286026195         0.525991801840837         0.000000000000000         0.000000000000000         0.000000000000000
        0.137000000000000         8.631287937109478         8.631287937109473        11.083185416993466         8.631287937109480         8.631287937109473        11.083185416993466         0.324988517848819         0.324988517848819         0.525176260629565         0.000000000000000         0.000000000000000         0.000000000000000
        0.138000000000000         8.348838119647658         8.348838119647660        10.724963591902707         8.348838119647656         8.348838119647656        10.724963591902705         0.323544303994177         0.323544303994177         0.524341608352435         0.000000000000000         0.000000000000000         0.000000000000000
        0.139000000000000         8.078994765831466         8.078994765831464        10.382634556421547         8.078994765831466         8.078994765831466        10.382634556421547         0.322065016125288         0.322065016125288         0.523487610764529         0.000000000000000         0.000000000000000         0.000000000000000
        0.140000000000000         7.821106093746514         7.821106093746514        10.055316844885260         7.821106093746513         7.821106093746513        10.055316844885260         0.320550009080834         0.320550009080834         0.522614033030146         0.000000000000000         0.000000000000000         0.000000000000000
        0.141000000000000         7.574516419130994         7.574516419130997         9.742214909381365         7.574516419130994         7.574516419130997         9.742214909381365         0.318998620110208         0.318998620110208         0.521720639783538         0.000000000000000         0.000000000000000         0.000000000000000
        0.142000000000000         7.338618540168792         7.338618540168794         9.442544468089851         7.338618540168792         7.338618540168794         9.442544468089851         0.317410168082292         0.317410168082292         0.520807195206801         0.000000000000000         0.000000000000000         0.000000000000000
        0.143000000000000         7.112840560759777         7.112840560759777         9.155603114932228         7.112840560759778         7.112840560759777         9.155603114932230         0.315783952667850         0.315783952667850         0.519873463127142         0.000000000000000         0.000000000000000         0.000000000000000
        0.144000000000000         6.896659941693494         6.896659941693494         8.880710731934256         6.896659941693494         6.896659941693494         8.880710731934256         0.314119253495651         0.314119253495651         0.518919207135987         0.000000000000000         0.000000000000000         0.000000000000000
        0.145000000000000         6.689578726436285         6.689578726436286         8.617249634372440         6.689578726436286         6.689578726436286         8.617249634372440         0.312415329282733         0.312415329282733         0.517944190732713         0.000000000000000         0.000000000000000         0.000000000000000
        0.146000000000000         6.491122477745799         6.491122477745799         8.364634738229112         6.491122477745801         6.491122477745800         8.364634738229110         0.310671416939571         0.310671416939571         0.516948177496138         0.000000000000000         0.000000000000000         0.000000000000000
        0.147000000000000         6.300847528245630         6.300847528245632         8.122287740289563         6.300847528245630         6.300847528245633         8.122287740289561         0.308886730651320         0.308886730651320         0.515930931287286         0.000000000000000         0.000000000000000         0.000000000000000
        0.148000000000000         6.118338754692845         6.118338754692842         7.889689584197488         6.118338754692843         6.118338754692840         7.889689584197487         0.307060460936863         0.307060460936862         0.514892216487387         0.000000000000000         0.000000000000000         0.000000000000000
        0.149000000000000         5.943209373008080         5.943209373008078         7.666373883943126         5.943209373008082         5.943209373008079         7.666373883943128         0.305191773688015         0.305191773688015         0.513831798275590         0.000000000000000         0.000000000000000         0.000000000000000
        0.150000000000000         5.775087055474084         5.775087055474081         7.451867355756969         5.775087055474083         5.775087055474080         7.451867355756968         0.303279809192057         0.303279809192057         0.512749442951416         0.000000000000000         0.000000000000000         0.000000000000000
        0.151000000000000         5.613630375353394         5.613630375353394         7.245737999109591         5.613630375353393         5.613630375353394         7.245737999109591         0.301323681141653         0.301323681141653         0.511644918307654         0.000000000000000         0.000000000000000         0.000000000000000
        0.152000000000000         5.458508478765741         5.458508478765741         7.047578829921544         5.458508478765740         5.458508478765740         7.047578829921544         0.299322475637435         0.299322475637436         0.510517994060121         0.000000000000000         0.000000000000000         0.000000000000000
        0.153000000000000         5.309408753288656         5.309408753288674         6.856994513303206         5.309408753288655         5.309408753288673         6.856994513303206         0.297275250189873         0.297275250189874         0.509368442341547         0.000000000000000         0.000000000000000         0.000000000000000
        0.154000000000000         5.166041832449631         5.166041832449632         6.673629178796365         5.166041832449631         5.166041832449631         6.673629178796366         0.295181032728752         0.295181032728752         0.508196038267809         0.000000000000000         0.000000000000000         0.000000000000000
        0.155000000000000         5.028129384431709         5.028129384431709         6.497127466229245         5.028129384431709         5.028129384431709         6.497127466229246         0.293038820630574         0.293038820630575         0.507000560585815         0.000000000000000         0.000000000000000         0.000000000000000
        0.156000000000000         4.895415335118722         4.895415335118722         6.327199202090703         4.895415335118721         4.895415335118721         6.327199202090701         0.290847579776631         0.290847579776632         0.505781792413546         0.000000000000000         0.000000000000000         0.000000000000000
        0.157000000000000         4.767647685683753         4.767647685683752         6.163504768280676         4.767647685683752         4.767647685683752         6.163504768280676         0.288606243657474         0.288606243657475         0.504539522084220         0.000000000000000         0.000000000000000         0.000000000000000
        0.158000000000000         4.644599846381520         4.644599846381521         6.005761655248191         4.644599846381521         4.644599846381521         6.005761655248191         0.286313712542841         0.286313712542840         0.503273544108036         0.000000000000000         0.000000000000000         0.000000000000000
        0.159000000000000         4.526034226012841         4.526034226012841         5.853702837970404         4.526034226012842         4.526034226012842         5.853702837970404         0.283968852740596         0.283968852740596         0.501983660266867         0.000000000000000         0.000000000000000         0.000000000000000
        0.160000000000000         4.411754571900180         4.411754571900191         5.707067590671832         4.411754571900181         4.411754571900191         5.707067590671831         0.281570495972892         0.281570495972893         0.500669680859214         0.000000000000000         0.000000000000000         0.000000000000000
        0.161000000000000         4.301566939897370         4.301566939897370         5.565612184960525         4.301566939897370         4.301566939897370         5.565612184960523         0.279117438904260         0.279117438904259         0.499331426115113         0.000000000000000         0.000000000000000         0.000000000000000
        0.162000000000000         4.195255186852896         4.195255186852896         5.429108791897674         4.195255186852896         4.195255186852896         5.429108791897676         0.276608442863181         0.276608442863180         0.497968727803280         0.000000000000000         0.000000000000000         0.000000000000000
        0.163000000000000         4.092650050867526         4.092650050867516         5.297331424007907         4.092650050867526         4.092650050867517         5.297331424007907         0.274042233807685         0.274042233807685         0.496581431055742         0.000000000000000         0.000000000000000         0.000000000000000
        0.164000000000000         3.993585431316624         3.993585431316624         5.170074605312748         3.993585431316625         3.993585431316625         5.170074605312747         0.271417502595679         0.271417502595680         0.495169396438526         0.000000000000000         0.000000000000000         0.000000000000000
        0.165000000000000         3.897895753615071         3.897895753615071         5.047139420716813         3.897895753615071         3.897895753615071         5.047139420716812         0.268732905633380         0.268732905633380         0.493732502300734         0.000000000000000         0.000000000000000         0.000000000000000
        0.166000000000000         3.805391367423093         3.805391367423093         4.928338044434154         3.805391367423093         3.805391367423093         4.928338044434154         0.265987065989761         0.265987065989761         0.492270647438460         0.000000000000000         0.000000000000000         0.000000000000000
        0.167000000000000         3.715963574838484         3.715963574838476         4.813493867918138         3.715963574838484         3.715963574838476         4.813493867918138         0.263178575083133         0.263178575083131         0.490783754114749         0.000000000000000         0.000000000000000         0.000000000000000
        0.168000000000000         3.629439923006177         3.629439923006169         4.702442485507302         3.629439923006176         3.629439923006169         4.702442485507302         0.260305995066293         0.260305995066291         0.489271771481755         0.000000000000000         0.000000000000000         0.000000000000000
        0.169000000000000         3.545652550631558         3.545652550631558         4.595020131345167         3.545652550631558         3.545652550631558         4.595020131345167         0.257367862062720         0.257367862062720         0.487734679457042         0.000000000000000         0.000000000000000         0.000000000000000
        0.170000000000000         3.464284004655590         3.464284004655609         4.491074005763007         3.464284004655590         3.464284004655609         4.491074005763007         0.254362690435109         0.254362690435114         0.486172493111863         0.000000000000000         0.000000000000000         0.000000000000000
        0.171000000000000         3.385804654435122         3.385804654435141         4.390455139575092         3.385804654435121         3.385804654435140         4.390455139575092         0.251288978303297         0.251288978303303         0.484585267635748         0.000000000000000         0.000000000000000         0.000000000000000
        0.172000000000000         3.309515458619922         3.309515458619911         4.293032022125796         3.309515458619922         3.309515458619911         4.293032022125796         0.248145214569400         0.248145214569396         0.482973103948371         0.000000000000000         0.000000000000000         0.000000000000000
        0.173000000000000         3.235183028848408         3.235183028848414         4.198672168519585         3.235183028848409         3.235183028848414         4.198672168519583         0.244929887756800         0.244929887756803         0.481336155036334         0.000000000000000         0.000000000000000         0.000000000000000
        0.174000000000000         3.163034689615862         3.163034689615862         4.107250973104010         3.163034689615863         3.163034689615863         4.107250973104010         0.241641497025560         0.241641497025560         0.479674633098921         0.000000000000000         0.000000000000000         0.000000000000000
        0.175000000000000         3.093160323701906         3.093160323701901         4.018643884380802         3.093160323701906         3.093160323701901         4.018643884380802         0.238278565790860         0.238278565790858         0.477988817592291         0.000000000000000         0.000000000000000         0.000000000000000
        0.176000000000000         3.024343493365004         3.024343493365023         3.932759425094234         3.024343493365004         3.024343493365023         3.932759425094234         0.234839658446289         0.234839658446299         0.476279064265762         0.000000000000000         0.000000000000000         0.000000000000000
        0.177000000000000         2.957787438032615         2.957787438032620         3.849445364467142         2.957787438032615         2.957787438032620         3.849445364467142         0.231323400773968         0.231323400773971         0.474545815284879         0.000000000000000         0.000000000000000         0.000000000000000
        0.178000000000000         2.891961428766609         2.891961428766599         3.768657353350765         2.891961428766609         2.891961428766601         3.768657353350765         0.227728504716798         0.227728504716795         0.472789610533641         0.000000000000000         0.000000000000000         0.000000000000000
        0.179000000000000         2.827092126177668         2.827092126177651         3.690254984373267         2.827092126177668         2.827092126177652         3.690254984373267         0.224053798282141         0.224053798282133         0.471011100179175         0.000000000000000         0.000000000000000         0.000000000000000
        0.180000000000000         2.763067662811336         2.763067662811310         3.614161426693660         2.763067662811336         2.763067662811310         3.614161426693660         0.220298261446767         0.220298261446755         0.469211058564832         0.000000000000000         0.000000000000000         0.000000000000000
        0.181000000000000         2.702104973469588         2.702104973469599         3.540285412715607         2.702104973469589         2.702104973469600         3.540285412715608         0.216461069026003         0.216461069026010         0.467390399468042         0.000000000000000         0.000000000000000         0.000000000000000
        0.182000000000000         2.645081929728129         2.645081929728115         3.468545241736986         2.645081929728129         2.645081929728115         3.468545241736986         0.212541641548085         0.212541641548078         0.465550192712835         0.000000000000000         0.000000000000000         0.000000000000000
        0.183000000000000         2.590919159779779         2.590919159779795         3.398862251052764         2.590919159779779         2.590919159779795         3.398862251052764         0.208539705221076         0.208539705221085         0.463691682058216         0.000000000000000         0.000000000000000         0.000000000000000
        0.184000000000000         2.539029549804849         2.539029549804827         3.331156283026553         2.539029549804849         2.539029549804827         3.331156283026552         0.204455362072204         0.204455362072191         0.461816304186264         0.000000000000000         0.000000000000000         0.000000000000000
        0.185000000000000         2.489390147552356         2.489390147552353         3.265356250647343         2.489390147552356         2.489390147552354         3.265356250647343         0.200289171240609         0.200289171240608         0.459925708478951         0.000000000000000         0.000000000000000         0.000000000000000
        0.186000000000000         2.441578228655812         2.441578228655830         3.201399144328427         2.441578228655813         2.441578228655829         3.201399144328427         0.196042242172332         0.196042242172343         0.458021777093253         0.000000000000000         0.000000000000000         0.000000000000000
        0.187000000000000         2.395527829000263         2.395527829000273         3.139219631833975         2.395527829000263         2.395527829000274         3.139219631833975         0.191716340054653         0.191716340054661         0.456106644612523         0.000000000000000         0.000000000000000         0.000000000000000
        0.188000000000000         2.351122612961166         2.351122612961151         3.078748349683017         2.351122612961166         2.351122612961151         3.078748349683017         0.187314003136303         0.187314003136291         0.454182716260679         0.000000000000000         0.000000000000000         0.000000000000000
        0.189000000000000         2.308283993990235         2.308283993990259         3.019945700291390         2.308283993990235         2.308283993990260         3.019945700291390         0.182838670578581         0.182838670578600         0.452252683318643         0.000000000000000         0.000000000000000         0.000000000000000
        0.190000000000000         2.266842971161537         2.266842971161560         2.962743152683071         2.266842971161536         2.266842971161560         2.962743152683071         0.178294818047042         0.178294818047060         0.450319533985202         0.000000000000000         0.000000000000000         0.000000000000000
        0.191000000000000         2.226796313502528         2.226796313502550         2.907095733866317         2.226796313502528         2.226796313502550         2.907095733866317         0.173688096361875         0.173688096361893         0.448386557505619         0.000000000000000         0.000000000000000         0.000000000000000
        0.192000000000000         2.187956614992716         2.187956614992729         2.852968260809056         2.187956614992716         2.187956614992729         2.852968260809056         0.169025466154747         0.169025466154759         0.446457338997782         0.000000000000000         0.000000000000000         0.000000000000000
        0.193000000000000         2.150400568982413         2.150400568982417         2.800306035668136         2.150400568982413         2.150400568982418         2.800306035668136         0.164315318705333         0.164315318705336         0.444535742113136         0.000000000000000         0.000000000000000         0.000000000000000
        0.194000000000000         2.114006259620380         2.114006259620417         2.749067905593446         2.114006259620380         2.114006259620417         2.749067905593446         0.159567570207094         0.159567570207133         0.442625876590202         0.000000000000000         0.000000000000000         0.000000000000000
        0.195000000000000         2.078737073717431         2.078737073717413         2.699216029404587         2.078737073717431         2.078737073717413         2.699216029404587         0.154793714013934         0.154793714013916         0.440732048023778         0.000000000000000         0.000000000000000         0.000000000000000
        0.196000000000000         2.044565550937969         2.044565550937953         2.650711914985099         2.044565550937969         2.044565550937953         2.650711914985099         0.150006813635018         0.150006813635000         0.438858687932699         0.000000000000000         0.000000000000000         0.000000000000000
        0.197000000000000         2.012003019326262         2.012003019326258         2.603515796606766         2.012003019326263         2.012003019326258         2.603515796606766         0.145221419160926         0.145221419160921         0.437010263578743         0.000000000000000         0.000000000000000         0.000000000000000
        0.198000000000000         1.979256294043923         1.979256294043928         2.557590957438118         1.979256294043923         1.979256294043928         2.557590957438118         0.140453392348327         0.140453392348334         0.435191169005873         0.000000000000000         0.000000000000000         0.000000000000000
        0.199000000000000         1.948058903543173         1.948058903543160         2.512888821541259         1.948058903543173         1.948058903543160         2.512888821541259         0.135719631438734         0.135719631438716         0.433405601321967         0.000000000000000         0.000000000000000         0.000000000000000
        0.200000000000000         1.917790861859982         1.917790861860002         2.469368518679513         1.917790861859982         1.917790861860002         2.469368518679513         0.131037696161232         0.131037696161263         0.431657429029743         0.000000000000000         0.000000000000000         0.000000000000000
        0.201000000000000         1.888417734592263         1.888417734592283         2.426941093169275         1.888417734592263         1.888417734592283         2.426941093169275         0.126425345548882         0.126425345548916         0.429950061723424         0.000000000000000         0.000000000000000         0.000000000000000
        0.202000000000000         1.859904002556674         1.859904002556688         2.385561522128445         1.859904002556674         1.859904002556688         2.385561522128445         0.121900014454197         0.121900014454218         0.428286332080481         0.000000000000000         0.000000000000000         0.000000000000000
        0.203000000000000         1.832209545586978         1.832209545586986         2.345127726110326         1.832209545586979         1.832209545586986         2.345127726110326         0.117478266395261         0.117478266395273         0.426668401212990         0.000000000000000         0.000000000000000         0.000000000000000
        0.204000000000000         1.805275625830377         1.805275625830372         2.305483128227054         1.805275625830376         1.805275625830372         2.305483128227054         0.113175267648714         0.113175267648703         0.425097696772461         0.000000000000000         0.000000000000000         0.000000000000000
        0.205000000000000         1.779032815684736         1.779032815684736         2.266475968375735         1.779032815684736         1.779032815684736         2.266475968375735         0.109004327031318         0.109004327031318         0.423574889837865         0.000000000000000         0.000000000000000         0.000000000000000
        0.205100000000000         1.776443940330395         1.776443940330403         2.262602001360373         1.776443940330394         1.776443940330403         2.262602001360373         0.108594945655141         0.108594945655158         0.423425247048249         0.000000000000000         0.000000000000000         0.000000000000000
        0.205200000000000         1.773860547729627         1.773860547729627         2.258729200943164         1.773860547729627         1.773860547729627         2.258729200943164         0.108187006302432         0.108187006302432         0.423276082651978         0.000000000000000         0.000000000000000         0.000000000000000
        0.205300000000000         1.771283437890191         1.771283437890189         2.254860441908507         1.771283437890191         1.771283437890189         2.254860441908507         0.107780519913362         0.107780519913356         0.423127396121468         0.000000000000000         0.000000000000000         0.000000000000000
        0.205400000000000         1.768712116641860         1.768712116641854         2.250994628052822         1.768712116641860         1.768712116641854         2.250994628052822         0.107375495790445         0.107375495790432         0.422979186857852         0.000000000000000         0.000000000000000         0.000000000000000
        0.205500000000000         1.766145643689663         1.766145643689657         2.247131436637560         1.766145643689663         1.766145643689657         2.247131436637561         0.106971942987504         0.106971942987492         0.422831454195553         0.000000000000000         0.000000000000000         0.000000000000000
        0.205600000000000         1.763584884660815         1.763584884660804         2.243270156363542         1.763584884660815         1.763584884660804         2.243270156363542         0.106569870307605         0.106569870307580         0.422684197403119         0.000000000000000         0.000000000000000         0.000000000000000
        0.205700000000000         1.761029390151890         1.761029390151892         2.239410583542793         1.761029390151890         1.761029390151892         2.239410583542793         0.106169286302481         0.106169286302487         0.422537415684026         0.000000000000000         0.000000000000000         0.000000000000000
        0.205800000000000         1.758478979084094         1.758478979084097         2.235550724952016         1.758478979084095         1.758478979084097         2.235550724952016         0.105770199271541         0.105770199271547         0.422391108177582         0.000000000000000         0.000000000000000         0.000000000000000
        0.205900000000000         1.755934591087620         1.755934591087622         2.231693405575715         1.755934591087620         1.755934591087622         2.231693405575715         0.105372617259015         0.105372617259021         0.422245273959466         0.000000000000000         0.000000000000000         0.000000000000000
        0.206000000000000         1.753393719438518         1.753393719438515         2.227836372833243         1.753393719438518         1.753393719438515         2.227836372833243         0.104976548062153         0.104976548062146         0.422099912044026         0.000000000000000         0.000000000000000         0.000000000000000
        0.206100000000000         1.750857512891897         1.750857512891897         2.223979806937606         1.750857512891898         1.750857512891897         2.223979806937606         0.104581999218886         0.104581999218885         0.421955021383234         0.000000000000000         0.000000000000000         0.000000000000000
        0.206200000000000         1.748330223615381         1.748330223615385         2.220122103016590         1.748330223615381         1.748330223615385         2.220122103016590         0.104188978015544         0.104188978015551         0.421810600868905         0.000000000000000         0.000000000000000         0.000000000000000
        0.206300000000000         1.745799633527012         1.745799633527019         2.216263320345971         1.745799633527012         1.745799633527020         2.216263320345971         0.103797491483977         0.103797491483995         0.421666649333426         0.000000000000000         0.000000000000000         0.000000000000000
        0.206400000000000         1.743276652953718         1.743276652953718         2.212402734158660         1.743276652953718         1.743276652953718         2.212402734158660         0.103407546403299         0.103407546403301         0.421523165550732         0.000000000000000         0.000000000000000         0.000000000000000
        0.206500000000000         1.740758264935887         1.740758264935887         2.208539655698491         1.740758264935887         1.740758264935887         2.208539655698491         0.103019149298656         0.103019149298656         0.421380148237341         0.000000000000000         0.000000000000000         0.000000000000000
        0.206600000000000         1.738243003475732         1.738243003475736         2.204673084049605         1.738243003475733         1.738243003475736         2.204673084049605         0.102632306441392         0.102632306441399         0.421237596053393         0.000000000000000         0.000000000000000         0.000000000000000
        0.206700000000000         1.735731686890008         1.735731686889996         2.200804673986733         1.735731686890008         1.735731686889995         2.200804673986733         0.102247023852099         0.102247023852069         0.421095507603687         0.000000000000000         0.000000000000000         0.000000000000000
        0.206800000000000         1.733225038052303         1.733225038052311         2.196932563870397         1.733225038052303         1.733225038052311         2.196932563870397         0.101863307297149         0.101863307297167         0.420953881438777         0.000000000000000         0.000000000000000         0.000000000000000
        0.206900000000000         1.730697423464818         1.730697423464815         2.193052819579819         1.730697423464818         1.730697423464816         2.193052819579819         0.101481162292853         0.101481162292848         0.420812716056056         0.000000000000000         0.000000000000000         0.000000000000000
        0.207000000000000         1.728193930312351         1.728193930312349         2.189168630154418         1.728193930312352         1.728193930312349         2.189168630154418         0.101100594105860         0.101100594105855         0.420672009900848         0.000000000000000         0.000000000000000         0.000000000000000
        0.207100000000000         1.725716534874269         1.725716534874271         2.185277777360251         1.725716534874269         1.725716534874271         2.185277777360251         0.100721607751267         0.100721607751271         0.420531761367521         0.000000000000000         0.000000000000000         0.000000000000000
        0.207200000000000         1.723220763959595         1.723220763959599         2.181379369412713         1.723220763959595         1.723220763959599         2.181379369412713         0.100344207997927         0.100344207997937         0.420391968800586         0.000000000000000         0.000000000000000         0.000000000000000
        0.207300000000000         1.720723267631886         1.720723267631888         2.177472531769814         1.720723267631886         1.720723267631888         2.177472531769814         0.099968399365878         0.099968399365884         0.420252630495882         0.000000000000000         0.000000000000000         0.000000000000000
        0.207400000000000         1.718229873461399         1.718229873461391         2.173556310519356         1.718229873461399         1.718229873461391         2.173556310519356         0.099594186130986         0.099594186130969         0.420113744701645         0.000000000000000         0.000000000000000         0.000000000000000
        0.207500000000000         1.715737278579970         1.715737278579973         2.169629251853300         1.715737278579970         1.715737278579973         2.169629251853300         0.099221572323101         0.099221572323111         0.419975309619695         0.000000000000000         0.000000000000000         0.000000000000000
        0.207600000000000         1.713243776427680         1.713243776427682         2.165691653962623         1.713243776427680         1.713243776427682         2.165691653962623         0.098850561729964         0.098850561729970         0.419837323406586         0.000000000000000         0.000000000000000         0.000000000000000
        0.207700000000000         1.710752405410155         1.710752405410159         2.161740043746424         1.710752405410155         1.710752405410159         2.161740043746424         0.098481157898324         0.098481157898336         0.419699784174753         0.000000000000000         0.000000000000000         0.000000000000000
        0.207800000000000         1.708260944668340         1.708260944668349         2.157773978506929         1.708260944668340         1.708260944668349         2.157773978506929         0.098113364135002         0.098113364135025         0.419562689993663         0.000000000000000         0.000000000000000         0.000000000000000
        0.207900000000000         1.705769113676443         1.705769113676437         2.153791742681959         1.705769113676443         1.705769113676437         2.153791742681959         0.097747183509148         0.097747183509131         0.419426038891006         0.000000000000000         0.000000000000000         0.000000000000000
        0.208000000000000         1.703276319120958         1.703276319120959         2.149791918351847         1.703276319120958         1.703276319120959         2.149791918351847         0.097382618854249         0.097382618854251         0.419289828853854         0.000000000000000         0.000000000000000         0.000000000000000
        0.208100000000000         1.700782289609134         1.700782289609131         2.145772989351742         1.700782289609133         1.700782289609131         2.145772989351742         0.097019672770163         0.097019672770158         0.419154057829787         0.000000000000000         0.000000000000000         0.000000000000000
        0.208200000000000         1.698286411203319         1.698286411203317         2.141733866227371         1.698286411203319         1.698286411203317         2.141733866227372         0.096658347624723         0.096658347624718         0.419018723728130         0.000000000000000         0.000000000000000         0.000000000000000
        0.208300000000000         1.695788075033469         1.695788075033469         2.137671976422907         1.695788075033469         1.695788075033469         2.137671976422906         0.096298645557196         0.096298645557195         0.418883824421063         0.000000000000000         0.000000000000000         0.000000000000000
        0.208400000000000         1.693290406054366         1.693290406054366         2.133585148290919         1.693290406054366         1.693290406054366         2.133585148290920         0.095940568478353         0.095940568478352         0.418749357744826         0.000000000000000         0.000000000000000         0.000000000000000
        0.208500000000000         1.690781304770085         1.690781304770088         2.129469570821524         1.690781304770085         1.690781304770089         2.129469570821524         0.095584118075212         0.095584118075222         0.418615321500837         0.000000000000000         0.000000000000000         0.000000000000000
        0.208600000000000         1.688271192987238         1.688271192987235         2.125328397934230         1.688271192987238         1.688271192987235         2.125328397934230         0.095229295811327         0.095229295811318         0.418481713456927         0.000000000000000         0.000000000000000         0.000000000000000
        0.208700000000000         1.685755436799571         1.685755436799574         2.121153299138991         1.685755436799571         1.685755436799574         2.121153299138991         0.094876102931519         0.094876102931524         0.418348531348405         0.000000000000000         0.000000000000000         0.000000000000000
        0.208800000000000         1.683233402399976         1.683233402399979         2.116941787231281         1.683233402399976         1.683233402399979         2.116941787231281         0.094524540461830         0.094524540461841         0.418215772879268         0.000000000000000         0.000000000000000         0.000000000000000
        0.208900000000000         1.680704092448020         1.680704092448022         2.112691653635801         1.680704092448020         1.680704092448022         2.112691653635801         0.094174609214699         0.094174609214705         0.418083435723352         0.000000000000000         0.000000000000000         0.000000000000000
        0.209000000000000         1.678166090508077         1.678166090508076         2.108398488964184         1.678166090508077         1.678166090508075         2.108398488964184         0.093826309452518         0.093826309452513         0.417951517552647         0.000000000000000         0.000000000000000         0.000000000000000
        0.209100000000000         1.675619744816565         1.675619744816564         2.104061208088325         1.675619744816565         1.675619744816564         2.104061208088325         0.093479642576620         0.093479642576619         0.417820015902389         0.000000000000000         0.000000000000000         0.000000000000000
        0.209200000000000         1.673061885497760         1.673061885497760         2.099675092730890         1.673061885497760         1.673061885497760         2.099675092730889         0.093134607760372         0.093134607760372         0.417688928444279         0.000000000000000         0.000000000000000         0.000000000000000
        0.209300000000000         1.670491395309178         1.670491395309175         2.095236863251543         1.670491395309178         1.670491395309176         2.095236863251543         0.092791205320398         0.092791205320393         0.417558252715544         0.000000000000000         0.000000000000000         0.000000000000000
        0.209400000000000         1.667902077569735         1.667902077569733         2.090743384935714         1.667902077569735         1.667902077569733         2.090743384935715         0.092449435035629         0.092449435035625         0.417427986256044         0.000000000000000         0.000000000000000         0.000000000000000
        0.209500000000000         1.665312641643973         1.665312641643969         2.086193629578868         1.665312641643973         1.665312641643969         2.086193629578868         0.092109296487484         0.092109296487476         0.417298126582167         0.000000000000000         0.000000000000000         0.000000000000000
        0.209600000000000         1.662692116096447         1.662692116096446         2.081538148274046         1.662692116096447         1.662692116096446         2.081538148274046         0.091770789062038         0.091770789062037         0.417168671187931         0.000000000000000         0.000000000000000         0.000000000000000
        0.209700000000000         1.660073102389664         1.660073102389667         2.076921161575644         1.660073102389664         1.660073102389667         2.076921161575644         0.091433911953444         0.091433911953453         0.417039617546051         0.000000000000000         0.000000000000000         0.000000000000000
        0.209800000000000         1.657431169716818         1.657431169716816         2.072214288527261         1.657431169716817         1.657431169716816         2.072214288527261         0.091098664167111         0.091098664167107         0.416910963109013         0.000000000000000         0.000000000000000         0.000000000000000
        0.209900000000000         1.654786514645081         1.654786514645086         2.067521703167970         1.654786514645081         1.654786514645086         2.067521703167970         0.090765044522270         0.090765044522284         0.416782705310117         0.000000000000000         0.000000000000000         0.000000000000000
        0.210000000000000         1.652130025284695         1.652130025284692         2.062833427980834         1.652130025284695         1.652130025284692         2.062833427980834         0.090433051655772         0.090433051655763         0.416654841564493         0.000000000000000         0.000000000000000         0.000000000000000
        0.210100000000000         1.649521090320762         1.649521090320760         2.058455039186561         1.649521090320762         1.649521090320760         2.058455039186561         0.090102684024276         0.090102684024271         0.416527369270215         0.000000000000000         0.000000000000000         0.000000000000000
        0.210200000000000         1.646970979005051         1.646970979005052         2.054461789416214         1.646970979005051         1.646970979005052         2.054461789416214         0.089773939908561         0.089773939908564         0.416400285809194         0.000000000000000         0.000000000000000         0.000000000000000
        0.210300000000000         1.644424763544273         1.644424763544268         2.050564970162647         1.644424763544273         1.644424763544268         2.050564970162647         0.089446817416005         0.089446817415992         0.416273588548266         0.000000000000000         0.000000000000000         0.000000000000000
        0.210400000000000         1.641887309698837         1.641887309698839         2.046798635918997         1.641887309698838         1.641887309698839         2.046798635918997         0.089121314483342         0.089121314483347         0.416147274840167         0.000000000000000         0.000000000000000         0.000000000000000
        0.210500000000000         1.639349919646561         1.639349919646560         2.043146395989463         1.639349919646561         1.639349919646560         2.043146395989463         0.088797428881284         0.088797428881280         0.416021342024445         0.000000000000000         0.000000000000000         0.000000000000000
        0.210600000000000         1.636807727856387         1.636807727856387         2.039586669555994         1.636807727856387         1.636807727856387         2.039586669555994         0.088475158216075         0.088475158216074         0.415895787428516         0.000000000000000         0.000000000000000         0.000000000000000
        0.210700000000000         1.634252629639927         1.634252629639927         2.036110236135162         1.634252629639928         1.634252629639926         2.036110236135162         0.088154499934216         0.088154499934213         0.415770608368495         0.000000000000000         0.000000000000000         0.000000000000000
        0.210800000000000         1.631680016575665         1.631680016575668         2.032712194735970         1.631680016575665         1.631680016575668         2.032712194735970         0.087835451324320         0.087835451324329         0.415645802150234         0.000000000000000         0.000000000000000         0.000000000000000
        0.210900000000000         1.629078905319268         1.629078905319270         2.029382425094305         1.629078905319268         1.629078905319270         2.029382425094305         0.087518009521241         0.087518009521249         0.415521366070152         0.000000000000000         0.000000000000000         0.000000000000000
        0.211000000000000         1.626439152991508         1.626439152991505         2.026118784200481         1.626439152991508         1.626439152991505         2.026118784200481         0.087202171509722         0.087202171509713         0.415397297416130         0.000000000000000         0.000000000000000         0.000000000000000
        0.211100000000000         1.623745492127550         1.623745492127544         2.022915321972835         1.623745492127550         1.623745492127544         2.022915321972835         0.086887934125944         0.086887934125927         0.415273593468483         0.000000000000000         0.000000000000000         0.000000000000000
        0.211200000000000         1.620970454319765         1.620970454319764         2.019767845038309         1.620970454319765         1.620970454319764         2.019767845038309         0.086575294062792         0.086575294062791         0.415150251500686         0.000000000000000         0.000000000000000         0.000000000000000
        0.211300000000000         1.618100428532273         1.618100428532273         2.016673580176364         1.618100428532272         1.618100428532272         2.016673580176365         0.086264247871693         0.086264247871694         0.415027268780326         0.000000000000000         0.000000000000000         0.000000000000000
        0.211400000000000         1.615076495745677         1.615076495745678         2.013629415829503         1.615076495745677         1.615076495745678         2.013629415829503         0.085954791966454         0.085954791966459         0.414904642569893         0.000000000000000         0.000000000000000         0.000000000000000
        0.211500000000000         1.611820171386153         1.611820171386156         2.010633203885626         1.611820171386153         1.611820171386156         2.010633203885626         0.085646922626240         0.085646922626248         0.414782370127595         0.000000000000000         0.000000000000000         0.000000000000000
        0.211600000000000         1.608405237862451         1.608405237862448         2.007681175470536         1.608405237862451         1.608405237862448         2.007681175470536         0.085340635998854         0.085340635998845         0.414660448708169         0.000000000000000         0.000000000000000         0.000000000000000
        0.211700000000000         1.605414064304671         1.605414064304675         2.004772048945430         1.605414064304671         1.605414064304675         2.004772048945430         0.085035928104112         0.085035928104124         0.414538875563607         0.000000000000000         0.000000000000000         0.000000000000000
        0.211800000000000         1.602592003220783         1.602592003220785         2.001903747174422         1.602592003220783         1.602592003220785         2.001903747174421         0.084732794836956         0.084732794836961         0.414417647943990         0.000000000000000         0.000000000000000         0.000000000000000
        0.211900000000000         1.599885584765970         1.599885584765968         1.999074630123822         1.599885584765970         1.599885584765968         1.999074630123821         0.084431231970141         0.084431231970137         0.414296763098210         0.000000000000000         0.000000000000000         0.000000000000000
        0.212000000000000         1.597267144780240         1.597267144780242         1.996282922547842         1.597267144780240         1.597267144780242         1.996282922547842         0.084131234941689         0.084131234941695         0.414176218307495         0.000000000000000         0.000000000000000         0.000000000000000
        0.212100000000000         1.594716026804962         1.594716026804962         1.993527262624092         1.594716026804962         1.594716026804962         1.993527262624092         0.083832799940211         0.083832799940208         0.414056010722010         0.000000000000000         0.000000000000000         0.000000000000000
        0.212200000000000         1.592226270371874         1.592226270371875         1.990806199795237         1.592226270371875         1.592226270371875         1.990806199795238         0.083535921742337         0.083535921742338         0.413936137689851         0.000000000000000         0.000000000000000         0.000000000000000
        0.212300000000000         1.589784473986199         1.589784473986197         1.988118503160120         1.589784473986199         1.589784473986197         1.988118503160120         0.083240595881947         0.083240595881939         0.413816596429377         0.000000000000000         0.000000000000000         0.000000000000000
        0.212400000000000         1.587393158617110         1.587393158617109         1.985463143848574         1.587393158617110         1.587393158617109         1.985463143848574         0.082946817570262         0.082946817570255         0.413697384194070         0.000000000000000         0.000000000000000         0.000000000000000
        0.212500000000000         1.585036461341597         1.585036461341599         1.982838563687984         1.585036461341597         1.585036461341599         1.982838563687984         0.082654581914589         0.082654581914594         0.413578498240361         0.000000000000000         0.000000000000000         0.000000000000000
        0.212600000000000         1.582725326168969         1.582725326168967         1.980244181718172         1.582725326168969         1.582725326168967         1.980244181718172         0.082363883923279         0.082363883923272         0.413459935828138         0.000000000000000         0.000000000000000         0.000000000000000
        0.212700000000000         1.580436982448910         1.580436982448910         1.977678746048409         1.580436982448910         1.580436982448911         1.977678746048409         0.082074718506197         0.082074718506198         0.413341694221571         0.000000000000000         0.000000000000000         0.000000000000000
        0.212800000000000         1.578199334128558         1.578199334128558         1.975141593020581         1.578199334128558         1.578199334128558         1.975141593020581         0.081787080479862         0.081787080479863         0.413223770689471         0.000000000000000         0.000000000000000         0.000000000000000
        0.212900000000000         1.575988981255892         1.575988981255895         1.972633275841317         1.575988981255892         1.575988981255895         1.972633275841317         0.081500964568982         0.081500964568990         0.413106162506055         0.000000000000000         0.000000000000000         0.000000000000000
        0.213000000000000         1.573796494986681         1.573796494986679         1.970149810517413         1.573796494986681         1.573796494986679         1.970149810517413         0.081216365410360         0.081216365410353         0.412988866951351         0.000000000000000         0.000000000000000         0.000000000000000
        0.213100000000000         1.571639118770807         1.571639118770807         1.967692045550151         1.571639118770807         1.571639118770807         1.967692045550151         0.080933277554782         0.080933277554783         0.412871881311890         0.000000000000000         0.000000000000000         0.000000000000000
        0.213200000000000         1.569501542747263         1.569501542747263         1.965259333021941         1.569501542747263         1.569501542747263         1.965259333021941         0.080651695470597         0.080651695470600         0.412755202881119         0.000000000000000         0.000000000000000         0.000000000000000
        0.213300000000000         1.567392437342613         1.567392437342611         1.962850788625619         1.567392437342613         1.567392437342611         1.962850788625619         0.080371613546167         0.080371613546160         0.412638828959969         0.000000000000000         0.000000000000000         0.000000000000000
        0.213400000000000         1.565304824954889         1.565304824954889         1.960464352922036         1.565304824954889         1.565304824954889         1.960464352922036         0.080093026092721         0.080093026092719         0.412522756857336         0.000000000000000         0.000000000000000         0.000000000000000
        0.213500000000000         1.563241304011930         1.563241304011930         1.958102402940581         1.563241304011930         1.563241304011930         1.958102402940581         0.079815927347131         0.079815927347130         0.412406983890561         0.000000000000000         0.000000000000000         0.000000000000000
        0.213600000000000         1.561199517323167         1.561199517323168         1.955762647102642         1.561199517323167         1.561199517323169         1.955762647102641         0.079540311474611         0.079540311474614         0.412291507385879         0.000000000000000         0.000000000000000         0.000000000000000
        0.213700000000000         1.559179337166162         1.559179337166163         1.953447463078319         1.559179337166162         1.559179337166163         1.953447463078319         0.079266172571040         0.079266172571045         0.412176324678941         0.000000000000000         0.000000000000000         0.000000000000000
        0.213800000000000         1.557190721381349         1.557190721381348         1.951150694348511         1.557190721381349         1.557190721381347         1.951150694348511         0.078993504666156         0.078993504666153         0.412061433115134         0.000000000000000         0.000000000000000         0.000000000000000
        0.213900000000000         1.555193772495409         1.555193772495409         1.948874477042686         1.555193772495409         1.555193772495410         1.948874477042686         0.078722301725656         0.078722301725659         0.411946830050100         0.000000000000000         0.000000000000000         0.000000000000000
        0.214000000000000         1.553232371113556         1.553232371113557         1.946617826663029         1.553232371113555         1.553232371113557         1.946617826663028         0.078452557654059         0.078452557654065         0.411832512850062         0.000000000000000         0.000000000000000         0.000000000000000
        0.214100000000000         1.551287609049336         1.551287609049337         1.944381565934155         1.551287609049336         1.551287609049337         1.944381565934155         0.078184266296892         0.078184266296895         0.411718478892302         0.000000000000000         0.000000000000000         0.000000000000000
        0.214200000000000         1.549360327892430         1.549360327892430         1.942165089230478         1.549360327892430         1.549360327892430         1.942165089230478         0.077917421443706         0.077917421443704         0.411604725565423         0.000000000000000         0.000000000000000         0.000000000000000
        0.214300000000000         1.547450312066807         1.547450312066810         1.939967565352726         1.547450312066807         1.547450312066810         1.939967565352726         0.077652016829633         0.077652016829640         0.411491250269852         0.000000000000000         0.000000000000000         0.000000000000000
        0.214400000000000         1.545557638086965         1.545557638086966         1.937790647970833         1.545557638086965         1.545557638086966         1.937790647970833         0.077388046138895         0.077388046138899         0.411378050418022         0.000000000000000         0.000000000000000         0.000000000000000
        0.214500000000000         1.543679944552847         1.543679944552849         1.935629682487487         1.543679944552848         1.543679944552849         1.935629682487486         0.077125503006099         0.077125503006104         0.411265123434855         0.000000000000000         0.000000000000000         0.000000000000000
        0.214600000000000         1.541820295491919         1.541820295491917         1.933490555073688         1.541820295491919         1.541820295491917         1.933490555073689         0.076864381018965         0.076864381018960         0.411152466758035         0.000000000000000         0.000000000000000         0.000000000000000
        0.214700000000000         1.539975109048647         1.539975109048646         1.931364112379578         1.539975109048647         1.539975109048646         1.931364112379578         0.076604673721215         0.076604673721213         0.411040077838207         0.000000000000000         0.000000000000000         0.000000000000000
        0.214800000000000         1.538142904195212         1.538142904195212         1.929254495672763         1.538142904195212         1.538142904195212         1.929254495672762         0.076346374613556         0.076346374613556         0.410927954139466         0.000000000000000         0.000000000000000         0.000000000000000
        0.214900000000000         1.536325142288855         1.536325142288855         1.927156692791225         1.536325142288856         1.536325142288855         1.927156692791225         0.076089477156835         0.076089477156835         0.410816093139495         0.000000000000000         0.000000000000000         0.000000000000000
        0.215000000000000         1.534524987584138         1.534524987584138         1.925079749224056         1.534524987584138         1.534524987584138         1.925079749224056         0.075833974774117         0.075833974774117         0.410704492329843         0.000000000000000         0.000000000000000         0.000000000000000
        0.215100000000000         1.532736087995438         1.532736087995437         1.923018563469521         1.532736087995438         1.532736087995437         1.923018563469520         0.075579860851963         0.075579860851960         0.410593149216310         0.000000000000000         0.000000000000000         0.000000000000000
        0.215200000000000         1.530960334011723         1.530960334011721         1.920972946964552         1.530960334011723         1.530960334011721         1.920972946964552         0.075327128743805         0.075327128743801         0.410482061318981         0.000000000000000         0.000000000000000         0.000000000000000
        0.215300000000000         1.529201259976449         1.529201259976449         1.918942528858745         1.529201259976449         1.529201259976449         1.918942528858745         0.075075771770888         0.075075771770886         0.410371226172649         0.000000000000000         0.000000000000000         0.000000000000000
        0.215400000000000         1.527450688400117         1.527450688400116         1.916928092431116         1.527450688400117         1.527450688400116         1.916928092431115         0.074825783224653         0.074825783224651         0.410260641326953         0.000000000000000         0.000000000000000         0.000000000000000
        0.215500000000000         1.525715572393713         1.525715572393715         1.914927237914720         1.525715572393713         1.525715572393715         1.914927237914720         0.074577156368839         0.074577156368846         0.410150304346577         0.000000000000000         0.000000000000000         0.000000000000000
        0.215600000000000         1.523992531874466         1.523992531874466         1.912940773878752         1.523992531874466         1.523992531874466         1.912940773878752         0.074329884441321         0.074329884441320         0.410040212811457         0.000000000000000         0.000000000000000         0.000000000000000
        0.215700000000000         1.522282374032599         1.522282374032601         1.910977712562632         1.522282374032599         1.522282374032601         1.910977712562632         0.074083960655668         0.074083960655675         0.409930364317017         0.000000000000000         0.000000000000000         0.000000000000000
        0.215800000000000         1.520583762394420         1.520583762394419         1.909018152583750         1.520583762394419         1.520583762394419         1.909018152583750         0.073839378203466         0.073839378203463         0.409820756474278         0.000000000000000         0.000000000000000         0.000000000000000
        0.215900000000000         1.518896955288334         1.518896955288334         1.907065617629458         1.518896955288334         1.518896955288334         1.907065617629458         0.073596130255728         0.073596130255726         0.409711386910069         0.000000000000000         0.000000000000000         0.000000000000000
        0.216000000000000         1.517226148536700         1.517226148536702         1.905129899936277         1.517226148536701         1.517226148536702         1.905129899936276         0.073354209964907         0.073354209964915         0.409602253267157         0.000000000000000         0.000000000000000         0.000000000000000
        0.216100000000000         1.515557747037161         1.515557747037162         1.903211351562843         1.515557747037161         1.515557747037162         1.903211351562843         0.073113610466337         0.073113610466345         0.409493353204442         0.000000000000000         0.000000000000000         0.000000000000000
        0.216200000000000         1.513906307978889         1.513906307978889         1.901305428079388         1.513906307978889         1.513906307978889         1.901305428079389         0.072874324880190         0.072874324880190         0.409384684397032         0.000000000000000         0.000000000000000         0.000000000000000
        0.216300000000000         1.512265963372666         1.512265963372666         1.899412183301169         1.512265963372666         1.512265963372666         1.899412183301169         0.072636346312982         0.072636346312982         0.409276244536414         0.000000000000000         0.000000000000000         0.000000000000000
        0.216400000000000         1.510633791651625         1.510633791651624         1.897531140877267         1.510633791651625         1.510633791651624         1.897531140877267         0.072399667859344         0.072399667859344         0.409168031330515         0.000000000000000         0.000000000000000         0.000000000000000
        0.216500000000000         1.509013789166950         1.509013789166951         1.895663832039037         1.509013789166950         1.509013789166951         1.895663832039037         0.072164282603142         0.072164282603146         0.409060042503928         0.000000000000000         0.000000000000000         0.000000000000000
        0.216600000000000         1.507405175603551         1.507405175603551         1.893806934545662         1.507405175603551         1.507405175603551         1.893806934545663         0.071930183619487         0.071930183619489         0.408952275797902         0.000000000000000         0.000000000000000         0.000000000000000
        0.216700000000000         1.505803327155987         1.505803327155986         1.891962270967563         1.505803327155987         1.505803327155986         1.891962270967563         0.071697363976087         0.071697363976083         0.408844728970464         0.000000000000000         0.000000000000000         0.000000000000000
        0.216800000000000         1.504214287245543         1.504214287245541         1.890128855580345         1.504214287245542         1.504214287245541         1.890128855580344         0.071465816734569         0.071465816734562         0.408737399796535         0.000000000000000         0.000000000000000         0.000000000000000
        0.216900000000000         1.502637356363586         1.502637356363586         1.888306204202725         1.502637356363586         1.502637356363586         1.888306204202724         0.071235534952033         0.071235534952037         0.408630286067975         0.000000000000000         0.000000000000000         0.000000000000000
        0.217000000000000         1.501068194480277         1.501068194480278         1.886495398319130         1.501068194480277         1.501068194480278         1.886495398319130         0.071006511682391         0.071006511682393         0.408523385593667         0.000000000000000         0.000000000000000         0.000000000000000
        0.217100000000000         1.499509579062078         1.499509579062078         1.884697113664730         1.499509579062078         1.499509579062078         1.884697113664730         0.070778739977721         0.070778739977722         0.408416696199576         0.000000000000000         0.000000000000000         0.000000000000000
        0.217200000000000         1.497958189988265         1.497958189988265         1.882907964776223         1.497958189988265         1.497958189988265         1.882907964776222         0.070552212889666         0.070552212889666         0.408310215728776         0.000000000000000         0.000000000000000         0.000000000000000
        0.217300000000000         1.496422982341348         1.496422982341348         1.881129598384626         1.496422982341348         1.496422982341348         1.881129598384625         0.070326923470531         0.070326923470531         0.408203942041554         0.000000000000000         0.000000000000000         0.000000000000000
        0.217400000000000         1.494888259986061         1.494888259986061         1.879361762644244         1.494888259986061         1.494888259986061         1.879361762644244         0.070102864774654         0.070102864774654         0.408097873015410         0.000000000000000         0.000000000000000         0.000000000000000
        0.217500000000000         1.493365265631385         1.493365265631385         1.877602301775813         1.493365265631385         1.493365265631385         1.877602301775813         0.069880029859576         0.069880029859576         0.407992006545098         0.000000000000000         0.000000000000000         0.000000000000000
        0.217600000000000         1.491852063804957         1.491852063804957         1.875854867266860         1.491852063804957         1.491852063804957         1.875854867266860         0.069658411787474         0.069658411787474         0.407886340542612         0.000000000000000         0.000000000000000         0.000000000000000
        0.217700000000000         1.490347226188105         1.490347226188105         1.874117480686083         1.490347226188105         1.490347226188105         1.874117480686083         0.069438003625760         0.069438003625759         0.407780872937311         0.000000000000000         0.000000000000000         0.000000000000000
        0.217800000000000         1.488851790355629         1.488851790355630         1.872389943727291         1.488851790355629         1.488851790355630         1.872389943727291         0.069218798448686         0.069218798448689         0.407675601675843         0.000000000000000         0.000000000000000         0.000000000000000
        0.217900000000000         1.487365501115359         1.487365501115358         1.870672015109165         1.487365501115359         1.487365501115358         1.870672015109165         0.069000789338398         0.069000789338396         0.407570524722139         0.000000000000000         0.000000000000000         0.000000000000000
        0.218000000000000         1.485888953630742         1.485888953630743         1.868964803632147         1.485888953630742         1.485888953630743         1.868964803632146         0.068783969385597         0.068783969385600         0.407465640057524         0.000000000000000         0.000000000000000         0.000000000000000
        0.218100000000000         1.484417698274568         1.484417698274567         1.867265609231920         1.484417698274568         1.484417698274567         1.867265609231919         0.068568331691034         0.068568331691033         0.407360945680598         0.000000000000000         0.000000000000000         0.000000000000000
        0.218200000000000         1.482955004000602         1.482955004000602         1.865575322816915         1.482955004000602         1.482955004000602         1.865575322816915         0.068353869366248         0.068353869366248         0.407256439607281         0.000000000000000         0.000000000000000         0.000000000000000
        0.218300000000000         1.481501497388077         1.481501497388077         1.863894845204894         1.481501497388077         1.481501497388077         1.863894845204894         0.068140575534495         0.068140575534491         0.407152119870831         0.000000000000000         0.000000000000000         0.000000000000000
        0.218400000000000         1.480056054538712         1.480056054538712         1.862223485288094         1.480056054538712         1.480056054538712         1.862223485288094         0.067928443331969         0.067928443331970         0.407047984521724         0.000000000000000         0.000000000000000         0.000000000000000
        0.218500000000000         1.478618411532864         1.478618411532863         1.860560882379679         1.478618411532864         1.478618411532863         1.860560882379679         0.067717465908332         0.067717465908331         0.406944031627755         0.000000000000000         0.000000000000000         0.000000000000000
        0.218600000000000         1.477189931915921         1.477189931915920         1.858907159044645         1.477189931915920         1.477189931915920         1.858907159044645         0.067507636427912         0.067507636427909         0.406840259273903         0.000000000000000         0.000000000000000         0.000000000000000
        0.218700000000000         1.475768704476625         1.475768704476625         1.857261920324177         1.475768704476625         1.475768704476625         1.857261920324177         0.067298948070258         0.067298948070257         0.406736665562399         0.000000000000000         0.000000000000000         0.000000000000000
        0.218800000000000         1.474308954313123         1.474308954313122         1.855625249378077         1.474308954313123         1.474308954313122         1.855625249378077         0.067091394031370         0.067091394031366         0.406633248612571         0.000000000000000         0.000000000000000         0.000000000000000
        0.218900000000000         1.472945561597867         1.472945561597868         1.853996917144074         1.472945561597867         1.472945561597868         1.853996917144074         0.066884967524051         0.066884967524053         0.406530006560916         0.000000000000000         0.000000000000000         0.000000000000000
        0.219000000000000         1.471546549231909         1.471546549231910         1.852377361965416         1.471546549231910         1.471546549231909         1.852377361965417         0.066679661744582         0.066679661744582         0.406426937572369         0.000000000000000         0.000000000000000         0.000000000000000
        0.219100000000000         1.470181350949837         1.470181350949837         1.850764743945316         1.470181350949837         1.470181350949837         1.850764743945316         0.066475470045214         0.066475470045213         0.406324039783419         0.000000000000000         0.000000000000000         0.000000000000000
        0.219200000000000         1.468770751606006         1.468770751606006         1.849161356914201         1.468770751606006         1.468770751606007         1.849161356914201         0.066272385591422         0.066272385591426         0.406221311415693         0.000000000000000         0.000000000000000         0.000000000000000
        0.219300000000000         1.467393760880949         1.467393760880949         1.847565478945398         1.467393760880949         1.467393760880949         1.847565478945398         0.066070401705861         0.066070401705861         0.406118750662335         0.000000000000000         0.000000000000000         0.000000000000000
        0.219400000000000         1.466023763329308         1.466023763329308         1.845977659672105         1.466023763329309         1.466023763329309         1.845977659672105         0.065869511697604         0.065869511697602         0.406016355744663         0.000000000000000         0.000000000000000         0.000000000000000
        0.219500000000000         1.464660406580715         1.464660406580714         1.844396927048720         1.464660406580715         1.464660406580715         1.844396927048720         0.065669708896968         0.065669708896968         0.405914124900803         0.000000000000000         0.000000000000000         0.000000000000000
        0.219600000000000         1.463305057039829         1.463305057039830         1.842829538337501         1.463305057039829         1.463305057039829         1.842829538337501         0.065470986656046         0.065470986656048         0.405812056385654         0.000000000000000         0.000000000000000         0.000000000000000
        0.219700000000000         1.461956758819144         1.461956758819145         1.841264940097284         1.461956758819144         1.461956758819145         1.841264940097283         0.065273338349677         0.065273338349679         0.405710148470695         0.000000000000000         0.000000000000000         0.000000000000000
        0.219800000000000         1.460614379106262         1.460614379106262         1.839707235833622         1.460614379106262         1.460614379106262         1.839707235833622         0.065076757375513         0.065076757375514         0.405608399444085         0.000000000000000         0.000000000000000         0.000000000000000
        0.219900000000000         1.459279002563584         1.459279002563584         1.838156879372888         1.459279002563584         1.459279002563584         1.838156879372888         0.064881237155134         0.064881237155134         0.405506807610409         0.000000000000000         0.000000000000000         0.000000000000000
        0.220000000000000         1.457950717574706         1.457950717574706         1.836614223403448         1.457950717574706         1.457950717574706         1.836614223403448         0.064686771134092         0.064686771134092         0.405405371290753         0.000000000000000         0.000000000000000         0.000000000000000
        0.221000000000000         1.445013246387778         1.445013246387765         1.821558740474540         1.445013246387778         1.445013246387765         1.821558740474540         0.062798684456693         0.062798684456620         0.404399196478192         0.000000000000000         0.000000000000000         0.000000000000000
        0.222000000000000         1.432673177461026         1.432673177460996         1.807143199592647         1.432673177461026         1.432673177460996         1.807143199592647         0.061008983822317         0.061008983822145         0.403406853710798         0.000000000000000         0.000000000000000         0.000000000000000
        0.223000000000000         1.420874868015037         1.420874868015037         1.793297567122782         1.420874868015037         1.420874868015037         1.793297567122782         0.059311600054586         0.059311600054586         0.402426911931385         0.000000000000000         0.000000000000000         0.000000000000000
        0.224000000000000         1.409576939861670         1.409576939861670         1.779961628977203         1.409576939861670         1.409576939861670         1.779961628977203         0.057700754268048         0.057700754268049         0.401458091955859         0.000000000000000         0.000000000000000         0.000000000000000
        0.225000000000000         1.398723775700810         1.398723775700796         1.767091759547482         1.398723775700810         1.398723775700796         1.767091759547482         0.056170992642908         0.056170992642818         0.400499246306517         0.000000000000000         0.000000000000000         0.000000000000000
        0.226000000000000         1.388296539364791         1.388296539364816         1.754646277495565         1.388296539364791         1.388296539364816         1.754646277495565         0.054717188949281         0.054717188949454         0.399549348039865         0.000000000000000         0.000000000000000         0.000000000000000
        0.227000000000000         1.378258949801131         1.378258949801136         1.742590355112499         1.378258949801131         1.378258949801136         1.742590355112499         0.053334540206002         0.053334540206036         0.398607479855120         0.000000000000000         0.000000000000000         0.000000000000000
        0.228000000000000         1.368587346992118         1.368587346992118         1.730895529802864         1.368587346992118         1.368587346992118         1.730895529802864         0.052018557454302         0.052018557454302         0.397672823719969         0.000000000000000         0.000000000000000         0.000000000000000
        0.229000000000000         1.359254917433077         1.359254917433079         1.719535039254643         1.359254917433077         1.359254917433079         1.719535039254643         0.050765053211905         0.050765053211914         0.396744651146494         0.000000000000000         0.000000000000000         0.000000000000000
        0.230000000000000         1.350242715731018         1.350242715731018         1.708488143143477         1.350242715731018         1.350242715731018         1.708488143143477         0.049570126792682         0.049570126792685         0.395822314199259         0.000000000000000         0.000000000000000         0.000000000000000
        0.231000000000000         1.341530346473544         1.341530346473546         1.697731720230032         1.341530346473544         1.341530346473546         1.697731720230032         0.048430148406841         0.048430148406861         0.394905237259540         0.000000000000000         0.000000000000000         0.000000000000000
        0.232000000000000         1.333102117614808         1.333102117614810         1.687257092472414         1.333102117614808         1.333102117614810         1.687257092472414         0.047341742726297         0.047341742726315         0.393992909526907         0.000000000000000         0.000000000000000         0.000000000000000
        0.233000000000000         1.324942176672049         1.324942176672048         1.677040699798353         1.324942176672049         1.324942176672048         1.677040699798353         0.046301772397946         0.046301772397930         0.393084878244106         0.000000000000000         0.000000000000000         0.000000000000000
        0.234000000000000         1.317036786594293         1.317036786594293         1.667070911419964         1.317036786594292         1.317036786594292         1.667070911419964         0.045307321865025         0.045307321865021         0.392180742593353         0.000000000000000         0.000000000000000         0.000000000000000
        0.235000000000000         1.309371601691090         1.309371601691089         1.657332766816204         1.309371601691091         1.309371601691089         1.657332766816204         0.044355681735769         0.044355681735752         0.391280148219364         0.000000000000000         0.000000000000000         0.000000000000000
        0.236000000000000         1.301938955747762         1.301938955747760         1.647829294316868         1.301938955747763         1.301938955747760         1.647829294316868         0.043444333857631         0.043444333857608         0.390382782321650         0.000000000000000         0.000000000000000         0.000000000000000
        0.237000000000000         1.294723966028376         1.294723966028375         1.638534611517320         1.294723966028376         1.294723966028375         1.638534611517320         0.042570937194524         0.042570937194518         0.389488369269314         0.000000000000000         0.000000000000000         0.000000000000000
        0.238000000000000         1.287737684697040         1.287737684697041         1.629446686002796         1.287737684697040         1.287737684697042         1.629446686002795         0.041733314556509         0.041733314556518         0.388596666688373         0.000000000000000         0.000000000000000         0.000000000000000
        0.239000000000000         1.280933788125385         1.280933788125385         1.620555692710237         1.280933788125385         1.280933788125385         1.620555692710238         0.040929440198024         0.040929440198025         0.387707461965597         0.000000000000000         0.000000000000000         0.000000000000000
        0.240000000000000         1.274322096819308         1.274322096819308         1.611853555080148         1.274322096819308         1.274322096819308         1.611853555080148         0.040157428278796         0.040157428278795         0.386820569136133         0.000000000000000         0.000000000000000         0.000000000000000
        0.241000000000000         1.267894953974244         1.267894953974244         1.603335710096679         1.267894953974243         1.267894953974243         1.603335710096680         0.039415522162267         0.039415522162267         0.385935826103575         0.000000000000000         0.000000000000000         0.000000000000000
        0.242000000000000         1.261646200271376         1.261646200271376         1.594994085062038         1.261646200271376         1.261646200271376         1.594994085062038         0.038702084518275         0.038702084518277         0.385053092163972         0.000000000000000         0.000000000000000         0.000000000000000
        0.243000000000000         1.255564987671022         1.255564987671022         1.586822945624583         1.255564987671022         1.255564987671022         1.586822945624583         0.038015588186564         0.038015588186563         0.384172245793644         0.000000000000000         0.000000000000000         0.000000000000000
        0.244000000000000         1.249649706215014         1.249649706215014         1.578818956236579         1.249649706215014         1.249649706215014         1.578818956236579         0.037354607758478         0.037354607758475         0.383293182677088         0.000000000000000         0.000000000000000         0.000000000000000
        0.245000000000000         1.243892663207806         1.243892663207807         1.570974947697797         1.243892663207806         1.243892663207807         1.570974947697797         0.036717811827043         0.036717811827051         0.382415813943212         0.000000000000000         0.000000000000000         0.000000000000000
        0.246000000000000         1.238287150078861         1.238287150078860         1.563285226179443         1.238287150078861         1.238287150078860         1.563285226179443         0.036103955858922         0.036103955858913         0.381540064588709         0.000000000000000         0.000000000000000         0.000000000000000
        0.247000000000000         1.232831401880041         1.232831401880041         1.555747834951373         1.232831401880041         1.232831401880041         1.555747834951373         0.035511875644351         0.035511875644346         0.380665872067670         0.000000000000000         0.000000000000000         0.000000000000000
        0.248000000000000         1.227517358616138         1.227517358616139         1.548357233660874         1.227517358616138         1.227517358616139         1.548357233660874         0.034940481278473         0.034940481278490         0.379793185027994         0.000000000000000         0.000000000000000         0.000000000000000
        0.249000000000000         1.222340153040339         1.222340153040340         1.541110437181779         1.222340153040339         1.222340153040340         1.541110437181779         0.034388751631189         0.034388751631198         0.378921962177770         0.000000000000000         0.000000000000000         0.000000000000000
        0.250000000000000         1.217298108559799         1.217298108559800         1.533996429945861         1.217298108559800         1.217298108559800         1.533996429945861         0.033855729269396         0.033855729269399         0.378052171268560         0.000000000000000         0.000000000000000         0.000000000000000
        0.251000000000000         1.212386399991662         1.212386399991662         1.527046467198532         1.212386399991662         1.212386399991662         1.527046467198532         0.033340515789586         0.033340515789585         0.377183788180420         0.000000000000000         0.000000000000000         0.000000000000000
        0.252000000000000         1.207599516988047         1.207599516988047         1.520206442723583         1.207599516988047         1.207599516988047         1.520206442723584         0.032842267531017         0.032842267531020         0.376316796099565         0.000000000000000         0.000000000000000         0.000000000000000
        0.253000000000000         1.202935793439317         1.202935793439316         1.513493563833099         1.202935793439317         1.202935793439316         1.513493563833099         0.032360191634890         0.032360191634879         0.375451184777399         0.000000000000000         0.000000000000000         0.000000000000000
        0.254000000000000         1.198096509054772         1.198096509054773         1.506937818650292         1.198096509054772         1.198096509054773         1.506937818650292         0.031893542419455         0.031893542419469         0.374586949861481         0.000000000000000         0.000000000000000         0.000000000000000
        0.255000000000000         1.193865571581170         1.193865571581169         1.500477928749378         1.193865571581170         1.193865571581169         1.500477928749378         0.031441618047610         0.031441618047608         0.373724092292501         0.000000000000000         0.000000000000000         0.000000000000000
        0.256000000000000         1.189589361287494         1.189589361287494         1.494136188376853         1.189589361287494         1.189589361287494         1.494136188376853         0.031003757457970         0.031003757457970         0.372862617758180         0.000000000000000         0.000000000000000         0.000000000000000
        0.257000000000000         1.185483769687101         1.185483769687101         1.487912409609274         1.185483769687101         1.185483769687101         1.487912409609274         0.030579337538998         0.030579337538998         0.372002536199251         0.000000000000000         0.000000000000000         0.000000000000000
        0.258000000000000         1.181354742362449         1.181354742362449         1.481804074545275         1.181354742362449         1.181354742362449         1.481804074545275         0.030167770526259         0.030167770526255         0.371143861361911         0.000000000000000         0.000000000000000         0.000000000000000
        0.259000000000000         1.177361540019198         1.177361540019199         1.475806822250034         1.177361540019198         1.177361540019199         1.475806822250034         0.029768501601306         0.029768501601321         0.370286610391558         0.000000000000000         0.000000000000000         0.000000000000000
        0.260000000000000         1.173455879589419         1.173455879589418         1.469921087083587         1.173455879589419         1.173455879589418         1.469921087083587         0.029381006677303         0.029381006677286         0.369430803463575         0.000000000000000         0.000000000000000         0.000000000000000
        0.261000000000000         1.169635879330921         1.169635879330921         1.464145317760037         1.169635879330920         1.169635879330920         1.464145317760038         0.029004790354608         0.029004790354605         0.368576463448294         0.000000000000000         0.000000000000000         0.000000000000000
        0.262000000000000         1.165975214058812         1.165975214058812         1.458473387680332         1.165975214058812         1.165975214058813         1.458473387680332         0.028639384031843         0.028639384031847         0.367723615605403         0.000000000000000         0.000000000000000         0.000000000000000
        0.263000000000000         1.162324895616647         1.162324895616647         1.452901877106430         1.162324895616647         1.162324895616647         1.452901877106430         0.028284344149036         0.028284344149032         0.366872287304616         0.000000000000000         0.000000000000000         0.000000000000000
        0.264000000000000         1.158780588534967         1.158780588534970         1.447437652493794         1.158780588534967         1.158780588534970         1.447437652493794         0.027939250626359         0.027939250626385         0.366022507775466         0.000000000000000         0.000000000000000         0.000000000000000
        0.265000000000000         1.155336594925088         1.155336594925088         1.442069977628474         1.155336594925088         1.155336594925088         1.442069977628474         0.027603705260323         0.027603705260315         0.365174307869000         0.000000000000000         0.000000000000000         0.000000000000000
        0.266000000000000         1.151988718730463         1.151988718730466         1.436799870655894         1.151988718730463         1.151988718730466         1.436799870655894         0.027277330447488         0.027277330447497         0.364327719852660         0.000000000000000         0.000000000000000         0.000000000000000
        0.267000000000000         1.148726719287408         1.148726719287408         1.431625209317667         1.148726719287408         1.148726719287408         1.431625209317667         0.026959767845021         0.026959767844999         0.363482777212541         0.000000000000000         0.000000000000000         0.000000000000000
        0.268000000000000         1.145476294463172         1.145476294463172         1.426544220376522         1.145476294463172         1.145476294463172         1.426544220376522         0.026650677190608         0.026650677190607         0.362639514477792         0.000000000000000         0.000000000000000         0.000000000000000
        0.269000000000000         1.142344444550865         1.142344444550865         1.421555434205898         1.142344444550865         1.142344444550865         1.421555434205898         0.026349735196434         0.026349735196426         0.361797967057596         0.000000000000000         0.000000000000000         0.000000000000000
        0.270000000000000         1.139325408700123         1.139325408700123         1.416657316261891         1.139325408700123         1.139325408700123         1.416657316261890         0.026056634520977         0.026056634520975         0.360958171092545         0.000000000000000         0.000000000000000         0.000000000000000
        0.271000000000000         1.136517137672814         1.136517137672814         1.411846011482759         1.136517137672814         1.136517137672814         1.411846011482759         0.025771082813993         0.025771082813992         0.360120163317955         0.000000000000000         0.000000000000000         0.000000000000000
        0.272000000000000         1.133570692546935         1.133570692546935         1.407124146990743         1.133570692546935         1.133570692546935         1.407124146990743         0.025492801827429         0.025492801827429         0.359283980939159         0.000000000000000         0.000000000000000         0.000000000000000
        0.273000000000000         1.130835724807702         1.130835724807702         1.402483607035167         1.130835724807702         1.130835724807702         1.402483607035167         0.025221526587855         0.025221526587856         0.358449661515775         0.000000000000000         0.000000000000000         0.000000000000000
        0.274000000000000         1.128117948566534         1.128117948566534         1.397929558872112         1.128117948566534         1.128117948566534         1.397929558872112         0.024957004625788         0.024957004625782         0.357617242857170         0.000000000000000         0.000000000000000         0.000000000000000
        0.275000000000000         1.125465716009518         1.125465716009518         1.393453799560016         1.125465716009518         1.125465716009518         1.393453799560016         0.024698995256242         0.024698995256230         0.356786762924690         0.000000000000000         0.000000000000000         0.000000000000000
        0.276000000000000         1.122944692188924         1.122944692188924         1.389059729105863         1.122944692188924         1.122944692188924         1.389059729105864         0.024447268908870         0.024447268908866         0.355958259743238         0.000000000000000         0.000000000000000         0.000000000000000
        0.277000000000000         1.120383123711558         1.120383123711558         1.384745590440650         1.120383123711558         1.120383123711558         1.384745590440650         0.024201606501384         0.024201606501384         0.355131771319338         0.000000000000000         0.000000000000000         0.000000000000000
        0.278000000000000         1.118054280998003         1.118054280998003         1.380510727209191         1.118054280998003         1.118054280998003         1.380510727209191         0.023961798855066         0.023961798855063         0.354307335565985         0.000000000000000         0.000000000000000         0.000000000000000
        0.279000000000000         1.115573650289101         1.115573650289101         1.376349176119057         1.115573650289102         1.115573650289101         1.376349176119057         0.023727646147844         0.023727646147835         0.353484990234057         0.000000000000000         0.000000000000000         0.000000000000000
        0.280000000000000         1.113254914895259         1.113254914895260         1.372264295248669         1.113254914895260         1.113254914895259         1.372264295248670         0.023498957403187         0.023498957403193         0.352664772848786         0.000000000000000         0.000000000000000         0.000000000000000
        0.281000000000000         1.111051623263561         1.111051623263561         1.368252061998581         1.111051623263561         1.111051623263561         1.368252061998581         0.023275550011388         0.023275550011391         0.351846720651824         0.000000000000000         0.000000000000000         0.000000000000000
        0.282000000000000         1.108894001000068         1.108894001000067         1.364311484307560         1.108894001000067         1.108894001000067         1.364311484307560         0.023057249281205         0.023057249281208         0.351030870548410         0.000000000000000         0.000000000000000         0.000000000000000
        0.283000000000000         1.106730338945866         1.106730338945866         1.360442163490962         1.106730338945866         1.106730338945866         1.360442163490962         0.022843888019890         0.022843888019890         0.350217259058190         0.000000000000000         0.000000000000000         0.000000000000000
        0.284000000000000         1.104642806230744         1.104642806230744         1.356641195206348         1.104642806230744         1.104642806230744         1.356641195206348         0.022635306139113         0.022635306139113         0.349405922271179         0.000000000000000         0.000000000000000         0.000000000000000
        0.285000000000000         1.102622641785213         1.102622641785213         1.352909735698600         1.102622641785213         1.102622641785213         1.352909735698600         0.022431350285637         0.022431350285638         0.348596895806741         0.000000000000000         0.000000000000000         0.000000000000000
        0.286000000000000         1.100597913248131         1.100597913248131         1.349246415080042         1.100597913248131         1.100597913248131         1.349246415080043         0.022231873493630         0.022231873493632         0.347790214776772         0.000000000000000         0.000000000000000         0.000000000000000
        0.287000000000000         1.098685651775278         1.098685651775278         1.345647423105173         1.098685651775278         1.098685651775278         1.345647423105173         0.022036734859517         0.022036734859515         0.346985913751767         0.000000000000000         0.000000000000000         0.000000000000000
        0.288000000000000         1.096936739820977         1.096936739820977         1.342112982117707         1.096936739820977         1.096936739820977         1.342112982117707         0.021845799234608         0.021845799234602         0.346184026730259         0.000000000000000         0.000000000000000         0.000000000000000
        0.289000000000000         1.095225209478044         1.095225209478044         1.338642491723308         1.095225209478044         1.095225209478044         1.338642491723308         0.021658936937543         0.021658936937544         0.345384587110963         0.000000000000000         0.000000000000000         0.000000000000000
        0.290000000000000         1.093463148533288         1.093463148533288         1.335233663015879         1.093463148533288         1.093463148533288         1.335233663015879         0.021476023482887         0.021476023482883         0.344587627667826         0.000000000000000         0.000000000000000         0.000000000000000
        0.291000000000000         1.091771230898416         1.091771230898416         1.331885517808417         1.091771230898416         1.091771230898416         1.331885517808417         0.021296939325335         0.021296939325338         0.343793180527229         0.000000000000000         0.000000000000000         0.000000000000000
        0.292000000000000         1.090121636369459         1.090121636369459         1.328597826263976         1.090121636369459         1.090121636369459         1.328597826263976         0.021121569619889         0.021121569619890         0.343001277148025         0.000000000000000         0.000000000000000         0.000000000000000
        0.293000000000000         1.088530798534737         1.088530798534737         1.325369084591266         1.088530798534737         1.088530798534737         1.325369084591266         0.020949803994322         0.020949803994325         0.342211948303164         0.000000000000000         0.000000000000000         0.000000000000000
        0.294000000000000         1.087071129641820         1.087071129641820         1.322198166498933         1.087071129641820         1.087071129641820         1.322198166498933         0.020781536335631         0.020781536335635         0.341425224064072         0.000000000000000         0.000000000000000         0.000000000000000
        0.295000000000000         1.085578596183311         1.085578596183311         1.319083530138837         1.085578596183311         1.085578596183311         1.319083530138837         0.020616664588346         0.020616664588350         0.340641133786217         0.000000000000000         0.000000000000000         0.000000000000000
        0.296000000000000         1.084156427867510         1.084156427867510         1.316024449165119         1.084156427867510         1.084156427867510         1.316024449165119         0.020455090563714         0.020455090563718         0.339859706097083         0.000000000000000         0.000000000000000         0.000000000000000
        0.297000000000000         1.082780495613624         1.082780495613624         1.313020414634484         1.082780495613624         1.082780495613624         1.313020414634484         0.020296719759871         0.020296719759879         0.339080968885362         0.000000000000000         0.000000000000000         0.000000000000000
        0.298000000000000         1.081405768498377         1.081405768498377         1.310070284302224         1.081405768498377         1.081405768498377         1.310070284302224         0.020141461191758         0.020141461191761         0.338304949292040         0.000000000000000         0.000000000000000         0.000000000000000
        0.299000000000000         1.080147581820129         1.080147581820129         1.307172459732723         1.080147581820129         1.080147581820129         1.307172459732723         0.019989227230312         0.019989227230312         0.337531673702874         0.000000000000000         0.000000000000000         0.000000000000000
        0.300000000000000         1.078915923156321         1.078915923156321         1.304327032680442         1.078915923156322         1.078915923156322         1.304327032680442         0.019839933450248         0.019839933450247         0.336761167742105         0.000000000000000         0.000000000000000         0.000000000000000
