                   T[GeV]                  tauU[fm]                  tauD[fm]                  tauS[fm]               tauUBar[fm]               tauDBar[fm]               tauSBar[fm]                effMU[GeV]                effMD[GeV]                effMS[GeV]               effCPU[GeV]               effCPD[GeV]               effCPS[GeV]
        0.120000000000000        22.564338843497229        22.564338843497225        27.282063905949784        22.564338843497229        22.564338843497229        27.282063905949780         0.355428719093609         0.355428719093609         0.531872141763753         0.000000000000000         0.000000000000000         0.000000000000000
        0.121000000000000        21.604423906154238        21.604423906154238        26.054404631920917        21.604423906154238        21.604423906154238        26.054404631920917         0.352952835554922         0.352952835554922         0.529923130698746         0.000000000000000         0.000000000000000         0.000000000000000
        0.122000000000000        20.690675024704792        20.690675024704774        24.888130232250813        20.690675024704792        20.690675024704777        24.888130232250816         0.350349371652826         0.350349371652826         0.527875848197655         0.000000000000000         0.000000000000000         0.000000000000000
        0.123000000000000        19.819926985316222        19.819926985316204        23.778939228036023        19.819926985316226        19.819926985316208        23.778939228036023         0.347608960703923         0.347608960703922         0.525723444707109         0.000000000000000         0.000000000000000         0.000000000000000
        0.124000000000000        18.989075443064610        18.989075443064547        22.722833208330361        18.989075443064614        18.989075443064547        22.722833208330353         0.344721029234037         0.344721029234035         0.523458224381077         0.000000000000000         0.000000000000000         0.000000000000000
        0.125000000000000        18.195526668677047        18.195526668677076        21.716076674423352        18.195526668677047        18.195526668677076        21.716076674423348         0.341673566908554         0.341673566908555         0.521071487956145         0.000000000000000         0.000000000000000         0.000000000000000
        0.126000000000000        17.436525922762161        17.436525922762122        20.755176272117311        17.436525922762161        17.436525922762122        20.755176272117311         0.338452837882044         0.338452837882043         0.518553336504097         0.000000000000000         0.000000000000000         0.000000000000000
        0.127000000000000        16.709637802325449        16.709637802325513        19.836846464799113        16.709637802325453        16.709637802325513        19.836846464799113         0.335043014579672         0.335043014579674         0.515892423630006         0.000000000000000         0.000000000000000         0.000000000000000
        0.128000000000000        16.012443695025912        16.012443695026061        18.957965336769778        16.012443695025912        16.012443695026061        18.957965336769782         0.331425707198999         0.331425707199006         0.513075638718915         0.000000000000000         0.000000000000000         0.000000000000000
        0.129000000000000        15.342692077765067        15.342692077765054        18.115590917367562        15.342692077765061        15.342692077765054        18.115590917367566         0.327579350781223         0.327579350781223         0.510087696524907         0.000000000000000         0.000000000000000         0.000000000000000
        0.130000000000000        14.698339524748533        14.698339524748633        17.306886520618821        14.698339524748535        14.698339524748635        17.306886520618821         0.323478394288837         0.323478394288842         0.506910597342528         0.000000000000000         0.000000000000000         0.000000000000000
        0.131000000000000        14.077035139719083        14.077035139718987        16.529074743958894        14.077035139719081        14.077035139718983        16.529074743958894         0.319092208996679         0.319092208996674         0.503522904899404         0.000000000000000         0.000000000000000         0.000000000000000
        0.132000000000000        13.476749121387071        13.476749121387218        15.779511934201281        13.476749121387069        13.476749121387217        15.779511934201281         0.314383590118952         0.314383590118960         0.499898761978185         0.000000000000000         0.000000000000000         0.000000000000000
        0.133000000000000        12.895328100393794        12.895328100393826        15.055537022645003        12.895328100393794        12.895328100393826        15.055537022645005         0.309306654164402         0.309306654164404         0.496006519504078         0.000000000000000         0.000000000000000         0.000000000000000
        0.134000000000000        12.330580226633462        12.330580226633055        14.354493499891333        12.330580226633462        12.330580226633055        14.354493499891333         0.303803813024124         0.303803813024096         0.491806780308990         0.000000000000000         0.000000000000000         0.000000000000000
        0.135000000000000        11.780133791638743        11.780133791639882        13.673664389013469        11.780133791638745        11.780133791639882        13.673664389013469         0.297801291488689         0.297801291488772         0.487249528897547         0.000000000000000         0.000000000000000         0.000000000000000
        0.135166666666667        11.689599474046057        11.689599474046060        13.561958879228248        11.689599474046057        11.689599474046060        13.561958879228250         0.296745895453045         0.296745895453045         0.486450925593785         0.000000000000000         0.000000000000000         0.000000000000000
        0.135333333333333        11.599379201733637        11.599379201733631        13.450722440595138        11.599379201733637        11.599379201733631        13.450722440595140         0.295673497491447         0.295673497491447         0.485640296103399         0.000000000000000         0.000000000000000         0.000000000000000
        0.135500000000000        11.509463446683473        11.509463446683474        13.339943880087159        11.509463446683473        11.509463446683474        13.339943880087157         0.294583528186777         0.294583528186778         0.484817261004087         0.000000000000000         0.000000000000000         0.000000000000000
        0.135666666666667        11.419839788377027        11.419839788377033        13.229609640860097        11.419839788377029        11.419839788377033        13.229609640860101         0.293475406929421         0.293475406929421         0.483981434297587         0.000000000000000         0.000000000000000         0.000000000000000
        0.135833333333333        11.330513230029021        11.330513230029021        13.119704159851690        11.330513230029021        11.330513230029021        13.119704159851690         0.292348521932427         0.292348521932427         0.483132410078587         0.000000000000000         0.000000000000000         0.000000000000000
        0.136000000000000        11.241457091717107        11.241457091716702        13.010211668033039        11.241457091717107        11.241457091716700        13.010211668033039         0.291202261031120         0.291202261031088         0.482269783300519         0.000000000000000         0.000000000000000         0.000000000000000
        0.136166666666667        11.152076246705818        11.152076246705823        12.901101176366021        11.152076246705818        11.152076246705823        12.901101176366019         0.290035843727717         0.290035843727718         0.481393037341037         0.000000000000000         0.000000000000000         0.000000000000000
        0.136333333333333        11.063944633556424        11.063944633556423        12.792397916231145        11.063944633556423        11.063944633556417        12.792397916231144         0.288848649356772         0.288848649356772         0.480501764111868         0.000000000000000         0.000000000000000         0.000000000000000
        0.136500000000000        10.975557687802610        10.975557687802613        12.684048571544642        10.975557687802610        10.975557687802615        12.684048571544642         0.287639883179126         0.287639883179126         0.479595440434111         0.000000000000000         0.000000000000000         0.000000000000000
        0.136666666666667        10.887344117972193        10.887344117972187        12.576056922013084        10.887344117972193        10.887344117972189        12.576056922013084         0.286408738540058         0.286408738540058         0.478673536925699         0.000000000000000         0.000000000000000         0.000000000000000
        0.136833333333333        10.799336132986920        10.799336132986920        12.468402102914402        10.799336132986920        10.799336132986920        12.468402102914398         0.285154360158159         0.285154360158159         0.477735493623561         0.000000000000000         0.000000000000000         0.000000000000000
        0.137000000000000        10.711488447845557        10.711488447845559        12.361056678341159        10.711488447845557        10.711488447845555        12.361056678341159         0.283875840139581         0.283875840139581         0.476780717571665         0.000000000000000         0.000000000000000         0.000000000000000
        0.137166666666667        10.623796675833823        10.623796675833823        12.254039970406270        10.623796675833825        10.623796675833823        12.254039970406271         0.282572213583511         0.282572213583511         0.475808580171671         0.000000000000000         0.000000000000000         0.000000000000000
        0.137333333333333        10.536230196837073        10.536230196837073        12.147315272205661        10.536230196837073        10.536230196837073        12.147315272205661         0.281242453729268         0.281242453729268         0.474818414268778         0.000000000000000         0.000000000000000         0.000000000000000
        0.137500000000000        10.448784543503722        10.448784543503713        12.040878133457264        10.448784543503722        10.448784543503713        12.040878133457266         0.279885466588471         0.279885466588471         0.473809510941815         0.000000000000000         0.000000000000000         0.000000000000000
        0.137666666666667        10.361434635175684        10.361434635175680        11.934696352662943        10.361434635175685        10.361434635175680        11.934696352662941         0.278500084998380         0.278500084998380         0.472781115962896         0.000000000000000         0.000000000000000         0.000000000000000
        0.137833333333333        10.274148968273886        10.274148968273892        11.828764295726012        10.274148968273884        10.274148968273893        11.828764295726012         0.277085062022859         0.277085062022859         0.471732425887136         0.000000000000000         0.000000000000000         0.000000000000000
        0.138000000000000        10.186917415934300        10.186917415934282        11.723053421035329        10.186917415934298        10.186917415934282        11.723053421035326         0.275639063731188         0.275639063731187         0.470662583793579         0.000000000000000         0.000000000000000         0.000000000000000
        0.138166666666667        10.099714111093121        10.099714111093117        11.617525879010154        10.099714111093121        10.099714111093117        11.617525879010151         0.274160660467396         0.274160660467396         0.469570674171131         0.000000000000000         0.000000000000000         0.000000000000000
        0.138333333333333        10.012531256605595        10.012531256605582        11.512233138980678        10.012531256605596        10.012531256605584        11.512233138980678         0.272648318878491         0.272648318878490         0.468455718262615         0.000000000000000         0.000000000000000         0.000000000000000
        0.138500000000000         9.925324946486940         9.925324946486953        11.407129044206741         9.925324946486940         9.925324946486954        11.407129044206741         0.271100390617617         0.271100390617618         0.467316667522808         0.000000000000000         0.000000000000000         0.000000000000000
        0.138666666666667         9.838064339145763         9.838064339145760        11.302192429205578         9.838064339145765         9.838064339145761        11.302192429205578         0.269515101543119         0.269515101543118         0.466152397402435         0.000000000000000         0.000000000000000         0.000000000000000
        0.138833333333333         9.750751169309785         9.750751169309780        11.197400955603518         9.750751169309783         9.750751169309778        11.197400955603523         0.267890538878138         0.267890538878138         0.464961700011921         0.000000000000000         0.000000000000000         0.000000000000000
        0.139000000000000         9.663327106759608         9.663327106759571        11.092763486747915         9.663327106759606         9.663327106759569        11.092763486747915         0.266224637296587         0.266224637296584         0.463743276244779         0.000000000000000         0.000000000000000         0.000000000000000
        0.139166666666667         9.575769892991122         9.575769892991122        10.988252462459515         9.575769892991120         9.575769892991122        10.988252462459515         0.264515161153714         0.264515161153714         0.462495725747639         0.000000000000000         0.000000000000000         0.000000000000000
        0.139333333333333         9.488045951190195         9.488045951190211        10.883857663424774         9.488045951190195         9.488045951190212        10.883857663424774         0.262759690039456         0.262759690039457         0.461217539007971         0.000000000000000         0.000000000000000         0.000000000000000
        0.139500000000000         9.400134363693928         9.400134363693923        10.779594918094526         9.400134363693928         9.400134363693923        10.779594918094526         0.260955595071936         0.260955595071935         0.459907084178616         0.000000000000000         0.000000000000000         0.000000000000000
        0.139666666666667         9.311971133904972         9.311971133904962        10.675434167388362         9.311971133904974         9.311971133904960        10.675434167388362         0.259100018001985         0.259100018001983         0.458562595820897         0.000000000000000         0.000000000000000         0.000000000000000
        0.139833333333333         9.223558249414339         9.223558249414332        10.571377123329283         9.223558249414337         9.223558249414332        10.571377123329283         0.257189845447655         0.257189845447654         0.457182161108510         0.000000000000000         0.000000000000000         0.000000000000000
        0.140000000000000         9.134767443580275         9.134767443580289        10.467408296518091         9.134767443580273         9.134767443580291        10.467408296518091         0.255221680446099         0.255221680446101         0.455763704881011         0.000000000000000         0.000000000000000         0.000000000000000
        0.140166666666667         9.045676649146868         9.045676649146861        10.363579150087070         9.045676649146868         9.045676649146861        10.363579150087073         0.253191810711246         0.253191810711246         0.454304973313686         0.000000000000000         0.000000000000000         0.000000000000000
        0.140333333333333         8.956106456541889         8.956106456541875        10.259874652444511         8.956106456541885         8.956106456541875        10.259874652444511         0.251096173395008         0.251096173395006         0.452803516251533         0.000000000000000         0.000000000000000         0.000000000000000
        0.140500000000000         8.866073973907419         8.866073973907410        10.156327629086048         8.866073973907421         8.866073973907410        10.156327629086048         0.248930316268626         0.248930316268624         0.451256668377219         0.000000000000000         0.000000000000000         0.000000000000000
        0.140666666666667         8.775478656757922         8.775478656757949        10.052971034479674         8.775478656757922         8.775478656757949        10.052971034479675         0.246689355453743         0.246689355453746         0.449661529577257         0.000000000000000         0.000000000000000         0.000000000000000
        0.140833333333333         8.684229781151078         8.684229781151059         9.949865390054567         8.684229781151078         8.684229781151059         9.949865390054567         0.244367930199840         0.244367930199837         0.448014945177784         0.000000000000000         0.000000000000000         0.000000000000000
        0.141000000000000         8.592215434963194         8.592215434963213         9.847082826642250         8.592215434963194         8.592215434963213         9.847082826642254         0.241960155812597         0.241960155812600         0.446313487198847         0.000000000000000         0.000000000000000         0.000000000000000
        0.141166666666667         8.499313441025491         8.499313441025468         9.744722832558461         8.499313441025491         8.499313441025469         9.744722832558461         0.239459576812688         0.239459576812685         0.444553438505599         0.000000000000000         0.000000000000000         0.000000000000000
        0.141333333333333         8.405339955188865         8.405339955188875         9.642907536203101         8.405339955188865         8.405339955188875         9.642907536203102         0.236859123952873         0.236859123952875         0.442730782846278         0.000000000000000         0.000000000000000         0.000000000000000
        0.141500000000000         8.310049071122728         8.310049071122748         9.541812588479168         8.310049071122728         8.310049071122748         9.541812588479168         0.234151081132037         0.234151081132042         0.440841205435393         0.000000000000000         0.000000000000000         0.000000000000000
        0.141666666666667         8.213133772347630         8.213133772347728         9.441654231409728         8.213133772347630         8.213133772347730         9.441654231409728         0.231327071951115         0.231327071951129         0.438880111221471         0.000000000000000         0.000000000000000         0.000000000000000
        0.141833333333333         8.114060859685981         8.114060859686019         9.342727672582315         8.114060859685980         8.114060859686019         9.342727672582313         0.228378081242254         0.228378081242259         0.436842671596818         0.000000000000000         0.000000000000000         0.000000000000000
        0.142000000000000         8.012105247104355         8.012105247103928         9.245403597008650         8.012105247104358         8.012105247103927         9.245403597008650         0.225294584109794         0.225294584109726         0.434723944479640         0.000000000000000         0.000000000000000         0.000000000000000
        0.142166666666667         7.906105436290801         7.906105436290782         9.150160322683529         7.906105436290803         7.906105436290782         9.150160322683529         0.222066475118006         0.222066475118004         0.432518887676342         0.000000000000000         0.000000000000000         0.000000000000000
        0.142333333333333         7.794111619914604         7.794111619914552         9.057604721342463         7.794111619914605         7.794111619914552         9.057604721342463         0.218683877021987         0.218683877021979         0.430222906864943         0.000000000000000         0.000000000000000         0.000000000000000
        0.142500000000000         7.673297779098358         7.673297779098219         8.968463464919864         7.673297779098358         7.673297779098219         8.968463464919866         0.215137186388605         0.215137186388582         0.427831965204942         0.000000000000000         0.000000000000000         0.000000000000000
        0.142666666666667         7.543318096517850         7.543318096517764         8.883653226215866         7.543318096517850         7.543318096517763         8.883653226215865         0.211418160620700         0.211418160620686         0.425343321228653         0.000000000000000         0.000000000000000         0.000000000000000
        0.142833333333333         7.434446552683474         7.434446552683404         8.804273835026720         7.434446552683474         7.434446552683403         8.804273835026720         0.207521119983645         0.207521119983634         0.422756337256776         0.000000000000000         0.000000000000000         0.000000000000000
        0.143000000000000         7.353254054011026         7.353254054011042         8.731447926317248         7.353254054011025         7.353254054011042         8.731447926317248         0.203444682301190         0.203444682301193         0.420073586853963         0.000000000000000         0.000000000000000         0.000000000000000
        0.143166666666667         7.291003492074248         7.291003492074167         8.666486262481607         7.291003492074248         7.291003492074169         8.666486262481607         0.199194030323551         0.199194030323536         0.417302225081113         0.000000000000000         0.000000000000000         0.000000000000000
        0.143333333333333         7.246087161571424         7.246087161571376         8.610501688947634         7.246087161571422         7.246087161571375         8.610501688947632         0.194783356662398         0.194783356662389         0.414455365716892         0.000000000000000         0.000000000000000         0.000000000000000
        0.143500000000000         7.217751298003418         7.217751298003571         8.564189036013847         7.217751298003419         7.217751298003572         8.564189036013849         0.190238223801649         0.190238223801679         0.411553242077248         0.000000000000000         0.000000000000000         0.000000000000000
        0.143666666666667         7.205030378553676         7.205030378553512         8.527641063854711         7.205030378553675         7.205030378553512         8.527641063854711         0.185596689240395         0.185596689240363         0.408623440887192         0.000000000000000         0.000000000000000         0.000000000000000
        0.143833333333333         7.206403408741922         7.206403408742183         8.499987425914746         7.206403408741921         7.206403408742184         8.499987425914748         0.180908310091251         0.180908310091304         0.405699705433205         0.000000000000000         0.000000000000000         0.000000000000000
        0.144000000000000         7.219353885292223         7.219353885292181         8.479295373888903         7.219353885292223         7.219353885292180         8.479295373888901         0.176230367443367         0.176230367443358         0.402819043864435         0.000000000000000         0.000000000000000         0.000000000000000
        0.144166666666667         7.240608487513702         7.240608487513756         8.462797283723953         7.240608487513701         7.240608487513757         8.462797283723953         0.171621618147904         0.171621618147918         0.400017540076487         0.000000000000000         0.000000000000000         0.000000000000000
        0.144333333333333         7.266465546509643         7.266465546509953         8.447292677502093         7.266465546509642         7.266465546509952         8.447292677502091         0.167135709371968         0.167135709372036         0.397326272665845         0.000000000000000         0.000000000000000         0.000000000000000
        0.144500000000000         7.293364525405916         7.293364525405653         8.429744751742646         7.293364525405917         7.293364525405653         8.429744751742644         0.162815508115600         0.162815508115539         0.394768218604012         0.000000000000000         0.000000000000000         0.000000000000000
        0.144666666666667         7.318231938235906         7.318231938236123         8.407687407036825         7.318231938235906         7.318231938236125         8.407687407036825         0.158690238890190         0.158690238890242         0.392357072777404         0.000000000000000         0.000000000000000         0.000000000000000
        0.144833333333333         7.338869157384432         7.338869157384496         8.379487160064199         7.338869157384432         7.338869157384496         8.379487160064199         0.154776221584792         0.154776221584809         0.390098223648932         0.000000000000000         0.000000000000000         0.000000000000000
        0.145000000000000         7.353689336860614         7.353689336860493         8.344284014151810         7.353689336860614         7.353689336860492         8.344284014151810         0.151078519685747         0.151078519685716         0.387990293421056         0.000000000000000         0.000000000000000         0.000000000000000
        0.145166666666667         7.362039492604460         7.362039492604448         8.301863573406575         7.362039492604461         7.362039492604448         8.301863573406575         0.147593943170031         0.147593943170026         0.386027255665689         0.000000000000000         0.000000000000000         0.000000000000000
        0.145333333333333         7.363667369524760         7.363667369524875         8.252466308954405         7.363667369524761         7.363667369524874         8.252466308954407         0.144313854895213         0.144313854895243         0.384200294038214         0.000000000000000         0.000000000000000         0.000000000000000
        0.145500000000000         7.358859272763770         7.358859272763781         8.196588307140033         7.358859272763770         7.358859272763781         8.196588307140033         0.141226462448475         0.141226462448476         0.382499234195912         0.000000000000000         0.000000000000000         0.000000000000000
        0.145666666666667         7.347974732999211         7.347974732999190         8.134854843468778         7.347974732999212         7.347974732999189         8.134854843468778         0.138318491667168         0.138318491667163         0.380913531934892         0.000000000000000         0.000000000000000         0.000000000000000
        0.145833333333333         7.331451947019218         7.331451947019313         8.067914418681893         7.331451947019218         7.331451947019314         8.067914418681891         0.135576307667395         0.135576307667423         0.379432893005029         0.000000000000000         0.000000000000000         0.000000000000000
        0.146000000000000         7.309917344127943         7.309917344127933         7.996348033375702         7.309917344127943         7.309917344127934         7.996348033375702         0.132986609336534         0.132986609336532         0.378047623602363         0.000000000000000         0.000000000000000         0.000000000000000
        0.146166666666667         7.283816318935444         7.283816318935464         7.920747451890019         7.283816318935443         7.283816318935464         7.920747451890018         0.130536822672696         0.130536822672704         0.376748799965926         0.000000000000000         0.000000000000000         0.000000000000000
        0.146333333333333         7.253671880113727         7.253671880113690         7.841556399735745         7.253671880113728         7.253671880113689         7.841556399735745         0.128215294504141         0.128215294504128         0.375528324367124         0.000000000000000         0.000000000000000         0.000000000000000
        0.146500000000000         7.219902099046984         7.219902099046974         7.759086981458180         7.219902099046983         7.219902099046974         7.759086981458180         0.126011360671502         0.126011360671496         0.374378914269830         0.000000000000000         0.000000000000000         0.000000000000000
        0.146666666666667         7.182901479839403         7.182901479839410         7.673886158512272         7.182901479839402         7.182901479839412         7.673886158512275         0.123915339328114         0.123915339328115         0.373294055259874         0.000000000000000         0.000000000000000         0.000000000000000
        0.146833333333333         7.142900177867015         7.142900177867033         7.585320324612171         7.142900177867015         7.142900177867033         7.585320324612171         0.121918482478758         0.121918482478765         0.372267936840153         0.000000000000000         0.000000000000000         0.000000000000000
        0.147000000000000         7.100260647495433         7.100260647495423         7.494252708503454         7.100260647495433         7.100260647495424         7.494252708503454         0.120012906654001         0.120012906653998         0.371295382498741         0.000000000000000         0.000000000000000         0.000000000000000
        0.147166666666667         7.055150833638574         7.055150833638582         7.400394276534509         7.055150833638574         7.055150833638582         7.400394276534509         0.118191515453861         0.118191515453862         0.370371780525361         0.000000000000000         0.000000000000000         0.000000000000000
        0.147333333333333         7.007687319241725         7.007687319241725         7.303618504610729         7.007687319241724         7.007687319241725         7.303618504610730         0.116447921422712         0.116447921422714         0.369493018993188         0.000000000000000         0.000000000000000         0.000000000000000
        0.147500000000000         6.957961410498935         6.957961410498934         7.203700354332645         6.957961410498936         6.957961410498935         7.203700354332645         0.114776371387094         0.114776371387094         0.368655426480854         0.000000000000000         0.000000000000000         0.000000000000000
        0.147666666666667         6.905969560588608         6.905969560588601         7.100300177710369         6.905969560588609         6.905969560588602         7.100300177710368         0.113171677341026         0.113171677341024         0.367855719038586         0.000000000000000         0.000000000000000         0.000000000000000
        0.147833333333333         6.851702270702915         6.851702270702915         6.992965120792469         6.851702270702914         6.851702270702915         6.992965120792469         0.111629153726093         0.111629153726094         0.367090953305754         0.000000000000000         0.000000000000000         0.000000000000000
        0.148000000000000         6.794936703701784         6.794936703701784         6.881146769377493         6.794936703701784         6.794936703701784         6.881146769377493         0.110144568968278         0.110144568968277         0.366358485784855         0.000000000000000         0.000000000000000         0.000000000000000
        0.148166666666667         6.735518897467733         6.735518897467734         6.764303827867930         6.735518897467733         6.735518897467734         6.764303827867930         0.108714056914986         0.108714056914987         0.365655934897847         0.000000000000000         0.000000000000000         0.000000000000000
        0.148333333333333         6.671670389808343         6.671670389808336         6.642469760450827         6.671670389808343         6.671670389808336         6.642469760450827         0.107334149978937         0.107334149978935         0.364981153753477         0.000000000000000         0.000000000000000         0.000000000000000
        0.148500000000000         6.606931796053519         6.606931796053526         6.518148529848506         6.606931796053519         6.606931796053526         6.518148529848506         0.106001662991244         0.106001662991245         0.364332198883127         0.000000000000000         0.000000000000000         0.000000000000000
        0.148666666666667         6.535961425125349         6.535961425125349         6.414402276286872         6.535961425125350         6.535961425125350         6.414402276286872         0.104713697636617         0.104713697636619         0.363707308593398         0.000000000000000         0.000000000000000         0.000000000000000
        0.148833333333333         6.474198287935967         6.474198287935968         6.337715979913798         6.474198287935967         6.474198287935968         6.337715979913797         0.103467604685940         0.103467604685941         0.363104881968572         0.000000000000000         0.000000000000000         0.000000000000000
        0.149000000000000         6.415630528468534         6.415630528468164         6.274346087765985         6.415630528468533         6.415630528468165         6.274346087765983         0.102261016982383         0.102261016982154         0.362523495112280         0.000000000000000         0.000000000000000         0.000000000000000
        0.149166666666667         6.358667572945902         6.358667572945695         6.220034633820373         6.358667572945902         6.358667572945696         6.220034633820373         0.101091582390033         0.101091582389902         0.361961745084549         0.000000000000000         0.000000000000000         0.000000000000000
        0.149333333333333         6.302933268280329         6.302933268280514         6.172573569261163         6.302933268280329         6.302933268280514         6.172573569261164         0.099957319104867         0.099957319104986         0.361418452777409         0.000000000000000         0.000000000000000         0.000000000000000
        0.149500000000000         6.248127609925484         6.248127609925580         6.130485001309355         6.248127609925484         6.248127609925580         6.130485001309355         0.098856339831334         0.098856339831398         0.360892502248996         0.000000000000000         0.000000000000000         0.000000000000000
        0.149666666666667         6.194030954060537         6.194030954060454         6.092754677267458         6.194030954060538         6.194030954060454         6.092754677267458         0.097786902309214         0.097786902309158         0.360382868578725         0.000000000000000         0.000000000000000         0.000000000000000
        0.149833333333333         6.140374319544869         6.140374319544869         6.058413598905497         6.140374319544869         6.140374319544869         6.058413598905497         0.096747395234941         0.096747395234942         0.359888608631090         0.000000000000000         0.000000000000000         0.000000000000000
        0.150000000000000         6.087134163393383         6.087134163393255         6.027557126273306         6.087134163393382         6.087134163393254         6.027557126273305         0.095736325775960         0.095736325775870         0.359408852910005         0.000000000000000         0.000000000000000         0.000000000000000
        0.150166666666667         6.033936965053357         6.033936965053337         5.999047090895378         6.033936965053357         6.033936965053337         5.999047090895378         0.094752308505288         0.094752308505273         0.358942798380628         0.000000000000000         0.000000000000000         0.000000000000000
        0.150333333333333         5.980649087215240         5.980649087215245         5.972806462311662         5.980649087215240         5.980649087215245         5.972806462311662         0.093794055545942         0.093794055545947         0.358489702108183         0.000000000000000         0.000000000000000         0.000000000000000
        0.150500000000000         5.926985449024938         5.926985449024948         5.948523445142347         5.926985449024937         5.926985449024948         5.948523445142347         0.092860367777797         0.092860367777807         0.358048875603985         0.000000000000000         0.000000000000000         0.000000000000000
        0.150666666666667         5.872657988483251         5.872657988483257         5.925922263682299         5.872657988483251         5.872657988483256         5.925922263682299         0.091950127009140         0.091950127009144         0.357619679823068         0.000000000000000         0.000000000000000         0.000000000000000
        0.150833333333333         5.817299163201331         5.817299163201307         5.904819329488004         5.817299163201329         5.817299163201305         5.904819329488004         0.091062288961950         0.091062288961931         0.357201520695707         0.000000000000000         0.000000000000000         0.000000000000000
        0.151000000000000         5.760446051234095         5.760446051234164         5.885068353944641         5.760446051234093         5.760446051234163         5.885068353944639         0.090195876976816         0.090195876976878         0.356793845135516         0.000000000000000         0.000000000000000         0.000000000000000
        0.151166666666667         5.701428800159667         5.701428800159757         5.866461292008762         5.701428800159668         5.701428800159757         5.866461292008763         0.089349976372032         0.089349976372112         0.356396137476997         0.000000000000000         0.000000000000000         0.000000000000000
        0.151333333333333         5.639387688385576         5.639387688385606         5.848924356505312         5.639387688385576         5.639387688385606         5.848924356505313         0.088523729370127         0.088523729370155         0.356007916286050         0.000000000000000         0.000000000000000         0.000000000000000
        0.151500000000000         5.572923420801723         5.572923420801756         5.832345479415070         5.572923420801724         5.572923420801756         5.832345479415069         0.087716330504953         0.087716330504986         0.355628731478453         0.000000000000000         0.000000000000000         0.000000000000000
        0.151666666666667         5.499982727041037         5.499982727041081         5.816627164930653         5.499982727041037         5.499982727041081         5.816627164930652         0.086927022500476         0.086927022500524         0.355258161748958         0.000000000000000         0.000000000000000         0.000000000000000
        0.151833333333333         5.416568389216192         5.416568389216202         5.801682185761685         5.416568389216192         5.416568389216202         5.801682185761686         0.086155092524237         0.086155092524249         0.354895812238840         0.000000000000000         0.000000000000000         0.000000000000000
        0.152000000000000         5.314671486480733         5.314671486480746         5.787442947326844         5.314671486480733         5.314671486480747         5.787442947326844         0.085399867060150         0.085399867060165         0.354541304521026         0.000000000000000         0.000000000000000         0.000000000000000
        0.152166666666667         5.182404677872173         5.182404677872175         5.773867981051344         5.182404677872172         5.182404677872175         5.773867981051344         0.084660717535046         0.084660717535049         0.354194314278553         0.000000000000000         0.000000000000000         0.000000000000000
        0.152333333333333         5.085923468126806         5.085923468126825         5.760834659426811         5.085923468126806         5.085923468126824         5.760834659426811         0.083937040114524         0.083937040114549         0.353854490419320         0.000000000000000         0.000000000000000         0.000000000000000
        0.152500000000000         5.012356415613509         5.012356415613517         5.748358964037202         5.012356415613509         5.012356415613517         5.748358964037200         0.083228270565723         0.083228270565734         0.353521532676940         0.000000000000000         0.000000000000000         0.000000000000000
        0.152666666666667         4.950511635411415         4.950511635411451         5.736378718031643         4.950511635411415         4.950511635411451         5.736378718031643         0.082533873231796         0.082533873231854         0.353195150608500         0.000000000000000         0.000000000000000         0.000000000000000
        0.152833333333333         4.896596200155124         4.896596200155138         5.724848860788804         4.896596200155125         4.896596200155138         5.724848860788802         0.081853340648040         0.081853340648063         0.352875070212391         0.000000000000000         0.000000000000000         0.000000000000000
        0.153000000000000         4.848824940293443         4.848824940293450         5.713735876284076         4.848824940293444         4.848824940293449         5.713735876284076         0.081186191603672         0.081186191603685         0.352561032750704         0.000000000000000         0.000000000000000         0.000000000000000
        0.153166666666667         4.805307719408827         4.805307719408844         5.703008944313522         4.805307719408826         4.805307719408844         5.703008944313522         0.080531969366058         0.080531969366092         0.352252793671848         0.000000000000000         0.000000000000000         0.000000000000000
        0.153333333333333         4.765922776192531         4.765922776192540         5.692638384713721         4.765922776192531         4.765922776192540         5.692638384713721         0.079890240046989         0.079890240047009         0.351950121621266         0.000000000000000         0.000000000000000         0.000000000000000
        0.153500000000000         4.729676272496048         4.729676272496048         5.682597727379375         4.729676272496047         4.729676272496047         5.682597727379374         0.079260591107260         0.079260591107260         0.351652797540523         0.000000000000000         0.000000000000000         0.000000000000000
        0.153666666666667         4.696170780913380         4.696170780913378         5.672863045735004         4.696170780913380         4.696170780913377         5.672863045735005         0.078642629977439         0.078642629977435         0.351360613836542         0.000000000000000         0.000000000000000         0.000000000000000
        0.153833333333333         4.665065553353202         4.665065553353196         5.663416197368904         4.665065553353203         4.665065553353196         5.663416197368904         0.078035982789665         0.078035982789653         0.351073373621380         0.000000000000000         0.000000000000000         0.000000000000000
        0.154000000000000         4.635951478111892         4.635951478111890         5.654236099483529         4.635951478111892         4.635951478111889         5.654236099483530         0.077440293207584         0.077440293207582         0.350790890012258         0.000000000000000         0.000000000000000         0.000000000000000
        0.154166666666667         4.608716960686639         4.608716960686640         5.645303548923826         4.608716960686638         4.608716960686642         5.645303548923826         0.076855221346554         0.076855221346561         0.350512985487016         0.000000000000000         0.000000000000000         0.000000000000000
        0.154333333333333         4.583081553637956         4.583081553637962         5.636585885580688         4.583081553637955         4.583081553637962         5.636585885580688         0.076280442772344         0.076280442772363         0.350239491287456         0.000000000000000         0.000000000000000         0.000000000000000
        0.154500000000000         4.558932966484337         4.558932966484344         5.628122835576503         4.558932966484337         4.558932966484345         5.628122835576502         0.075715647580404         0.075715647580421         0.349970246874116         0.000000000000000         0.000000000000000         0.000000000000000
        0.154666666666667         4.536103251551536         4.536103251551545         5.619845551069890         4.536103251551537         4.536103251551546         5.619845551069890         0.075160539537642         0.075160539537666         0.349705099417081         0.000000000000000         0.000000000000000         0.000000000000000
        0.154833333333333         4.514461163744818         4.514461163744828         5.611759889263442         4.514461163744817         4.514461163744828         5.611759889263442         0.074614835287889         0.074614835287915         0.349443903326944         0.000000000000000         0.000000000000000         0.000000000000000
        0.155000000000000         4.493904250747913         4.493904250747914         5.603812223643623         4.493904250747913         4.493904250747914         5.603812223643624         0.074078263615283         0.074078263615287         0.349186519820729         0.000000000000000         0.000000000000000         0.000000000000000
        0.155166666666667         4.474372859346991         4.474372859346984         5.596119653035021         4.474372859346991         4.474372859346984         5.596119653035021         0.073550564757473         0.073550564757462         0.348932816518079         0.000000000000000         0.000000000000000         0.000000000000000
        0.155333333333333         4.455750382944337         4.455750382944342         5.588544659095588         4.455750382944338         4.455750382944341         5.588544659095588         0.073031489770018         0.073031489770033         0.348682667069276         0.000000000000000         0.000000000000000         0.000000000000000
        0.155500000000000         4.437975275702456         4.437975275702450         5.581118002645251         4.437975275702456         4.437975275702450         5.581118002645251         0.072520799928969         0.072520799928955         0.348435950804625         0.000000000000000         0.000000000000000         0.000000000000000
        0.155666666666667         4.420978044875151         4.420978044875147         5.573766391606755         4.420978044875151         4.420978044875148         5.573766391606755         0.072018266180567         0.072018266180557         0.348192552414528         0.000000000000000         0.000000000000000         0.000000000000000
        0.155833333333333         4.404725182704229         4.404725182704221         5.566621398685005         4.404725182704229         4.404725182704221         5.566621398685005         0.071523668621234         0.071523668621210         0.347952361645689         0.000000000000000         0.000000000000000         0.000000000000000
        0.156000000000000         4.389133015075619         4.389133015075626         5.559609216609243         4.389133015075619         4.389133015075626         5.559609216609244         0.071036796017108         0.071036796017128         0.347715273022945         0.000000000000000         0.000000000000000         0.000000000000000
        0.156166666666667         4.374175551804909         4.374175551804906         5.552782525130646         4.374175551804909         4.374175551804906         5.552782525130645         0.070557445351093         0.070557445351085         0.347481185586112         0.000000000000000         0.000000000000000         0.000000000000000
        0.156333333333333         4.359806040318492         4.359806040318491         5.546003180937710         4.359806040318492         4.359806040318490         5.546003180937709         0.070085421401943         0.070085421401938         0.347250002647288         0.000000000000000         0.000000000000000         0.000000000000000
        0.156500000000000         4.346014266164637         4.346014266164636         5.539333917944795         4.346014266164637         4.346014266164636         5.539333917944795         0.069620536347226         0.069620536347225         0.347021631561003         0.000000000000000         0.000000000000000         0.000000000000000
        0.156666666666667         4.332688193226191         4.332688193226189         5.532769255070277         4.332688193226191         4.332688193226188         5.532769255070277         0.069162609394052         0.069162609394049         0.346795983512659         0.000000000000000         0.000000000000000         0.000000000000000
        0.156833333333333         4.319886244224726         4.319886244224731         5.526304597820719         4.319886244224726         4.319886244224731         5.526304597820719         0.068711466430387         0.068711466430401         0.346572973317599         0.000000000000000         0.000000000000000         0.000000000000000
        0.157000000000000         4.307516582467514         4.307516582467514         5.519936410737016         4.307516582467515         4.307516582467515         5.519936410737015         0.068266938575631         0.068266938575633         0.346352518031463         0.000000000000000         0.000000000000000         0.000000000000000
        0.157166666666667         4.295574260764891         4.295574260764893         5.513657689698467         4.295574260764890         4.295574260764893         5.513657689698467         0.067828867490892         0.067828867490896         0.346134542790323         0.000000000000000         0.000000000000000         0.000000000000000
        0.157333333333333         4.284077431602412         4.284077431602418         5.507466411702922         4.284077431602411         4.284077431602418         5.507466411702922         0.067397093856193         0.067397093856211         0.345918968615115         0.000000000000000         0.000000000000000         0.000000000000000
        0.157500000000000         4.272963965069739         4.272963965069739         5.501358582310029         4.272963965069739         4.272963965069740         5.501358582310029         0.066971468334184         0.066971468334186         0.345705724288902         0.000000000000000         0.000000000000000         0.000000000000000
        0.157666666666667         4.262136782226257         4.262136782226256         5.495330283592625         4.262136782226257         4.262136782226256         5.495330283592625         0.066551845695828         0.066551845695825         0.345494740194553         0.000000000000000         0.000000000000000         0.000000000000000
        0.157833333333333         4.251772565177294         4.251772565177299         5.489378835382245         4.251772565177295         4.251772565177298         5.489378835382245         0.066138085704568         0.066138085704577         0.345285949383050         0.000000000000000         0.000000000000000         0.000000000000000
        0.158000000000000         4.241673178887134         4.241673178887134         5.483507280563506         4.241673178887134         4.241673178887134         5.483507280563507         0.065730052003905         0.065730052003906         0.345079286577624         0.000000000000000         0.000000000000000         0.000000000000000
        0.158166666666667         4.231883430259875         4.231883430259875         5.477698354108997         4.231883430259876         4.231883430259876         5.477698354108997         0.065327616327801         0.065327616327798         0.344874692388130         0.000000000000000         0.000000000000000         0.000000000000000
        0.158333333333333         4.222418586647604         4.222418586647604         5.471956086897420         4.222418586647605         4.222418586647604         5.471956086897420         0.064930649448261         0.064930649448258         0.344672104525647         0.000000000000000         0.000000000000000         0.000000000000000
        0.158500000000000         4.213221941950556         4.213221941950558         5.466280935780800         4.213221941950556         4.213221941950558         5.466280935780801         0.064539029835079         0.064539029835086         0.344471466367528         0.000000000000000         0.000000000000000         0.000000000000000
        0.158666666666667         4.204298430460639         4.204298430460639         5.460670174726340         4.204298430460639         4.204298430460639         5.460670174726340         0.064152639049239         0.064152639049241         0.344272722519420         0.000000000000000         0.000000000000000         0.000000000000000
        0.158833333333333         4.195638492771037         4.195638492771037         5.455120177538741         4.195638492771039         4.195638492771037         5.455120177538739         0.063771362457145         0.063771362457146         0.344075819586916         0.000000000000000         0.000000000000000         0.000000000000000
        0.159000000000000         4.187212459971558         4.187212459971563         5.449629137674184         4.187212459971558         4.187212459971562         5.449629137674184         0.063395089069090         0.063395089069107         0.343880706085764         0.000000000000000         0.000000000000000         0.000000000000000
        0.159166666666667         4.179035083209043         4.179035083209046         5.444194680633953         4.179035083209044         4.179035083209045         5.444194680633952         0.063023711385713         0.063023711385720         0.343687332355860         0.000000000000000         0.000000000000000         0.000000000000000
        0.159333333333333         4.171028124615034         4.171028124615035         5.438815220646155         4.171028124615035         4.171028124615035         5.438815220646155         0.062657125252543         0.062657125252540         0.343495650480789         0.000000000000000         0.000000000000000         0.000000000000000
        0.159500000000000         4.163348591606671         4.163348591606671         5.433488878093578         4.163348591606671         4.163348591606671         5.433488878093578         0.062295229722826         0.062295229722825         0.343305614211649         0.000000000000000         0.000000000000000         0.000000000000000
        0.159666666666667         4.155851269721516         4.155851269721517         5.428213845682057         4.155851269721516         4.155851269721518         5.428213845682056         0.061937926926002         0.061937926926004         0.343117178894037         0.000000000000000         0.000000000000000         0.000000000000000
        0.159833333333333         4.148507450128063         4.148507450128062         5.422982651281138         4.148507450128064         4.148507450128062         5.422982651281138         0.061585121944219         0.061585121944213         0.342930301400165         0.000000000000000         0.000000000000000         0.000000000000000
        0.160000000000000         4.141369778086247         4.141369778086247         5.417806437965512         4.141369778086247         4.141369778086247         5.417806437965512         0.061236722694207         0.061236722694201         0.342744940063618         0.000000000000000         0.000000000000000         0.000000000000000
        0.161000000000000         4.102264898987649         4.102264898987650         5.387697296290223         4.102264898987649         4.102264898987649         5.387697296290224         0.059234020506153         0.059234020506154         0.341662446923189         0.000000000000000         0.000000000000000         0.000000000000000
        0.162000000000000         4.068522605504844         4.068522605504845         5.359029878820830         4.068522605504844         4.068522605504845         5.359029878820829         0.057369480685975         0.057369480685974         0.340625446361829         0.000000000000000         0.000000000000000         0.000000000000000
        0.163000000000000         4.039208411826305         4.039208411826305         5.331624332819691         4.039208411826305         4.039208411826305         5.331624332819691         0.055628318192421         0.055628318192422         0.339627529478691         0.000000000000000         0.000000000000000         0.000000000000000
        0.164000000000000         4.013544463438801         4.013544463438801         5.305342402309833         4.013544463438801         4.013544463438801         5.305342402309834         0.053997931309047         0.053997931309046         0.338663371952304         0.000000000000000         0.000000000000000         0.000000000000000
        0.165000000000000         3.991011822709895         3.991011822709895         5.280078269127281         3.991011822709895         3.991011822709896         5.280078269127283         0.052467491774646         0.052467491774646         0.337728515773646         0.000000000000000         0.000000000000000         0.000000000000000
        0.166000000000000         3.971172522429613         3.971172522429613         5.255750506737488         3.971172522429613         3.971172522429613         5.255750506737487         0.051027627493438         0.051027627493439         0.336819202518256         0.000000000000000         0.000000000000000         0.000000000000000
        0.167000000000000         3.953671986039681         3.953671986039679         5.232293263911928         3.953671986039681         3.953671986039679         5.232293263911928         0.049670173436197         0.049670173436196         0.335932244081282         0.000000000000000         0.000000000000000         0.000000000000000
        0.168000000000000         3.938166630919171         3.938166630919171         5.209367812832964         3.938166630919171         3.938166630919171         5.209367812832964         0.048387973813765         0.048387973813765         0.335064921300370         0.000000000000000         0.000000000000000         0.000000000000000
        0.169000000000000         3.924560363903011         3.924560363903011         5.187787790360190         3.924560363903011         3.924560363903011         5.187787790360192         0.047174723313499         0.047174723313499         0.334214903615153         0.000000000000000         0.000000000000000         0.000000000000000
        0.170000000000000         3.912647800144339         3.912647800144339         5.166660053945493         3.912647800144339         3.912647800144339         5.166660053945493         0.046024855840578         0.046024855840579         0.333380197151665         0.000000000000000         0.000000000000000         0.000000000000000
        0.171000000000000         3.902126834736265         3.902126834736264         5.146239531147798         3.902126834736265         3.902126834736263         5.146239531147798         0.044933367197491         0.044933367197484         0.332559041811632         0.000000000000000         0.000000000000000         0.000000000000000
        0.172000000000000         3.892968172945524         3.892968172945524         5.126494796768474         3.892968172945524         3.892968172945524         5.126494796768475         0.043895841214504         0.043895841214506         0.331749948259410         0.000000000000000         0.000000000000000         0.000000000000000
        0.173000000000000         3.885034455299172         3.885034455299172         5.107405091690239         3.885034455299173         3.885034455299173         5.107405091690238         0.042908299196444         0.042908299196446         0.330951608530464         0.000000000000000         0.000000000000000         0.000000000000000
        0.174000000000000         3.878264286859459         3.878264286859458         5.088946004725378         3.878264286859459         3.878264286859458         5.088946004725378         0.041967160489605         0.041967160489600         0.330162881767895         0.000000000000000         0.000000000000000         0.000000000000000
        0.175000000000000         3.872499897058201         3.872499897058203         5.071097152614651         3.872499897058200         3.872499897058204         5.071097152614649         0.041069191903124         0.041069191903146         0.329382770505083         0.000000000000000         0.000000000000000         0.000000000000000
        0.176000000000000         3.867738643489955         3.867738643489957         5.053842297386392         3.867738643489956         3.867738643489957         5.053842297386392         0.040211464909339         0.040211464909348         0.328610400853423         0.000000000000000         0.000000000000000         0.000000000000000
        0.177000000000000         3.863881775612284         3.863881775612288         5.037158733599509         3.863881775612284         3.863881775612288         5.037158733599510         0.039391319226560         0.039391319226582         0.327845005856425         0.000000000000000         0.000000000000000         0.000000000000000
        0.178000000000000         3.860878089162685         3.860878089162685         5.021028723233228         3.860878089162685         3.860878089162685         5.021028723233229         0.038606331669698         0.038606331669698         0.327085911433247         0.000000000000000         0.000000000000000         0.000000000000000
        0.179000000000000         3.858642614529081         3.858642614529082         5.005434124767887         3.858642614529081         3.858642614529082         5.005434124767887         0.037854289380374         0.037854289380377         0.326332524449591         0.000000000000000         0.000000000000000         0.000000000000000
        0.180000000000000         3.857314239539783         3.857314239539787         4.990364191785212         3.857314239539783         3.857314239539787         4.990364191785212         0.037133166718424         0.037133166718454         0.325584322552292         0.000000000000000         0.000000000000000         0.000000000000000
        0.181000000000000         3.856615191408977         3.856615191408976         4.975799493063661         3.856615191408977         3.856615191408975         4.975799493063661         0.036441105220819         0.036441105220812         0.324840845459589         0.000000000000000         0.000000000000000         0.000000000000000
        0.182000000000000         3.856500746924707         3.856500746924707         4.961688450580533         3.856500746924707         3.856500746924707         4.961688450580533         0.035776396160614         0.035776396160620         0.324101687480120         0.000000000000000         0.000000000000000         0.000000000000000
        0.183000000000000         3.857103028033161         3.857103028033160         4.948133382303011         3.857103028033161         3.857103028033160         4.948133382303012         0.035137465307378         0.035137465307371         0.323366491054741         0.000000000000000         0.000000000000000         0.000000000000000
        0.184000000000000         3.858408062647246         3.858408062647246         4.934999453627914         3.858408062647246         3.858408062647245         4.934999453627913         0.034522859563031         0.034522859563021         0.322634941164004         0.000000000000000         0.000000000000000         0.000000000000000
        0.185000000000000         3.860270825390397         3.860270825390399         4.922314123296432         3.860270825390397         3.860270825390399         4.922314123296431         0.033931235200397         0.033931235200410         0.321906760465197         0.000000000000000         0.000000000000000         0.000000000000000
        0.186000000000000         3.862788465715035         3.862788465715030         4.910059946761801         3.862788465715035         3.862788465715031         4.910059946761800         0.033361347487943         0.033361347487908         0.321181705056295         0.000000000000000         0.000000000000000         0.000000000000000
        0.187000000000000         3.865425937339635         3.865425937339636         4.898221738584584         3.865425937339636         3.865425937339636         4.898221738584584         0.032812041501740         0.032812041501750         0.320459560769704         0.000000000000000         0.000000000000000         0.000000000000000
        0.188000000000000         3.870022698725332         3.870022698725330         4.886788356890234         3.870022698725332         3.870022698725330         4.886788356890234         0.032282243963698         0.032282243963676         0.319740139917017         0.000000000000000         0.000000000000000         0.000000000000000
        0.189000000000000         3.873611715285643         3.873611715285641         4.875742707447377         3.873611715285644         3.873611715285641         4.875742707447377         0.031770955982973         0.031770955982947         0.319023278431821         0.000000000000000         0.000000000000000         0.000000000000000
        0.190000000000000         3.877864547232938         3.877864547232935         4.865071674691666         3.877864547232937         3.877864547232935         4.865071674691666         0.031277246570517         0.031277246570494         0.318308833344212         0.000000000000000         0.000000000000000         0.000000000000000
        0.191000000000000         3.883190767975701         3.883190767975704         4.854762205765928         3.883190767975701         3.883190767975704         4.854762205765928         0.030800246839841         0.030800246839861         0.317596680550384         0.000000000000000         0.000000000000000         0.000000000000000
        0.192000000000000         3.888233704235180         3.888233704235183         4.844796900368197         3.888233704235180         3.888233704235182         4.844796900368198         0.030339144802977         0.030339144803005         0.316886712833526         0.000000000000000         0.000000000000000         0.000000000000000
        0.193000000000000         3.894420095854229         3.894420095854229         4.835164325045442         3.894420095854229         3.894420095854229         4.835164325045441         0.029893180694441         0.029893180694441         0.316178838106513         0.000000000000000         0.000000000000000         0.000000000000000
        0.194000000000000         3.900784234344355         3.900784234344354         4.825849704630440         3.900784234344355         3.900784234344354         4.825849704630441         0.029461642756643         0.029461642756646         0.315472977846168         0.000000000000000         0.000000000000000         0.000000000000000
        0.195000000000000         3.907678351334674         3.907678351334673         4.816838523875000         3.907678351334674         3.907678351334673         4.816838523875000         0.029043863437675         0.029043863437669         0.314769065696377         0.000000000000000         0.000000000000000         0.000000000000000
        0.196000000000000         3.914968608819587         3.914968608819585         4.808118712563306         3.914968608819586         3.914968608819585         4.808118712563306         0.028639215949492         0.028639215949484         0.314067046218469         0.000000000000000         0.000000000000000         0.000000000000000
        0.197000000000000         3.922640581568756         3.922640581568754         4.799673963309809         3.922640581568756         3.922640581568754         4.799673963309809         0.028247111151112         0.028247111151098         0.313366873772266         0.000000000000000         0.000000000000000         0.000000000000000
        0.198000000000000         3.930801524703223         3.930801524703226         4.791481848135299         3.930801524703223         3.930801524703226         4.791481848135299         0.027866994717235         0.027866994717256         0.312668511511213         0.000000000000000         0.000000000000000         0.000000000000000
        0.199000000000000         3.939287696643405         3.939287696643405         4.783553056453281         3.939287696643405         3.939287696643405         4.783553056453282         0.027498344556626         0.027498344556627         0.311971930478160         0.000000000000000         0.000000000000000         0.000000000000000
        0.200000000000000         3.948369977543574         3.948369977543576         4.775859976547084         3.948369977543574         3.948369977543575         4.775859976547084         0.027140668505732         0.027140668505747         0.311277108796361         0.000000000000000         0.000000000000000         0.000000000000000
        0.201000000000000         3.957388077618674         3.957388077618675         4.768384063522802         3.957388077618674         3.957388077618675         4.768384063522802         0.026793502109824         0.026793502109824         0.310584030926483         0.000000000000000         0.000000000000000         0.000000000000000
        0.202000000000000         3.967239379132662         3.967239379132659         4.761118842823520         3.967239379132661         3.967239379132659         4.761118842823520         0.026456406746855         0.026456406746828         0.309892687013115         0.000000000000000         0.000000000000000         0.000000000000000
        0.203000000000000         3.976913889978810         3.976913889978813         4.754052215300555         3.976913889978809         3.976913889978813         4.754052215300555         0.026128967797515         0.026128967797542         0.309203072280618         0.000000000000000         0.000000000000000         0.000000000000000
        0.204000000000000         3.987508178563661         3.987508178563660         4.747173267088166         3.987508178563662         3.987508178563661         4.747173267088165         0.025810793012751         0.025810793012758         0.308515186490884         0.000000000000000         0.000000000000000         0.000000000000000
        0.205000000000000         3.998255402606011         3.998255402606010         4.740471448767377         3.998255402606012         3.998255402606011         4.740471448767378         0.025501511007769         0.025501511007759         0.307829033451119         0.000000000000000         0.000000000000000         0.000000000000000
        0.206000000000000         4.009098036328146         4.009098036328147         4.733939649667429         4.009098036328146         4.009098036328147         4.733939649667427         0.025200769877654         0.025200769877676         0.307144620566856         0.000000000000000         0.000000000000000         0.000000000000000
        0.207000000000000         4.020535017019902         4.020535017019904         4.727570049448756         4.020535017019903         4.020535017019904         4.727570049448756         0.024908235924599         0.024908235924609         0.306461958436055         0.000000000000000         0.000000000000000         0.000000000000000
        0.208000000000000         4.032606174888508         4.032606174888510         4.721363090774364         4.032606174888508         4.032606174888509         4.721363090774364         0.024623592483082         0.024623592483087         0.305781060479485         0.000000000000000         0.000000000000000         0.000000000000000
        0.209000000000000         4.044377698610249         4.044377698610249         4.715317278239176         4.044377698610249         4.044377698610249         4.715317278239176         0.024346538838027         0.024346538838032         0.305101942604850         0.000000000000000         0.000000000000000         0.000000000000000
        0.210000000000000         4.056928712058603         4.056928712058602         4.709439970992359         4.056928712058603         4.056928712058603         4.709439970992359         0.024076789224086         0.024076789224089         0.304424622900563         0.000000000000000         0.000000000000000         0.000000000000000
        0.211000000000000         4.070074954281579         4.070074954281577         4.703744162238911         4.070074954281579         4.070074954281577         4.703744162238912         0.023814071900831         0.023814071900813         0.303749121356525         0.000000000000000         0.000000000000000         0.000000000000000
        0.212000000000000         4.082788434184589         4.082788434184589         4.698254372405057         4.082788434184589         4.082788434184589         4.698254372405057         0.023558128296889         0.023558128296899         0.303075459609918         0.000000000000000         0.000000000000000         0.000000000000000
        0.213000000000000         4.096403059889230         4.096403059889231         4.693011208703105         4.096403059889230         4.096403059889232         4.693011208703105         0.023308712216142         0.023308712216151         0.302403660712807         0.000000000000000         0.000000000000000         0.000000000000000
        0.214000000000000         4.109764550305051         4.109764550305051         4.688056399083834         4.109764550305051         4.109764550305051         4.688056399083835         0.023065589101634         0.023065589101620         0.301733748920526         0.000000000000000         0.000000000000000         0.000000000000000
        0.215000000000000         4.124085706315165         4.124085706315165         4.683550084799947         4.124085706315165         4.124085706315165         4.683550084799949         0.022828535352366         0.022828535352369         0.301065749498192         0.000000000000000         0.000000000000000         0.000000000000000
        0.216000000000000         4.138569892420268         4.138569892420268         4.679609440217566         4.138569892420268         4.138569892420268         4.679609440217565         0.022597337687442         0.022597337687443         0.300399688544307         0.000000000000000         0.000000000000000         0.000000000000000
        0.217000000000000         4.153018174581025         4.153018174581026         4.676546241854882         4.153018174581025         4.153018174581026         4.676546241854882         0.022371792555142         0.022371792555150         0.299735592829568         0.000000000000000         0.000000000000000         0.000000000000000
        0.218000000000000         4.168064285426501         4.168064285426501         4.674962793788979         4.168064285426501         4.168064285426501         4.674962793788980         0.022151705582137         0.022151705582142         0.299073489649906         0.000000000000000         0.000000000000000         0.000000000000000
        0.219000000000000         4.183177187365581         4.183177187365580         4.674849165034291         4.183177187365580         4.183177187365580         4.674849165034291         0.021936891060148         0.021936891060142         0.298413406692240         0.000000000000000         0.000000000000000         0.000000000000000
        0.220000000000000         4.198805872304620         4.198805872304621         4.675863120246955         4.198805872304620         4.198805872304621         4.675863120246955         0.021727171467307         0.021727171467316         0.297755371912287         0.000000000000000         0.000000000000000         0.000000000000000
        0.221000000000000         4.214628416016879         4.214628416016878         4.677825893203257         4.214628416016878         4.214628416016878         4.677825893203257         0.021522377020843         0.021522377020838         0.297099413422935         0.000000000000000         0.000000000000000         0.000000000000000
        0.222000000000000         4.230759078068325         4.230759078068326         4.680677652515261         4.230759078068324         4.230759078068326         4.680677652515261         0.021322345259256         0.021322345259269         0.296445559392770         0.000000000000000         0.000000000000000         0.000000000000000
        0.223000000000000         4.247183439648137         4.247183439648137         4.684287111708389         4.247183439648137         4.247183439648136         4.684287111708390         0.021126920651391         0.021126920651387         0.295793837953558         0.000000000000000         0.000000000000000         0.000000000000000
        0.224000000000000         4.263789017699684         4.263789017699684         4.688621051372798         4.263789017699684         4.263789017699684         4.688621051372798         0.020935954230700         0.020935954230708         0.295144277116334         0.000000000000000         0.000000000000000         0.000000000000000
        0.225000000000000         4.280893620451530         4.280893620451530         4.693631164777437         4.280893620451530         4.280893620451529         4.693631164777437         0.020749303252319         0.020749303252317         0.294496904695120         0.000000000000000         0.000000000000000         0.000000000000000
        0.226000000000000         4.298167902084717         4.298167902084717         4.699284715658078         4.298167902084717         4.298167902084717         4.699284715658078         0.020566830871955         0.020566830871961         0.293851748237891         0.000000000000000         0.000000000000000         0.000000000000000
        0.227000000000000         4.315644750999512         4.315644750999512         4.705551236522579         4.315644750999512         4.315644750999512         4.705551236522580         0.020388405844259         0.020388405844251         0.293208834963939         0.000000000000000         0.000000000000000         0.000000000000000
        0.228000000000000         4.333449444884876         4.333449444884876         4.712407583782197         4.333449444884877         4.333449444884877         4.712407583782196         0.020213902239902         0.020213902239898         0.292568191707533         0.000000000000000         0.000000000000000         0.000000000000000
        0.229000000000000         4.351556065432310         4.351556065432310         4.719819544709528         4.351556065432310         4.351556065432310         4.719819544709527         0.020043199179721         0.020043199179718         0.291929844867153         0.000000000000000         0.000000000000000         0.000000000000000
        0.230000000000000         4.369925062285501         4.369925062285501         4.727768685518173         4.369925062285501         4.369925062285501         4.727768685518174         0.019876180584535         0.019876180584541         0.291293820359730         0.000000000000000         0.000000000000000         0.000000000000000
        0.231000000000000         4.388566130206835         4.388566130206836         4.736267416874924         4.388566130206836         4.388566130206836         4.736267416874923         0.019712734940326         0.019712734940328         0.290660143579924         0.000000000000000         0.000000000000000         0.000000000000000
        0.232000000000000         4.407482189260772         4.407482189260772         4.745264171091348         4.407482189260771         4.407482189260772         4.745264171091348         0.019552755076390         0.019552755076395         0.290028839363784         0.000000000000000         0.000000000000000         0.000000000000000
        0.233000000000000         4.426645606466319         4.426645606466319         4.754758307943525         4.426645606466320         4.426645606466319         4.754758307943525         0.019396137957194         0.019396137957189         0.289399931956381         0.000000000000000         0.000000000000000         0.000000000000000
        0.234000000000000         4.446087252782871         4.446087252782871         4.764734483983542         4.446087252782871         4.446087252782871         4.764734483983543         0.019242784485367         0.019242784485364         0.288773444983305         0.000000000000000         0.000000000000000         0.000000000000000
        0.235000000000000         4.465810386701772         4.465810386701773         4.775182354096629         4.465810386701771         4.465810386701772         4.775182354096629         0.019092599316705         0.019092599316709         0.288149401425862         0.000000000000000         0.000000000000000         0.000000000000000
        0.236000000000000         4.485789998356613         4.485789998356612         4.786090411170550         4.485789998356613         4.485789998356613         4.786090411170550         0.018945490684981         0.018945490684978         0.287527823599218         0.000000000000000         0.000000000000000         0.000000000000000
        0.237000000000000         4.506034031704226         4.506034031704226         4.797446753682300         4.506034031704226         4.506034031704226         4.797446753682300         0.018801370236584         0.018801370236585         0.286908733133734         0.000000000000000         0.000000000000000         0.000000000000000
        0.238000000000000         4.526524256748761         4.526524256748760         4.809243597326883         4.526524256748760         4.526524256748760         4.809243597326883         0.018660152874650         0.018660152874655         0.286292150959136         0.000000000000000         0.000000000000000         0.000000000000000
        0.239000000000000         4.547303087584614         4.547303087584614         4.821472876440319         4.547303087584614         4.547303087584614         4.821472876440318         0.018521756611297         0.018521756611296         0.285678097291087         0.000000000000000         0.000000000000000         0.000000000000000
        0.240000000000000         4.568437142368865         4.568437142368864         4.834128367249403         4.568437142368865         4.568437142368865         4.834128367249404         0.018386102428098         0.018386102428097         0.285066591620249         0.000000000000000         0.000000000000000         0.000000000000000
        0.241000000000000         4.589621806896639         4.589621806896639         4.847190836757418         4.589621806896639         4.589621806896639         4.847190836757419         0.018253114143990         0.018253114143989         0.284457652703685         0.000000000000000         0.000000000000000         0.000000000000000
        0.242000000000000         4.611173262732922         4.611173262732922         4.860671885149338         4.611173262732922         4.611173262732922         4.860671885149339         0.018122718290012         0.018122718290010         0.283851298557912         0.000000000000000         0.000000000000000         0.000000000000000
        0.243000000000000         4.632974981407213         4.632974981407213         4.874519808302244         4.632974981407213         4.632974981407213         4.874519808302243         0.017994843990918         0.017994843990921         0.283247546454276         0.000000000000000         0.000000000000000         0.000000000000000
        0.244000000000000         4.655028936018295         4.655028936018295         4.888792492997172         4.655028936018295         4.655028936018295         4.888792492997172         0.017869422852889         0.017869422852891         0.282646412915834         0.000000000000000         0.000000000000000         0.000000000000000
        0.245000000000000         4.677337124401708         4.677337124401707         4.903482011857340         4.677337124401706         4.677337124401707         4.903482011857341         0.017746388856798         0.017746388856795         0.282047913715817         0.000000000000000         0.000000000000000         0.000000000000000
        0.246000000000000         4.699908003969874         4.699908003969874         4.918526745550382         4.699908003969874         4.699908003969874         4.918526745550382         0.017625678257297         0.017625678257299         0.281452063877665         0.000000000000000         0.000000000000000         0.000000000000000
        0.247000000000000         4.722741789991498         4.722741789991498         4.933948738447141         4.722741789991497         4.722741789991497         4.933948738447141         0.017507229486764         0.017507229486765         0.280858877676390         0.000000000000000         0.000000000000000         0.000000000000000
        0.248000000000000         4.745843248290854         4.745843248290854         4.949743543772732         4.745843248290854         4.745843248290854         4.949743543772732         0.017390983064233         0.017390983064236         0.280268368641165         0.000000000000000         0.000000000000000         0.000000000000000
        0.249000000000000         4.768496937812699         4.768496937812699         4.965905735705125         4.768496937812698         4.768496937812698         4.965905735705125         0.017276881508722         0.017276881508725         0.279680549559076         0.000000000000000         0.000000000000000         0.000000000000000
        0.250000000000000         4.792778239705004         4.792778239705004         4.982432207539500         4.792778239705004         4.792778239705004         4.982432207539500         0.017164869257036         0.017164869257036         0.279095432479934         0.000000000000000         0.000000000000000         0.000000000000000
        0.251000000000000         4.816604191105611         4.816604191105611         4.999316926007231         4.816604191105611         4.816604191105612         4.999316926007231         0.017054892585397         0.017054892585397         0.278513028722058         0.000000000000000         0.000000000000000         0.000000000000000
        0.252000000000000         4.840697190465113         4.840697190465113         5.016556275044263         4.840697190465113         4.840697190465113         5.016556275044262         0.016946899535055         0.016946899535054         0.277933348878893         0.000000000000000         0.000000000000000         0.000000000000000
        0.253000000000000         4.865042171143938         4.865042171143939         5.034146452989422         4.865042171143939         4.865042171143939         5.034146452989423         0.016840839841327         0.016840839841329         0.277356402826438         0.000000000000000         0.000000000000000         0.000000000000000
        0.254000000000000         4.889636426927179         4.889636426927179         5.052083611810617         4.889636426927179         4.889636426927179         5.052083611810617         0.016736664866123         0.016736664866125         0.276782199731460         0.000000000000000         0.000000000000000         0.000000000000000
        0.255000000000000         4.914476168148639         4.914476168148639         5.070231236379565         4.914476168148639         4.914476168148639         5.070231236379564         0.016634327533711         0.016634327533714         0.276210748060286         0.000000000000000         0.000000000000000         0.000000000000000
        0.256000000000000         4.939582219147717         4.939582219147718         5.088983957062560         4.939582219147717         4.939582219147717         5.088983957062560         0.016533782269359         0.016533782269359         0.275642055588236         0.000000000000000         0.000000000000000         0.000000000000000
        0.257000000000000         4.964927090160974         4.964927090160975         5.107940609492113         4.964927090160975         4.964927090160975         5.107940609492112         0.016434984940969         0.016434984940970         0.275076129409598         0.000000000000000         0.000000000000000         0.000000000000000
        0.258000000000000         4.990519950671762         4.990519950671762         5.127231092359316         4.990519950671762         4.990519950671762         5.127231092359316         0.016337892803333         0.016337892803334         0.274512975948027         0.000000000000000         0.000000000000000         0.000000000000000
        0.259000000000000         5.016362966297597         5.016362966297597         5.146827673295157         5.016362966297597         5.016362966297597         5.146827673295157         0.016242464444989         0.016242464444988         0.273952600967435         0.000000000000000         0.000000000000000         0.000000000000000
        0.260000000000000         5.042452403290049         5.042452403290048         5.166774726836721         5.042452403290049         5.042452403290049         5.166774726836720         0.016148659737458         0.016148659737459         0.273395009583202         0.000000000000000         0.000000000000000         0.000000000000000
        0.261000000000000         5.068793058900765         5.068793058900765         5.187073955994429         5.068793058900765         5.068793058900765         5.187073955994429         0.016056439786845         0.016056439786841         0.272840206273766         0.000000000000000         0.000000000000000         0.000000000000000
        0.262000000000000         5.095339991677136         5.095339991677136         5.207613197981375         5.095339991677136         5.095339991677136         5.207613197981376         0.015965766887498         0.015965766887500         0.272288194892467         0.000000000000000         0.000000000000000         0.000000000000000
        0.263000000000000         5.122190295030912         5.122190295030911         5.228522118825623         5.122190295030912         5.122190295030912         5.228522118825624         0.015876604477862         0.015876604477861         0.271738978679659         0.000000000000000         0.000000000000000         0.000000000000000
        0.264000000000000         5.149280318496837         5.149280318496837         5.249763054259795         5.149280318496836         5.149280318496837         5.249763054259796         0.015788917098133         0.015788917098133         0.271192560275025         0.000000000000000         0.000000000000000         0.000000000000000
        0.265000000000000         5.176605965300227         5.176605965300227         5.271311643187786         5.176605965300228         5.176605965300228         5.271311643187787         0.015702670349889         0.015702670349887         0.270648941730055         0.000000000000000         0.000000000000000         0.000000000000000
        0.266000000000000         5.204213669419085         5.204213669419085         5.293216508604770         5.204213669419085         5.204213669419085         5.293216508604770         0.015617830857464         0.015617830857462         0.270108124520712         0.000000000000000         0.000000000000000         0.000000000000000
        0.267000000000000         5.232045520634694         5.232045520634695         5.315393290905896         5.232045520634695         5.232045520634695         5.315393290905895         0.015534366230878         0.015534366230879         0.269570109560157         0.000000000000000         0.000000000000000         0.000000000000000
        0.268000000000000         5.260124976392883         5.260124976392884         5.337873454589297         5.260124976392883         5.260124976392883         5.337873454589297         0.015452245030511         0.015452245030511         0.269034897211608         0.000000000000000         0.000000000000000         0.000000000000000
        0.269000000000000         5.288448351095124         5.288448351095125         5.360659993271946         5.288448351095124         5.288448351095124         5.360659993271946         0.015371436733140         0.015371436733140         0.268502487301207         0.000000000000000         0.000000000000000         0.000000000000000
        0.270000000000000         5.317023201180293         5.317023201180293         5.383749064404895         5.317023201180294         5.317023201180294         5.383749064404895         0.015291911699542         0.015291911699542         0.267972879130995         0.000000000000000         0.000000000000000         0.000000000000000
        0.271000000000000         5.345838731846116         5.345838731846114         5.407145861553350         5.345838731846114         5.345838731846114         5.407145861553350         0.015213641143326         0.015213641143325         0.267446071491816         0.000000000000000         0.000000000000000         0.000000000000000
        0.272000000000000         5.374905692978941         5.374905692978941         5.430842712041979         5.374905692978941         5.374905692978941         5.430842712041978         0.015136597101147         0.015136597101146         0.266922062676284         0.000000000000000         0.000000000000000         0.000000000000000
        0.273000000000000         5.404221015295244         5.404221015295245         5.454839370413999         5.404221015295245         5.404221015295244         5.454839370414000         0.015060752404130         0.015060752404130         0.266400850491672         0.000000000000000         0.000000000000000         0.000000000000000
        0.274000000000000         5.433781408865876         5.433781408865876         5.479134844325401         5.433781408865876         5.433781408865876         5.479134844325401         0.014986080650487         0.014986080650486         0.265882432272793         0.000000000000000         0.000000000000000         0.000000000000000
        0.275000000000000         5.463573187060403         5.463573187060403         5.503727166635120         5.463573187060403         5.463573187060405         5.503727166635122         0.014912556179192         0.014912556179192         0.265366804894810         0.000000000000000         0.000000000000000         0.000000000000000
        0.276000000000000         5.493633734916628         5.493633734916628         5.528614448115306         5.493633734916627         5.493633734916627         5.528614448115308         0.014840154044773         0.014840154044774         0.264853964785940         0.000000000000000         0.000000000000000         0.000000000000000
        0.277000000000000         5.523935221914976         5.523935221914975         5.553794347751580         5.523935221914978         5.523935221914976         5.553794347751581         0.014768849993110         0.014768849993110         0.264343907940117         0.000000000000000         0.000000000000000         0.000000000000000
        0.278000000000000         5.554490794556152         5.554490794556152         5.579269467464118         5.554490794556152         5.554490794556152         5.579269467464118         0.014698620438206         0.014698620438205         0.263836629929498         0.000000000000000         0.000000000000000         0.000000000000000
        0.279000000000000         5.585301496348222         5.585301496348222         5.605036414105342         5.585301496348221         5.585301496348221         5.605036414105342         0.014629442439839         0.014629442439839         0.263332125916923         0.000000000000000         0.000000000000000         0.000000000000000
        0.280000000000000         5.616357194421759         5.616357194421760         5.631093907480819         5.616357194421760         5.616357194421760         5.631093907480819         0.014561293682135         0.014561293682134         0.262830390668158         0.000000000000000         0.000000000000000         0.000000000000000
        0.281000000000000         5.647661255258297         5.647661255258301         5.657439955617195         5.647661255258297         5.647661255258301         5.657439955617195         0.014494152452983         0.014494152452984         0.262331418564093         0.000000000000000         0.000000000000000         0.000000000000000
        0.282000000000000         5.679195729720468         5.679195729720468         5.684078114451645         5.679195729720468         5.679195729720468         5.684078114451645         0.014427997624235         0.014427997624235         0.261835203612732         0.000000000000000         0.000000000000000         0.000000000000000
        0.283000000000000         5.710989760170905         5.710989760170905         5.711000439609792         5.710989760170906         5.710989760170906         5.711000439609792         0.014362808632660         0.014362808632661         0.261341739461072         0.000000000000000         0.000000000000000         0.000000000000000
        0.284000000000000         5.743061719761309         5.743061719761309         5.738210846083235         5.743061719761310         5.743061719761309         5.738210846083235         0.014298565461656         0.014298565461656         0.260851019406790         0.000000000000000         0.000000000000000         0.000000000000000
        0.285000000000000         5.775329096350526         5.775329096350526         5.765705419792427         5.775329096350526         5.775329096350525         5.765705419792426         0.014235248623640         0.014235248623640         0.260363036409776         0.000000000000000         0.000000000000000         0.000000000000000
        0.286000000000000         5.807870683908111         5.807870683908111         5.793485229255793         5.807870683908113         5.807870683908112         5.793485229255793         0.014172839143121         0.014172839143121         0.259877783103507         0.000000000000000         0.000000000000000         0.000000000000000
        0.287000000000000         5.840661775995773         5.840661775995773         5.821549523428564         5.840661775995773         5.840661775995773         5.821549523428565         0.014111318540418         0.014111318540417         0.259395251806246         0.000000000000000         0.000000000000000         0.000000000000000
        0.288000000000000         5.873704383375206         5.873704383375208         5.849896353818705         5.873704383375206         5.873704383375208         5.849896353818707         0.014050668815458         0.014050668815458         0.258915434531999         0.000000000000000         0.000000000000000         0.000000000000000
        0.289000000000000         5.906992394573630         5.906992394573630         5.878525349189521         5.906992394573629         5.906992394573630         5.878525349189521         0.013990872434634         0.013990872434634         0.258438323001436         0.000000000000000         0.000000000000000         0.000000000000000
        0.290000000000000         5.940551883584690         5.940551883584691         5.907435565886347         5.940551883584690         5.940551883584691         5.907435565886347         0.013931912313365         0.013931912313365         0.257963908652391         0.000000000000000         0.000000000000000         0.000000000000000
        0.291000000000000         5.974317761643626         5.974317761643626         5.936627677114600         5.974317761643626         5.974317761643626         5.936627677114600         0.013873771804006         0.013873771804005         0.257492182650408         0.000000000000000         0.000000000000000         0.000000000000000
        0.292000000000000         6.008373314141522         6.008373314141521         5.966099767308878         6.008373314141521         6.008373314141522         5.966099767308878         0.013816434681891         0.013816434681891         0.257023135898959         0.000000000000000         0.000000000000000         0.000000000000000
        0.293000000000000         6.042668652972743         6.042668652972743         5.995852239208878         6.042668652972742         6.042668652972742         5.995852239208878         0.013759885132305         0.013759885132305         0.256556759049470         0.000000000000000         0.000000000000000         0.000000000000000
        0.294000000000000         6.077218020039583         6.077218020039583         6.025883344476938         6.077218020039583         6.077218020039584         6.025883344476938         0.013704107737974         0.013704107737974         0.256093042511224         0.000000000000000         0.000000000000000         0.000000000000000
        0.295000000000000         6.112016394133038         6.112016394133039         6.056193136457998         6.112016394133039         6.112016394133039         6.056193136457998         0.013649087466978         0.013649087466978         0.255631976460997         0.000000000000000         0.000000000000000         0.000000000000000
        0.296000000000000         6.147067635116621         6.147067635116620         6.086781214882325         6.147067635116620         6.147067635116620         6.086781214882327         0.013594809661079         0.013594809661079         0.255173550852513         0.000000000000000         0.000000000000000         0.000000000000000
        0.297000000000000         6.182376411640828         6.182376411640828         6.117647057991203         6.182376411640828         6.182376411640828         6.117647057991202         0.013541260024508         0.013541260024507         0.254717755425724         0.000000000000000         0.000000000000000         0.000000000000000
        0.298000000000000         6.217933912867387         6.217933912867387         6.148789433418723         6.217933912867387         6.217933912867387         6.148789433418723         0.013488424613506         0.013488424613506         0.254264579715883         0.000000000000000         0.000000000000000         0.000000000000000
        0.299000000000000         6.253757410483830         6.253757410483830         6.180209760826376         6.253757410483830         6.253757410483830         6.180209760826378         0.013436289824281         0.013436289824281         0.253814013062340         0.000000000000000         0.000000000000000         0.000000000000000
        0.300000000000000         6.289615642021205         6.289615642021205         6.211906576623699         6.289615642021205         6.289615642021205         6.211906576623697         0.013384842385315         0.013384842385315         0.253366044617316         0.000000000000000         0.000000000000000         0.000000000000000
