                   T[GeV]                  tauU[fm]                  tauD[fm]                  tauS[fm]               tauUBar[fm]               tauDBar[fm]               tauSBar[fm]                effMU[GeV]                effMD[GeV]                effMS[GeV]               effCPU[GeV]               effCPD[GeV]               effCPS[GeV]
        0.070000000000000        49.896504682919549        49.896504682919549        62.049516206211756        31.547157544080100        31.547157544080104        50.788093361873422         0.382206166811460         0.382206166811460         0.554359944789670         0.231029876425869         0.231029876425869         0.231029876425869
        0.071000000000000        46.715250312893041        46.715250312920894        57.958325549506867        29.430366931450695        29.430366931482229        47.103066366960142         0.380777524992769         0.380777524992992         0.553320417034650         0.231029876425869         0.231029876425869         0.231029876425869
        0.072000000000000        43.788321724439413        43.788321724408341        54.199029171651226        27.484487159760217        27.484487159725177        43.734188763819020         0.379270443390150         0.379270443389878         0.552223275813012         0.231029876425869         0.231029876425869         0.231029876425869
        0.073000000000000        41.090680592987077        41.090680593011207        50.738495989779608        25.692398095915149        25.692398095942281        40.648687173350929         0.377680651404228         0.377680651404460         0.551065471344261         0.231029876425869         0.231029876425869         0.231029876425869
        0.074000000000000        38.600118990991703        38.600118990963097        47.547276726999741        24.038927161986088        24.038927161954042        37.817615173860752         0.376003485095061         0.376003485094761         0.549843689976983         0.231029876425869         0.231029876425869         0.231029876425869
        0.075000000000000        36.296888982574053        36.296888982521011        44.599253801334186        22.510582395703981        22.510582395644803        35.215375027678775         0.374233829375713         0.374233829375106         0.548554316274290         0.231029876425869         0.231029876425869         0.231029876425869
        0.076000000000000        34.163397333914226        34.163397333923243        41.871250274704330        21.095363163402872        21.095363163412891        32.819230809843191         0.372366048899730         0.372366048899842         0.547193387783999         0.231029876425869         0.231029876425869         0.231029876425869
        0.077000000000000        32.183933433224624        32.183933433238167        39.342499859360288        19.782576579573135        19.782576579588106        30.609013120969021         0.370393905151648         0.370393905151832         0.545756540907345         0.231029876425869         0.231029876425869         0.231029876425869
        0.078000000000000        30.344419248754470        30.344419248756211        36.994448155752217        18.562638794653001        18.562638794654923        28.566739941268828         0.368310456263976         0.368310456264002         0.544238945663386         0.231029876425869         0.231029876425869         0.231029876425869
        0.079000000000000        28.632241521267943        28.632241521255892        34.810478801688795        17.426965354138456        17.426965354125262        26.676366497871701         0.366107934861329         0.366107934861134         0.542635226356158         0.231029876425869         0.231029876425869         0.231029876425869
        0.080000000000000        27.036040665858252        27.036040665848201        32.775654428745604        16.367827580574598        16.367827580563667        24.923492878751443         0.363777597842038         0.363777597841861         0.540939364298382         0.231029876425869         0.231029876425869         0.231029876425869
        0.081000000000000        25.545579819396401        25.545579819388646        30.876580483925618        15.378268957307291        15.378268957298895        23.295253923318985         0.361309539719695         0.361309539719546         0.539144577283960         0.231029876425869         0.231029876425869         0.231029876425869
        0.082000000000000        24.151589275888554        24.151589275955125        29.100961619142570        14.451961878304747        14.451961878376284        21.780026464343795         0.358692458137105         0.358692458138492         0.537243168667366         0.231029876425869         0.231029876425869         0.231029876425869
        0.083000000000000        22.845674868700240        22.845674868738779        27.437842245785099        13.583184989491976        13.583184989533091        20.367320721184161         0.355913355772845         0.355913355773720         0.535226336087600         0.231029876425869         0.231029876425869         0.231029876425869
        0.084000000000000        21.620169437753407        21.620169437774340        25.877036582833494        12.766704341186646        12.766704341208802        19.047628614057594         0.352957156152549         0.352957156153066         0.533083925785616         0.231029876425869         0.231029876425869         0.231029876425869
        0.085000000000000        20.468084344205490        20.468084344271162        24.409455175154925        11.997706238716408        11.997706238785367        17.812287681640534         0.349806201042430         0.349806201044201         0.530804112305790         0.231029876425869         0.231029876425869         0.231029876425869
        0.086000000000000        19.382967609756633        19.382967609756651        23.026475445763019        11.271830715857979        11.271830715857996        16.653355518042350         0.346439552124116         0.346439552124117         0.528372954254315         0.231029876425869         0.231029876425869         0.231029876425869
        0.087000000000000        18.358865418173480        18.358865418173476        21.720270888855051        10.584697540342352        10.584697540342344        15.563520176910949         0.342832189093870         0.342832189093869         0.525773890097643         0.231029876425869         0.231029876425869         0.231029876425869
        0.088000000000000        17.390195974570823        17.390195974570783        20.483356227530596         9.932602823005013         9.932602823004979        14.535921375215064         0.338953607575860         0.338953607575859         0.522986849904401         0.231029876425869         0.231029876425869         0.231029876425869
        0.089000000000000        16.471679709269011        16.471679709268997        19.308694288782551         9.311708951945693         9.311708951945683        13.564137895553859         0.334766119187775         0.334766119187774         0.519987191550417         0.231029876425869         0.231029876425869         0.231029876425869
        0.090000000000000        15.598222521983004        15.598222521982917        18.189366323090784         8.718269975279826         8.718269975279739        12.641965786259343         0.330222210235586         0.330222210235582         0.516744049231862         0.231029876425869         0.231029876425869         0.231029876425869
        0.091000000000000        14.764788594717324        14.764788594717309        17.118478231053487         8.148559517428099         8.148559517428083        11.763216018405499         0.325260564900418         0.325260564900418         0.513217859317564         0.231029876425869         0.231029876425869         0.231029876425869
        0.092000000000000        13.966207632378847        13.966207632378486        16.088772960393012         7.598564652835152         7.598564652834805        10.921583643045844         0.319799768132707         0.319799768132688         0.509356461344304         0.231029876425869         0.231029876425869         0.231029876425869
        0.093000000000000        13.196899169558341        13.196899169558391        15.092352411692687         7.063801690027943         7.063801690027989        10.110317845019695         0.313727797752758         0.313727797752760         0.505088625000505         0.231029876425869         0.231029876425869         0.231029876425869
        0.094000000000000        12.450362054045730        12.450362054045245        14.119716893284265         6.538828199323322         6.538828199322868         9.321496947106425         0.306883286498557         0.306883286498525         0.500312570916054         0.231029876425869         0.231029876425869         0.231029876425869
        0.095000000000000        11.718208816265882        11.718208816265818        13.158443113371687         6.016342291553356         6.016342291553295         8.544984927665714         0.299019067191047         0.299019067191042         0.494873772701988         0.231029876425869         0.231029876425869         0.231029876425869
        0.095100000000000        11.645360408629443        11.645360408629443        13.062309587942417         5.963846728421889         5.963846728421889         8.467502080025072         0.298162834939560         0.298162834939560         0.494284918970488         0.231029876425869         0.231029876425869         0.231029876425869
        0.095143478260870        11.613690989220416        11.613690989220112        13.020486336487172         5.940999025010950         5.940999025010676         8.433803899857255         0.297786040914150         0.297786040914128         0.494025998987064         0.231029876425869         0.231029876425869         0.231029876425869
        0.095186956521739        11.582024204527251        11.582024204527487        12.978645462227167         5.918130397736467         5.918130397736676         8.400097961200993         0.297406442187770         0.297406442187787         0.493765282911433         0.231029876425869         0.231029876425869         0.231029876425869
        0.095230434782609        11.550355123369709        11.550355123369659        12.936783806618145         5.895247909733635         5.895247909733591         8.366381655903185         0.297023991198586         0.297023991198583         0.493502741456396         0.231029876425869         0.231029876425869         0.231029876425869
        0.095273913043478        11.518684122869345        11.518684122868484        12.894896787412520         5.872336795995516         5.872336795994729         8.332654137848886         0.296638639026107         0.296638639026041         0.493238344511938         0.231029876425869         0.231029876425869         0.231029876425869
        0.095317391304348        11.487010193769750        11.487010193770040        12.852986766896867         5.849403598374550         5.849403598374812         8.298913598812257         0.296250335359610         0.296250335359633         0.492972061127168         0.231029876425869         0.231029876425869         0.231029876425869
        0.095360869565217        11.455330550804838        11.455330550804630        12.811049442456332         5.826445193333615         5.826445193333425         8.265157620732973         0.295859028442829         0.295859028442813         0.492703859476992         0.231029876425869         0.231029876425869         0.231029876425869
        0.095404347826087        11.423644594625483        11.423644594625964        12.769084921834359         5.803461049787723         5.803461049788154         8.231384704953943         0.295464665014825         0.295464665014862         0.492433706827015         0.231029876425869         0.231029876425869         0.231029876425869
        0.095447826086956        11.391950813103099        11.391950813101834        12.727087279983779         5.780450173125051         5.780450173123908         8.197593516674717         0.295067190246577         0.295067190246478         0.492161569494819         0.231029876425869         0.231029876425869         0.231029876425869
        0.095491304347826        11.360246773179218        11.360246773180114        12.685057146644272         5.757411059633816         5.757411059634623         8.163782275494940         0.294666547686973         0.294666547687043         0.491887412819316         0.231029876425869         0.231029876425869         0.231029876425869
        0.095534782608696        11.328531952877260        11.328531952876515        12.642985898225556         5.734355430833312         5.734355430832638         8.129948217968431         0.294262679178347         0.294262679178288         0.491611201107850         0.231029876425869         0.231029876425869         0.231029876425869
        0.095578260869565        11.296803570043846        11.296803570043910        12.600882074484472         5.711241100520272         5.711241100520327         8.096089872980142         0.293855524799785         0.293855524799790         0.491332897604728         0.231029876425869         0.231029876425869         0.231029876425869
        0.095621739130435        11.265059813025916        11.265059813026328        12.558731406560264         5.688106730815469         5.688106730815841         8.062205507006594         0.293445022783874         0.293445022783907         0.491052464439684         0.231029876425869         0.231029876425869         0.231029876425869
        0.095665217391304        11.233300565334817        11.233300565334757        12.516540952671710         5.664938323635986         5.664938323635930         8.028292257586358         0.293031109443299         0.293031109443294         0.490769862585318         0.231029876425869         0.231029876425869         0.231029876425869
        0.095708695652174        11.201522961884146        11.201522961883754        12.474301619407846         5.641748400335130         5.641748400334778         7.994349130190503         0.292613719078150         0.292613719078119         0.490485051800775         0.231029876425869         0.231029876425869         0.231029876425869
        0.095752173913043        11.169724367879912        11.169724367879720        12.432011065854992         5.618504906756717         5.618504906756543         7.960370964006191         0.292192783899010         0.292192783898993         0.490197990586591         0.231029876425869         0.231029876425869         0.231029876425869
        0.095795652173913        11.137902370483484        11.137902370483557        12.389666439931540         5.595205984121808         5.595205984121875         7.926359676669130         0.291768233921586         0.291768233921593         0.489908636121339         0.231029876425869         0.231029876425869         0.231029876425869
        0.095839130434783        11.106057186355258        11.106057186355331        12.347263720194890         5.571924760288536         5.571924760288601         7.892310568041001         0.291339996877487         0.291339996877494         0.489616944208624         0.231029876425869         0.231029876425869         0.231029876425869
        0.095882608695652        11.074186103008522        11.074186103008161        12.304803599664305         5.548555297211944         5.548555297211619         7.858222223821637         0.290907998103630         0.290907998103600         0.489322869211239         0.231029876425869         0.231029876425869         0.231029876425869
        0.095926086956522        11.042283604870557        11.042283604869588        12.262286568304114         5.525096058965412         5.525096058964548         7.824078181322714         0.290472160435137         0.290472160435056         0.489026363987350         0.231029876425869         0.231029876425869         0.231029876425869
        0.095969565217391        11.010352478985977        11.010352478986221        12.219703883960859         5.501632595389378         5.501632595389596         7.789900066705863         0.290032404083272         0.290032404083293         0.488727379817532         0.231029876425869         0.231029876425869         0.231029876425869
        0.096000000000000        10.987980681088590        10.987980681087983        12.189852792276486         5.485179050266186         5.485179050265641         7.765951416424798         0.289722199468378         0.289722199468327         0.488516589353812         0.231029876425869         0.231029876425869         0.231029876425869
        0.096013043478261        10.978387459539363        10.978387459538924        12.177047708473269         5.478119742851935         5.478119742851542         7.755679366244830         0.289588646512434         0.289588646512397         0.488425866331445         0.231029876425869         0.231029876425869         0.231029876425869
        0.096056521739130        10.946387251003740        10.946387251004021        12.134325383557428         5.454555030148613         5.454555030148863         7.721405858196198         0.289140802316577         0.289140802316602         0.488121771435420         0.231029876425869         0.231029876425869         0.231029876425869
        0.096100000000000        10.914347898135714        10.914347898136574        12.091521637043508         5.430935326391578         5.430935326392348         7.687078866483225         0.288688783062063         0.288688783062138         0.487815041217289         0.231029876425869         0.231029876425869         0.231029876425869
        0.096143478260870        10.882267086486117        10.882267086486284        12.048628102800393         5.407268675321276         5.407268675321422         7.652694588832514         0.288232497150575         0.288232497150589         0.487505619865837         0.231029876425869         0.231029876425869         0.231029876425869
        0.096186956521739        10.850143093540090        10.850143093539716        12.005654837145459         5.383532256704199         5.383532256703870         7.618257516450580         0.287771849658798         0.287771849658766         0.487193449575731         0.231029876425869         0.231029876425869         0.231029876425869
        0.096230434782609        10.817972572804239        10.817972572803955        11.962594432914958         5.359734365941745         5.359734365941493         7.583746058893578         0.287306742162632         0.287306742162606         0.486878470442361         0.231029876425869         0.231029876425869         0.231029876425869
        0.096273913043478        10.785754836250749        10.785754836250623        11.919439670598333         5.335862704946655         5.335862704946551         7.549174213772921         0.286837072566995         0.286837072566985         0.486560620361217         0.231029876425869         0.231029876425869         0.231029876425869
        0.096317391304348        10.753483508937228        10.753483508938380        11.876191721087894         5.311932667616510         5.311932667617535         7.514533030316433         0.286362734900392         0.286362734900496         0.486239834905536         0.231029876425869         0.231029876425869         0.231029876425869
        0.096360869565217        10.721155668599854        10.721155668600181        11.832835488623749         5.287933130029076         5.287933130029368         7.479820291612690         0.285883619120976         0.285883619121007         0.485916047211719         0.231029876425869         0.231029876425869         0.231029876425869
        0.096404347826087        10.688770225251590        10.688770225252552        11.789372883448694         5.263862083683835         5.263862083684689         7.445030503879247         0.285399610894028         0.285399610894116         0.485589187847153         0.231029876425869         0.231029876425869         0.231029876425869
        0.096447826086956        10.656320810998716        10.656320810997606        11.745798592430958         5.239712866218765         5.239712866217785         7.410160963799910         0.284910591348765         0.284910591348663         0.485259184665614         0.231029876425869         0.231029876425869         0.231029876425869
        0.096491304347826        10.623806584853769        10.623806584853513        11.702107255685693         5.215484048909631         5.215484048909405         7.375207395659947         0.284416436840248         0.284416436840224         0.484925962666704         0.231029876425869         0.231029876425869         0.231029876425869
        0.096534782608696        10.591223045948345        10.591223045948484        11.658293458941179         5.191174172147929         5.191174172148053         7.340166993947726         0.283917018668101         0.283917018668114         0.484589443829175         0.231029876425869         0.231029876425869         0.231029876425869
        0.096578260869565        10.558568409531480        10.558568409531187        11.614349455095471         5.166778231298537         5.166778231298284         7.305031086705593         0.283412202793537         0.283412202793510         0.484249546942534         0.231029876425869         0.231029876425869         0.231029876425869
        0.096621739130435        10.525834088609818        10.525834088611372        11.570271496025407         5.142292312802959         5.142292312804325         7.269799942818030         0.282901849523887         0.282901849524034         0.483906187421484         0.231029876425869         0.231029876425869         0.231029876425869
        0.096665217391304        10.493018340305412        10.493018340305266        11.526059024196325         5.117711155450661         5.117711155450531         7.234465191318953         0.282385813184360         0.282385813184346         0.483559277110883         0.231029876425869         0.231029876425869         0.231029876425869
        0.096708695652174        10.460118638125595        10.460118638124047        11.481691772258294         5.093031474717038         5.093031474715681         7.199033087264670         0.281863941748965         0.281863941748815         0.483208724067911         0.231029876425869         0.231029876425869         0.231029876425869
        0.096752173913043        10.427117509147728        10.427117509148829        11.437177198472826         5.068177468169456         5.068177468170418         7.163479044722695         0.281336076463921         0.281336076464028         0.482854432339357         0.231029876425869         0.231029876425869         0.231029876425869
        0.096795652173913        10.394034242721613        10.394034242720672        11.392487346047448         5.043366319229135         5.043366319228308         7.127809937058132         0.280802051422259         0.280802051422166         0.482496301710169         0.231029876425869         0.231029876425869         0.231029876425869
        0.096839130434783        10.360852299861971        10.360852299861133        11.347640624808694         5.018371075127954         5.018371075127220         7.092027058207515         0.280261693100192         0.280261693100110         0.482134227429557         0.231029876425869         0.231029876425869         0.231029876425869
        0.096882608695652        10.327563665629173        10.327563665629093        11.302621420733834         4.993258706202491         4.993258706202419         7.056107002889273         0.279714819891306         0.279714819891297         0.481768099936306         0.231029876425869         0.231029876425869         0.231029876425869
        0.096926086956522        10.294161072686054        10.294161072686054        11.257400122787345         4.968028868003628         4.968028868003628         7.020061647458497         0.279161241556712         0.279161241556713         0.481397804534207         0.231029876425869         0.231029876425869         0.231029876425869
        0.096969565217391        10.260651609294136        10.260651609294529        11.212010015762500         4.942675995398798         4.942675995399139         6.983869679672679         0.278600758646686         0.278600758646725         0.481023221050568         0.231029876425869         0.231029876425869         0.231029876425869
        0.097000000000000        10.237116514029852        10.237116514026496        11.180107855108309         4.924848674190654         4.924848674187733         6.958457639359640         0.278204206956037         0.278204206955696         0.480758397814052         0.231029876425869         0.231029876425869         0.231029876425869
        0.097013043478261        10.227009506332521        10.227009506332264        11.166406092553256         4.917187803292477         4.917187803292250         6.947541409844955         0.278033161901251         0.278033161901225         0.480644223484257         0.231029876425869         0.231029876425869         0.231029876425869
        0.097056521739130        10.193234134748867        10.193234134746305        11.120588729635013         4.891559950450296         4.891559950448074         6.911053735955706         0.277458231532172         0.277458231531909         0.480260679580728         0.231029876425869         0.231029876425869         0.231029876425869
        0.097100000000000        10.159334124138514        10.159334124137548        11.074553862974284         4.865794118874044         4.865794118873206         6.874400856283617         0.276875736501343         0.276875736501244         0.479872450408619         0.231029876425869         0.231029876425869         0.231029876425869
        0.097143478260870        10.125279577964960        10.125279577964609        11.028281443727405         4.839904480213468         4.839904480213164         6.837580600770305         0.276285433708684         0.276285433708647         0.479479389880810         0.231029876425869         0.231029876425869         0.231029876425869
        0.097186956521739        10.091087546923232        10.091087546922235        10.981771174854673         4.813808713407984         4.813808713407120         6.800583140499554         0.275687067102660         0.275687067102555         0.479081344232039         0.231029876425869         0.231029876425869         0.231029876425869
        0.097230434782609        10.056725190141636        10.056725190142600        10.934998030750839         4.787575666217279         4.787575666218115         6.763401934280552         0.275080366700346         0.275080366700449         0.478678151442012         0.231029876425869         0.231029876425869         0.231029876425869
        0.097273913043478        10.022205425917425        10.022205425917523        10.887969386122544         4.761171596337534         4.761171596337617         6.726026149572100         0.274465047532398         0.274465047532408         0.478269640615183         0.231029876425869         0.231029876425869         0.231029876425869
        0.097317391304348         9.987496443245950         9.987496443244458        10.840650477592783         4.734584813592437         4.734584813591153         6.688454211320154         0.273840808459381         0.273840808459220         0.477855631286477         0.231029876425869         0.231029876425869         0.231029876425869
        0.097360869565217         9.952609528939993         9.952609528940654        10.793049429613061         4.707816241134676         4.707816241135248         6.650671264734450         0.273207330886987         0.273207330887060         0.477435932666524         0.231029876425869         0.231029876425869         0.231029876425869
        0.097404347826087         9.917521182336332         9.917521182338906        10.745142378646600         4.680849297286894         4.680849297289109         6.612655228614963         0.272564277318597         0.272564277318883         0.477010342791561         0.231029876425869         0.231029876425869         0.231029876425869
        0.097447826086956         9.882240952098302         9.882240952097044        10.696903619832781         4.653676420975885         4.653676420974806         6.574401881500659         0.271911289809447         0.271911289809308         0.476578647618376         0.231029876425869         0.231029876425869         0.231029876425869
        0.097491304347826         9.846730185715016         9.846730185713943        10.648322597383538         4.626293355689601         4.626293355688681         6.535905984638860         0.271247988178056         0.271247988177934         0.476140619975888         0.231029876425869         0.231029876425869         0.231029876425869
        0.097534782608696         9.810986492505956         9.810986492503657        10.599381668599136         4.598674382162080         4.598674382160113         6.497157211486705         0.270573968067125         0.270573968066863         0.475696018427684         0.231029876425869         0.231029876425869         0.231029876425869
        0.097578260869565         9.774992955094074         9.774992955095151        10.550063481982574         4.570818984403984         4.570818984404904         6.458128263485471         0.269888798778160         0.269888798778284         0.475244586005944         0.231029876425869         0.231029876425869         0.231029876425869
        0.097621739130435         9.738751045713059         9.738751045713242        10.500342857844748         4.542714514888587         4.542714514888745         6.418812971700087         0.269192020833214         0.269192020833236         0.474786048784305         0.231029876425869         0.231029876425869         0.231029876425869
        0.097665217391304         9.702226857840186         9.702226857840623        10.450213788447870         4.514343563875178         4.514343563875552         6.379187340215917         0.268483143260764         0.268483143260815         0.474320114291286         0.231029876425869         0.231029876425869         0.231029876425869
        0.097708695652174         9.665413609033278         9.665413609032713        10.399629593000656         4.485699631467571         4.485699631467089         6.339244094609930         0.267761640530970         0.267761640530903         0.473846469718164         0.231029876425869         0.231029876425869         0.231029876425869
        0.097752173913043         9.628285127902581         9.628285127902044        10.348566941634100         4.456752481212309         4.456752481211852         6.298956162114735         0.267026949104030         0.267026949103966         0.473364779903974         0.231029876425869         0.231029876425869         0.231029876425869
        0.097795652173913         9.590828061571930         9.590828061572077        10.297023281501273         4.427488558999915         4.427488559000039         6.258312272201853         0.266278463549420         0.266278463549438         0.472874685071043         0.231029876425869         0.231029876425869         0.231029876425869
        0.097839130434783         9.553020277108887         9.553020277111282        10.244948324763222         4.397888140626423         4.397888140628456         6.217289419383213         0.265515532086675         0.265515532086971         0.472375798221654         0.231029876425869         0.231029876425869         0.231029876425869
        0.097882608695652         9.514842192868135         9.514842192872205        10.192317887821705         4.367946378524384         4.367946378527837         6.175865472078260         0.264737451599078         0.264737451599586         0.471867702233964         0.231029876425869         0.231029876425869         0.231029876425869
        0.097926086956522         9.476265510985197         9.476265510986154        10.139092654410291         4.337640559027019         4.337640559027829         6.134015261764780         0.263943461831449         0.263943461831570         0.471349946479573         0.231029876425869         0.231029876425869         0.231029876425869
        0.097969565217391         9.437262409215828         9.437262409208477        10.085231981215214         4.306934374407688         4.306934374401469         6.091712584445681         0.263132738801119         0.263132738800178         0.470822042989208         0.231029876425869         0.231029876425869         0.231029876425869
        0.098000000000000         9.409689627372797         9.409689627372790        10.047129458533426         4.285176088247539         4.285176088247533         6.061817522403617         0.262554798546121         0.262554798546120         0.470446189875098         0.231029876425869         0.231029876425869         0.231029876425869
        0.098013043478261         9.397803454298380         9.397803454301934        10.030696994814306         4.275792782686364         4.275792782689369         6.048930772393659         0.262304387224740         0.262304387225201         0.470283462049133         0.231029876425869         0.231029876425869         0.231029876425869
        0.098056521739130         9.357859533249389         9.357859533247490         9.975450607896464         4.244219213461723         4.244219213460121         6.005636653871321         0.261457431629557         0.261457431629308         0.469733627025335         0.231029876425869         0.231029876425869         0.231029876425869
        0.098100000000000         9.317391336746008         9.317391336746248         9.919436948288640         4.212159659762359         4.212159659762562         5.961797025324649         0.260590806196016         0.260590806196048         0.469171908473726         0.231029876425869         0.231029876425869         0.231029876425869
        0.098143478260870         9.276357148704010         9.276357148701747         9.862602654489372         4.179585396487078         4.179585396485173         5.917372491101145         0.259703342710524         0.259703342710219         0.468597617135612         0.231029876425869         0.231029876425869         0.231029876425869
        0.098186956521739         9.234712167462330         9.234712167462803         9.804879616377752         4.146457511619833         4.146457511620230         5.872321866982396         0.258793756600631         0.258793756600695         0.468009995847362         0.231029876425869         0.231029876425869         0.231029876425869
        0.098230434782609         9.192409591213337         9.192409591212446         9.746210620221406         4.112738071704236         4.112738071703489         5.826600193393638         0.257860630167849         0.257860630167725         0.467408209809902         0.231029876425869         0.231029876425869         0.231029876425869
        0.098273913043478         9.149390673910531         9.149390673910244         9.686511684084211         4.078370265199814         4.078370265199573         5.780154758414104         0.256902392950848         0.256902392950808         0.466791335225316         0.231029876425869         0.231029876425869         0.231029876425869
        0.098317391304348         9.105595549626193         9.105595549625750         9.625702797341503         4.043311131973102         4.043311131972732         5.732931135439213         0.255917297896616         0.255917297896552         0.466158345496080         0.231029876425869         0.231029876425869         0.231029876425869
        0.098360869565217         9.060950345735995         9.060950345732824         9.563687984099248         4.007500968559857         4.007500968557202         5.684862377408304         0.254903392865562         0.254903392865100         0.465508094753180         0.231029876425869         0.231029876425869         0.231029876425869
        0.098404347826087         9.015376446007613         9.015376446003215         9.500362283127270         3.970869506477971         3.970869506474286         5.635878880180385         0.253858485886632         0.253858485885982         0.464839297779413         0.231029876425869         0.231029876425869         0.231029876425869
        0.098447826086956         8.968780415710334         8.968780415711223         9.435597622246375         3.933337459063325         3.933337459064066         5.585897954447844         0.252780102520144         0.252780102520277         0.464150505394989         0.231029876425869         0.231029876425869         0.231029876425869
        0.098491304347826         8.921057105837743         8.921057105834295         9.369258515886449         3.894831010721556         3.894831010718672         5.534826842175661         0.251665433077476         0.251665433076948         0.463440074010980         0.231029876425869         0.231029876425869         0.231029876425869
        0.098534782608696         8.872077786733243         8.872077786735092         9.301181089434593         3.855206534602526         3.855206534604074         5.482560592850056         0.250511266653344         0.250511266653633         0.462706127621667         0.231029876425869         0.231029876425869         0.231029876425869
        0.098578260869565         8.821707950035441         8.821707950038855         9.231183193226324         3.814384172724032         3.814384172726885         5.428971569779894         0.249313907546649         0.249313907547192         0.461946509677939         0.231029876425869         0.231029876425869         0.231029876425869
        0.098621739130435         8.769771410742479         8.769771410742750         9.159037924534619         3.772209171229214         3.772209171229442         5.373923389457733         0.248069068280456         0.248069068280501         0.461158721564113         0.231029876425869         0.231029876425869         0.231029876425869
        0.098665217391304         8.716068158541555         8.716068158540775         9.084485724395055         3.728521235609572         3.728521235608919         5.317243066948727         0.246771730529346         0.246771730529216         0.460339842687605         0.231029876425869         0.231029876425869         0.231029876425869
        0.098708695652174         8.660339547795225         8.660339547811587         9.007208703776058         3.683100178380843         3.683100178394518         5.258733584597496         0.245415961524445         0.245415961527224         0.459486425108757         0.231029876425869         0.231029876425869         0.231029876425869
        0.098752173913044         8.602288484996949         8.602288484997834         8.926835884809066         3.635707671327795         3.635707671328534         5.198146768406716         0.243994667323071         0.243994667323225         0.458594352077626         0.231029876425869         0.231029876425869         0.231029876425869
        0.098795652173913         8.541562627315033         8.541562627312866         8.842900765721424         3.586039563242810         3.586039563240996         5.135189533665802         0.242499254278299         0.242499254277913         0.457658644176987         0.231029876425869         0.231029876425869         0.231029876425869
        0.098839130434783         8.477677063670065         8.477677063662140         8.754817662091876         3.533701343654488         3.533701343647842         5.069504576313213         0.240919154232427         0.240919154230974         0.456673187742301         0.231029876425869         0.231029876425869         0.231029876425869
        0.098882608695652         8.410010962119014         8.410010962126190         8.661847162072768         3.478156721582205         3.478156721588234         5.000631623895686         0.239241139113180         0.239241139114534         0.455630343331822         0.231029876425869         0.231029876425869         0.231029876425869
        0.098926086956522         8.337796570149379         8.337796570149774         8.563016074473419         3.418840008973630         3.418840008973963         4.927966339194995         0.237448301398282         0.237448301398359         0.454520364141847         0.231029876425869         0.231029876425869         0.231029876425869
        0.098969565217391         8.259943577403906         8.259943577409082         8.457018919654447         3.354752901143081         3.354752901147459         4.850741652092851         0.235518475692029         0.235518475693072         0.453330496822701         0.231029876425869         0.231029876425869         0.231029876425869
        0.099000000000000         8.201300296287554         8.201300296283257         8.377634063359929         3.306388505401815         3.306388505398164         4.793407841536238         0.234070392860090         0.234070392859200         0.452441040953216         0.231029876425869         0.231029876425869         0.231029876425869
        0.099013043478261         8.174929406915657         8.174929406935423         8.342082616078667         3.284620271177788         3.284620271194605         4.767880796363015         0.233421685092055         0.233421685096197         0.452043529130793         0.231029876425869         0.231029876425869         0.231029876425869
        0.099056521739130         8.080499041080083         8.080499041080044         8.215557905294638         3.206489042054648         3.206489042054615         4.677831919426507         0.231115331818621         0.231115331818613         0.450635053726798         0.231029876425869         0.231029876425869         0.231029876425869
        0.099100000000000         7.973180998965166         7.973180998965211         8.073486865976637         3.117230711020042         3.117230711020081         4.578332530088408         0.228537465924071         0.228537465924082         0.449069673446023         0.231029876425869         0.231029876425869         0.231029876425869
        0.099143478260870         7.847042531989594         7.847042531989623         7.909272460590159         3.011213018258183         3.011213018258210         4.465577567516578         0.225588350481702         0.225588350481708         0.447290544527112         0.231029876425869         0.231029876425869         0.231029876425869
        0.099186956521739         7.690707639405169         7.690707639405585         7.710532856476719         2.877069776616037         2.877069776616412         4.332812614462611         0.222092611485652         0.222092611485761         0.445198038715386         0.231029876425869         0.231029876425869         0.231029876425869
        0.099230434782609         7.479047844852050         7.479047844853170         7.449930507836044         2.697864976317507         2.697864976318564         4.165334122962709         0.217685106464701         0.217685106465023         0.442585520577263         0.231029876425869         0.231029876425869         0.231029876425869
        0.099273913043478         7.135514203668450         7.135514203678559         7.038994056257181         2.492578568624721         2.492578568634699         3.917867545874308         0.211308775605954         0.211308775609370         0.438857899852155         0.231029876425869         0.231029876425869         0.231029876425869
        0.099317391304348         7.854487321971106         7.854487321970331         7.174495062883654         2.263520793172370         2.263520793171608         3.413412818503223         0.178994047841465         0.178994047841101         0.420961118469605         0.231029876425869         0.231029876425869         0.231029876425869
        0.099360869565217        11.031168551169596        11.031168551170632         9.580803664716608         2.653149938825099         2.653149938825927         3.647940588533863         0.166748451976068         0.166748451976395         0.414632067373477         0.231029876425869         0.231029876425869         0.231029876425869
        0.099404347826087        12.222252846887011        12.222252846890905        10.422306545974100         2.754944629988058         2.754944629990994         3.639256182079827         0.161504751514573         0.161504751515712         0.411999324236052         0.231029876425869         0.231029876425869         0.231029876425869
        0.099447826086957        13.005722463277358        13.005722463277502        10.959594392218706         2.809858492967630         2.809858492967735         3.605962157027589         0.157800210614429         0.157800210614469         0.410167165797552         0.231029876425869         0.231029876425869         0.231029876425869
        0.099491304347826        13.592603740046146        13.592603740046123        11.353944362439584         2.844543408045617         2.844543408045599         3.565649168044838         0.154855551084075         0.154855551084069         0.408727105369647         0.231029876425869         0.231029876425869         0.231029876425869
        0.099534782608696        14.060838404940240        14.060838404940167        11.663684536600840         2.868009073404103         2.868009073404050         3.523056643464503         0.152377834731527         0.152377834731505         0.407526469786700         0.231029876425869         0.231029876425869         0.231029876425869
        0.099578260869565        14.448779949109191        14.448779949109195        11.917068330043366         2.884380376533994         2.884380376533997         3.479894447294534         0.150221119187195         0.150221119187196         0.406489538556638         0.231029876425869         0.231029876425869         0.231029876425869
        0.099621739130435        14.778476010906681        14.778476010896615        12.130097579254132         2.895913002173669         2.895913002166704         3.436869357629743         0.148300786553135         0.148300786550242         0.405572577342303         0.231029876425869         0.231029876425869         0.231029876425869
        0.099665217391304        15.063761159530980        15.063761159529486        12.312746350974162         2.903968508135769         2.903968508134741         3.394308415458534         0.146563414385150         0.146563414384716         0.404748067274121         0.231029876425869         0.231029876425869         0.231029876425869
        0.099708695652174        15.314104006640422        15.314104006646618        12.471707474217462         2.909415375270795         2.909415375275047         3.352273020821470         0.144972167553151         0.144972167554983         0.403997093142891         0.231029876425869         0.231029876425869         0.231029876425869
        0.099752173913044        15.536133136545015        15.536133136547972        12.611663155629978         2.912848888173621         2.912848888175646         3.310773483892804         0.143500911475509         0.143500911476397         0.403306272627293         0.231029876425869         0.231029876425869         0.231029876425869
        0.099795652173913        15.734756738537783        15.734756738544244        12.736051358393244         2.914684662549081         2.914684662553499         3.269826794843044         0.142130243450287         0.142130243452261         0.402665696817873         0.231029876425869         0.231029876425869         0.231029876425869
        0.099839130434783        15.913698266001488        15.913698266005486        12.847436733940954         2.915234872190783         2.915234872193517         3.229352606146515         0.140845321252680         0.140845321253923         0.402067804674234         0.231029876425869         0.231029876425869         0.231029876425869
        0.099882608695652        16.075861523126218        16.075861523126139        12.947831520140735         2.914741496760731         2.914741496760680         3.189282744861280         0.139634509127664         0.139634509127640         0.401506682636209         0.231029876425869         0.231029876425869         0.231029876425869
        0.099926086956522        16.223543103223633        16.223543103225367        13.038807108865408         2.913357866809426         2.913357866810616         3.149538367012121         0.138488498172035         0.138488498172595         0.400977610327170         0.231029876425869         0.231029876425869         0.231029876425869
        0.099969565217391        16.358599370270788        16.358599370268529        13.121619751638219         2.911249104895118         2.911249104893570         3.110030904535023         0.137399711603133         0.137399711602391         0.400476753961227         0.231029876425869         0.231029876425869         0.231029876425869
        0.100000000000000        16.446457295459961        16.446457295460391        13.175297095725510         2.909394745540288         2.909394745540583         3.082471488437327         0.136668219461351         0.136668219461495         0.400141230964268         0.231029876425869         0.231029876425869         0.231029876425869
        0.100013043478261        16.482560628289793        16.482560628287708        13.197316364458684         2.908514521942285         2.908514521940853         3.070674772829975         0.136361891103103         0.136361891102404         0.400000953427194         0.231029876425869         0.231029876425869         0.231029876425869
        0.100056521739130        16.596694630334081        16.596694630333900        13.266736880820629         2.905250232786070         2.905250232785944         3.031374099610393         0.135369801075707         0.135369801075645         0.399547570294204         0.231029876425869         0.231029876425869         0.231029876425869
        0.100100000000000        16.702050028685672        16.702050028686124        13.330610281983633         2.901527692155751         2.901527692156059         2.992023252345923         0.134419012379652         0.134419012379807         0.399114376830949         0.231029876425869         0.231029876425869         0.231029876425869
        0.100143478260870        16.799522150061303        16.799522150062224        13.389510682201765         2.897400192923253         2.897400192923885         2.952516205968361         0.133505741209690         0.133505741210015         0.398699473433923         0.231029876425869         0.231029876425869         0.231029876425869
        0.100186956521739        16.889875902712063        16.889875902711893        13.443978461457450         2.892919727020907         2.892919727020792         2.912728433104518         0.132626726650814         0.132626726650753         0.398301225967751         0.231029876425869         0.231029876425869         0.231029876425869
        0.100230434782609        16.973772077229288        16.973772077229828        13.494428942011854         2.888137906022285         2.888137906022664         2.872526767173945         0.131779136330756         0.131779136330956         0.397918217550621         0.231029876425869         0.231029876425869         0.231029876425869
        0.100273913043478        17.051764316525471        17.051764316524782        13.541242346251643         2.883080105180454         2.883080105179978         2.831761584094716         0.130960492886434         0.130960492886177         0.397549211009112         0.231029876425869         0.231029876425869         0.231029876425869
        0.100317391304348        17.124357846872048        17.124357846871700        13.584777470793679         2.877779597126698         2.877779597126455         2.790260551534572         0.130168615498335         0.130168615498202         0.397193119084497         0.231029876425869         0.231029876425869         0.231029876425869
        0.100360869565217        17.191963086183620        17.191963086183950        13.625293929956406         2.872263531842345         2.872263531842574         2.747833144431848         0.129401573350037         0.129401573350163         0.396848980727926         0.231029876425869         0.231029876425869         0.231029876425869
        0.100404347826087        17.254925012655438        17.254925012654837        13.663013368083243         2.866538915031377         2.866538915030953         2.704201189366176         0.128657647926809         0.128657647926572         0.396515941924984         0.231029876425869         0.231029876425869         0.231029876425869
        0.100447826086957        17.313601824764820        17.313601824764156        13.698257079644312         2.860630210486570         2.860630210486099         2.659119604820348         0.127935302211160         0.127935302210891         0.396193240051644         0.231029876425869         0.231029876425869         0.231029876425869
        0.100491304347826        17.368237979978513        17.368237979978829        13.731196839625657         2.854550389506334         2.854550389506561         2.612182189636667         0.127233155418772         0.127233155418903         0.395880191051057         0.231029876425869         0.231029876425869         0.231029876425869
        0.100534782608696        17.419046305604411        17.419046305604176        13.761918138962763         2.848309057312981         2.848309057312813         2.562980141161799         0.126549961983919         0.126549961983821         0.395576178782124         0.231029876425869         0.231029876425869         0.231029876425869
        0.100578260869565        17.466193997404961        17.466193997404904        13.790680438728581         2.841870654426247         2.841870654426206         2.510971129725939         0.125884594089501         0.125884594089477         0.395280646171687         0.231029876425869         0.231029876425869         0.231029876425869
        0.100621739130435        17.509822032398922        17.509822032398397        13.817594643097538         2.835097061276553         2.835097061276178         2.456686840481391         0.125236026830804         0.125236026830577         0.394993087716415         0.231029876425869         0.231029876425869         0.231029876425869
        0.100665217391304        17.549917851609905        17.549917851610036        13.842785120439281         2.828210813770561         2.828210813770657         2.396514423511704         0.124603325858839         0.124603325858898         0.394713043230469         0.231029876425869         0.231029876425869         0.231029876425869
        0.100708695652174        17.585440354541458        17.585440354541483        13.866374551395770         2.818233606886575         2.818233606886590         2.337323819567709         0.123985636669852         0.123985636669862         0.394440092447102         0.231029876425869         0.231029876425869         0.231029876425869
        0.100752173913043        17.620441316977420        17.620441316977892        13.888465128163215         2.809752897919113         2.809752897919455         2.294023811199739         0.123382175622110         0.123382175622326         0.394173850480252         0.231029876425869         0.231029876425869         0.231029876425869
        0.100795652173913        17.653557666011992        17.653557666011917        13.909141200822008         2.801078562838859         2.801078562838804         2.258617173295547         0.122792222044345         0.122792222044310         0.393913963855996         0.231029876425869         0.231029876425869         0.231029876425869
        0.100839130434783        17.684892972019629        17.684892972019512        13.928517104320544         2.792402208690822         2.792402208690735         2.228565538275954         0.122215111544428         0.122215111544373         0.393660107141102         0.231029876425869         0.231029876425869         0.231029876425869
        0.100882608695652        17.714672785013523        17.714672785013477        13.946666339993758         2.784088934554801         2.784088934554765         2.202283125272617         0.121650230135702         0.121650230135679         0.393411979989694         0.231029876425869         0.231029876425869         0.231029876425869
        0.100926086956522        17.741786145633515        17.741786145633935        13.963657343846954         2.774214080006526         2.774214080006832         2.178837328517593         0.121097009135086         0.121097009135287         0.393169304581964         0.231029876425869         0.231029876425869         0.231029876425869
        0.100969565217391        17.767697574776371        17.767697574776594        13.979556060018410         2.765081034700348         2.765081034700507         2.157745928854264         0.120554920726766         0.120554920726872         0.392931823393277         0.231029876425869         0.231029876425869         0.231029876425869
        0.101000000000000        17.784878084405072        17.784878084405083        13.990073989948742         2.758672080670778         2.758672080670783         2.144109456990058         0.120181818579010         0.120181818579014         0.392768548394119         0.231029876425869         0.231029876425869         0.231029876425869
        0.101013043478261        17.791988819587573        17.791988819587552        13.994422599810905         2.755888585811781         2.755888585811765         2.138536411047307         0.120023474001695         0.120023474001684         0.392699297214031         0.231029876425869         0.231029876425869         0.231029876425869
        0.101056521739130        17.814726676793700        17.814726676793970        14.008330763077295         2.746617664669924         2.746617664670119         2.120936060963619         0.119502211548570         0.119502211548704         0.392471503435998         0.231029876425869         0.231029876425869         0.231029876425869
        0.101100000000000        17.836027390765910        17.836027390766038        14.021317763748822         2.737332027682828         2.737332027682925         2.104840330116708         0.118990706367825         0.118990706367892         0.392248234511346         0.231029876425869         0.231029876425869         0.231029876425869
        0.101143478260870        17.855926342156945        17.855926342156767        14.033434340299303         2.728011355572244         2.728011355572111         2.089895409312045         0.118488559184648         0.118488559184556         0.392029296606453         0.231029876425869         0.231029876425869         0.231029876425869
        0.101186956521739        17.874514474156189        17.874514474156278        14.044721126696487         2.718682668453285         2.718682668453352         2.076019308487169         0.117995396033820         0.117995396033868         0.391814508396085         0.231029876425869         0.231029876425869         0.231029876425869
        0.101230434782609        17.891849927606167        17.891849927606032        14.055235015712013         2.709347075676358         2.709347075676256         2.063074857729730         0.117510866112183         0.117510866112111         0.391603699990319         0.231029876425869         0.231029876425869         0.231029876425869
        0.101273913043478        17.907992831019328        17.907992831019136        14.065006308500088         2.700016490602683         2.700016490602537         2.051008457635632         0.117034639854611         0.117034639854506         0.391396711975279         0.231029876425869         0.231029876425869         0.231029876425869
        0.101317391304348        17.922990099660765        17.922990099660669        14.074075455553629         2.690676295749628         2.690676295749562         2.039683259476190         0.116566407204022         0.116566407203974         0.391193394551174         0.231029876425869         0.231029876425869         0.231029876425869
        0.101360869565217        17.936915736018193        17.936915736018271        14.082481044223019         2.681367795436792         2.681367795436854         2.029028612338300         0.116105876086839         0.116105876086883         0.390993606770352         0.231029876425869         0.231029876425869         0.231029876425869
        0.101404347826087        17.949804075698843        17.949804075698694        14.090246403048955         2.672059820715250         2.672059820715141         2.019007050843787         0.115652770977712         0.115652770977631         0.390797215826947         0.231029876425869         0.231029876425869         0.231029876425869
        0.101447826086957        17.961694119491174        17.961694119491142        14.097406976458659         2.662755302367680         2.662755302367652         2.009521906592008         0.115206831678246         0.115206831678225         0.390604096445347         0.231029876425869         0.231029876425869         0.231029876425869
        0.101491304347826        17.972664267860001        17.972664267859958        14.103982801925740         2.653492634030187         2.653492634030157         2.000608175319254         0.114767812140539         0.114767812140518         0.390414130299155         0.231029876425869         0.231029876425869         0.231029876425869
        0.101534782608696        17.982731814722246        17.982731814722122        14.110007500384656         2.644257010513153         2.644257010513064         1.992139400285188         0.114335479453186         0.114335479453117         0.390227205505355         0.231029876425869         0.231029876425869         0.231029876425869
        0.101578260869565        17.991926628583411        17.991926628583549        14.115505437516619         2.635032676262607         2.635032676262713         1.984105929699321         0.113909612892484         0.113909612892564         0.390043216154440         0.231029876425869         0.231029876425869         0.231029876425869
        0.101621739130435        18.000328478823320        18.000328478823235        14.120506091125044         2.625864493049333         2.625864493049272         1.976473271160182         0.113490003060136         0.113490003060087         0.389862061883262         0.231029876425869         0.231029876425869         0.231029876425869
        0.101665217391304        18.007907176560455        18.007907176560366        14.125037477534667         2.616685227170569         2.616685227170506         1.969211755710306         0.113076451115785         0.113076451115734         0.389683647493430         0.231029876425869         0.231029876425869         0.231029876425869
        0.101708695652174        18.014739322794387        18.014739322794433        14.129089115867641         2.607555641379251         2.607555641379285         1.962294368859501         0.112668768044112         0.112668768044138         0.389507882590245         0.231029876425869         0.231029876425869         0.231029876425869
        0.101752173913043        18.020840356531313        18.020840356531384        14.132698845648962         2.598458493058344         2.598458493058400         1.955691615737067         0.112266774011622         0.112266774011666         0.389334681263361         0.231029876425869         0.231029876425869         0.231029876425869
        0.101795652173913        18.026257743290490        18.026257743290390        14.135882825734138         2.589405030247106         2.589405030247032         1.949375966247767         0.111870297766407         0.111870297766346         0.389163961790213         0.231029876425869         0.231029876425869         0.231029876425869
        0.101839130434783        18.031014183133085        18.031014183133053        14.138670898381024         2.580380231278399         2.580380231278375         1.943380245628362         0.111479176082683         0.111479176082663         0.388995646361994         0.231029876425869         0.231029876425869         0.231029876425869
        0.101882608695652        18.035133102453674        18.035133102453749        14.141095344262864         2.571405284251008         2.571405284251060         1.937619705052743         0.111093253257296         0.111093253257339         0.388829660834733         0.231029876425869         0.231029876425869         0.231029876425869
        0.101926086956522        18.038605853853237        18.038605853853205        14.143087689208775         2.562438114062236         2.562438114062214         1.932102635060906         0.110712380639074         0.110712380639055         0.388665934497598         0.231029876425869         0.231029876425869         0.231029876425869
        0.101969565217391        18.041489163579445        18.041489163579527        14.144692815144301         2.553520016064084         2.553520016064147         1.926807916696244         0.110336416202482         0.110336416202533         0.388504399862328         0.231029876425869         0.231029876425869         0.231029876425869
        0.102000000000000        18.043173506769225        18.043173506768930        14.145628200789641         2.547300700225339         2.547300700225118         1.923241152987985         0.110076087661966         0.110076087661780         0.388392594621074         0.231029876425869         0.231029876425869         0.231029876425869
        0.102013043478261        18.043811754493138        18.043811754493188        14.145979660342528         2.544641192872913         2.544641192872957         1.921739768967177         0.109965224145614         0.109965224145651         0.388344992465582         0.231029876425869         0.231029876425869         0.231029876425869
        0.102056521739130        18.045589854581642        18.045589854581642        14.146932937068922         2.535796643409996         2.535796643409997         1.916864379218827         0.109598674528707         0.109598674528707         0.388187650690230         0.231029876425869         0.231029876425869         0.231029876425869
        0.102100000000000        18.046841513833439        18.046841513833442        14.147575678926980         2.527000951384177         2.527000951384179         1.912179029569384         0.109236642924562         0.109236642924564         0.388032315594640         0.231029876425869         0.231029876425869         0.231029876425869
        0.102143478260870        18.047558861820736        18.047558861820754        14.147901641339605         2.518213820317609         2.518213820317621         1.907673290954683         0.108879010109985         0.108879010109995         0.387878930759841         0.231029876425869         0.231029876425869         0.231029876425869
        0.102186956521739        18.047804646938125        18.047804646938062        14.147944255112662         2.509484676416486         2.509484676416439         1.903346743468194         0.108525661768382         0.108525661768340         0.387727442144053         0.231029876425869         0.231029876425869         0.231029876425869
        0.102230434782609        18.047546239042941        18.047546239042955        14.147671458956614         2.500776578918648         2.500776578918662         1.899174855465124         0.108176488219246         0.108176488219260         0.387577797949760         0.231029876425869         0.231029876425869         0.231029876425869
        0.102273913043478        18.046850985531876        18.046850985531858        14.147123432207696         2.492114695270647         2.492114695270633         1.895154804341735         0.107831384164245         0.107831384164231         0.387429948498883         0.231029876425869         0.231029876425869         0.231029876425869
        0.102317391304348        18.045700490728219        18.045700490728223        14.146352776213632         2.483493320535834         2.483493320535834         1.891273025946929         0.107490248447833         0.107490248447833         0.387283846116097         0.231029876425869         0.231029876425869         0.231029876425869
        0.102360869565217        18.044117574790242        18.044117574790295        14.145254908754422         2.474878934847979         2.474878934848018         1.887533573961618         0.107152983841949         0.107152983841985         0.387139445022489         0.231029876425869         0.231029876425869         0.231029876425869
        0.102404347826087        18.042114458715226        18.042114458715201        14.143925239472235         2.466306495451800         2.466306495451780         1.883923875427729         0.106819496836883         0.106819496836865         0.386996701233739         0.231029876425869         0.231029876425869         0.231029876425869
        0.102447826086957        18.039716515770213        18.039716515770209        14.142348698077793         2.457777822748382         2.457777822748382         1.880436457697510         0.106489697446456         0.106489697446456         0.386855572465082         0.231029876425869         0.231029876425869         0.231029876425869
        0.102491304347826        18.036927989853840        18.036927989853783        14.140539955464190         2.449281263764987         2.449281263764945         1.877068482029924         0.106163499037950         0.106163499037910         0.386716018046932         0.231029876425869         0.231029876425869         0.231029876425869
        0.102534782608696        18.033758464193131        18.033758464193099        14.138506427189352         2.440800670199471         2.440800670199445         1.873811130124414         0.105840818154561         0.105840818154537         0.386577998839274         0.231029876425869         0.231029876425869         0.231029876425869
        0.102578260869565        18.030212324452140        18.030212324452133        14.136261449157947         2.432351441571374         2.432351441571368         1.870658182289843         0.105521574360791         0.105521574360786         0.386441477155839         0.231029876425869         0.231029876425869         0.231029876425869
        0.102621739130435        18.026328751786458        18.026328751786540        14.133794156009678         2.423956679346727         2.423956679346786         1.867606394485385         0.105205690094108         0.105205690094165         0.386306416691644         0.231029876425869         0.231029876425869         0.231029876425869
        0.102665217391304        18.022053957058578        18.022053957058599        14.131084431772912         2.415549681414695         2.415549681414712         1.864654536107054         0.104893090528252         0.104893090528268         0.386172782456190         0.231029876425869         0.231029876425869         0.231029876425869
        0.102708695652174        18.017452668900784        18.017452668900869        14.128186923925808         2.407188333875433         2.407188333875494         1.861795428002061         0.104583703441153         0.104583703441212         0.386040540709195         0.231029876425869         0.231029876425869         0.231029876425869
        0.102752173913043        18.012536522382870        18.012536522382831        14.125100169428515         2.398852138083559         2.398852138083528         1.859024977942597         0.104277459091272         0.104277459091243         0.385909658900533         0.231029876425869         0.231029876425869         0.231029876425869
        0.102795652173913        18.007292840569750        18.007292840569704        14.121818991900456         2.390538257475837         2.390538257475802         1.856340945639896         0.103974290104419         0.103974290104383         0.385780105614890         0.231029876425869         0.231029876425869         0.231029876425869
        0.102839130434783        18.001742173220741        18.001742173220734        14.118350194459330         2.382254267042719         2.382254267042717         1.853736485198084         0.103674131364435         0.103674131364433         0.385651850518591         0.231029876425869         0.231029876425869         0.231029876425869
        0.102882608695652        17.995865314104513        17.995865314104503        14.114701762611238         2.373978274268306         2.373978274268298         1.851209858644316         0.103376919909086         0.103376919909076         0.385524864309237         0.231029876425869         0.231029876425869         0.231029876425869
        0.102926086956522        17.989717227011734        17.989717227011692        14.110871723898683         2.365744158746712         2.365744158746685         1.848757848252392         0.103082594836866         0.103082594836838         0.385399118669998         0.231029876425869         0.231029876425869         0.231029876425869
        0.102969565217391        17.983247851576149        17.983247851576174        14.106859938771214         2.357499489253208         2.357499489253226         1.846377396216889         0.102791097212436         0.102791097212455         0.385274586224117         0.231029876425869         0.231029876425869         0.231029876425869
        0.103000000000000        17.978569461947448        17.978569461947444        14.103971659482445         2.351755851908630         2.351755851908628         1.844752112983363         0.102588700559279         0.102588700559278         0.385188121137215         0.231029876425869         0.231029876425869         0.231029876425869
        0.103013043478261        17.976527344274572        17.976527344274597        14.102704021016395         2.349292814438769         2.349292814438791         1.844065632126386         0.102502369980528         0.102502369980551         0.385151240493098         0.231029876425869         0.231029876425869         0.231029876425869
        0.103056521739130        17.969507308532989        17.969507308533004        14.098375505967724         2.341094585118372         2.341094585118379         1.841825264200919         0.102216357894018         0.102216357894026         0.385029055860631         0.231029876425869         0.231029876425869         0.231029876425869
        0.103100000000000        17.962214950957428        17.962214950957403        14.093883405932914         2.332914398959199         2.332914398959176         1.839642854097666         0.101933007420981         0.101933007420956         0.384908007529647         0.231029876425869         0.231029876425869         0.231029876425869
        0.103143478260870        17.954650887568199        17.954650887568199        14.089232723180720         2.324744664119302         2.324744664119299         1.837521357448791         0.101652266682823         0.101652266682820         0.384788071490822         0.231029876425869         0.231029876425869         0.231029876425869
        0.103186956521739        17.946823258020970        17.946823258020967        14.084442943869902         2.316582918953805         2.316582918953802         1.835458471200999         0.101374085382952         0.101374085382949         0.384669224488456         0.231029876425869         0.231029876425869         0.231029876425869
        0.103230434782609        17.938719005298154        17.938719005298154        14.079479926281111         2.308420796441646         2.308420796441645         1.833451972300880         0.101098414740937         0.101098414740935         0.384551443988569         0.231029876425869         0.231029876425869         0.231029876425869
        0.103273913043478        17.930383211638471        17.930383211638514        14.074402812677693         2.300282949862278         2.300282949862305         1.831497295130655         0.100825207429425         0.100825207429457         0.384434708148684         0.231029876425869         0.231029876425869         0.231029876425869
        0.103317391304348        17.921796357962769        17.921796357962808        14.069160542436938         2.292154282149224         2.292154282149252         1.829597367144956         0.100554417520400         0.100554417520431         0.384318995791001         0.231029876425869         0.231029876425869         0.231029876425869
        0.103360869565217        17.912954413890017        17.912954413890006        14.063795791072227         2.284020448030393         2.284020448030389         1.827747844576745         0.100286000421898         0.100286000421892         0.384204286373014         0.231029876425869         0.231029876425869         0.231029876425869
        0.103404347826087        17.903862120048817        17.903862120048785        14.058272978220574         2.275892286575071         2.275892286575051         1.825946910068089         0.100019912830860         0.100019912830837         0.384090559963819         0.231029876425869         0.231029876425869         0.231029876425869
        0.103447826086957        17.894522051583255        17.894522051583255        14.052627833189932         2.267750083464990         2.267750083464994         1.824203840945316         0.099756112680626         0.099756112680629         0.383977797219174         0.231029876425869         0.231029876425869         0.231029876425869
        0.103491304347826        17.884955374032309        17.884955374032284        14.046850105888669         2.259620233468717         2.259620233468701         1.822495036509763         0.099494559093061         0.099494559093041         0.383865979358287         0.231029876425869         0.231029876425869         0.231029876425869
        0.103534782608696        17.875154557857094        17.875154557857108        14.040947844205842         2.251487909927686         2.251487909927700         1.820829890342972         0.099235212333894         0.099235212333912         0.383755088142313         0.231029876425869         0.231029876425869         0.231029876425869
        0.103578260869565        17.865119655538052        17.865119655538081        14.034919535474101         2.243341581042504         2.243341581042521         1.819206886648768         0.098978033766865         0.098978033766885         0.383645105852525         0.231029876425869         0.231029876425869         0.231029876425869
        0.103621739130435        17.854819746081159        17.854819746081166        14.028759543340788         2.235169982366239         2.235169982366247         1.817624608584631         0.098722985816341         0.098722985816350         0.383536015271754         0.231029876425869         0.231029876425869         0.231029876425869
        0.103665217391304        17.844298365941100        17.844298365941064        14.022489232900153         2.226999132256696         2.226999132256672         1.816081680258461         0.098470031925687         0.098470031925659         0.383427799664746         0.231029876425869         0.231029876425869         0.231029876425869
        0.103708695652174        17.833547171907725        17.833547171907782        14.016089608380133         2.218815337405843         2.218815337405884         1.814576800933668         0.098219136519438         0.098219136519487         0.383320442760001         0.231029876425869         0.231029876425869         0.231029876425869
        0.103752173913043        17.822566326612375        17.822566326612364        14.009572728105312         2.210621290894726         2.210621290894716         1.813108714998286         0.097970264967489         0.097970264967477         0.383213928732483         0.231029876425869         0.231029876425869         0.231029876425869
        0.103795652173913        17.811337565501486        17.811337565501486        14.002938862797189         2.202390888279585         2.202390888279586         1.811676219449868         0.097723383553282         0.097723383553284         0.383108242188110         0.231029876425869         0.231029876425869         0.231029876425869
        0.103839130434783        17.799876981017693        17.799876981017675        13.996179391791843         2.194137894741242         2.194137894741226         1.810278175152888         0.097478459438185         0.097478459438165         0.383003368147053         0.231029876425869         0.231029876425869         0.231029876425869
        0.103882608695652        17.788185452499576        17.788185452499611        13.989317324317529         2.185864386764708         2.185864386764732         1.808913477372523         0.097235460632564         0.097235460632595         0.382899292029531         0.231029876425869         0.231029876425869         0.231029876425869
        0.103926086956522        17.776274397881004        17.776274397881004        13.982507577427880         2.177555903701788         2.177555903701785         1.807566655739048         0.096994355964793         0.096994355964790         0.382795999641084         0.231029876425869         0.231029876425869         0.231029876425869
        0.103969565217391        17.764094792776927        17.764094792776941        13.975421285818099         2.169209888395923         2.169209888395934         1.806265504035669         0.096755115053814         0.096755115053828         0.382693477159427         0.231029876425869         0.231029876425869         0.231029876425869
        0.104000000000000        17.755387831873772        17.755387831873755        13.970223448569865         2.163340806726476         2.163340806726468         1.805372794700718         0.096588739460018         0.096588739460007         0.382622162292585         0.231029876425869         0.231029876425869         0.231029876425869
        0.104013043478261        17.751637981347276        17.751637981347276        13.968117634970115         2.160835315167515         2.160835315167515         1.804994675380225         0.096517708280790         0.096517708280790         0.382591711120833         0.231029876425869         0.231029876425869         0.231029876425869
        0.104056521739130        17.738959825441430        17.738959825441420        13.960817370170769         2.152400792178650         2.152400792178645         1.803753231518272         0.096282106764674         0.096282106764668         0.382490688408350         0.231029876425869         0.231029876425869         0.231029876425869
        0.104100000000000        17.726029757664271        17.726029757664282        13.953412046312359         2.143918109014917         2.143918109014923         1.802540281673846         0.096048282335118         0.096048282335126         0.382390396239135         0.231029876425869         0.231029876425869         0.231029876425869
        0.104143478260870        17.712853128229405        17.712853128229380        13.945899987406580         2.135384200125714         2.135384200125699         1.801354968173281         0.095816207511533         0.095816207511511         0.382290822153940         0.231029876425869         0.231029876425869         0.231029876425869
        0.104186956521739        17.699401677933402        17.699401677933434        13.938283443527590         2.126789750862954         2.126789750862975         1.800196466306613         0.095585855477587         0.095585855477614         0.382191954005449         0.231029876425869         0.231029876425869         0.231029876425869
        0.104230434782609        17.685673339076057        17.685673339076050        13.930493221300724         2.118111596824487         2.118111596824483         1.799063979845648         0.095357200060795         0.095357200060789         0.382093779948122         0.231029876425869         0.231029876425869         0.231029876425869
        0.104273913043478        17.671669258239632        17.671669258239646        13.922669821826851         2.109376619508126         2.109376619508138         1.797956751740798         0.095130215710978         0.095130215710994         0.381996288428200         0.231029876425869         0.231029876425869         0.231029876425869
        0.104317391304348        17.657398143295588        17.657398143295584        13.914870714804685         2.100557346938516         2.100557346938514         1.796874043504087         0.094904877480842         0.094904877480839         0.381899468174150         0.231029876425869         0.231029876425869         0.231029876425869
        0.104360869565217        17.642797009896206        17.642797009896213        13.906838332024181         2.091649916814546         2.091649916814549         1.795815147777773         0.094681161005879         0.094681161005882         0.381803308187333         0.231029876425869         0.231029876425869         0.231029876425869
        0.104404347826087        17.627882625727441        17.627882625727466        13.898703087897562         2.082646550203138         2.082646550203152         1.794779386731708         0.094459042486067         0.094459042486088         0.381707797733145         0.231029876425869         0.231029876425869         0.231029876425869
        0.104447826086957        17.612605757544614        17.612605757544628        13.890346434584506         2.073529536715442         2.073529536715451         1.793765950877869         0.094238498669091         0.094238498669104         0.381612926332942         0.231029876425869         0.231029876425869         0.231029876425869
        0.104491304347826        17.597015032792953        17.597015032792939        13.882011116760481         2.064297485601511         2.064297485601503         1.792774520245603         0.094019506830938         0.094019506830927         0.381518683755084         0.231029876425869         0.231029876425869         0.231029876425869
        0.104534782608696        17.581060635877719        17.581060635877733        13.873574005720117         2.054935036097324         2.054935036097334         1.791804327318784         0.093802044762188         0.093802044762205         0.381425060008088         0.231029876425869         0.231029876425869         0.231029876425869
        0.104578260869565        17.564727651564468        17.564727651564485        13.865038561073787         2.045433122890497         2.045433122890504         1.790854792326826         0.093586090751003         0.093586090751017         0.381332045332630         0.231029876425869         0.231029876425869         0.231029876425869
        0.104621739130435        17.547978469828003        17.547978469828003        13.856400982090392         2.035771713756894         2.035771713756894         1.789925321720734         0.093371623567469         0.093371623567470         0.381239630194217         0.231029876425869         0.231029876425869         0.231029876425869
        0.104665217391304        17.530787855217429        17.530787855217408        13.847664244397373         2.025920682811444         2.025920682811432         1.789015298001968         0.093158622449774         0.093158622449756         0.381147805276539         0.231029876425869         0.231029876425869         0.231029876425869
        0.104708695652174        17.513128275058421        17.513128275058424        13.838827591736498         2.015880640063274         2.015880640063278         1.788124388379691         0.092947067090145         0.092947067090151         0.381056561474718         0.231029876425869         0.231029876425869         0.231029876425869
        0.104752173913043        17.494952357265639        17.494952357265635        13.829909467161496         2.005620607806167         2.005620607806167         1.787251981530983         0.092736937621551         0.092736937621550         0.380965889888994         0.231029876425869         0.231029876425869         0.231029876425869
        0.104795652173913        17.476228837164278        17.476228837164278        13.820873268307761         1.995116598251855         1.995116598251855         1.786397575021051         0.092528214603454         0.092528214603454         0.380875781818195         0.231029876425869         0.231029876425869         0.231029876425869
        0.104839130434783        17.456897886362121        17.456897886362118        13.811734733215506         1.984336847976985         1.984336847976984         1.785560707590731         0.092320879011181         0.092320879011180         0.380786228754364         0.231029876425869         0.231029876425869         0.231029876425869
        0.104882608695652        17.436888466957374        17.436888466957374        13.802514010699422         1.973245024125120         1.973245024125120         1.784740914614610         0.092114912222402         0.092114912222403         0.380697222376580         0.231029876425869         0.231029876425869         0.231029876425869
        0.104926086956522        17.416125265642151        17.416125265642169        13.793186733581438         1.961788508815556         1.961788508815563         1.783937759125753         0.091910296006636         0.091910296006649         0.380608754545829         0.231029876425869         0.231029876425869         0.231029876425869
        0.104969565217391        17.394525697026737        17.394525697026737        13.783736513823023         1.949930181707211         1.949930181707211         1.783150794030387         0.091707012513010         0.091707012513010         0.380520817299334         0.231029876425869         0.231029876425869         0.231029876425869
        0.105000000000000        17.378843794328208        17.378843794328219        13.777038602560561         1.941349601843552         1.941349601843556         1.782609336856917         0.091565497661766         0.091565497661773         0.380459572745574         0.231029876425869         0.231029876425869         0.231029876425869
        0.105013043478261        17.371969550120255        17.371969550120259        13.774165293012224         1.937597888066382         1.937597888066385         1.782379617781413         0.091505044260367         0.091505044260373         0.380433402845787         0.231029876425869         0.231029876425869         0.231029876425869
        0.105056521739130        17.348316561789762        17.348316561789751        13.764517905529978         1.924722209975264         1.924722209975259         1.781623827289394         0.091304374126346         0.091304374126335         0.380346503560234         0.231029876425869         0.231029876425869         0.231029876425869
        0.105100000000000        17.323382027107378        17.323382027107368        13.754767399295483         1.911199882033339         1.911199882033335         1.780884358743543         0.091104985337306         0.091104985337298         0.380260111979298         0.231029876425869         0.231029876425869         0.231029876425869
        0.106000000000000        16.632470134544405        16.632470134544409        13.528804092924409         1.585078708268062         1.585078708268061         1.768364721247604         0.087239998054919         0.087239998054915         0.378574574999545         0.231029876425869         0.231029876425869         0.231029876425869
        0.107000000000000        16.171556273010140        16.171556273010303        13.294715880321299         1.449289843647019         1.449289843647223         1.758989770012714         0.083441357310960         0.083441357312376         0.376891642250178         0.231029876425869         0.231029876425869         0.231029876425869
        0.108000000000000        15.806307520505548        15.806307520505449        13.118480632350453         1.376547693214710         1.376547693214375         1.752606973291732         0.080056651231170         0.080056651228153         0.375361827149984         0.231029876425869         0.231029876425869         0.231029876425869
        0.109000000000000        15.489262890873375        15.489262890873377        12.962820688651929         1.329942711138710         1.329942711138690         1.748181246645909         0.077006764392945         0.077006764392733         0.373951477176601         0.231029876425869         0.231029876425869         0.231029876425869
        0.110000000000000        15.203570186570607        15.203570186570618        12.819436451531859         1.297655538250937         1.297655538250867         1.745018428979175         0.074234011645357         0.074234011644521         0.372636522453206         0.231029876425869         0.231029876425869         0.231029876425869
        0.111000000000000        14.940978635481873        14.940978635481857        12.684918369365233         1.274269926167774         1.274269926167898         1.742779591531119         0.071694867662969         0.071694867664581         0.371399146878714         0.231029876425869         0.231029876425869         0.231029876425869
        0.112000000000000        14.696649835205553        14.696649835205553        12.557195001345240         1.256878272511195         1.256878272511253         1.741189847412535         0.069355595789421         0.069355595790218         0.370225807224309         0.231029876425869         0.231029876425869         0.231029876425869
        0.113000000000000        14.467491430845595        14.467491430845591        12.435156091987546         1.243747743386166         1.243747743386146         1.740084895809550         0.067189459974415         0.067189459974129         0.369105981074387         0.231029876425869         0.231029876425869         0.231029876425869
        0.114000000000000        14.251324228726553        14.251324228726563        12.318129726660265         1.233761610773956         1.233761610773971         1.739331774426987         0.065174873992169         0.065174873992388         0.368031342961747         0.231029876425869         0.231029876425869         0.231029876425869
        0.115000000000000        14.046514905935648        14.046514905935659        12.205478723268131         1.226172243262195         1.226172243262210         1.738854562329731         0.063294131232429         0.063294131232655         0.366995203782546         0.231029876425869         0.231029876425869         0.231029876425869
        0.116000000000000        13.851862552769784        13.851862552769843        12.096936662804362         1.220458714221439         1.220458714221494         1.738595454961756         0.061532508057494         0.061532508058348         0.365992118365379         0.231029876425869         0.231029876425869         0.231029876425869
        0.117000000000000        13.666345317328902        13.666345317328885        11.992106128618497         1.216238831582958         1.216238831582944         1.738513290747516         0.059877615205861         0.059877615205651         0.365017603937390         0.231029876425869         0.231029876425869         0.231029876425869
        0.118000000000000        13.489179444569990        13.489179444570032        11.890767780168870         1.213236669200231         1.213236669200260         1.738578773518470         0.058318918640678         0.058318918641133         0.364067933828315         0.231029876425869         0.231029876425869         0.231029876425869
        0.119000000000000        13.319688673397330        13.319688673397303        11.792726922834474         1.211238181022106         1.211238181022092         1.738770226589373         0.056847379041339         0.056847379041094         0.363139983473770         0.231029876425869         0.231029876425869         0.231029876425869
        0.120000000000000        13.157302110828905        13.157302110828935        11.697804122154212         1.210080234286924         1.210080234286941         1.739072068427834         0.055455175931221         0.055455175931502         0.362231113530361         0.231029876425869         0.231029876425869         0.231029876425869
        0.121000000000000        13.001526334731503        13.001526334731453        11.605853785235713         1.209633758927721         1.209633758927701         1.739475422601541         0.054135493599023         0.054135493598681         0.361339079869033         0.231029876425869         0.231029876425869         0.231029876425869
        0.122000000000000        12.851932843688662        12.851932843688719        11.516750488514971         1.209795856720585         1.209795856720607         1.739973086539619         0.052882352720652         0.052882352721031         0.360461963343098         0.231029876425869         0.231029876425869         0.231029876425869
        0.123000000000000        12.708154893443583        12.708154893443551        11.430350386725456         1.210490570656495         1.210490570656483         1.740555273433888         0.051690476340216         0.051690476340013         0.359598114329491         0.231029876425869         0.231029876425869         0.231029876425869
        0.124000000000000        12.569787102942669        12.569787102942655        11.346548077708334         1.211631701594406         1.211631701594401         1.741219281563835         0.050555182091912         0.050555182091825         0.358746108472975         0.231029876425869         0.231029876425869         0.231029876425869
        0.125000000000000        12.436602270884755        12.436602270884729        11.265245555102641         1.213186495357417         1.213186495357407         1.741942041228054         0.049472294624115         0.049472294623939         0.357904711013739         0.231029876425869         0.231029876425869         0.231029876425869
        0.126000000000000        12.308312754799442        12.308312754799415        11.186359467368707         1.215101984820518         1.215101984820510         1.742788220402653         0.048438073849918         0.048438073849761         0.357072847788634         0.231029876425869         0.231029876425869         0.231029876425869
        0.127000000000000        12.184651934596358        12.184651934596319        11.109787314714474         1.217340522990914         1.217340522990902         1.743688973191004         0.047449155630152         0.047449155629922         0.356249581451154         0.231029876425869         0.231029876425869         0.231029876425869
        0.128000000000000        12.065377196326539        12.065377196326546        11.035449291595675         1.219865088628693         1.219865088628696         1.744666310763299         0.046502502398566         0.046502502398618         0.355434091834639         0.231029876425869         0.231029876425869         0.231029876425869
        0.129000000000000        11.950297433646046        11.950297433646089        10.963264389378432         1.222653512951529         1.222653512951540         1.745719442431425         0.045595361758099         0.045595361758303         0.354625659618998         0.231029876425869         0.231029876425869         0.231029876425869
        0.130000000000000        11.839233762990325        11.839233762990268        10.893162270501989         1.225687031051532         1.225687031051517         1.746848359463122         0.044725231532637         0.044725231532351         0.353823652657460         0.231029876425869         0.231029876425869         0.231029876425869
        0.131000000000000        11.731969311812952        11.731969311812897        10.825083564035387         1.228935180487649         1.228935180487634         1.748052984702610         0.043889830102542         0.043889830102254         0.353027514466171         0.231029876425869         0.231029876425869         0.231029876425869
        0.132000000000000        11.628358149582098        11.628358149582116        10.758912201172825         1.232390140795186         1.232390140795189         1.749333312702868         0.043087071064201         0.043087071064275         0.352236754475258         0.231029876425869         0.231029876425869         0.231029876425869
        0.133000000000000        11.528232448998844        11.528232448998848        10.694640977829801         1.236030629248080         1.236030629248081         1.750682888714292         0.042315041492679         0.042315041492697         0.351450939734639         0.231029876425869         0.231029876425869         0.231029876425869
        0.134000000000000        11.431482888211363        11.431482888211349        10.632180559576646         1.239852872664850         1.239852872664847         1.752121352008199         0.041571983176150         0.041571983176085         0.350669687819108         0.231029876425869         0.231029876425869         0.231029876425869
        0.135000000000000        11.337975539384082        11.337975539384098        10.571491081835278         1.243849804865896         1.243849804865899         1.753621900825111         0.040856276367791         0.040856276367867         0.349892660736240         0.231029876425869         0.231029876425869         0.231029876425869
        0.136000000000000        11.247523019417315        11.247523019417303        10.512496271555186         1.247992597268121         1.247992597268118         1.755212720287411         0.040166425634848         0.040166425634788         0.349119559669853         0.231029876425869         0.231029876425869         0.231029876425869
        0.137000000000000        11.160021545956322        11.160021545956313        10.455148953353319         1.252279394335222         1.252279394335220         1.756872089591537         0.039501047496388         0.039501047496342         0.348350120428823         0.231029876425869         0.231029876425869         0.231029876425869
        0.138000000000000        11.075379645604496        11.075379645604505        10.399396860728892         1.256707775337678         1.256707775337680         1.758607112343676         0.038858859578263         0.038858859578306         0.347584109491601         0.231029876425869         0.231029876425869         0.231029876425869
        0.139000000000000        10.993573656373584        10.993573656373577        10.345191090534934         1.261293393612645         1.261293393612644         1.760414184774879         0.038238671064023         0.038238671064002         0.346821320556426         0.231029876425869         0.231029876425869         0.231029876425869
        0.140000000000000        10.914380816410468        10.914380816410473        10.292435616741146         1.265994347483487         1.265994347483488         1.762299835923763         0.037639374258034         0.037639374258049         0.346061571522890         0.231029876425869         0.231029876425869         0.231029876425869
        0.141000000000000        10.837748189967867        10.837748189967870        10.241225936439189         1.270826762082377         1.270826762082378         1.764260844244519         0.037059937108048         0.037059937108074         0.345304701843144         0.231029876425869         0.231029876425869         0.231029876425869
        0.142000000000000        10.763538383724956        10.763538383724958        10.191376602498050         1.275763572911727         1.275763572911727         1.766298826353776         0.036499396557922         0.036499396557935         0.344550570190572         0.231029876425869         0.231029876425869         0.231029876425869
        0.143000000000000        10.691826632494655        10.691826632494667        10.142890547455249         1.280847306174067         1.280847306174069         1.768407664935808         0.035956852619320         0.035956852619380         0.343799052402718         0.231029876425869         0.231029876425869         0.231029876425869
        0.144000000000000        10.622412478193880        10.622412478193880        10.095726585643808         1.286042504896094         1.286042504896094         1.770589846293504         0.035431463070701         0.035431463070700         0.343050039661247         0.231029876425869         0.231029876425869         0.231029876425869
        0.145000000000000        10.555085817367619        10.555085817367615        10.049844461001491         1.291310767997020         1.291310767997019         1.772844834856168         0.034922438706657         0.034922438706643         0.342303436878156         0.231029876425869         0.231029876425869         0.231029876425869
        0.146000000000000        10.490095609806655        10.490095609806655        10.005205060015900         1.296734711340538         1.296734711340538         1.775171793134022         0.034429039065377         0.034429039065379         0.341559161261300         0.231029876425869         0.231029876425869         0.231029876425869
        0.147000000000000        10.427159160046651        10.427159160046662         9.961788937251406         1.302254038205417         1.302254038205419         1.777569902881937         0.033950568582532         0.033950568582582         0.340817141037517         0.231029876425869         0.231029876425869         0.231029876425869
        0.148000000000000        10.366303569727318        10.366303569727314         9.919513161736290         1.307895069969218         1.307895069969218         1.780038350307081         0.033486373116817         0.033486373116799         0.340077314312715         0.231029876425869         0.231029876425869         0.231029876425869
        0.149000000000000        10.307171607798720        10.307171607798724         9.878388265875463         1.313573979459562         1.313573979459563         1.782576177824019         0.033035836804915         0.033035836804938         0.339339628053003         0.231029876425869         0.231029876425869         0.231029876425869
        0.150000000000000        10.249940428011771        10.249940428011774         9.838359653038301         1.319353781550527         1.319353781550528         1.785182418258999         0.032598379211019         0.032598379211045         0.338604037172543         0.231029876425869         0.231029876425869         0.231029876425869
        0.151000000000000        10.194894870512860        10.194894870512872         9.799403884865074         1.325324247361099         1.325324247361101         1.787855803114700         0.032173452736589         0.032173452736632         0.337870503715329         0.231029876425869         0.231029876425869         0.231029876425869
        0.152000000000000        10.141477066529486        10.141477066529484         9.761470143112541         1.331349974284262         1.331349974284261         1.790595291376140         0.031760540261037         0.031760540261020         0.337138996120261         0.231029876425869         0.231029876425869         0.231029876425869
        0.153000000000000        10.090024938199374        10.090024938199379         9.724572200750710         1.337532043655848         1.337532043655849         1.793399778928379         0.031359152991981         0.031359152991995         0.336409488560223         0.231029876425869         0.231029876425869         0.231029876425869
        0.154000000000000        10.040093252710426        10.040093252710420         9.688628740756698         1.343767279649529         1.343767279649527         1.796267831218061         0.030968828499097         0.030968828499064         0.335681960346834         0.231029876425869         0.231029876425869         0.231029876425869
        0.155000000000000         9.990892440823087         9.990892440823089         9.653617129448181         1.349857165404848         1.349857165404848         1.799177184669297         0.030589128916057         0.030589128916054         0.334956395393664         0.231029876425869         0.231029876425869         0.231029876425869
        0.156000000000000         9.944624400933780         9.944624400933783         9.619540391449899         1.356395045006677         1.356395045006678         1.802189169417750         0.030219639292583         0.030219639292602         0.334232781731901         0.231029876425869         0.231029876425869         0.231029876425869
        0.157000000000000         9.899417151091937         9.899417151091939         9.586361945071548         1.362897308864012         1.362897308864012         1.805239533432789         0.029859966080554         0.029859966080553         0.333511111072679         0.231029876425869         0.231029876425869         0.231029876425869
        0.158000000000000         9.855772145926684         9.855772145926686         9.554037297181967         1.369508550629768         1.369508550629769         1.808347683153009         0.029509735742697         0.029509735742707         0.332791378411232         0.231029876425869         0.231029876425869         0.231029876425869
        0.159000000000000         9.813081693935827         9.813081693935819         9.522551730148022         1.376073498317530         1.376073498317529         1.811512009287583         0.029168593471592         0.029168593471567         0.332073581668681         0.231029876425869         0.231029876425869         0.231029876425869
        0.160000000000000         9.772942110365387         9.772942110365388         9.491869736928294         1.383036639403548         1.383036639403548         1.814731222815604         0.028836202008357         0.028836202008366         0.331357721367683         0.231029876425869         0.231029876425869         0.231029876425869
        0.161000000000000         9.733296009259853         9.733296009259853         9.461971138862811         1.389847807345599         1.389847807345599         1.818002588688098         0.028512240552433         0.028512240552435         0.330643800338453         0.231029876425869         0.231029876425869         0.231029876425869
        0.162000000000000         9.695264356734155         9.695264356734160         9.432827897499255         1.396815653692669         1.396815653692671         1.821324255222527         0.028196403753014         0.028196403753045         0.329931823451964         0.231029876425869         0.231029876425869         0.231029876425869
        0.163000000000000         9.658514392054364         9.658514392054366         9.404475035094787         1.403873120279626         1.403873120279626         1.824694962761764         0.027888400776834         0.027888400776835         0.329221797378424         0.231029876425869         0.231029876425869         0.231029876425869
        0.164000000000000         9.622877879230414         9.622877879230415         9.376796137361657         1.410971381555231         1.410971381555230         1.828113464126259         0.027587954434067         0.027587954434067         0.328513730366696         0.231029876425869         0.231029876425869         0.231029876425869
        0.165000000000000         9.588895594710737         9.588895594710733         9.349811543983011         1.418269979137099         1.418269979137099         1.831576148101931         0.027294800419554         0.027294800419533         0.327807632049287         0.231029876425869         0.231029876425869         0.231029876425869
        0.166000000000000         9.555988851618718         9.555988851618718         9.323504199666758         1.425618062997148         1.425618062997148         1.835081091520944         0.027008686482462         0.027008686482462         0.327103513253262         0.231029876425869         0.231029876425869         0.231029876425869
        0.167000000000000         9.524163456319757         9.524163456319755         9.297840550204835         1.433026362322442         1.433026362322442         1.838627044864537         0.026729371818890         0.026729371818890         0.326401385844130         0.231029876425869         0.231029876425869         0.231029876425869
        0.168000000000000         9.493535050620416         9.493535050620419         9.272803848245550         1.440533914900285         1.440533914900285         1.842211250660970         0.026456626384701         0.026456626384716         0.325701262572616         0.231029876425869         0.231029876425869         0.231029876425869
        0.169000000000000         9.464092381439471         9.464092381439469         9.248370061291004         1.448145555477603         1.448145555477603         1.845831323613685         0.026190230303194         0.026190230303188         0.325003156940029         0.231029876425869         0.231029876425869         0.231029876425869
        0.170000000000000         9.435631396469358         9.435631396469361         9.224523659990529         1.455811463061247         1.455811463061247         1.849484965652148         0.025929973305373         0.025929973305387         0.324307083075229         0.231029876425869         0.231029876425869         0.231029876425869
        0.171000000000000         9.408889999804712         9.408889999804716         9.201244116092701         1.463744024198808         1.463744024198808         1.853169421897943         0.025675654207112         0.025675654207123         0.323613055623110         0.231029876425869         0.231029876425869         0.231029876425869
        0.172000000000000         9.382419549886274         9.382419549886270         9.178502889126204         1.471547881067945         1.471547881067944         1.856882325297366         0.025427080420619         0.025427080420595         0.322921089643291         0.231029876425869         0.231029876425869         0.231029876425869
        0.173000000000000         9.357620811983940         9.357620811983940         9.156282540412377         1.479618746760910         1.479618746760911         1.860621010536668         0.025184067497701         0.025184067497703         0.322231200518312         0.231029876425869         0.231029876425869         0.231029876425869
        0.174000000000000         9.333577554495466         9.333577554495466         9.134582299973355         1.487709142174567         1.487709142174567         1.864382647076528         0.024946438702353         0.024946438702352         0.321543403870392         0.231029876425869         0.231029876425869         0.231029876425869
        0.175000000000000         9.310426131167997         9.310426131167997         9.113357155876994         1.495861847213433         1.495861847213433         1.868164459833106         0.024714024610214         0.024714024610217         0.320857715486081         0.231029876425869         0.231029876425869         0.231029876425869
        0.176000000000000         9.288405269268608         9.288405269268607         9.092594654649940         1.504150813017867         1.504150813017867         1.871963243244391         0.024486662733463         0.024486662733463         0.320174151248089         0.231029876425869         0.231029876425869         0.231029876425869
        0.177000000000000         9.267516957175211         9.267516957175213         9.072280556293585         1.512582347765345         1.512582347765346         1.875776515146622         0.024264197168195         0.024264197168215         0.319492727073623         0.231029876425869         0.231029876425869         0.231029876425869
        0.178000000000000         9.247077337145109         9.247077337145106         9.052390964879772         1.520969293766431         1.520969293766431         1.879601045062949         0.024046478264137         0.024046478264126         0.318813458858754         0.231029876425869         0.231029876425869         0.231029876425869
        0.179000000000000         9.227951922756295         9.227951922756295         9.032910803112152         1.529561996568836         1.529561996568836         1.883433655979308         0.023833362313635         0.023833362313636         0.318136362428302         0.231029876425869         0.231029876425869         0.231029876425869
        0.180000000000000         9.209775864382834         9.209775864382832         9.013822183311889         1.538262710671247         1.538262710671247         1.887271369383010         0.023624711259720         0.023624711259717         0.317461453490600         0.231029876425869         0.231029876425869         0.231029876425869
        0.181000000000000         9.191919227785712         9.191919227785711         8.995096949886827         1.546896248712701         1.546896248712701         1.891109857023382         0.023420392421047         0.023420392421043         0.316788747597057         0.231029876425869         0.231029876425869         0.231029876425869
        0.182000000000000         9.174989554382204         9.174989554382204         8.976727899365601         1.555643368400207         1.555643368400207         1.894947990530189         0.023220278233040         0.023220278233043         0.316118260105661         0.231029876425869         0.231029876425869         0.231029876425869
        0.183000000000000         9.159598593135481         9.159598593135474         8.958695989858613         1.564682133112207         1.564682133112207         1.898780967106466         0.023024246004003         0.023024246003996         0.315450006148573         0.231029876425869         0.231029876425869         0.231029876425869
        0.184000000000000         9.145141471246527         9.145141471246527         8.940987454258273         1.573846496341442         1.573846496341442         1.902606119958585         0.022832177685073         0.022832177685076         0.314784000603101         0.231029876425869         0.231029876425869         0.231029876425869
        0.185000000000000         9.130687274318527         9.130687274318529         8.923570735569392         1.582871483587128         1.582871483587128         1.906419565627430         0.022643959653405         0.022643959653399         0.314120258065898         0.231029876425869         0.231029876425869         0.231029876425869
        0.186000000000000         9.117417120186632         9.117417120186632         8.906434962544953         1.592102351276544         1.592102351276544         1.910218402642590         0.022459482507093         0.022459482507099         0.313458792830127         0.231029876425869         0.231029876425869         0.231029876425869
        0.187000000000000         9.104796103144416         9.104796103144421         8.889563123897741         1.601389414788568         1.601389414788570         1.913999452666670         0.022278640871913         0.022278640871916         0.312799618865419         0.231029876425869         0.231029876425869         0.231029876425869
        0.188000000000000         9.093301226068476         9.093301226068476         8.872932717531640         1.610876098721729         1.610876098721729         1.917759878394182         0.022101333218264         0.022101333218267         0.312142749800114         0.231029876425869         0.231029876425869         0.231029876425869
        0.189000000000000         9.081829725090454         9.081829725090452         8.856543632890313         1.620244557359416         1.620244557359418         1.921497503549118         0.021927461688325         0.021927461688331         0.311488198905989         0.231029876425869         0.231029876425869         0.231029876425869
        0.190000000000000         9.071552160772946         9.071552160772940         8.840371024594244         1.629840265493337         1.629840265493337         1.925209122676033         0.021756931932358         0.021756931932347         0.310835979084814         0.231029876425869         0.231029876425869         0.231029876425869
        0.191000000000000         9.061470512670827         9.061470512670825         8.824402176557072         1.639376135120198         1.639376135120198         1.928893199402363         0.021589652953796         0.021589652953799         0.310186102857034         0.231029876425869         0.231029876425869         0.231029876425869
        0.192000000000000         9.053303792160060         9.053303792160062         8.808629833490686         1.649359471945209         1.649359471945209         1.932551510057915         0.021425536962454         0.021425536962455         0.309538582352020         0.231029876425869         0.231029876425869         0.231029876425869
        0.193000000000000         9.045750265403280         9.045750265403280         8.793038503001430         1.659413440347955         1.659413440347955         1.936178602566552         0.021264499235413         0.021264499235418         0.308893429300018         0.231029876425869         0.231029876425869         0.231029876425869
        0.194000000000000         9.037613651489950         9.037613651489950         8.777614400536580         1.669189125815231         1.669189125815230         1.939773679541233         0.021106457985175         0.021106457985170         0.308250655025451         0.231029876425869         0.231029876425869         0.231029876425869
        0.195000000000000         9.030968957048218         9.030968957048216         8.762368218561541         1.679301168263363         1.679301168263363         1.943346884087928         0.020951334234432         0.020951334234432         0.307610270441590         0.231029876425869         0.231029876425869         0.231029876425869
        0.196000000000000         9.025086462751110         9.025086462751110         8.747300929515395         1.689538089924927         1.689538089924928         1.946899866697430         0.020799051697407         0.020799051697416         0.306972286046446         0.231029876425869         0.231029876425869         0.231029876425869
        0.197000000000000         9.019865578802207         9.019865578802207         8.732416723217760         1.699874380980847         1.699874380980847         1.950440762710643         0.020649536666994         0.020649536666994         0.306336711919733         0.231029876425869         0.231029876425869         0.231029876425869
        0.198000000000000         9.014863397658093         9.014863397658093         8.717738685935178         1.710181206990645         1.710181206990643         1.953982414019889         0.020502717907568         0.020502717907558         0.305703557720831         0.231029876425869         0.231029876425869         0.231029876425869
        0.199000000000000         9.010906676286313         9.010906676286316         8.703301720531865         1.720707899986607         1.720707899986607         1.957543639659751         0.020358526553169         0.020358526553176         0.305072832687725         0.231029876425869         0.231029876425869         0.231029876425869
        0.200000000000000         9.007555404099076         9.007555404099076         8.689151741891726         1.731327068731801         1.731327068731801         1.961148269694922         0.020216896010678         0.020216896010679         0.304444545636660         0.231029876425869         0.231029876425869         0.231029876425869
        0.201000000000000         9.004848161711378         9.004848161711378         8.675418384157567         1.742053286453551         1.742053286453551         1.964856882725075         0.020077761867566         0.020077761867565         0.303818704962680         0.231029876425869         0.231029876425869         0.231029876425869
        0.202000000000000         9.002309628045095         9.002309628045095         8.662212892867229         1.752746683415870         1.752746683415871         1.968721535834610         0.019941061804273         0.019941061804275         0.303195318640690         0.231029876425869         0.231029876425869         0.231029876425869
        0.203000000000000         9.000945907928269         9.000945907928269         8.649807383418327         1.763713147861608         1.763713147861608         1.972864971808589         0.019806735510618         0.019806735510620         0.302574394227348         0.231029876425869         0.231029876425869         0.231029876425869
        0.204000000000000         8.999847724830616         8.999847724830614         8.638806593531687         1.774681567993477         1.774681567993477         1.977556580634981         0.019674724606381         0.019674724606381         0.301955938863337         0.231029876425869         0.231029876425869         0.231029876425869
        0.205000000000000         8.999499122103776         8.999499122103776         8.629613698682853         1.785800923284827         1.785800923284827         1.982971817795414         0.019544972565368         0.019544972565369         0.301339959276235         0.231029876425869         0.231029876425869         0.231029876425869
        0.206000000000000         8.999740871320078         8.999740871320071         8.621723156613530         1.797026541207074         1.797026541207074         1.988882690218464         0.019417424643197         0.019417424643194         0.300726461783767         0.231029876425869         0.231029876425869         0.231029876425869
        0.207000000000000         9.000371607075094         9.000371607075094         8.614936387993460         1.808299628332148         1.808299628332148         1.995198303296711         0.019292027808406         0.019292027808405         0.300115452297580         0.231029876425869         0.231029876425869         0.231029876425869
        0.208000000000000         9.001790400397550         9.001790400397550         8.609161796061963         1.819744554283971         1.819744554283970         2.001876692695945         0.019168730676626         0.019168730676626         0.299506936327235         0.231029876425869         0.231029876425869         0.231029876425869
        0.209000000000000         9.003660312183824         9.003660312183827         8.604276160881346         1.831260223326429         1.831260223326429         2.008859744770094         0.019047483447909         0.019047483447913         0.298900918984714         0.231029876425869         0.231029876425869         0.231029876425869
        0.210000000000000         9.006097129460281         9.006097129460281         8.600230451228507         1.842886308145076         1.842886308145077         2.016131734460613         0.018928237846755         0.018928237846752         0.298297404989022         0.231029876425869         0.231029876425869         0.231029876425869
        0.211000000000000         9.009074427054596         9.009074427054598         8.596983707478335         1.854616102493803         1.854616102493803         2.023670878719027         0.018810947064908         0.018810947064903         0.297696398671169         0.231029876425869         0.231029876425869         0.231029876425869
        0.212000000000000         9.012566609286511         9.012566609286511         8.594488375630458         1.866445440042567         1.866445440042567         2.031461033495430         0.018695565706656         0.018695565706653         0.297097903979371         0.231029876425869         0.231029876425869         0.231029876425869
        0.213000000000000         9.016606122418922         9.016606122418924         8.592725928079618         1.878385227965337         1.878385227965337         2.039489439231656         0.018582049736599         0.018582049736597         0.296501924484403         0.231029876425869         0.231029876425869         0.231029876425869
        0.214000000000000         9.021173166725742         9.021173166725742         8.591660657027285         1.890432760789819         1.890432760789819         2.047744627772499         0.018470356429645         0.018470356429646         0.295908463385143         0.231029876425869         0.231029876425869         0.231029876425869
        0.215000000000000         9.026240057832513         9.026240057832513         8.591270987499742         1.902581584725503         1.902581584725503         2.056217430602797         0.018360444323270         0.018360444323273         0.295317523514316         0.231029876425869         0.231029876425869         0.231029876425869
        0.216000000000000         9.031847476513740         9.031847476513738         8.591536482908054         1.914846733670373         1.914846733670373         2.064900030045724         0.018252273171733         0.018252273171734         0.294729107344306         0.231029876425869         0.231029876425869         0.231029876425869
        0.217000000000000         9.037952824173987         9.037952824173987         8.592440293103669         1.927217360329390         1.927217360329390         2.073785630912737         0.018145803902371         0.018145803902370         0.294143216993069         0.231029876425869         0.231029876425869         0.231029876425869
        0.218000000000000         9.044548970880632         9.044548970880632         8.593960763443466         1.939693120268731         1.939693120268731         2.082868025176987         0.018040998573667         0.018040998573667         0.293559854230212         0.231029876425869         0.231029876425869         0.231029876425869
        0.219000000000000         9.051629888847071         9.051629888847071         8.596085317759524         1.952274946811238         1.952274946811239         2.092141909673570         0.017937820335151         0.017937820335152         0.292979020483109         0.231029876425869         0.231029876425869         0.231029876425869
        0.220000000000000         9.059217972052812         9.059217972052812         8.598801935173530         1.964971461306688         1.964971461306688         2.101602432775478         0.017836233388945         0.017836233388947         0.292400716842999         0.231029876425869         0.231029876425869         0.231029876425869
        0.221000000000000         9.067263782861383         9.067263782861382         8.602098869493505         1.977769069722516         1.977769069722516         2.111245328616888         0.017736202952949         0.017736202952947         0.291824944071267         0.231029876425869         0.231029876425869         0.231029876425869
        0.222000000000000         9.075733320365051         9.075733320365051         8.605961089192316         1.990659156808878         1.990659156808878         2.121066224327904         0.017637695225538         0.017637695225538         0.291251702605675         0.231029876425869         0.231029876425869         0.231029876425869
        0.223000000000000         9.084781897870695         9.084781897870695         8.610380428675747         2.003693240910107         2.003693240910107         2.131063114855757         0.017540677351701         0.017540677351701         0.290680992566599         0.231029876425869         0.231029876425869         0.231029876425869
        0.224000000000000         9.094266571239968         9.094266571239968         8.615345963487862         2.016827193230707         2.016827193230705         2.141230339223431         0.017445117390564         0.017445117390561         0.290112813763330         0.231029876425869         0.231029876425869         0.231029876425869
        0.225000000000000         9.104194493063387         9.104194493063389         8.620847269495119         2.030066400999446         2.030066400999446         2.151568428066608         0.017350984284273         0.017350984284273         0.289547165700355         0.231029876425869         0.231029876425869         0.231029876425869
        0.226000000000000         9.114587549774159         9.114587549774155         8.626878219253209         2.043419060792504         2.043419060792503         2.162074108923688         0.017258247828083         0.017258247828083         0.288984047583608         0.231029876425869         0.231029876425869         0.231029876425869
        0.227000000000000         9.125420064631818         9.125420064631816         8.633419878583110         2.056879287301942         2.056879287301942         2.172741460518032         0.017166878641677         0.017166878641676         0.288423458326733         0.231029876425869         0.231029876425869         0.231029876425869
        0.228000000000000         9.136706020656074         9.136706020656074         8.640475828656243         2.070453084776616         2.070453084776616         2.183572566588674         0.017076848141601         0.017076848141601         0.287865396557316         0.231029876425869         0.231029876425869         0.231029876425869
        0.229000000000000         9.148445941074101         9.148445941074099         8.648033661770771         2.084142586810824         2.084142586810824         2.194563768441780         0.016988128514804         0.016988128514806         0.287309860623048         0.231029876425869         0.231029876425869         0.231029876425869
        0.230000000000000         9.160624410487026         9.160624410487026         8.656086465563080         2.097944561460171         2.097944561460171         2.205713262586814         0.016900692693249         0.016900692693247         0.286756848597958         0.231029876425869         0.231029876425869         0.231029876425869
        0.231000000000000         9.173236816480809         9.173236816480809         8.664627698193076         2.111859229442604         2.111859229442604         2.217019426473241         0.016814514329443         0.016814514329441         0.286206358288468         0.231029876425869         0.231029876425869         0.231029876425869
        0.232000000000000         9.186281289246441         9.186281289246441         8.673644865781975         2.125887216766494         2.125887216766494         2.228480090200659         0.016729567772982         0.016729567772983         0.285658387239497         0.231029876425869         0.231029876425869         0.231029876425869
        0.233000000000000         9.199761621177336         9.199761621177336         8.683146316524047         2.140033207528496         2.140033207528496         2.240095190830357         0.016645828047984         0.016645828047983         0.285112932740478         0.231029876425869         0.231029876425869         0.231029876425869
        0.234000000000000         9.213642264433492         9.213642264433492         8.693113728823208         2.154290142043698         2.154290142043698         2.251849251153569         0.016563270831353         0.016563270831356         0.284569991831339         0.231029876425869         0.231029876425869         0.231029876425869
        0.235000000000000         9.228025337508733         9.228025337508731         8.703509501191178         2.168678604494421         2.168678604494421         2.263768380608754         0.016481872431919         0.016481872431921         0.284029561308383         0.231029876425869         0.231029876425869         0.231029876425869
        0.236000000000000         9.242725207607080         9.242725207607080         8.714393979982612         2.183155794943188         2.183155794943187         2.275836717188577         0.016401609770351         0.016401609770350         0.283491637730182         0.231029876425869         0.231029876425869         0.231029876425869
        0.237000000000000         9.257942581683423         9.257942581683425         8.725730973995351         2.197783369307134         2.197783369307134         2.288054251122908         0.016322460359796         0.016322460359797         0.282956217423343         0.231029876425869         0.231029876425869         0.231029876425869
        0.238000000000000         9.273488076916086         9.273488076916086         8.737557160812202         2.212505706815265         2.212505706815265         2.300419929172458         0.016244402287286         0.016244402287285         0.282423296488192         0.231029876425869         0.231029876425869         0.231029876425869
        0.239000000000000         9.289491870236189         9.289491870236187         8.749788009865464         2.227351214714391         2.227351214714391         2.312947007117796         0.016167414195819         0.016167414195818         0.281892870804496         0.231029876425869         0.231029876425869         0.231029876425869
        0.240000000000000         9.305885835333426         9.305885835333427         8.762457430134557         2.242314425095924         2.242314425095924         2.325606435816905         0.016091475267085         0.016091475267085         0.281364936036985         0.231029876425869         0.231029876425869         0.231029876425869
        0.241000000000000         9.322678274135100         9.322678274135100         8.775558448008866         2.257395162078345         2.257395162078346         2.338411628252013         0.016016565204855         0.016016565204855         0.280839487640885         0.231029876425869         0.231029876425869         0.231029876425869
        0.242000000000000         9.339874056569855         9.339874056569855         8.789087930061015         2.272596158685150         2.272596158685150         2.351362015037046         0.015942664218955         0.015942664218956         0.280316520867361         0.231029876425869         0.231029876425869         0.231029876425869
        0.243000000000000         9.357463611593554         9.357463611593554         8.803041372515287         2.287915694675326         2.287915694675326         2.364456748017254         0.015869753009832         0.015869753009832         0.279796030768858         0.231029876425869         0.231029876425869         0.231029876425869
        0.244000000000000         9.374424915259045         9.374424915259045         8.817415436204350         2.303010957366527         2.303010957366527         2.377695323023030         0.015797812753675         0.015797812753675         0.279278012204410         0.231029876425869         0.231029876425869         0.231029876425869
        0.245000000000000         9.393819914425745         9.393819914425743         8.832205126492573         2.318914856140820         2.318914856140820         2.391077490600452         0.015726825088065         0.015726825088065         0.278762459844814         0.231029876425869         0.231029876425869         0.231029876425869
        0.246000000000000         9.412582939027807         9.412582939027807         8.847407492764027         2.334596194201308         2.334596194201308         2.404602155186700         0.015656772098146         0.015656772098146         0.278249368177813         0.231029876425869         0.231029876425869         0.231029876425869
        0.247000000000000         9.431729958084849         9.431729958084849         8.863018864226076         2.350398127878277         2.350398127878277         2.418269603472725         0.015587636303279         0.015587636303278         0.277738731513105         0.231029876425869         0.231029876425869         0.231029876425869
        0.248000000000000         9.451259914045449         9.451259914045449         8.878902206657408         2.366322025569918         2.366322025569918         2.432022279255245         0.015519400644166         0.015519400644166         0.277230543987350         0.231029876425869         0.231029876425869         0.231029876425869
        0.249000000000000         9.471171054074336         9.471171054074336         8.895453279047908         2.382368162733349         2.382368162733349         2.446031302577888         0.015452048470432         0.015452048470433         0.276724799569058         0.231029876425869         0.231029876425869         0.231029876425869
        0.250000000000000         9.491460315902216         9.491460315902216         8.912102132653850         2.398537619491944         2.398537619491944         2.460052693080856         0.015385563528635         0.015385563528635         0.276221492063415         0.231029876425869         0.231029876425869         0.231029876425869
        0.251000000000000         9.512139101993341         9.512139101993343         8.929480124179914         2.414834966257544         2.414834966257544         2.474358377034228         0.015319929950689         0.015319929950690         0.275720615117020         0.231029876425869         0.231029876425869         0.231029876425869
        0.252000000000000         9.533177900334055         9.533177900334056         8.947083482592125         2.431251554652057         2.431251554652057         2.488733449763837         0.015255132242702         0.015255132242702         0.275222162222565         0.231029876425869         0.231029876425869         0.231029876425869
        0.253000000000000         9.554573787449339         9.554573787449337         8.965075321832035         2.447787678340846         2.447787678340846         2.503249303260948         0.015191155274170         0.015191155274170         0.274726126723418         0.231029876425869         0.231029876425869         0.231029876425869
        0.254000000000000         9.576358304806913         9.576358304806909         8.983419064894829         2.464452725676569         2.464452725676569         2.517890982818475         0.015127984267561         0.015127984267559         0.274232501818116         0.231029876425869         0.231029876425869         0.231029876425869
        0.255000000000000         9.598506080839776         9.598506080839774         9.002178588678232         2.481247076804288         2.481247076804288         2.532687236593490         0.015065604788245         0.015065604788244         0.273741280564840         0.231029876425869         0.231029876425869         0.231029876425869
        0.256000000000000         9.621001218085659         9.621001218085659         9.021235020311384         2.498150976575955         2.498150976575955         2.547606947500412         0.015004002734768         0.015004002734767         0.273252455885724         0.231029876425869         0.231029876425869         0.231029876425869
        0.257000000000000         9.643856617204202         9.643856617204202         9.040791939373907         2.515195149200259         2.515195149200259         2.562681596628563         0.014943164329443         0.014943164329443         0.272766020571177         0.231029876425869         0.231029876425869         0.231029876425869
        0.258000000000000         9.667075238121642         9.667075238121644         9.060633419223768         2.532350759162347         2.532350759162347         2.577898905742670         0.014883076109262         0.014883076109263         0.272281967284055         0.231029876425869         0.231029876425869         0.231029876425869
        0.259000000000000         9.690701547688406         9.690701547688406         9.080974442820585         2.549666800807963         2.549666800807962         2.593269827025315         0.014823724917111         0.014823724917111         0.271800288563843         0.231029876425869         0.231029876425869         0.231029876425869
        0.260000000000000         9.714671412214232         9.714671412214233         9.101659734381828         2.567107895322915         2.567107895322915         2.608764953167365         0.014765097893267         0.014765097893267         0.271320976830633         0.231029876425869         0.231029876425869         0.231029876425869
        0.261000000000000         9.739015621765041         9.739015621765041         9.122664406178101         2.584667065029777         2.584667065029777         2.624422200822905         0.014707182467186         0.014707182467186         0.270844024389174         0.231029876425869         0.231029876425869         0.231029876425869
        0.262000000000000         9.763614179177688         9.763614179177686         9.144034619061744         2.602327741697468         2.602327741697468         2.640200024084637         0.014649966349548         0.014649966349546         0.270369423432751         0.231029876425869         0.231029876425869         0.231029876425869
        0.263000000000000         9.788693201483964         9.788693201483966         9.165772143470010         2.620163105922763         2.620163105922763         2.656119803399275         0.014593437524562         0.014593437524563         0.269897166047024         0.231029876425869         0.231029876425869         0.231029876425869
        0.264000000000000         9.814044327190361         9.814044327190361         9.187869273602132         2.638101113282111         2.638101113282111         2.672180094094838         0.014537584242541         0.014537584242541         0.269427244213798         0.231029876425869         0.231029876425869         0.231029876425869
        0.265000000000000         9.839791151334454         9.839791151334452         9.210319449744858         2.656186156549445         2.656186156549445         2.688378071324140         0.014482395012671         0.014482395012672         0.268959649814700         0.231029876425869         0.231029876425869         0.231029876425869
        0.266000000000000         9.865861592605697         9.865861592605697         9.233133388248234         2.674392571151453         2.674392571151453         2.704716343756540         0.014427858596064         0.014427858596063         0.268494374634831         0.231029876425869         0.231029876425869         0.231029876425869
        0.267000000000000         9.892273148251503         9.892273148251501         9.256303189765813         2.692728568119616         2.692728568119616         2.721194954947525         0.014373963998988         0.014373963998988         0.268031410366285         0.231029876425869         0.231029876425869         0.231029876425869
        0.268000000000000         9.919040623687083         9.919040623687083         9.279816392937279         2.711202349557838         2.711202349557838         2.737813995679413         0.014320700466341         0.014320700466341         0.267570748611661         0.231029876425869         0.231029876425869         0.231029876425869
        0.269000000000000         9.946136214982610         9.946136214982609         9.303683341583147         2.729802813372316         2.729802813372316         2.754573661449057         0.014268057475316         0.014268057475317         0.267112380887453         0.231029876425869         0.231029876425869         0.231029876425869
        0.270000000000000         9.973593707258495         9.973593707258495         9.327899983921917         2.748543582178946         2.748543582178946         2.771474087023817         0.014216024729271         0.014216024729271         0.266656298627432         0.231029876425869         0.231029876425869         0.231029876425869
        0.271000000000000        10.001394733519506        10.001394733519508         9.352464086444529         2.767419145557457         2.767419145557457         2.788515456846981         0.014164592151784         0.014164592151784         0.266202493185900         0.231029876425869         0.231029876425869         0.231029876425869
        0.272000000000000        10.029520978385522        10.029520978385522         9.377373106903878         2.786424047349335         2.786424047349335         2.805697893791865         0.014113749880898         0.014113749880898         0.265750955840910         0.231029876425869         0.231029876425869         0.231029876425869
        0.273000000000000        10.057990826923126        10.057990826923126         9.402627871455032         2.805565368944052         2.805565368944052         2.823021504876763         0.014063488263032         0.014063488263032         0.265301677797423         0.231029876425869         0.231029876425869         0.231029876425869
        0.274000000000000        10.086805254671868        10.086805254671866         9.428224206758392         2.824845030627083         2.824845030627083         2.840486726506089         0.014013797849624         0.014013797849625         0.264854650190440         0.231029876425869         0.231029876425869         0.231029876425869
        0.275000000000000        10.115962978242349        10.115962978242351         9.454165224264619         2.844262552954198         2.844262552954198         2.858093371189157         0.013964669388810         0.013964669388809         0.264409864087940         0.231029876425869         0.231029876425869         0.231029876425869
        0.276000000000000        10.145426434998893        10.145426434998893         9.480442296047860         2.863806590156927         2.863806590156927         2.875841901053640         0.013916093822388         0.013916093822389         0.263967310493909         0.231029876425869         0.231029876425869         0.231029876425869
        0.277000000000000        10.175238773222022        10.175238773222022         9.507057371650447         2.883493215067448         2.883493215067448         2.893732642662327         0.013868062280395         0.013868062280395         0.263526980351217         0.231029876425869         0.231029876425869         0.231029876425869
        0.278000000000000        10.205386190816812        10.205386190816816         9.534004464019995         2.903317729138153         2.903317729138153         2.911765682640860         0.013820566076306         0.013820566076306         0.263088864544475         0.231029876425869         0.231029876425869         0.231029876425869
        0.279000000000000        10.235861212197626        10.235861212197626         9.561291360278430         2.923279400909337         2.923279400909337         2.929941257244149         0.013773596702413         0.013773596702414         0.262652953902809         0.231029876425869         0.231029876425869         0.231029876425869
        0.280000000000000        10.266683521704614        10.266683521704616         9.588908560115117         2.943386681050432         2.943386681050432         2.948259560711887         0.013727145825321         0.013727145825321         0.262219239202569         0.231029876425869         0.231029876425869         0.231029876425869
        0.281000000000000        10.297814460421373        10.297814460421373         9.616860662607595         2.963624892579241         2.963624892579241         2.966721216558259         0.013681205281584         0.013681205281585         0.261787711170028         0.231029876425869         0.231029876425869         0.231029876425869
        0.282000000000000        10.329284123288414        10.329284123288412         9.645145747330082         2.984006254636623         2.984006254636623         2.985326298151278         0.013635767073471         0.013635767073471         0.261358360483958         0.231029876425869         0.231029876425869         0.231029876425869
        0.283000000000000        10.361087484797391        10.361087484797391         9.673760136038579         3.004531162412694         3.004531162412694         3.004075047876056         0.013590823364858         0.013590823364858         0.260931177778209         0.231029876425869         0.231029876425869         0.231029876425869
        0.284000000000000        10.393205552337593        10.393205552337594         9.702701745204935         3.025191742160662         3.025191742160662         3.022967612806026         0.013546366477234         0.013546366477235         0.260506153644184         0.231029876425869         0.231029876425869         0.231029876425869
        0.285000000000000        10.425675978651324        10.425675978651324         9.731971857727599         3.046003853654709         3.046003853654708         3.042004962854454         0.013502388885831         0.013502388885831         0.260083278633298         0.231029876425869         0.231029876425869         0.231029876425869
        0.286000000000000        10.458440366434598        10.458440366434598         9.761567642589711         3.066945981502025         3.066945981502025         3.061186369391476         0.013458883216273         0.013458883216273         0.259662543259370         0.231029876425869         0.231029876425869         0.231029876425869
        0.287000000000000        10.491546747729966        10.491546747729966         9.791488331633481         3.088037448024829         3.088037448024829         3.080513011199379         0.013415842239266         0.013415842239266         0.259243938000917         0.231029876425869         0.231029876425869         0.231029876425869
        0.288000000000000        10.524981686055373        10.524981686055373         9.821732541135010         3.109274007984340         3.109274007984340         3.099984835352338         0.013373258869559         0.013373258869559         0.258827453303504         0.231029876425869         0.231029876425869         0.231029876425869
        0.289000000000000        10.558724572968943        10.558724572968943         9.852301033159304         3.130648340197959         3.130648340197959         3.119601983308985         0.013331126160809         0.013331126160810         0.258413079581942         0.231029876425869         0.231029876425869         0.231029876425869
        0.290000000000000        10.592841627441608        10.592841627441608         9.883193539582937         3.152186232053751         3.152186232053751         3.139365191773806         0.013289437302668         0.013289437302668         0.258000807222462         0.231029876425869         0.231029876425869         0.231029876425869
        0.291000000000000        10.627198879444682        10.627198879444684         9.914405725801590         3.173838600425692         3.173838600425692         3.159274645339222         0.013248185617520         0.013248185617520         0.257590626584868         0.231029876425869         0.231029876425869         0.231029876425869
        0.292000000000000        10.661920468944905        10.661920468944905         9.945938763016123         3.195652653342140         3.195652653342140         3.179330683452028         0.013207364557327         0.013207364557327         0.257182528004615         0.231029876425869         0.231029876425869         0.231029876425869
        0.293000000000000        10.696961038042220        10.696961038042222         9.977790383923084         3.217612437947833         3.217612437947833         3.199533845766948         0.013166967700559         0.013166967700559         0.256776501794841         0.231029876425869         0.231029876425869         0.231029876425869
        0.294000000000000        10.732323417015385        10.732323417015385        10.009963335023841         3.239719058437236         3.239719058437236         3.219884309512357         0.013126988749202         0.013126988749201         0.256372538248362         0.231029876425869         0.231029876425869         0.231029876425869
        0.295000000000000        10.768003341240549        10.768003341240549        10.042452408948876         3.261972537575376         3.261972537575376         3.240382481638673         0.013087421525858         0.013087421525858         0.255970627639605         0.231029876425869         0.231029876425869         0.231029876425869
        0.296000000000000        10.804001135569104        10.804001135569104        10.075259079072676         3.284373371719992         3.284373371719992         3.261028795964159         0.013048259970930         0.013048259970930         0.255570760226524         0.231029876425869         0.231029876425869         0.231029876425869
        0.297000000000000        10.840322466317824        10.840322466317824        10.108383669450081         3.306924250664971         3.306924250664971         3.281823545251541         0.013009498139869         0.013009498139869         0.255172926252438         0.231029876425869         0.231029876425869         0.231029876425869
        0.298000000000000        10.876971691265586        10.876971691265586        10.141822574458788         3.329628242772853         3.329628242772853         3.302767227105694         0.012971130200509         0.012971130200509         0.254777115947837         0.231029876425869         0.231029876425869         0.231029876425869
        0.299000000000000        10.913922301952740        10.913922301952740        10.175576360838882         3.352475665446480         3.352475665446480         3.323860166737263         0.012933150430477         0.012933150430477         0.254383319532159         0.231029876425869         0.231029876425869         0.231029876425869
        0.300000000000000        10.951196208464847        10.951196208464847        10.209643093900374         3.375475942965040         3.375475942965040         3.345102798494257         0.012895553214659         0.012895553214659         0.253991527215497         0.231029876425869         0.231029876425869         0.231029876425869
