                   T[GeV]                  tauU[fm]                  tauD[fm]                  tauS[fm]               tauUBar[fm]               tauDBar[fm]               tauSBar[fm]                effMU[GeV]                effMD[GeV]                effMS[GeV]               effCPU[GeV]               effCPD[GeV]               effCPS[GeV]
        0.084000000000000        49.443097642117067        49.443097642117053        59.412872792572699        32.895324621899732        32.895324621899732        46.916861541760916         0.380342283801641         0.380342283801641         0.551908386838797         0.164011693066599         0.164011693066599         0.164011693066599
        0.085000000000000        46.678860337567883        46.678860337553182        55.977285590073997        31.000925228423082        31.000925228406128        44.001541423925985         0.378921345587856         0.378921345587705         0.550804818587455         0.164011693066599         0.164011693066599         0.164011693066599
        0.086000000000000        44.107021450324766        44.107021450329391        52.783699265035168        29.238408112932696        29.238408112938007        41.301421965750237         0.377426328887144         0.377426328887195         0.549643336036532         0.164011693066599         0.164011693066599         0.164011693066599
        0.087000000000000        41.710855669327408        41.710855669330705        49.810890415909135        27.596124035466943        27.596124035470712        38.796892436769653         0.375853177280000         0.375853177280039         0.548420836300764         0.164011693066599         0.164011693066599         0.164011693066599
        0.088000000000000        39.475287003045480        39.475287003054838        47.039587704962351        26.063685171103561        26.063685171114255        36.470351836681573         0.374197463814963         0.374197463815084         0.547133944573209         0.164011693066599         0.164011693066599         0.164011693066599
        0.089000000000000        37.386701556802663        37.386701556773161        44.452512653898737        24.631488814426188        24.631488814392579        34.305986391329263         0.372454338214337         0.372454338213926         0.545778976064329         0.164011693066599         0.164011693066599         0.164011693066599
        0.090000000000000        35.432801187220569        35.432801187237011        42.033969906940783        23.291134008187996        23.291134008206654        32.289552258958238         0.370618463854560         0.370618463854807         0.544351890653092         0.164011693066599         0.164011693066599         0.164011693066599
        0.091000000000000        33.602433839911896        33.602433839909907        39.769841647580485        22.034831150288429        22.034831150286166        30.408191311022549         0.368683942469291         0.368683942469258         0.542848238802112         0.164011693066599         0.164011693066599         0.164011693066599
        0.092000000000000        31.885480439905727        31.885480439918279        37.647310376530172        20.855606825279310        20.855606825293439        28.650275304229066         0.366644223472518         0.366644223472737         0.541263096573005         0.164011693066599         0.164011693066599         0.164011693066599
        0.093000000000000        30.272714565878118        30.272714565837187        35.654643524212773        19.746970366487638        19.746970366441740        27.005272347525796         0.364491993839290         0.364491993838520         0.539590986863946         0.164011693066599         0.164011693066599         0.164011693066599
        0.094000000000000        28.755730370083054        28.755730370082361        33.781179281198362        18.703127884314458        18.703127884313680        25.463600751642076         0.362219043292718         0.362219043292703         0.537825783209297         0.164011693066599         0.164011693066599         0.164011693066599
        0.095000000000000        27.326840235581319        27.326840235592204        32.017207169048994        17.718733210092573        17.718733210104652        24.016496205572540         0.359816097650992         0.359816097651230         0.535960591129363         0.164011693066599         0.164011693066599         0.164011693066599
        0.096000000000000        25.978983674784935        25.978983674785724        30.353785241877262        16.788871801665451        16.788871801666328        22.656089464906664         0.357272610621233         0.357272610621252         0.533987600253261         0.164011693066599         0.164011693066599         0.164011693066599
        0.097000000000000        24.705664508530813        24.705664508545038        28.782682654480173        15.909033314505795        15.909033314521428        21.375066509622059         0.354576500689388         0.354576500689750         0.531897897913396         0.164011693066599         0.164011693066599         0.164011693066599
        0.098000000000000        23.500859251854340        23.500859251870061        27.296226316959434        15.074938060388400        15.074938060405563        20.166603565372455         0.351713814470870         0.351713814471301         0.529681231251003         0.164011693066599         0.164011693066599         0.164011693066599
        0.099000000000000        22.358990691768174        22.358990691789533        25.887444985510964        14.282725811776324        14.282725811799510        19.024511069423504         0.348668289737831         0.348668289738464         0.527325699266578         0.164011693066599         0.164011693066599         0.164011693066599
        0.100000000000000        21.274821930147649        21.274821930196325        24.549652513923675        13.528670193211216        13.528670193263695        17.942948411347519         0.345420778972781         0.345420778974339         0.524817347707424         0.164011693066599         0.164011693066599         0.164011693066599
        0.101000000000000        20.243392409326677        20.243392409326699        23.276514839606488        12.809249702781454        12.809249702781479        16.916462130968309         0.341948443770919         0.341948443770920         0.522139603902801         0.164011693066599         0.164011693066599         0.164011693066599
        0.102000000000000        19.259988173551605        19.259988173551594        22.062139408079670        12.121069333666375        12.121069333666359        15.939863923484687         0.338223807757348         0.338223807757348         0.519272617828463         0.164011693066599         0.164011693066599         0.164011693066599
        0.103000000000000        18.320013413705347        18.320013413705354        20.900591915272081        11.460790923111251        11.460790923111265        15.008132445927789         0.334213113008627         0.334213113008628         0.516192113520082         0.164011693066599         0.164011693066599         0.164011693066599
        0.104000000000000        17.418917781439720        17.418917781439827        19.786080856277870        10.825044415645056        10.825044415645161        14.116327559747962         0.329874270562231         0.329874270562235         0.512867969479481         0.164011693066599         0.164011693066599         0.164011693066599
        0.105000000000000        16.552042404570766        16.552042404570731        18.712637233298022        10.210325859642213        10.210325859642177        13.259402387169358         0.325153643754968         0.325153643754966         0.509261993528409         0.164011693066599         0.164011693066599         0.164011693066599
        0.106000000000000        15.714447941547697        15.714447941547757        17.673896259960117         9.612880373526945         9.612880373527011        12.432171459431904         0.319981105762055         0.319981105762058         0.505324517843599         0.164011693066599         0.164011693066599         0.164011693066599
        0.107000000000000        14.900595369800508        14.900595369800639        16.662693415378204         9.028330057200632         9.028330057200765        11.628745862361495         0.314262025440961         0.314262025440968         0.500988900197880         0.164011693066599         0.164011693066599         0.164011693066599
        0.108000000000000        14.103840585146166        14.103840585146610        15.670465344669637         8.451390122734184         8.451390122734628        10.842213872580189         0.307863490265117         0.307863490265146         0.496162112455155         0.164011693066599         0.164011693066599         0.164011693066599
        0.108100000000000        14.024795205616389        14.024795205616389        15.571883047202675         8.393863764705545         8.393863764705547        10.764177607630003         0.307179455256751         0.307179455256751         0.495647674675855         0.164011693066599         0.164011693066599         0.164011693066599
        0.108146296296296        13.988226157435651        13.988226157435484        15.526266281783469         8.367231275028791         8.367231275028624        10.728075492559570         0.306859768536069         0.306859768536058         0.495407356763776         0.164011693066599         0.164011693066599         0.164011693066599
        0.108192592592593        13.951674257859002        13.951674257859393        15.480660427545077         8.340595998253647         8.340595998254033        10.691987378007010         0.306538146378451         0.306538146378476         0.495165652911467         0.164011693066599         0.164011693066599         0.164011693066599
        0.108238888888889        13.915137234027195        13.915137234026753        15.435069382643753         8.313962969939290         8.313962969938853        10.655912339611833         0.306214563398387         0.306214563398356         0.494922545539169         0.164011693066599         0.164011693066599         0.164011693066599
        0.108285185185185        13.878610561299585        13.878610561299448        15.389489429282470         8.287323281251112         8.287323281250977        10.619850786160498         0.305888993651387         0.305888993651378         0.494678016686046         0.164011693066599         0.164011693066599         0.164011693066599
        0.108331481481482        13.842096362472205        13.842096362471795        15.343915983523871         8.260682214006851         8.260682214006446        10.583802233347049         0.305561410621772         0.305561410621744         0.494432048002033         0.164011693066599         0.164011693066599         0.164011693066599
        0.108377777777778        13.805594386576642        13.805594386576534        15.298344330393132         8.234036677824676         8.234036677824569        10.547760892697131         0.305231787207928         0.305231787207920         0.494184620738077         0.164011693066599         0.164011693066599         0.164011693066599
        0.108424074074074        13.769103703775867        13.769103703776295        15.252794076259145         8.207384603684631         8.207384603685057        10.511729388574160         0.304900095701284         0.304900095701312         0.493935715731788         0.164011693066599         0.164011693066599         0.164011693066599
        0.108470370370370        13.732618997082652        13.732618997083049        15.207237189378267         8.180726491472875         8.180726491473269        10.475715728054164         0.304566307769330         0.304566307769357         0.493685313396040         0.164011693066599         0.164011693066599         0.164011693066599
        0.108516666666667        13.696141565703281        13.696141565703284        15.161682339602377         8.154064454971403         8.154064454971403        10.439695204947551         0.304230394435764         0.304230394435765         0.493433393705616         0.164011693066599         0.164011693066599         0.164011693066599
        0.108562962962963        13.659673724733628        13.659673724733739        15.116131344990922         8.127399627669957         8.127399627670060        10.403684559639618         0.303892326058315         0.303892326058323         0.493179936182264         0.164011693066599         0.164011693066599         0.164011693066599
        0.108609259259259        13.623206125851958        13.623206125852040        15.070577587390678         8.100713948833436         8.100713948833512        10.367678785077020         0.303552072310776         0.303552072310782         0.492924919882658         0.164011693066599         0.164011693066599         0.164011693066599
        0.108655555555556        13.586744527960185        13.586744527959823        15.025029211941609         8.074011139475688         8.074011139475330        10.331675945417230         0.303209602157982         0.303209602157957         0.492668323381247         0.164011693066599         0.164011693066599         0.164011693066599
        0.108701851851852        13.550287852670882        13.550287852670440        14.979485208915454         8.047307033072373         8.047307033071942        10.295675243075740         0.302864883833498         0.302864883833466         0.492410124755701         0.164011693066599         0.164011693066599         0.164011693066599
        0.108748148148148        13.513830594741984        13.513830594742517        14.933928720769398         8.020588388454167         8.020588388454694        10.259676048939914         0.302517884814450         0.302517884814488         0.492150301569432         0.164011693066599         0.164011693066599         0.164011693066599
        0.108794444444444        13.477372730529753        13.477372730530005        14.888368010481047         7.993852103445326         7.993852103445578        10.223676011227754         0.302168571801238         0.302168571801257         0.491888830858479         0.164011693066599         0.164011693066599         0.164011693066599
        0.108840740740741        13.440913352742957        13.440913352743031        14.842786789773973         7.967106013142928         7.967106013143003        10.187674020849570         0.301816910683629         0.301816910683636         0.491625689108133         0.164011693066599         0.164011693066599         0.164011693066599
        0.108887037037037        13.404447427953720        13.404447427953347        14.797199433591420         7.940341715698804         7.940341715698435        10.151668423986703         0.301462866521734         0.301462866521706         0.491360852240798         0.164011693066599         0.164011693066599         0.164011693066599
        0.108933333333333        13.367981934433200        13.367981934433621        14.751598525790909         7.913562159425167         7.913562159425580        10.115656403449417         0.301106403511056         0.301106403511086         0.491094295591912         0.164011693066599         0.164011693066599         0.164011693066599
        0.108979629629630        13.331510610808055        13.331510610808079        14.705981694952523         7.886765361821210         7.886765361821235        10.079639803037647         0.300747484955367         0.300747484955368         0.490825993891784         0.164011693066599         0.164011693066599         0.164011693066599
        0.109000000000000        13.315460023268329        13.315460023267768        14.685905404894365         7.874968098546430         7.874968098545875        10.063789523502090         0.300588773231687         0.300588773231647         0.490707381673811         0.164011693066599         0.164011693066599         0.164011693066599
        0.109025925925926        13.295031001015342        13.295031001015538        14.660351722009290         7.859949989697342         7.859949989697534        10.043613838739814         0.300386073238490         0.300386073238505         0.490555921247099         0.164011693066599         0.164011693066599         0.164011693066599
        0.109072222222222        13.258543517903664        13.258543517904224        14.614704451345826         7.833111009874122         7.833111009874672        10.007579318353512         0.300022129784407         0.300022129784448         0.490284051113604         0.164011693066599         0.164011693066599         0.164011693066599
        0.109118518518519        13.222043664753905        13.222043664753667        14.569040197087912         7.806250449778393         7.806250449778156         9.971535086132523         0.299655615030743         0.299655615030726         0.490010356278253         0.164011693066599         0.164011693066599         0.164011693066599
        0.109164814814815        13.185532835533269        13.185532835532815        14.523348724623155         7.779364302063994         7.779364302063549         9.935478424538074         0.299286488392288         0.299286488392254         0.489734808835471         0.164011693066599         0.164011693066599         0.164011693066599
        0.109211111111111        13.149006364503723        13.149006364503157        14.477637121191863         7.752437877703043         7.752437877702486         9.899407914344254         0.298914708218216         0.298914708218174         0.489457380157386         0.164011693066599         0.164011693066599         0.164011693066599
        0.109257407407407        13.112462088065826        13.112462088066275        14.431894644214529         7.725503444525149         7.725503444525586         9.863320630591570         0.298540231760993         0.298540231761026         0.489178040873794         0.164011693066599         0.164011693066599         0.164011693066599
        0.109303703703704        13.075906533894319        13.075906533894761        14.386124212873089         7.698534148279684         7.698534148280119         9.827215818375205         0.298163015130602         0.298163015130635         0.488896760840878         0.164011693066599         0.164011693066599         0.164011693066599
        0.109350000000000        13.039329537550662        13.039329537550502        14.340320824656686         7.671549469573891         7.671549469573733         9.791092896418444         0.297783013251992         0.297783013251981         0.488613509113008         0.164011693066599         0.164011693066599         0.164011693066599
        0.109396296296296        13.002730120058065        13.002730120058315        14.294494892435511         7.644523801736992         7.644523801737240         9.754953063510989         0.297400179825154         0.297400179825173         0.488328253915992         0.164011693066599         0.164011693066599         0.164011693066599
        0.109442592592593        12.966107607867340        12.966107607867182        14.248617718853877         7.617461583308336         7.617461583308183         9.718787225768972         0.297014467273527         0.297014467273515         0.488040962612161         0.164011693066599         0.164011693066599         0.164011693066599
        0.109488888888889        12.929463343237190        12.929463343236490        14.202705924171944         7.590370745267085         7.590370745266401         9.682595889210791         0.296625826696878         0.296625826696825         0.487751601669142         0.164011693066599         0.164011693066599         0.164011693066599
        0.109535185185185        12.892791101887388        12.892791101887163        14.156753889972279         7.563245152236749         7.563245152236530         9.646375002211693         0.296234207819355         0.296234207819338         0.487460136624846         0.164011693066599         0.164011693066599         0.164011693066599
        0.109581481481481        12.856089656640071        12.856089656639760        14.110761826757212         7.536081873769608         7.536081873769303         9.610131017862731         0.295839558936137         0.295839558936112         0.487166532051756         0.164011693066599         0.164011693066599         0.164011693066599
        0.109627777777778        12.819355928208871        12.819355928208477        14.064714082596224         7.508880078729782         7.508880078729395         9.573855172924205         0.295441826854716         0.295441826854686         0.486870751517676         0.164011693066599         0.164011693066599         0.164011693066599
        0.109674074074074        12.782590884325192        12.782590884325476        14.018625128969482         7.481637181532199         7.481637181532476         9.537547395297175         0.295040956840694         0.295040956840716         0.486572757549526         0.164011693066599         0.164011693066599         0.164011693066599
        0.109720370370370        12.745790622215949        12.745790622215839        13.972482373312321         7.454353751891699         7.454353751891594         9.501201333612398         0.294636892544072         0.294636892544063         0.486272511583675         0.164011693066599         0.164011693066599         0.164011693066599
        0.109766666666667        12.708948863323270        12.708948863323872        13.926285802835016         7.427026107921632         7.427026107922219         9.464819416357210         0.294229575947817         0.294229575947865         0.485969973932229         0.164011693066599         0.164011693066599         0.164011693066599
        0.109812962962963        12.672070351334799        12.672070351335165        13.880029800490290         7.399642294845671         7.399642294846026         9.428399158156116         0.293818947285775         0.293818947285805         0.485665103727254         0.164011693066599         0.164011693066599         0.164011693066599
        0.109859259259259        12.635150703737491        12.635150703737001        13.833721276962795         7.372218889333348         7.372218889332874         9.391937968989627         0.293404944972634         0.293404944972594         0.485357858874322         0.164011693066599         0.164011693066599         0.164011693066599
        0.109905555555556        12.598186028507158        12.598186028508255        13.787340770482963         7.344742341440455         7.344742341441517         9.355434480117795         0.292987505532052         0.292987505532142         0.485048196005017         0.164011693066599         0.164011693066599         0.164011693066599
        0.109951851851852        12.561178488482675        12.561178488482719        13.740893497809365         7.317227545966067         7.317227545966109         9.318883604964148         0.292566563509178         0.292566563509182         0.484736070417665         0.164011693066599         0.164011693066599         0.164011693066599
        0.109998148148148        12.524113123059632        12.524113123060044        13.694368808851594         7.289652513990601         7.289652513991003         9.282281924427281         0.292142051385574         0.292142051385608         0.484421436020882         0.164011693066599         0.164011693066599         0.164011693066599
        0.110000000000000        12.522629656895170        12.522629656895358        13.692507799324261         7.288548077881615         7.288548077881796         9.280818493803640         0.292124995788537         0.292124995788552         0.484408797880503         0.164011693066599         0.164011693066599         0.164011693066599
        0.110044444444444        12.486996013497071        12.486996013497340        13.647780745293467         7.261996269170155         7.261996269170416         9.245632248723224         0.291713899490671         0.291713899490694         0.484104245274594         0.164011693066599         0.164011693066599         0.164011693066599
        0.110090740740741        12.449828548957441        12.449828548957894        13.601113672198014         7.234326281395186         7.234326281395623         9.208928546368419         0.291282035902599         0.291282035902638         0.483784449123514         0.164011693066599         0.164011693066599         0.164011693066599
        0.110137037037037        12.412594736033048        12.412594736032421        13.554362099636629         7.206538935255945         7.206538935255341         9.172167652845934         0.290846386350504         0.290846386350453         0.483461996932317         0.164011693066599         0.164011693066599         0.164011693066599
        0.110183333333333        12.375303511990859        12.375303511990420        13.507530523856605         7.178713890502070         7.178713890501643         9.135345228221434         0.290406874098645         0.290406874098608         0.483136836407890         0.164011693066599         0.164011693066599         0.164011693066599
        0.110229629629630        12.337946351158735        12.337946351159390        13.460601010688693         7.150822901362053         7.150822901362687         9.098459697235802         0.289963419845946         0.289963419846002         0.482808913532909         0.164011693066599         0.164011693066599         0.164011693066599
        0.110275925925926        12.300519704193052        12.300519704193587        13.413579188196683         7.122859187062413         7.122859187062924         9.061508394778070         0.289515941591670         0.289515941591715         0.482478172475878         0.164011693066599         0.164011693066599         0.164011693066599
        0.110322222222222        12.263024537093944        12.263024537093399        13.366461682709128         7.094825131620413         7.094825131619887         9.024487813696705         0.289064354517316         0.289064354517269         0.482144555512474         0.164011693066599         0.164011693066599         0.164011693066599
        0.110368518518519        12.225452256064074        12.225452256065314        13.319243597610795         7.066722672655364         7.066722672656558         8.987397235393781         0.288608570843182         0.288608570843291         0.481808002930355         0.164011693066599         0.164011693066599         0.164011693066599
        0.110414814814815        12.187805233068033        12.187805233067650        13.271917072025113         7.038551457587666         7.038551457587296         8.950232463084950         0.288148499688796         0.288148499688763         0.481468452935678         0.164011693066599         0.164011693066599         0.164011693066599
        0.110461111111111        12.150075201642878        12.150075201643849        13.224480230635272         7.010286818096183         7.010286818097117         8.912988419701458         0.287684046918831         0.287684046918917         0.481125841551250         0.164011693066599         0.164011693066599         0.164011693066599
        0.110507407407407        12.112258052264043        12.112258052263664        13.176924339343079         6.981937193304953         6.981937193304590         8.875660788968538         0.287215114976505         0.287215114976470         0.480780102504419         0.164011693066599         0.164011693066599         0.164011693066599
        0.110553703703704        12.074347113538389        12.074347113538799        13.129252669516342         6.953485490482676         6.953485490483072         8.838249911331925         0.286741602714679         0.286741602714716         0.480431167116667         0.164011693066599         0.164011693066599         0.164011693066599
        0.110600000000000        12.036342377044884        12.036342377044884        13.081448092854369         6.924957702723369         6.924957702723369         8.800746819195947         0.286263405206261         0.286263405206262         0.480078964175619         0.164011693066599         0.164011693066599         0.164011693066599
        0.110646296296296        11.998225106490532        11.998225106490112        13.033515667209818         6.896230899798486         6.896230899798079         8.763150482937181         0.285780413546092         0.285780413546054         0.479723419804288         0.164011693066599         0.164011693066599         0.164011693066599
        0.110692592592593        11.960037975291646        11.960037975290957        12.985443434795963         6.867617308817179         6.867617308816516         8.725456650927178         0.285292514644906         0.285292514644843         0.479364457324530         0.164011693066599         0.164011693066599         0.164011693066599
        0.110738888888889        11.921725122353907        11.921725122353692        12.937227107459638         6.838798296944884         6.838798296944677         8.687660019194247         0.284799590996586         0.284799590996567         0.479001997101350         0.164011693066599         0.164011693066599         0.164011693066599
        0.110785185185185        11.883300350505131        11.883300350504593        12.888863978641934         6.809871886416713         6.809871886416202         8.649757353503702         0.284301520445052         0.284301520445002         0.478635956389230         0.164011693066599         0.164011693066599         0.164011693066599
        0.110831481481481        11.844759122395024        11.844759122395519        12.840342508413920         6.780838234048804         6.780838234049278         8.611743394869514         0.283798175914974         0.283798175915019         0.478266249152542         0.164011693066599         0.164011693066599         0.164011693066599
        0.110877777777778        11.806098660187718        11.806098660187176        12.791658120209153         6.751689738216249         6.751689738215728         8.573613419211581         0.283289425146585         0.283289425146533         0.477892785890555         0.164011693066599         0.164011693066599         0.164011693066599
        0.110924074074074        11.767304206228877        11.767304206229259        12.742802264514390         6.722424052146107         6.722424052146472         8.535353117176610         0.282775130387197         0.282775130387233         0.477515473431787         0.164011693066599         0.164011693066599         0.164011693066599
        0.110970370370370        11.728375986904037        11.728375986905464        12.693766992258215         6.693035796327805         6.693035796329167         8.496975815966392         0.282255148076717         0.282255148076854         0.477134214725950         0.164011693066599         0.164011693066599         0.164011693066599
        0.111000000000000        11.703383824794603        11.703383824789887        12.662284533419303         6.674155329635528         6.674155329631029         8.472340493074205         0.281919306892813         0.281919306892361         0.476888092448058         0.164011693066599         0.164011693066599         0.164011693066599
        0.111016666666667        11.689306350431181        11.689306350430758        12.644557407131758         6.663514422073479         6.663514422073072         8.458461419928968         0.281729328515949         0.281729328515907         0.476748908625096         0.164011693066599         0.164011693066599         0.164011693066599
        0.111062962962963        11.650095657401044        11.650095657400300        12.595149065572983         6.633863896097753         6.633863896097045         8.419808854709625         0.281197515462320         0.281197515462248         0.476359449613724         0.164011693066599         0.164011693066599         0.164011693066599
        0.111109259259259        11.610718925559448        11.610718925558995        12.545536589563321         6.604069143199443         6.604069143199013         8.381012444037607         0.280659545773251         0.280659545773207         0.475965727574825         0.164011693066599         0.164011693066599         0.164011693066599
        0.111155555555556        11.571175692688797        11.571175692688520        12.495716848988151         6.574129177492042         6.574129177491775         8.342071892101469         0.280115248947247         0.280115248947219         0.475567627484720         0.164011693066599         0.164011693066599         0.164011693066599
        0.111201851851852        11.531477372645101        11.531477372645513        12.445680721658071         6.544044393187125         6.544044393187514         8.302969351937504         0.279564446667386         0.279564446667427         0.475165029111434         0.164011693066599         0.164011693066599         0.164011693066599
        0.111248148148148        11.491607524237638        11.491607524238725        12.395412656436127         6.513803803749852         6.513803803750884         8.263700943403391         0.279006952301778         0.279006952301887         0.474757806684709         0.164011693066599         0.164011693066599         0.164011693066599
        0.111294444444444        11.451545522476252        11.451545522475335        12.344912982424558         6.483398811586303         6.483398811585436         8.224278924101734         0.278442570350205         0.278442570350113         0.474345828529332         0.164011693066599         0.164011693066599         0.164011693066599
        0.111340740740741        11.411297860135864        11.411297860134958        12.294161346113400         6.452826257025938         6.452826257025079         8.184665353607032         0.277871095859475         0.277871095859383         0.473928956680025         0.164011693066599         0.164011693066599         0.164011693066599
        0.111387037037037        11.370846234745533        11.370846234744699        12.243140209701050         6.422075860522147         6.422075860521357         8.144861822499589         0.277292313774493         0.277292313774408         0.473507046451610         0.164011693066599         0.164011693066599         0.164011693066599
        0.111433333333333        11.330189344270659        11.330189344271767        12.191865386219913         6.391141217789863         6.391141217790908         8.104861489893459         0.276705998238520         0.276705998238635         0.473079945977639         0.164011693066599         0.164011693066599         0.164011693066599
        0.111479629629630        11.289301057750558        11.289301057750125        12.140295499911067         6.360005698023101         6.360005698022692         8.064662547907483         0.276111911836738         0.276111911836692         0.472647495711071         0.164011693066599         0.164011693066599         0.164011693066599
        0.111525925925926        11.248185259001572        11.248185259001158        12.088430486646100         6.328684234489269         6.328684234488881         8.024271783097907         0.275509804754218         0.275509804754175         0.472209527868785         0.164011693066599         0.164011693066599         0.164011693066599
        0.111572222222222        11.206828795987871        11.206828795989079        12.036254456140714         6.297149042788575         6.297149042789712         7.983644341379812         0.274899413867219         0.274899413867346         0.471765865832626         0.164011693066599         0.164011693066599         0.164011693066599
        0.111618518518519        11.165226062440279        11.165226062439952        11.983760242918587         6.265412080030850         6.265412080030539         7.942780510144152         0.274280461755723         0.274280461755689         0.471316323498984         0.164011693066599         0.164011693066599         0.164011693066599
        0.111664814814815        11.123349876481791        11.123349876481894        11.930919338607762         6.233411993355140         6.233411993355237         7.901675260187194         0.273652655582575         0.273652655582586         0.470860704539092         0.164011693066599         0.164011693066599         0.164011693066599
        0.111711111111111        11.081196608903253        11.081196608902291        11.877722490543077         6.201191964918874         6.201191964917968         7.860310477823442         0.273015685905182         0.273015685905076         0.470398801617285         0.164011693066599         0.164011693066599         0.164011693066599
        0.111757407407407        11.038750088958851        11.038750088960651        11.824156822140838         6.168725157543649         6.168725157545345         7.818694900242086         0.272369225353639         0.272369225353837         0.469930395522627         0.164011693066599         0.164011693066599         0.164011693066599
        0.111803703703704        10.995993499504015        10.995993499502321        11.770187238613540         6.136011528008697         6.136011528007103         7.776788922781707         0.271712927141475         0.271712927141286         0.469455254186144         0.164011693066599         0.164011693066599         0.164011693066599
        0.111850000000000        10.952912775607766        10.952912775607373        11.715821933719733         6.102996637333367         6.102996637332996         7.734589513543551         0.271046423459669         0.271046423459624         0.468973131627725         0.164011693066599         0.164011693066599         0.164011693066599
        0.111896296296296        10.909493896016688        10.909493896017134        11.661025462111722         6.069699589292949         6.069699589293367         7.692082720324868         0.270369323680549         0.270369323680598         0.468483766774485         0.164011693066599         0.164011693066599         0.164011693066599
        0.111942592592593        10.865704982904017        10.865704982902891        11.605772948678423         6.036103778865327         6.036103778864270         7.649260074740746         0.269681212315090         0.269681212314961         0.467986882118013         0.164011693066599         0.164011693066599         0.164011693066599
        0.111988888888889        10.821547711758139        10.821547711757583        11.550043275541062         6.002194819376561         6.002194819376038         7.606091241070228         0.268981646833347         0.268981646833283         0.467482182285487         0.164011693066599         0.164011693066599         0.164011693066599
        0.112000000000000        10.810895097553843        10.810895097568796        11.536590509745430         5.994009789021019         5.994009789035036         7.595678572820674         0.268812015510075         0.268812015511811         0.467359870853367         0.164011693066599         0.164011693066599         0.164011693066599
        0.112035185185185        10.776989019333474        10.776989019330539        11.493806724892403         5.967954616609528         5.967954616606779         7.562574432490620         0.268270155154823         0.268270155154479         0.466969352392995         0.164011693066599         0.164011693066599         0.164011693066599
        0.112081481481481        10.732008505247048        10.732008505246307        11.437047272803346         5.933361301654192         5.933361301653497         7.518674174251362         0.267546232828356         0.267546232828268         0.466448056193687         0.164011693066599         0.164011693066599         0.164011693066599
        0.112127777777778        10.686577964884117        10.686577964884520        11.379726491771374         5.898411497440548         5.898411497440927         7.474387725592089         0.266809339906880         0.266809339906928         0.465917934030168         0.164011693066599         0.164011693066599         0.164011693066599
        0.112174074074074        10.640667748991895        10.640667748990090        11.321812416031314         5.863049046192391         5.863049046190701         7.429673205995556         0.266058897434141         0.266058897433922         0.465378600534830         0.164011693066599         0.164011693066599         0.164011693066599
        0.112220370370370        10.594264572736025        10.594264572734252        11.263274603325957         5.827277922067383         5.827277922065730         7.384515231962253         0.265294283394245         0.265294283394028         0.464829641974928         0.164011693066599         0.164011693066599         0.164011693066599
        0.112266666666667        10.547330709226571        10.547330709226092        11.204080206703818         5.791077972616638         5.791077972616193         7.338895825177632         0.264514828201963         0.264514828201905         0.464270613303203         0.164011693066599         0.164011693066599         0.164011693066599
        0.112312962962963        10.499828798646666        10.499828798646588        11.144176681863280         5.754428693011731         5.754428693011660         7.292781806669000         0.263719809539450         0.263719809539440         0.463701034780829         0.164011693066599         0.164011693066599         0.164011693066599
        0.112359259259259        10.451728160194088        10.451728160191792        11.083541562807289         5.717268621817586         5.717268621815446         7.246142827380099         0.262908446419767         0.262908446419476         0.463120388095626         0.164011693066599         0.164011693066599         0.164011693066599
        0.112405555555556        10.402990086853881        10.402990086854523        11.022116834708196         5.679602563615018         5.679602563615610         7.198949095362326         0.262079892417304         0.262079892417386         0.462528111941459         0.164011693066599         0.164011693066599         0.164011693066599
        0.112451851851852        10.353564784052443        10.353564784052811        10.959847320881899         5.641381874615713         5.641381874616054         7.151164526383652         0.261233227881568         0.261233227881616         0.461923596933814         0.164011693066599         0.164011693066599         0.164011693066599
        0.112498148148148        10.303414882892682        10.303414882892975        10.896684832730072         5.602578496147327         5.602578496147599         7.102752174677022         0.260367450847385         0.260367450847423         0.461306179678096         0.164011693066599         0.164011693066599         0.164011693066599
        0.112544444444444        10.252482300614943        10.252482300617846        10.832562803684015         5.563142417710637         5.563142417713333         7.053669680537597         0.259481466628466         0.259481466628852         0.460675135988991         0.164011693066599         0.164011693066599         0.164011693066599
        0.112590740740741        10.200713917583967        10.200713917588439        10.767412114047337         5.523050946953235         5.523050946957382         7.003878690942838         0.258574075380163         0.258574075380766         0.460029672776958         0.164011693066599         0.164011693066599         0.164011693066599
        0.112637037037037        10.148036058957164        10.148036058962491        10.701158158487578         5.482233360353227         5.482233360358165         6.953306989381755         0.257643957806456         0.257643957807186         0.459368918749560         0.164011693066599         0.164011693066599         0.164011693066599
        0.112683333333333        10.094389270169110        10.094389270165440        10.633728867391971         5.440631044374481         5.440631044371081         6.901923285220689         0.256689658056314         0.256689658055805         0.458691913275902         0.164011693066599         0.164011693066599         0.164011693066599
        0.112729629629630        10.039683599266636        10.039683599262574        10.565014691799432         5.398201882939778         5.398201882936017         6.849654526686542         0.255709563403823         0.255709563403250         0.457997593174331         0.164011693066599         0.164011693066599         0.164011693066599
        0.112775925925926         9.983835068781826         9.983835068780053        10.494923360018557         5.354870336175593         5.354870336173954         6.796413568918891         0.254701879906035         0.254701879905780         0.457284776887822         0.164011693066599         0.164011693066599         0.164011693066599
        0.112822222222222         9.926740034493188         9.926740034493795        10.423333532607863         5.310567804359779         5.310567804360339         6.742160320780386         0.253664603331490         0.253664603331578         0.456552145618171         0.164011693066599         0.164011693066599         0.164011693066599
        0.112868518518519         9.868288497885368         9.868288497882409        10.350109368022588         5.265194684423525         5.265194684420789         6.686774114175630         0.252595483234711         0.252595483234274         0.455798219997313         0.164011693066599         0.164011693066599         0.164011693066599
        0.112914814814815         9.808346483412786         9.808346483415123        10.275097348268051         5.218681469987945         5.218681469990108         6.630169293521914         0.251491979461238         0.251491979461589         0.455021331899092         0.164011693066599         0.164011693066599         0.164011693066599
        0.112961111111111         9.746761948228343         9.746761948232720        10.198137896889829         5.170860179381746         5.170860179385789         6.572232128072348         0.250351208005932         0.250351208006600         0.454219589351650         0.164011693066599         0.164011693066599         0.164011693066599
        0.113000000000000         9.693635435920328         9.693635435920328        10.131827998224948         5.129626565876361         5.129626565876362         6.522436542548067         0.249361753580721         0.249361753580721         0.453525341266369         0.164011693066599         0.164011693066599         0.164011693066599
        0.113007407407407         9.683360751658885         9.683360751662494        10.119014854974687         5.121652935944876         5.121652935948211         6.512827420562464         0.249169873394603         0.249169873395164         0.453390832770067         0.164011693066599         0.164011693066599         0.164011693066599
        0.113053703703704         9.617945476804129         9.617945476808524        10.037513126720535         5.070893793060327         5.070893793064386         6.451805228888857         0.247944183093446         0.247944183094143         0.452532579591048         0.164011693066599         0.164011693066599         0.164011693066599
        0.113100000000000         9.550271100420453         9.550271100429500         9.953347518983083         5.018404691156892         5.018404691165256         6.388988421397122         0.246669738088009         0.246669738089472         0.451641953570668         0.164011693066599         0.164011693066599         0.164011693066599
        0.113146296296296         9.480052193326514         9.480052193327163         9.866203465041369         4.963971104018628         4.963971104019229         6.324174475953676         0.245341389968193         0.245341389968300         0.450715592481141         0.164011693066599         0.164011693066599         0.164011693066599
        0.113192592592593         9.406952998767904         9.406952998764412         9.775696043143887         4.907348290977070         4.907348290973840         6.257108001149684         0.243953053832009         0.243953053831421         0.449749527471895         0.164011693066599         0.164011693066599         0.164011693066599
        0.113238888888889         9.330555985112191         9.330555985114978         9.681352830850434         4.848234241377739         4.848234241380317         6.187492216517864         0.242497454942602         0.242497454943083         0.448739019762195         0.164011693066599         0.164011693066599         0.164011693066599
        0.113285185185185         9.250336165484645         9.250336165490749         9.582598849294154         4.786235370796921         4.786235370802571         6.114954956844781         0.240965783260972         0.240965783262051         0.447678338286100         0.164011693066599         0.164011693066599         0.164011693066599
        0.113331481481481         9.165670213061247         9.165670213067031         9.478741187764657         4.720912581093091         4.720912581098455         6.039052813989991         0.239347207597458         0.239347207598508         0.446560447249029         0.164011693066599         0.164011693066599         0.164011693066599
        0.113377777777778         9.075691201009993         9.075691201017380         9.368856395811308         4.651601085390927         4.651601085397787         5.959214829139739         0.237628175572793         0.237628175574172         0.445376556488024         0.164011693066599         0.164011693066599         0.164011693066599
        0.113424074074074         8.979369644110744         8.979369644096156         9.251768835644350         4.577569895777953         4.577569895764376         5.874730566485581         0.235791372098547         0.235791372095741         0.444115453293406         0.164011693066599         0.164011693066599         0.164011693066599
        0.113470370370370         8.875203204681190         8.875203204691909         9.125866546011071         4.497737580855655         4.497737580865659         5.784535908700231         0.233814110188960         0.233814110191091         0.442762471415487         0.164011693066599         0.164011693066599         0.164011693066599
        0.113516666666667         8.761155519312062         8.761155519340534         8.989001042082482         4.410600962964344         4.410600962991019         5.687377614111586         0.231665727023219         0.231665727029094         0.441297824980168         0.164011693066599         0.164011693066599         0.164011693066599
        0.113562962962963         8.634223943341890         8.634223943341903         8.837969096416742         4.313975915557222         4.313975915557236         5.581300412341887         0.229302716417326         0.229302716417329         0.439693493995771         0.164011693066599         0.164011693066599         0.164011693066599
        0.113609259259259         8.489844046062132         8.489844046062101         8.667987281003493         4.204496727004128         4.204496727004097         5.463376869919056         0.226661800662956         0.226661800662949         0.437908823936929         0.164011693066599         0.164011693066599         0.164011693066599
        0.113655555555556         8.320257337410871         8.320257337411007         8.471062728186817         4.076409665314027         4.076409665314156         5.328951441011725         0.223641355551784         0.223641355551816         0.435878672893919         0.164011693066599         0.164011693066599         0.164011693066599
        0.113701851851852         8.110941046340320         8.110941046340519         8.232547622083816         3.918791054848696         3.918791054848890         5.169401935850727         0.220063104058073         0.220063104058123         0.433489093862244         0.164011693066599         0.164011693066599         0.164011693066599
        0.113748148148148         7.829128436433938         7.829128436433819         7.920006961869765         3.707129762442322         3.707129762442202         4.966173109812573         0.215557463223447         0.215557463223414         0.430504676994274         0.164011693066599         0.164011693066599         0.164011693066599
        0.113794444444444         7.386277029997622         7.386277029996936         7.431097672253126         3.421578075951597         3.421578075950892         4.662065428455120         0.209065128488559         0.209065128488341         0.426253803725706         0.164011693066599         0.164011693066599         0.164011693066599
        0.113840740740741         7.485700864377033         7.485700864376874         7.182895674133899         3.048616991846921         3.048616991846762         4.083175798373617         0.176374659823498         0.176374659823428         0.405816986858394         0.164011693066599         0.164011693066599         0.164011693066599
        0.113887037037037        10.752485142492485        10.752485142492709        10.076187496023202         3.692241153245685         3.692241153245855         4.665722185866529         0.163140559989508         0.163140559989566         0.398045326134414         0.164011693066599         0.164011693066599         0.164011693066599
        0.113933333333333        11.915952884091954        11.915952884092857        11.077333819590127         3.856101581585887         3.856101581586523         4.742859839217372         0.157688201592590         0.157688201592801         0.394933633662275         0.164011693066599         0.164011693066599         0.164011693066599
        0.113979629629630        12.673835468574813        12.673835468574904        11.722260178114379         3.945340252623041         3.945340252623102         4.755189416826417         0.153851678664463         0.153851678664482         0.392776324945729         0.164011693066599         0.164011693066599         0.164011693066599
        0.114000000000000        12.939766573629273        12.939766573628919        11.947211698821485         3.973254393506651         3.973254393506422         4.751850777498011         0.152438235566741         0.152438235566664         0.391988289392302         0.164011693066599         0.164011693066599         0.164011693066599
        0.114025925925926        13.237191630954944        13.237191630954737        12.198094456605782         4.002265328823269         4.002265328823136         4.743003891422331         0.150807557695109         0.150807557695065         0.391083674722540         0.164011693066599         0.164011693066599         0.164011693066599
        0.114072222222222        13.683219067608473        13.683219067608512        12.572707434444620         4.041182355505412         4.041182355505435         4.718721869893312         0.148248952549734         0.148248952549743         0.389674108696689         0.164011693066599         0.164011693066599         0.164011693066599
        0.114118518518519        14.049855542834305        14.049855542834271        12.879220346286814         4.068686919785423         4.068686919785404         4.687677627562838         0.146023558731570         0.146023558731563         0.388457876386038         0.164011693066599         0.164011693066599         0.164011693066599
        0.114164814814815        14.358872546569197        14.358872546562827        13.136562162419594         4.088381095273189         4.088381095269387         4.652545758161889         0.144043261793899         0.144043261792574         0.387383232490587         0.164011693066599         0.164011693066599         0.164011693066599
        0.114211111111111        14.623903340763718        14.623903340780901        13.356541664740138         4.102417955243359         4.102417955253435         4.614816232473575         0.142252554790162         0.142252554793734         0.386417677243767         0.164011693066599         0.164011693066599         0.164011693066599
        0.114257407407407        14.854273686036898        14.854273686035524        13.547169918998012         4.112207544696732         4.112207544695941         4.575365552148962         0.140613166955704         0.140613166955419         0.385538866281182         0.164011693066599         0.164011693066599         0.164011693066599
        0.114303703703704        15.056527067966760        15.056527067966423        13.714098398883824         4.118715271868749         4.118715271868557         4.534740289960474         0.139097983631900         0.139097983631829         0.384731008637131         0.164011693066599         0.164011693066599         0.164011693066599
        0.114350000000000        15.235510510538465        15.235510510537756        13.861473830571736         4.122605094224530         4.122605094224131         4.493286740368333         0.137686886602831         0.137686886602683         0.383982415762033         0.164011693066599         0.164011693066599         0.164011693066599
        0.114396296296296        15.394915455457642        15.394915455456585        13.992449089503292         4.124403044251745         4.124403044251155         4.451225901796111         0.136364494235215         0.136364494234991         0.383284170937233         0.164011693066599         0.164011693066599         0.164011693066599
        0.114442592592593        15.537603500797990        15.537603500795509        14.109471508986978         4.124484597651046         4.124484597649682         4.408704763567368         0.135118752998158         0.135118752997630         0.382629301550918         0.164011693066599         0.164011693066599         0.164011693066599
        0.114488888888889        15.665813040142043        15.665813040147224        14.214459072228559         4.123116040935793         4.123116040938623         4.365798461509211         0.133940022792529         0.133940022793642         0.382012242338291         0.164011693066599         0.164011693066599         0.164011693066599
        0.114535185185185        15.781412585080822        15.781412585080529        14.309052559999182         4.120564364791505         4.120564364791346         4.322547379646833         0.132820459852831         0.132820459852767         0.381428473786590         0.164011693066599         0.164011693066599         0.164011693066599
        0.114581481481481        15.885898136598311        15.885898136597168        14.394367633252353         4.116973877779991         4.116973877779377         4.278952438037137         0.131753586726627         0.131753586726377         0.380874270579751         0.164011693066599         0.164011693066599         0.164011693066599
        0.114627777777778        15.980541623668595        15.980541623668337        14.471639087122590         4.112551736450088         4.112551736449954         4.235069774474546         0.130733985667687         0.130733985667631         0.380346522430318         0.164011693066599         0.164011693066599         0.164011693066599
        0.114674074074074        16.066316509485596        16.066316509481261        14.541703247169126         4.107350309384544         4.107350309382249         4.190821357195919         0.129757074371027         0.129757074370061         0.379842603212894         0.164011693066599         0.164011693066599         0.164011693066599
        0.114720370370370        16.144128050322191        16.144128050323548        14.605297753039126         4.101493907911316         4.101493907912029         4.146182423450950         0.128818938737331         0.128818938737637         0.379360273514181         0.164011693066599         0.164011693066599         0.164011693066599
        0.114766666666667        16.214715877252800        16.214715877253109        14.663069707695172         4.095069110716456         4.095069110716618         4.101093813007712         0.127916206022906         0.127916206022977         0.378897606789139         0.164011693066599         0.164011693066599         0.164011693066599
        0.114812962962963        16.278741167146997        16.278741167149839        14.715577017623387         4.088155745653422         4.088155745654902         4.055500352217272         0.127045947162519         0.127045947163173         0.378452932575225         0.164011693066599         0.164011693066599         0.164011693066599
        0.114859259259259        16.336723681576402        16.336723681577649        14.763303809116227         4.080800023067318         4.080800023067959         4.009318184631788         0.126205600444550         0.126205600444840         0.378024792164937         0.164011693066599         0.164011693066599         0.164011693066599
        0.114905555555556        16.389144926564772        16.389144926564889        14.806681508242088         4.073058534321246         4.073058534321308         3.962471607540156         0.125392911008077         0.125392911008106         0.377611903520178         0.164011693066599         0.164011693066599         0.164011693066599
        0.114951851851852        16.436415586359384        16.436415586361022        14.846071540728813         4.064972041749798         4.064972041750636         3.914904861162946         0.124605882715451         0.124605882715840         0.377213133367826         0.164011693066599         0.164011693066599         0.164011693066599
        0.114998148148148        16.478851289891086        16.478851289890237        14.881828206365579         4.056585119468462         4.056585119468028         3.866347969742673         0.123842738991509         0.123842738991303         0.376827474544545         0.164011693066599         0.164011693066599         0.164011693066599
        0.115000000000000        16.480453347363898        16.480453347363891        14.883186499077029         4.056243690010831         4.056243690010831         3.864384945387239         0.123812687771193         0.123812687771191         0.376812308296882         0.164011693066599         0.164011693066599         0.164011693066599
        0.115044444444444        16.516739226053446        16.516739226053847        14.914157879987014         4.047917804525789         4.047917804525993         3.816646266716669         0.123101891024526         0.123101891024625         0.376454027603853         0.164011693066599         0.164011693066599         0.164011693066599
        0.115090740740741        16.550361749609554        16.550361749609561        14.943333097155167         4.038995856806920         4.038995856806920         3.765815181265400         0.122381911604496         0.122381911604497         0.376091985700717         0.164011693066599         0.164011693066599         0.164011693066599
        0.115137037037037        16.579916268838904        16.579916268840208        14.969650509203188         4.029857512499407         4.029857512500067         3.713638821707540         0.121681513352215         0.121681513352541         0.375740622031426         0.164011693066599         0.164011693066599         0.164011693066599
        0.115183333333333        16.605567221704050        16.605567221703488        14.993452778537181         4.020552539220726         4.020552539220446         3.659949878735992         0.120999530619793         0.120999530619652         0.375399279395334         0.164011693066599         0.164011693066599         0.164011693066599
        0.115229629629630        16.627526635336711        16.627526635337304        15.014409287961053         4.011002061007529         4.011002061007828         3.604896863687768         0.120334904227580         0.120334904227733         0.375067361404640         0.164011693066599         0.164011693066599         0.164011693066599
        0.115275925925926        16.645758387637688        16.645758387638448        15.033207941291057         4.001320585094662         4.001320585095046         3.547646133549686         0.119686668569834         0.119686668570032         0.374744325061363         0.164011693066599         0.164011693066599         0.164011693066599
        0.115322222222222        16.660656606801247        16.660656606801833        15.049825759860523         3.991484117050976         3.991484117051267         3.489400311104804         0.119053940632828         0.119053940632981         0.374429674445633         0.164011693066599         0.164011693066599         0.164011693066599
        0.115368518518519        16.672873716085729        16.672873716085579        15.064375213689091         3.981499000988538         3.981499000988461         3.432344269363636         0.118435910622854         0.118435910622813         0.374122955328448         0.164011693066599         0.164011693066599         0.164011693066599
        0.115414814814815        16.685384150155507        16.685384150155361        15.077017225234826         3.971438734935063         3.971438734934993         3.386980618146465         0.117831833854675         0.117831833854636         0.373823750520233         0.164011693066599         0.164011693066599         0.164011693066599
        0.115461111111111        16.697567630895360        16.697567630895772        15.087861865104824         3.961180146970494         3.961180146970697         3.350108555488181         0.117241023824719         0.117241023824830         0.373531675893406         0.164011693066599         0.164011693066599         0.164011693066599
        0.115507407407407        16.708914870957262        16.708914870958392        15.096991160704247         3.950855730675708         3.950855730676265         3.318225224493760         0.116662846105200         0.116662846105510         0.373246376889473         0.164011693066599         0.164011693066599         0.164011693066599
        0.115553703703704        16.719216251040731        16.719216251040496        15.104511098738017         3.940437471638639         3.940437471638524         3.290006613385220         0.116096713136157         0.116096713136092         0.372967525529336         0.164011693066599         0.164011693066599         0.164011693066599
        0.115600000000000        16.728351917635568        16.728351917635056        15.110506510574711         3.929880570495125         3.929880570494872         3.264697104736898         0.115542079535248         0.115542079535105         0.372694817740283         0.164011693066599         0.164011693066599         0.164011693066599
        0.115646296296296        16.736404014749901        16.736404014749720        15.115062218400316         3.919264633563925         3.919264633563837         3.241729583088848         0.114998438118655         0.114998438118604         0.372427971072273         0.164011693066599         0.164011693066599         0.164011693066599
        0.115692592592593        16.743343060706117        16.743343060706039        15.118247922494998         3.908562061074521         3.908562061074480         3.220764345736660         0.114465316279694         0.114465316279669         0.372166722635415         0.164011693066599         0.164011693066599         0.164011693066599
        0.115738888888889        16.749178155807723        16.749178155807893        15.120137023378485         3.897779395128016         3.897779395128094         3.201444368094951         0.113942272863094         0.113942272863143         0.371910827313321         0.164011693066599         0.164011693066599         0.164011693066599
        0.115785185185185        16.754022417155856        16.754022417156463        15.120782452487241         3.886968093571168         3.886968093571464         3.183615574465947         0.113428895358558         0.113428895358738         0.371660056163436         0.164011693066599         0.164011693066599         0.164011693066599
        0.115831481481481        16.757729366081659        16.757729366081950        15.120249179486285         3.876002049113668         3.876002049113808         3.167071197379341         0.112924797403449         0.112924797403534         0.371414194994306         0.164011693066599         0.164011693066599         0.164011693066599
        0.115877777777778        16.760482389427708        16.760482389427978        15.118589047361413         3.864997953047237         3.864997953047370         3.151664981515956         0.112429616566885         0.112429616566967         0.371173043104027         0.164011693066599         0.164011693066599         0.164011693066599
        0.115924074074074        16.762292817876055        16.762292817875817        15.115852745861835         3.853939558483009         3.853939558482897         3.137272431385374         0.111943012371025         0.111943012370954         0.370936412152899         0.164011693066599         0.164011693066599         0.164011693066599
        0.115970370370370        16.763189063548197        16.763189063548197        15.112141277475397         3.842834807273052         3.842834807273049         3.123787978565836         0.111464664495109         0.111464664495109         0.370704125144417         0.164011693066599         0.164011693066599         0.164011693066599
        0.116000000000000        16.763256631392800        16.763256631391890        15.109211061002995         3.835659531631921         3.835659531631488         3.115592831642584         0.111162697368526         0.111162697368245         0.370557653991816         0.164011693066599         0.164011693066599         0.164011693066599
        0.116016666666667        16.763146160491235        16.763146160491363        15.107327754467036         3.831614194172136         3.831614194172197         3.111123585046783         0.110994271186879         0.110994271186918         0.370476015520789         0.164011693066599         0.164011693066599         0.164011693066599
        0.116062962962963        16.762228871488094        16.762228871488297        15.101619242068219         3.820336048825973         3.820336048826066         3.099201538966783         0.110531547809264         0.110531547809326         0.370251926339191         0.164011693066599         0.164011693066599         0.164011693066599
        0.116109259259259        16.760474615417650        16.760474615417753        15.094998965086107         3.808994350384507         3.808994350384560         3.087955236192267         0.110076225543584         0.110076225543619         0.370031709534919         0.164011693066599         0.164011693066599         0.164011693066599
        0.116155555555556        16.757881132880733        16.757881132880623        15.087492000297782         3.797575661669052         3.797575661669002         3.077326659697881         0.109628050206637         0.109628050206603         0.369815225251458         0.164011693066599         0.164011693066599         0.164011693066599
        0.116201851851852        16.754488338273344        16.754488338273426        15.079150865988398         3.786081337252977         3.786081337253016         3.067265590905878         0.109186781172622         0.109186781172649         0.369602341230548         0.164011693066599         0.164011693066599         0.164011693066599
        0.116248148148148        16.750225495381645        16.750225495381759        15.069987345175983         3.774447777130774         3.774447777130828         3.057723513075067         0.108752190418439         0.108752190418477         0.369392932268967         0.164011693066599         0.164011693066599         0.164011693066599
        0.116294444444444        16.744867179831072        16.744867179831147        15.060029373317040         3.762505569466144         3.762505569466179         3.048661480963120         0.108324061618246         0.108324061618271         0.369186879709131         0.164011693066599         0.164011693066599         0.164011693066599
        0.116340740740741        16.734123342046473        16.734123342046281        15.049310578301302         3.747335391268502         3.747335391268414         3.040043184492801         0.107902189350383         0.107902189350321         0.368984070988698         0.164011693066599         0.164011693066599         0.164011693066599
        0.116387037037037        16.729876666069885        16.729876666069718        15.037836201813398         3.736996920960349         3.736996920960272         3.031818092830314         0.107486378347478         0.107486378347423         0.368784399218194         0.164011693066599         0.164011693066599         0.164011693066599
        0.116433333333333        16.720389635745899        16.720389635745828        15.025676321504877         3.723525051320336         3.723525051320300         3.023980959891289         0.107076442825338         0.107076442825313         0.368587762801431         0.164011693066599         0.164011693066599         0.164011693066599
        0.116479629629630        16.708701537902051        16.708701537902019        15.012812889567938         3.708980860684507         3.708980860684491         3.016515725431691         0.106672205867899         0.106672205867886         0.368394065087933         0.164011693066599         0.164011693066599         0.164011693066599
        0.116525925925926        16.697591341657692        16.697591341657848        14.999219773951449         3.695202133198197         3.695202133198271         3.009382267328500         0.106273498841308         0.106273498841363         0.368203214044425         0.164011693066599         0.164011693066599         0.164011693066599
        0.116572222222222        16.685975319614208        16.685975319614208        14.984977843281579         3.681466726235208         3.681466726235209         3.002558862580392         0.105880160893146         0.105880160893147         0.368015121969896         0.164011693066599         0.164011693066599         0.164011693066599
        0.116618518518519        16.673711149498324        16.673711149498285        14.970093958238472         3.667655244742256         3.667655244742241         2.996044796600447         0.105492038453611         0.105492038453599         0.367829705216678         0.164011693066599         0.164011693066599         0.164011693066599
        0.116664814814815        16.660811056106784        16.660811056106720        14.954546852830575         3.653775483486867         3.653775483486840         2.989764737275627         0.105108984792726         0.105108984792704         0.367646883940879         0.164011693066599         0.164011693066599         0.164011693066599
        0.116711111111111        16.647317710645428        16.647317710645211        14.938352751772806         3.639830294787070         3.639830294786973         2.983766997690881         0.104730859619138         0.104730859619062         0.367466581875634         0.164011693066599         0.164011693066599         0.164011693066599
        0.116757407407407        16.633263558281158        16.633263558281165        14.921579197582618         3.625843545305147         3.625843545305152         2.978023004364572         0.104357528685466         0.104357528685470         0.367288726110897         0.164011693066599         0.164011693066599         0.164011693066599
        0.116803703703704        16.618681526915069        16.618681526914898        14.904236086091624         3.611832570571516         3.611832570571437         2.972491053345676         0.103988863446762         0.103988863446700         0.367113246900429         0.164011693066599         0.164011693066599         0.164011693066599
        0.116850000000000        16.603574735990648        16.603574735990815        14.886253108589685         3.597773490837946         3.597773490838021         2.967155825167563         0.103624740729439         0.103624740729499         0.366940077476418         0.164011693066599         0.164011693066599         0.164011693066599
        0.116896296296296        16.587985382786272        16.587985382786293        14.867678414990191         3.583695317940091         3.583695317940101         2.962031264707473         0.103265042434522         0.103265042434530         0.366769153882008         0.164011693066599         0.164011693066599         0.164011693066599
        0.116942592592593        16.571947984803408        16.571947984803185        14.848548878046449         3.569610983893469         3.569610983893374         2.957085651947511         0.102909655239868         0.102909655239789         0.366600414806800         0.164011693066599         0.164011693066599         0.164011693066599
        0.116988888888889        16.555426787398311        16.555426787398222        14.828848461077348         3.555488971107077         3.555488971107037         2.952331307784398         0.102558470367172         0.102558470367138         0.366433801451963         0.164011693066599         0.164011693066599         0.164011693066599
        0.117000000000000        16.551409076405907        16.551409076404930        14.824033272553420         3.552104767225183         3.552104767224758         2.951216192984416         0.102474799405936         0.102474799405581         0.366394124122381         0.164011693066599         0.164011693066599         0.164011693066599
        0.117035185185185        16.538479930465666        16.538479930465780        14.808574905905443         3.541361864252847         3.541361864252898         2.947748555614000         0.102211383303178         0.102211383303219         0.366269257379129         0.164011693066599         0.164011693066599         0.164011693066599
        0.117081481481481        16.517584177873808        16.517584177873772        14.787742677846829         3.525085875539840         3.525085875539825         2.943327796159283         0.101868293597464         0.101868293597451         0.366106728393514         0.164011693066599         0.164011693066599         0.164011693066599
        0.117127777777778        16.503383407746345        16.503383407746352        14.766349448794079         3.513079057019783         3.513079057019787         2.939060817542925         0.101529104639488         0.101529104639490         0.365946162420711         0.164011693066599         0.164011693066599         0.164011693066599
        0.117174074074074        16.485236450094739        16.485236450094742        14.744403504490675         3.498917856744153         3.498917856744155         2.934939797980556         0.101193723461456         0.101193723461458         0.365787509396289         0.164011693066599         0.164011693066599         0.164011693066599
        0.117220370370370        16.466740737635838        16.466740737635970        14.721906597325177         3.484764014422620         3.484764014422676         2.930958335848837         0.100862060553977         0.100862060554026         0.365630721162580         0.164011693066599         0.164011693066599         0.164011693066599
        0.117266666666667        16.447873770075063        16.447873770075049        14.698865140175734         3.470597212337601         3.470597212337596         2.927108381884931         0.100534029692326         0.100534029692321         0.365475751371615         0.164011693066599         0.164011693066599         0.164011693066599
        0.117312962962963        16.428654524587156        16.428654524587209        14.675272472921808         3.456425101769200         3.456425101769223         2.923384165303155         0.100209547770136         0.100209547770156         0.365322555392924         0.164011693066599         0.164011693066599         0.164011693066599
        0.117359259259259        16.409105145242787        16.409105145242872        14.651181464965832         3.442254023422912         3.442254023422946         2.919779811368491         0.099888534651688         0.099888534651719         0.365171090230127         0.164011693066599         0.164011693066599         0.164011693066599
        0.117405555555556        16.389214710159386        16.389214710159376        14.626517389200711         3.428069573878122         3.428069573878116         2.916292450060309         0.099570913025785         0.099570913025780         0.365021314440115         0.164011693066599         0.164011693066599         0.164011693066599
        0.117451851851852        16.369005331491451        16.369005331491408        14.601281864055194         3.413876826906958         3.413876826906940         2.912910766021570         0.099256608270727         0.099256608270711         0.364873188057966         0.164011693066599         0.164011693066599         0.164011693066599
        0.117498148148148        16.348465986398807        16.348465986398814        14.575544958357188         3.399677725795429         3.399677725795430         2.909634217810091         0.098945548328255         0.098945548328256         0.364726672526217         0.164011693066599         0.164011693066599         0.164011693066599
        0.117544444444444        16.327622820013239        16.327622820013282        14.549237777679032         3.385471958430161         3.385471958430183         2.906454681749269         0.098637663586116         0.098637663586136         0.364581730629715         0.164011693066599         0.164011693066599         0.164011693066599
        0.117590740740741        16.306474629107822        16.306474629107910        14.522423032999189         3.371259611101785         3.371259611101820         2.903373078670306         0.098332886761628         0.098332886761662         0.364438326431231         0.164011693066599         0.164011693066599         0.164011693066599
        0.117637037037037        16.285025198030983        16.285025198030919        14.495082983332363         3.357035363489731         3.357035363489703         2.900382666743496         0.098031152801227         0.098031152801202         0.364296425214792         0.164011693066599         0.164011693066599         0.164011693066599
        0.117683333333333        16.263288338234052        16.263288338234066        14.467203123753311         3.342801777413918         3.342801777413919         2.897479585968790         0.097732398775424         0.097732398775427         0.364155993428340         0.164011693066599         0.164011693066599         0.164011693066599
        0.117729629629630        16.241236761235985        16.241236761236028        14.438861918006316         3.328551087138247         3.328551087138263         2.894660174243085         0.097436563789997         0.097436563790013         0.364016998633359         0.164011693066599         0.164011693066599         0.164011693066599
        0.117775925925926        16.218904291348618        16.218904291348696        14.410068330560229         3.314299088405252         3.314299088405281         2.891920983222004         0.097143588891965         0.097143588891994         0.363879409453535         0.164011693066599         0.164011693066599         0.164011693066599
        0.117822222222222        16.196278905702972        16.196278905702940        14.380793965559119         3.300032414704733         3.300032414704720         2.889258181548697         0.096853416990781         0.096853416990770         0.363743195530391         0.164011693066599         0.164011693066599         0.164011693066599
        0.117868518518519        16.173370399384634        16.173370399384666        14.351146278306564         3.285763574608110         3.285763574608120         2.886669756234727         0.096565992774172         0.096565992774184         0.363608327477113         0.164011693066599         0.164011693066599         0.164011693066599
        0.117914814814815        16.150146065423503        16.150146065423485        14.321185851690910         3.271486137965512         3.271486137965505         2.884152208333187         0.096281262634434         0.096281262634426         0.363474776837648         0.164011693066599         0.164011693066599         0.164011693066599
        0.117961111111111        16.126671870579290        16.126671870579305        14.290980013005354         3.257235850717182         3.257235850717186         2.881702787147097         0.095999174599594         0.095999174599599         0.363342516048134         0.164011693066599         0.164011693066599         0.164011693066599
        0.118000000000000        16.106716588444169        16.106716588444122        14.265584483963847         3.245284506697619         3.245284506697603         2.879693903057700         0.095764225540518         0.095764225540500         0.363232394211791         0.164011693066599         0.164011693066599         0.164011693066599
        0.118007407407407        16.102891832170652        16.102891832170624        14.262372582892958         3.243210052868854         3.243210052868842         2.879316779349510         0.095719678263015         0.095719678263003         0.363211518398350         0.164011693066599         0.164011693066599         0.164011693066599
        0.118053703703704        16.078807242858382        16.078807242858403        14.231327004047575         3.228905334284207         3.228905334284216         2.876998511049331         0.095442724720557         0.095442724720567         0.363081757996947         0.164011693066599         0.164011693066599         0.164011693066599
        0.118100000000000        16.054426012732833        16.054426012732932        14.201101268693940         3.214730174178265         3.214730174178303         2.874738069628843         0.095168266509939         0.095168266509980         0.362953209737638         0.164011693066599         0.164011693066599         0.164011693066599
        0.119000000000000        15.507128273958003        15.507128273957981        13.841118523035206         2.959475117775312         2.959475117775304         2.840182712603252         0.090270794311092         0.090270794311082         0.360664634337508         0.164011693066599         0.164011693066599         0.164011693066599
        0.120000000000000        14.390978611874543        14.390978611874546        13.583594482057586         2.535145210036525         2.535145210036525         2.815269501844834         0.085613191835874         0.085613191835875         0.358490313971206         0.164011693066599         0.164011693066599         0.164011693066599
        0.121000000000000        13.625199177953760        13.625199177953762        13.375900230228121         2.305907945330259         2.305907945330259         2.797985722990121         0.081570005090822         0.081570005090824         0.356595155305947         0.164011693066599         0.164011693066599         0.164011693066599
        0.122000000000000        13.135770674670237        13.135770674671095        13.193186064791259         2.190310300940868         2.190310300941134         2.785098103663950         0.078000009764937         0.078000009766272         0.354907579978975         0.164011693066599         0.164011693066599         0.164011693066599
        0.123000000000000        12.757179829310697        12.757179829310127        13.025472042161002         2.116356885936793         2.116356885936618         2.774876426260784         0.074807150376192         0.074807150375177         0.353379774452137         0.164011693066599         0.164011693066599         0.164011693066599
        0.124000000000000        12.442722695478627        12.442722695478430        12.867988716442959         2.064494935185367         2.064494935185307         2.766354258872483         0.071922647915236         0.071922647914852         0.351978105374443         0.164011693066599         0.164011693066599         0.164011693066599
        0.125000000000000        12.171188445289340        12.171188445290005        12.718072266029722         2.026228980286731         2.026228980286930         2.758936596163090         0.069295498687660         0.069295498689025         0.350678080945804         0.164011693066599         0.164011693066599         0.164011693066599
        0.126000000000000        11.930767541808395        11.930767541808558        12.574424158974374         1.997055606261617         1.997055606261665         2.752331800283200         0.066886695213178         0.066886695213525         0.349461309379138         0.164011693066599         0.164011693066599         0.164011693066599
        0.127000000000000        11.714259998466245        11.714259998465783        12.435923056822755         1.974343284272490         1.974343284272356         2.746253754944278         0.064665667678905         0.064665667677890         0.348313642662166         0.164011693066599         0.164011693066599         0.164011693066599
        0.128000000000000        11.516608822425532        11.516608822425766        12.302038910647774         1.956348890406998         1.956348890407066         2.740548504643336         0.062607967908128         0.062607967908661         0.347223978244772         0.164011693066599         0.164011693066599         0.164011693066599
        0.129000000000000        11.334677222259126        11.334677222259300        12.172288860887891         1.942010264023186         1.942010264023234         2.735216777098714         0.060693705637480         0.060693705637878         0.346183456490093         0.164011693066599         0.164011693066599         0.164011693066599
        0.130000000000000        11.165814081605541        11.165814081605300        12.046442469690399         1.930502555845145         1.930502555845079         2.730102749207522         0.058906459963302         0.058906459962743         0.345184906383033         0.164011693066599         0.164011693066599         0.164011693066599
        0.131000000000000        11.008418185237009        11.008418185237078        11.924243305341252         1.921335747788241         1.921335747788260         2.725195797455228         0.057232501318409         0.057232501318572         0.344222452472332         0.164011693066599         0.164011693066599         0.164011693066599
        0.132000000000000        10.860792473751697        10.860792473751834        11.805522533199829         1.914016911867016         1.914016911867054         2.720471682831129         0.055660222720414         0.055660222720746         0.343291229751088         0.164011693066599         0.164011693066599         0.164011693066599
        0.133000000000000        10.721873734180033        10.721873734180033        11.690117371531423         1.908254909281864         1.908254909281864         2.715907838091449         0.054179715580776         0.054179715580776         0.342387172679566         0.164011693066599         0.164011693066599         0.164011693066599
        0.134000000000000        10.590696211297242        10.590696211297219        11.577935250123600         1.903795354531330         1.903795354531324         2.711502789328943         0.052782447887579         0.052782447887521         0.341506856345373         0.164011693066599         0.164011693066599         0.164011693066599
        0.135000000000000        10.466597863274574        10.466597863274611        11.468835762663875         1.900475184208461         1.900475184208471         2.707251624612594         0.051461016150398         0.051461016150492         0.340647374991825         0.164011693066599         0.164011693066599         0.164011693066599
        0.136000000000000        10.348840283987489        10.348840283987625        11.362727322477141         1.898113669371705         1.898113669371742         2.703139592157255         0.050208951570481         0.050208951570840         0.339806247842103         0.164011693066599         0.164011693066599         0.164011693066599
        0.137000000000000        10.236852207185523        10.236852207185610        11.259520399918756         1.896577384625944         1.896577384625968         2.699171298233520         0.049020566689486         0.049020566689724         0.338981345173954         0.164011693066599         0.164011693066599         0.164011693066599
        0.138000000000000        10.130295810369347        10.130295810369351        11.159060789136500         1.895802200116869         1.895802200116870         2.695321963414424         0.047890832675441         0.047890832675449         0.338170829631235         0.164011693066599         0.164011693066599         0.164011693066599
        0.139000000000000        10.028776144913749        10.028776144913735        11.061469777631684         1.895714374475179         1.895714374475175         2.691638683968061         0.046815280130215         0.046815280130174         0.337373109164205         0.164011693066599         0.164011693066599         0.164011693066599
        0.140000000000000         9.931773055630721         9.931773055630726        10.966466781901032         1.896181336874152         1.896181336874152         2.688115182459521         0.045789918138374         0.045789918138383         0.336586798933849         0.164011693066599         0.164011693066599         0.164011693066599
        0.141000000000000         9.839052809648390         9.839052809648271        10.874044383089648         1.897175398881179         1.897175398881148         2.684715644318343         0.044811167651795         0.044811167651455         0.335810690215256         0.164011693066599         0.164011693066599         0.164011693066599
        0.142000000000000         9.750521964034338         9.750521964034334        10.784129172906134         1.898701019357802         1.898701019357801         2.681459652466453         0.043875806229249         0.043875806229235         0.335043724815214         0.164011693066599         0.164011693066599         0.164011693066599
        0.143000000000000         9.665518273881251         9.665518273881206        10.696652766576541         1.900586887188855         1.900586887188844         2.678347846172534         0.042980921869016         0.042980921868881         0.334284973873490         0.164011693066599         0.164011693066599         0.164011693066599
        0.144000000000000         9.584521022284292         9.584521022284283        10.611550313097688         1.903014378778633         1.903014378778631         2.675379480218783         0.042123874166239         0.042123874166213         0.333533620179377         0.164011693066599         0.164011693066599         0.164011693066599
        0.145000000000000         9.506698064356179         9.506698064356124        10.528741875940003         1.905754738080019         1.905754738080004         2.672556391367197         0.041302261443471         0.041302261443303         0.332788943329478         0.164011693066599         0.164011693066599         0.164011693066599
        0.146000000000000         9.431968614351229         9.431968614351252        10.448175986275711         1.908812151082686         1.908812151082691         2.669877197947275         0.040513892761672         0.040513892761741         0.332050307200158         0.164011693066599         0.164011693066599         0.164011693066599
        0.147000000000000         9.360387547589164         9.360387547589175        10.369779969811814         1.912232070604070         1.912232070604073         2.667341790490538         0.039756763964430         0.039756763964466         0.331317149314266         0.164011693066599         0.164011693066599         0.164011693066599
        0.148000000000000         9.291836097208190         9.291836097208167        10.293504380228716         1.916004043376058         1.916004043376052         2.664949417232911         0.039029037069149         0.039029037069065         0.330588971773255         0.164011693066599         0.164011693066599         0.164011693066599
        0.149000000000000         9.226039551278980         9.226039551278975        10.219281006324737         1.920066133278435         1.920066133278433         2.662698728232701         0.038329022451352         0.038329022451325         0.329865333486304         0.164011693066599         0.164011693066599         0.164011693066599
        0.150000000000000         9.162792596169552         9.162792596169560        10.147045559448099         1.924378886669021         1.924378886669023         2.660588195955477         0.037655163379554         0.037655163379573         0.329145843482220         0.164011693066599         0.164011693066599         0.164011693066599
        0.151000000000000         9.102237578953206         9.102237578953213        10.076750317713499         1.929010654705058         1.929010654705060         2.658617905292691         0.037006022529379         0.037006022529406         0.328430155129961         0.164011693066599         0.164011693066599         0.164011693066599
        0.152000000000000         9.043998932557239         9.043998932557257        10.008217675050085         1.933854859858187         1.933854859858192         2.656783751115627         0.036380270179783         0.036380270179847         0.327717961123344         0.164011693066599         0.164011693066599         0.164011693066599
        0.153000000000000         8.988017252539493         8.988017252539509         9.941748589270535         1.938939682863796         1.938939682863799         2.655084615638026         0.035776673844826         0.035776673844881         0.327008989114927         0.164011693066599         0.164011693066599         0.164011693066599
        0.154000000000000         8.934283079109861         8.934283079109846         9.876933567328107         1.944256262231721         1.944256262231717         2.653516485107303         0.035194089131560         0.035194089131508         0.326302997900631         0.164011693066599         0.164011693066599         0.164011693066599
        0.155000000000000         8.882835948482423         8.882835948482434         9.813842134726686         1.949851155924207         1.949851155924210         2.652053361109225         0.034631451653448         0.034631451653487         0.325599774074986         0.164011693066599         0.164011693066599         0.164011693066599
        0.156000000000000         8.833463997767087         8.833463997767081         9.752416556504381         1.955666920750980         1.955666920750979         2.650744105349579         0.034087769857247         0.034087769857228         0.324899129089593         0.164011693066599         0.164011693066599         0.164011693066599
        0.157000000000000         8.785984183487937         8.785984183487940         9.692610138789053         1.961659962173092         1.961659962173094         2.649587911531496         0.033562118635717         0.033562118635736         0.324200896659267         0.164011693066599         0.164011693066599         0.164011693066599
        0.158000000000000         8.739912385477689         8.739912385477696         9.634373643077121         1.967694423808229         1.967694423808232         2.648525060251450         0.033053633630928         0.033053633630959         0.323504930467796         0.164011693066599         0.164011693066599         0.164011693066599
        0.159000000000000         8.696809000437913         8.696809000437913         9.577658770154832         1.974305069303876         1.974305069303876         2.647579959144327         0.032561506134723         0.032561506134727         0.322811102133465         0.164011693066599         0.164011693066599         0.164011693066599
        0.160000000000000         8.654958462590340         8.654958462590335         9.522421263372795         1.980934898035938         1.980934898035937         2.646749338868621         0.032084978514338         0.032084978514322         0.322119299400750         0.164011693066599         0.164011693066599         0.164011693066599
        0.161000000000000         8.614901218560831         8.614901218560831         9.468609371078104         1.987788878988690         1.987788878988690         2.645973144647199         0.031623340098478         0.031623340098479         0.321429424528598         0.164011693066599         0.164011693066599         0.164011693066599
        0.162000000000000         8.576395650435122         8.576395650435122         9.416184396442405         1.994775472121550         1.994775472121550         2.645416712190141         0.031175923469811         0.031175923469811         0.320741392851201         0.164011693066599         0.164011693066599         0.164011693066599
        0.163000000000000         8.539584577597060         8.539584577597068         9.365099164682075         2.001982866566876         2.001982866566879         2.644906640807932         0.030742101114380         0.030742101114419         0.320055131489801         0.164011693066599         0.164011693066599         0.164011693066599
        0.164000000000000         8.504301273821694         8.504301273821699         9.315314516893531         2.009359572704913         2.009359572704915         2.644495065465783         0.030321282390323         0.030321282390347         0.319370578197438         0.164011693066599         0.164011693066599         0.164011693066599
        0.165000000000000         8.470631408307529         8.470631408307524         9.266783920006041         2.016948981678633         2.016948981678632         2.644177719707418         0.029912910775911         0.029912910775885         0.318687680320596         0.164011693066599         0.164011693066599         0.164011693066599
        0.166000000000000         8.439172478214354         8.439172478214358         9.219467557929153         2.024971699358459         2.024971699358460         2.643950517267727         0.029516461370469         0.029516461370493         0.318006393864807         0.164011693066599         0.164011693066599         0.164011693066599
        0.167000000000000         8.407768960546562         8.407768960546557         9.173323641657701         2.032693348628332         2.032693348628331         2.643808059528623         0.029131438617657         0.029131438617640         0.317326682651634         0.164011693066599         0.164011693066599         0.164011693066599
        0.168000000000000         8.378041307952419         8.378041307952424         9.128314020117413         2.040686837710905         2.040686837710906         2.643746016074362         0.028757374229145         0.028757374229169         0.316648517557445         0.164011693066599         0.164011693066599         0.164011693066599
        0.169000000000000         8.350391321663720         8.350391321663720         9.084400833937721         2.049106169981125         2.049106169981124         2.643759672635967         0.028393825287413         0.028393825287404         0.315971875824511         0.164011693066599         0.164011693066599         0.164011693066599
        0.170000000000000         8.323408590119660         8.323408590119655         9.041466049844592         2.057462619577167         2.057462619577166         2.643844188086229         0.028040372509502         0.028040372509501         0.315296740437116         0.164011693066599         0.164011693066599         0.164011693066599
        0.171000000000000         8.297834759751991         8.297834759751991         8.999704142236878         2.066046321705225         2.066046321705225         2.643993253278617         0.027696618647149         0.027696618647147         0.314623099554176         0.164011693066599         0.164011693066599         0.164011693066599
        0.172000000000000         8.273878830305680         8.273878830305684         8.958848536592601         2.074922830566043         2.074922830566043         2.644203132411847         0.027362187059029         0.027362187059037         0.313950945998835         0.164011693066599         0.164011693066599         0.164011693066599
        0.173000000000000         8.250650980532404         8.250650980532409         8.918936249908334         2.083793871164608         2.083793871164611         2.644465903143005         0.027036720324698         0.027036720324724         0.313280276785582         0.164011693066599         0.164011693066599         0.164011693066599
        0.174000000000000         8.228925615415395         8.228925615415395         8.879922774733283         2.092942495648714         2.092942495648714         2.644782966163978         0.026719879011622         0.026719879011621         0.312611092694798         0.164011693066599         0.164011693066599         0.164011693066599
        0.175000000000000         8.208319319248014         8.208319319248019         8.841812411141564         2.102246281809351         2.102246281809352         2.645144631511769         0.026411340572279         0.026411340572287         0.311943397888457         0.164011693066599         0.164011693066599         0.164011693066599
        0.176000000000000         8.188731675178344         8.188731675178344         8.804532702873415         2.111674560351354         2.111674560351354         2.645545109184897         0.026110798261236         0.026110798261237         0.311277199552402         0.164011693066599         0.164011693066599         0.164011693066599
        0.177000000000000         8.170465248639530         8.170465248639530         8.768061159804338         2.121347015498500         2.121347015498500         2.645981116012766         0.025817960170064         0.025817960170059         0.310612507573570         0.164011693066599         0.164011693066599         0.164011693066599
        0.178000000000000         8.153042553538834         8.153042553538834         8.732371871811026         2.131099183983665         2.131099183983665         2.646447914305339         0.025532548327300         0.025532548327300         0.309949334244233         0.164011693066599         0.164011693066599         0.164011693066599
        0.179000000000000         8.136318584692699         8.136318584692699         8.697433008681834         2.140885766599653         2.140885766599653         2.646941450900526         0.025254297864968         0.025254297864973         0.309287693991513         0.164011693066599         0.164011693066599         0.164011693066599
        0.180000000000000         8.121298745584308         8.121298745584308         8.663214765690860         2.151082800328942         2.151082800328941         2.647458226761414         0.024982956244990         0.024982956244982         0.308627603129774         0.164011693066599         0.164011693066599         0.164011693066599
        0.181000000000000         8.106783654765204         8.106783654765207         8.629691683119388         2.161258881644916         2.161258881644916         2.647995329535474         0.024718282541191         0.024718282541192         0.307969079633970         0.164011693066599         0.164011693066599         0.164011693066599
        0.182000000000000         8.093643907296226         8.093643907296226         8.596841854332100         2.171742091079401         2.171742091079401         2.648551287766975         0.024460046771781         0.024460046771788         0.307312142931798         0.164011693066599         0.164011693066599         0.164011693066599
        0.183000000000000         8.080993795372450         8.080993795372455         8.564644228665692         2.182210727877403         2.182210727877404         2.649125581976009         0.024208029278479         0.024208029278492         0.306656813713565         0.164011693066599         0.164011693066599         0.164011693066599
        0.184000000000000         8.069289812116656         8.069289812116656         8.533084709974363         2.192845457757911         2.192845457757911         2.649720614079520         0.023962020148149         0.023962020148142         0.306003113757436         0.164011693066599         0.164011693066599         0.164011693066599
        0.185000000000000         8.059212257657975         8.059212257657972         8.502152316973147         2.203903526326110         2.203903526326108         2.650340692694273         0.023721818673371         0.023721818673343         0.305351065769577         0.164011693066599         0.164011693066599         0.164011693066599
        0.186000000000000         8.049290531913149         8.049290531913149         8.471846357234748         2.214843257969328         2.214843257969328         2.650994085877766         0.023487232849424         0.023487232849438         0.304700693237331         0.164011693066599         0.164011693066599         0.164011693066599
        0.187000000000000         8.040351014608433         8.040351014608433         8.442174399918713         2.225980341672275         2.225980341672275         2.651694325778422         0.023258078904490         0.023258078904490         0.304052020294665         0.164011693066599         0.164011693066599         0.164011693066599
        0.188000000000000         8.032711633717263         8.032711633717261         8.413159941642149         2.237442387336464         2.237442387336464         2.652462899502355         0.023034180859937         0.023034180859943         0.303405071598719         0.164011693066599         0.164011693066599         0.164011693066599
        0.189000000000000         8.025285287118308         8.025285287118308         8.384820345300279         2.248823663701814         2.248823663701814         2.653315433337056         0.022815370119735         0.022815370119729         0.302759872216741         0.164011693066599         0.164011693066599         0.164011693066599
        0.190000000000000         8.019228447574138         8.019228447574141         8.357315342387356         2.260569277882222         2.260569277882222         2.654342740076022         0.022601485085179         0.022601485085189         0.302116447522335         0.164011693066599         0.164011693066599         0.164011693066599
        0.191000000000000         8.013608319486726         8.013608319486726         8.330726717751638         2.272330349396027         2.272330349396028         2.655596123700021         0.022392370794433         0.022392370794430         0.301474823100486         0.164011693066599         0.164011693066599         0.164011693066599
        0.192000000000000         8.009053966264458         8.009053966264458         8.305251779055700         2.284353062922391         2.284353062922391         2.657185083083535         0.022187878584206         0.022187878584205         0.300835024660581         0.164011693066599         0.164011693066599         0.164011693066599
        0.193000000000000         8.005304904035485         8.005304904035485         8.281383465367183         2.296543102652723         2.296543102652723         2.659369208243666         0.021987865772050         0.021987865772054         0.300197077956841         0.164011693066599         0.164011693066599         0.164011693066599
        0.194000000000000         8.001847015700609         8.001847015700609         8.259768977325528         2.308707143362005         2.308707143362005         2.662489924181685         0.021792195358310         0.021792195358308         0.299561008715523         0.164011693066599         0.164011693066599         0.164011693066599
        0.195000000000000         7.999509986275518         7.999509986275518         8.240132362002939         2.321172749786078         2.321172749786078         2.666414034412398         0.021600735745664         0.021600735745664         0.298926842568548         0.164011693066599         0.164011693066599         0.164011693066599
        0.196000000000000         7.997677011170778         7.997677011170778         8.222122236719512         2.333703946945073         2.333703946945073         2.670954579321184         0.021413360475426         0.021413360475426         0.298294604992838         0.164011693066599         0.164011693066599         0.164011693066599
        0.197000000000000         7.996780762348576         7.996780762348579         8.205546914167851         2.346474950822780         2.346474950822780         2.676020164809211         0.021229947979184         0.021229947979189         0.297664321255112         0.164011693066599         0.164011693066599         0.164011693066599
        0.198000000000000         7.996506564734388         7.996506564734388         8.190351963909622         2.359367868705186         2.359367868705186         2.681586948833357         0.021050381345238         0.021050381345230         0.297036016361710         0.164011693066599         0.164011693066599         0.164011693066599
        0.199000000000000         7.996708341258294         7.996708341258291         8.176365891176689         2.372329674390049         2.372329674390049         2.687571589979118         0.020874548097822         0.020874548097809         0.296409715012969         0.164011693066599         0.164011693066599         0.164011693066599
        0.200000000000000         7.998020502787350         7.998020502787353         8.163559356867887         2.385614947142508         2.385614947142508         2.693964140325829         0.020702339989542         0.020702339989548         0.295785441561963         0.164011693066599         0.164011693066599         0.164011693066599
        0.201000000000000         7.999583263363847         7.999583263363850         8.151862906168947         2.398888727248464         2.398888727248465         2.700732982308177         0.020533652805064         0.020533652805075         0.295163219977201         0.164011693066599         0.164011693066599         0.164011693066599
        0.202000000000000         8.002175403961088         8.002175403961088         8.141231386986469         2.412464079995301         2.412464079995301         2.707861405596756         0.020368386175853         0.020368386175854         0.294543073808960         0.164011693066599         0.164011693066599         0.164011693066599
        0.203000000000000         8.005287669654400         8.005287669654400         8.131623698890353         2.426143342517677         2.426143342517677         2.715332736835890         0.020206443405077         0.020206443405080         0.293925026159135         0.164011693066599         0.164011693066599         0.164011693066599
        0.204000000000000         8.008985286730690         8.008985286730688         8.123006467220955         2.439956237348370         2.439956237348370         2.723134278032626         0.020047731302246         0.020047731302245         0.293309099654246         0.164011693066599         0.164011693066599         0.164011693066599
        0.205000000000000         8.013216962504785         8.013216962504783         8.115346029399401         2.453886016509009         2.453886016509009         2.731253405759604         0.019892160026435         0.019892160026425         0.292695316421264         0.164011693066599         0.164011693066599         0.164011693066599
        0.206000000000000         8.018165522016513         8.018165522016513         8.108608654071244         2.468010169009568         2.468010169009568         2.739678026547647         0.019739642938279         0.019739642938276         0.292083698066440         0.164011693066599         0.164011693066599         0.164011693066599
        0.207000000000000         8.023706105635021         8.023706105635021         8.102745587952947         2.482282396688488         2.482282396688489         2.748387331200848         0.019590096459572         0.019590096459579         0.291474265656426         0.164011693066599         0.164011693066599         0.164011693066599
        0.208000000000000         8.029847823099724         8.029847823099724         8.097794108249367         2.496710164943364         2.496710164943364         2.757405320765721         0.019443439940227         0.019443439940227         0.290867039701872         0.164011693066599         0.164011693066599         0.164011693066599
        0.209000000000000         8.036590268640815         8.036590268640813         8.093677470802195         2.511296847610942         2.511296847610942         2.766696190688919         0.019299595532336         0.019299595532330         0.290262040143227         0.164011693066599         0.164011693066599         0.164011693066599
        0.210000000000000         8.043882576431162         8.043882576431166         8.090386863940008         2.526025497827530         2.526025497827530         2.776261295973606         0.019158488070431         0.019158488070435         0.289659286338553         0.164011693066599         0.164011693066599         0.164011693066599
        0.211000000000000         8.051769503932301         8.051769503932301         8.087906454213369         2.540918099502615         2.540918099502615         2.786094572012713         0.019020044958192         0.019020044958196         0.289058797053206         0.164011693066599         0.164011693066599         0.164011693066599
        0.212000000000000         8.060225998713689         8.060225998713685         8.086213856575439         2.555967222612284         2.555967222612284         2.796189659637254         0.018884196060577         0.018884196060577         0.288460590451311         0.164011693066599         0.164011693066599         0.164011693066599
        0.213000000000000         8.069211024840337         8.069211024840337         8.085288662354493         2.571159968036560         2.571159968036560         2.806541399205971         0.018750873601522         0.018750873601522         0.287864684088847         0.164011693066599         0.164011693066599         0.164011693066599
        0.214000000000000         8.078764658434363         8.078764658434363         8.085122400370727         2.586515894606277         2.586515894606277         2.817148182936313         0.018620012066706         0.018620012066707         0.287271094908246         0.164011693066599         0.164011693066599         0.164011693066599
        0.215000000000000         8.088873211816006         8.088873211816006         8.085694688715837         2.602032651478951         2.602032651478951         2.828003869933134         0.018491548111065         0.018491548111065         0.286679839234390         0.164011693066599         0.164011693066599         0.164011693066599
        0.216000000000000         8.099517200066336         8.099517200066334         8.086993655826223         2.617705165117699         2.617705165117699         2.839105672676826         0.018365420470800         0.018365420470800         0.286090932771870         0.164011693066599         0.164011693066599         0.164011693066599
        0.217000000000000         8.110689964436688         8.110689964436688         8.088995180441916         2.633533785843055         2.633533785843055         2.850445061350956         0.018241569879726         0.018241569879726         0.285504390603548         0.164011693066599         0.164011693066599         0.164011693066599
        0.218000000000000         8.122405853867086         8.122405853867086         8.091692743481746         2.649527814995653         2.649527814995653         2.862023323321372         0.018119938989563         0.018119938989563         0.284920227190064         0.164011693066599         0.164011693066599         0.164011693066599
        0.219000000000000         8.134619619694165         8.134619619694165         8.095078745653371         2.665671047807258         2.665671047807258         2.873837095992620         0.018000472293991         0.018000472293992         0.284338456370508         0.164011693066599         0.164011693066599         0.164011693066599
        0.220000000000000         8.147374868918952         8.147374868918952         8.099131270946428         2.681983697888128         2.681983697888128         2.885882503920657         0.017883116056402         0.017883116056404         0.283759091364012         0.164011693066599         0.164011693066599         0.164011693066599
        0.221000000000000         8.160497429685105         8.160497429685105         8.103802520588514         2.698395580285200         2.698395580285200         2.898137763020653         0.017767818240887         0.017767818240891         0.283182144772123         0.164011693066599         0.164011693066599         0.164011693066599
        0.222000000000000         8.174200254635585         8.174200254635585         8.109158566262565         2.715000486634899         2.715000486634899         2.910637031309942         0.017654528446554         0.017654528446551         0.282607628582100         0.164011693066599         0.164011693066599         0.164011693066599
        0.223000000000000         8.188428855706993         8.188428855706992         8.115191498058035         2.731783773929326         2.731783773929326         2.923359684741318         0.017543197844758         0.017543197844756         0.282035554170883         0.164011693066599         0.164011693066599         0.164011693066599
        0.224000000000000         8.203178259515179         8.203178259515179         8.121810252979817         2.748726991643181         2.748726991643181         2.936322597346305         0.017433779119295         0.017433779119297         0.281465932309728         0.164011693066599         0.164011693066599         0.164011693066599
        0.225000000000000         8.218371963838159         8.218371963838161         8.129043594229220         2.765818719738780         2.765818719738780         2.949486768113439         0.017326226409214         0.017326226409215         0.280898773169527         0.164011693066599         0.164011693066599         0.164011693066599
        0.226000000000000         8.234058997470852         8.234058997470854         8.136882417029968         2.783076317017520         2.783076317017520         2.962868334427672         0.017220495254272         0.017220495254272         0.280334086326599         0.164011693066599         0.164011693066599         0.164011693066599
        0.227000000000000         8.250184628775466         8.250184628775466         8.145317459433278         2.800478955858096         2.800478955858095         2.976465573604830         0.017116542542753         0.017116542542755         0.279771880769106         0.164011693066599         0.164011693066599         0.164011693066599
        0.228000000000000         8.266803615772750         8.266803615772750         8.154338888974012         2.818052398370634         2.818052398370634         2.990276729253074         0.017014326461660         0.017014326461657         0.279212164903841         0.164011693066599         0.164011693066599         0.164011693066599
        0.229000000000000         8.283869356088069         8.283869356088067         8.163939066247995         2.835778819291555         2.835778819291555         3.004300235144723         0.016913806449052         0.016913806449051         0.278654946563530         0.164011693066599         0.164011693066599         0.164011693066599
        0.230000000000000         8.301402853037629         8.301402853037629         8.174109939597466         2.853669829603538         2.853669829603538         3.018534637126145         0.016814943148461         0.016814943148464         0.278100233014429         0.164011693066599         0.164011693066599         0.164011693066599
        0.231000000000000         8.319390315897479         8.319390315897477         8.184842824454254         2.871721489732709         2.871721489732708         3.032978025828372         0.016717698365296         0.016717698365298         0.277548030964368         0.164011693066599         0.164011693066599         0.164011693066599
        0.232000000000000         8.337821101885901         8.337821101885901         8.195993280332658         2.889931546859839         2.889931546859839         3.047557896403748         0.016622035025115         0.016622035025114         0.276998346570996         0.164011693066599         0.164011693066599         0.164011693066599
        0.233000000000000         8.356715796247952         8.356715796247951         8.207963894564051         2.908311125266945         2.908311125266945         3.062487470213753         0.016527917133639         0.016527917133638         0.276451185450415         0.164011693066599         0.164011693066599         0.164011693066599
        0.234000000000000         8.376036367673127         8.376036367673128         8.220337107655396         2.926845819107396         2.926845819107396         3.077550984001010         0.016435309738511         0.016435309738510         0.275906552685964         0.164011693066599         0.164011693066599         0.164011693066599
        0.235000000000000         8.395798939773908         8.395798939773908         8.233245595346361         2.945544280851683         2.945544280851683         3.092819092595939         0.016344178892642         0.016344178892643         0.275364452837272         0.164011693066599         0.164011693066599         0.164011693066599
        0.236000000000000         8.415998969799094         8.415998969799094         8.246678299911402         2.964407305950027         2.964407305950028         3.108290555560228         0.016254491619055         0.016254491619055         0.274824889949492         0.164011693066599         0.164011693066599         0.164011693066599
        0.237000000000000         8.436629412053067         8.436629412053065         8.260599399236325         2.983433411464502         2.983433411464503         3.123947861424617         0.016166215877222         0.016166215877222         0.274287867562679         0.164011693066599         0.164011693066599         0.164011693066599
        0.238000000000000         8.457687979490400         8.457687979490400         8.275063363744598         3.002623617899081         3.002623617899081         3.139822149692661         0.016079320530758         0.016079320530756         0.273753388721319         0.164011693066599         0.164011693066599         0.164011693066599
        0.239000000000000         8.479169307178111         8.479169307178109         8.290034924717533         3.021977467998954         3.021977467998954         3.155897187620815         0.015993775316462         0.015993775316461         0.273221455983973         0.164011693066599         0.164011693066599         0.164011693066599
        0.240000000000000         8.501073248362340         8.501073248362340         8.305543644572083         3.041496793078227         3.041496793078227         3.172190838709772         0.015909550814591         0.015909550814590         0.272692071433005         0.164011693066599         0.164011693066599         0.164011693066599
        0.241000000000000         8.523373940289385         8.523373940289385         8.321424697434107         3.061164382361911         3.061164382361910         3.188639213825552         0.015826618420324         0.015826618420323         0.272165236684395         0.164011693066599         0.164011693066599         0.164011693066599
        0.242000000000000         8.546089637930205         8.546089637930205         8.337875397038353         3.081014750533081         3.081014750533081         3.205283891000373         0.015744950316393         0.015744950316392         0.271640952897594         0.164011693066599         0.164011693066599         0.164011693066599
        0.243000000000000         8.569258557906830         8.569258557906830         8.354848146855785         3.101037336022612         3.101037336022612         3.222177104262354         0.015664519446785         0.015664519446785         0.271119220785430         0.164011693066599         0.164011693066599         0.164011693066599
        0.244000000000000         8.592826652687007         8.592826652687007         8.372328773311107         3.121227144581711         3.121227144581710         3.239268578087516         0.015585299491472         0.015585299491471         0.270600040624038         0.164011693066599         0.164011693066599         0.164011693066599
        0.245000000000000         8.616814109361600         8.616814109361600         8.390235229746905         3.141588045742655         3.141588045742655         3.256536238115458         0.015507264842159         0.015507264842161         0.270083412262768         0.164011693066599         0.164011693066599         0.164011693066599
        0.246000000000000         8.641190766370340         8.641190766370340         8.408610855884643         3.162110430956668         3.162110430956668         3.274000130511784         0.015430390578946         0.015430390578946         0.269569335134122         0.164011693066599         0.164011693066599         0.164011693066599
        0.247000000000000         8.665970062761337         8.665970062761339         8.427448498964457         3.182801011588288         3.182801011588288         3.291655838605263         0.015354652447920         0.015354652447918         0.269057808263646         0.164011693066599         0.164011693066599         0.164011693066599
        0.248000000000000         8.691144462183409         8.691144462183409         8.446745082757657         3.203658707209244         3.203658707209244         3.309508016686459         0.015280026839576         0.015280026839577         0.268548830279813         0.164011693066599         0.164011693066599         0.164011693066599
        0.249000000000000         8.716717748033467         8.716717748033467         8.466497506461724         3.224686999789791         3.224686999789791         3.327552346030481         0.015206490768107         0.015206490768109         0.268042399423831         0.164011693066599         0.164011693066599         0.164011693066599
        0.250000000000000         8.742679186654602         8.742679186654602         8.486703458943630         3.245883155484896         3.245883155484896         3.345793409572005         0.015134021851430         0.015134021851431         0.267538513559442         0.164011693066599         0.164011693066599         0.164011693066599
        0.251000000000000         8.769003681625737         8.769003681625739         8.507356415168323         3.267236327552372         3.267236327552372         3.364227093470007         0.015062598292009         0.015062598292010         0.267037170182591         0.164011693066599         0.164011693066599         0.164011693066599
        0.252000000000000         8.795786422986641         8.795786422986641         8.528454425226212         3.288791562895429         3.288791562895429         3.382854467698599         0.014992198858357         0.014992198858357         0.266538366431115         0.164011693066599         0.164011693066599         0.164011693066599
        0.253000000000000         8.822896622153017         8.822896622153017         8.549992869525100         3.310490900855076         3.310490900855076         3.401670830244004         0.014922802867262         0.014922802867262         0.266042099094254         0.164011693066599         0.164011693066599         0.164011693066599
        0.254000000000000         8.850415818359451         8.850415818359449         8.571970705904109         3.332372517894368         3.332372517894368         3.420689397484605         0.014854390166660         0.014854390166658         0.265548364622158         0.164011693066599         0.164011693066599         0.164011693066599
        0.255000000000000         8.878326177921748         8.878326177921746         8.594378172993210         3.354430819878301         3.354430819878301         3.439895992000303         0.014786941119109         0.014786941119110         0.265057159135254         0.164011693066599         0.164011693066599         0.164011693066599
        0.256000000000000         8.906608010735578         8.906608010735578         8.617214736233095         3.376657840208921         3.376657840208922         3.459295675797395         0.014720436585930         0.014720436585929         0.264568478433518         0.164011693066599         0.164011693066599         0.164011693066599
        0.257000000000000         8.935284216695319         8.935284216695321         8.640479628732340         3.399064809910522         3.399064809910522         3.478887716740886         0.014654857911849         0.014654857911849         0.264082318005659         0.164011693066599         0.164011693066599         0.164011693066599
        0.258000000000000         8.964347639888798         8.964347639888798         8.664168252470450         3.421650257437237         3.421650257437237         3.498672322388889         0.014590186910263         0.014590186910263         0.263598673038180         0.164011693066599         0.164011693066599         0.164011693066599
        0.259000000000000         8.993764597056638         8.993764597056636         8.688274643894383         3.444400416294081         3.444400416294081         3.518649098296535         0.014526405848985         0.014526405848985         0.263117538424314         0.164011693066599         0.164011693066599         0.164011693066599
        0.260000000000000         9.023542780910619         9.023542780910619         8.712797331035150         3.467319949006868         3.467319949006868         3.538818305016958         0.014463497436530         0.014463497436530         0.262638908772877         0.164011693066599         0.164011693066599         0.164011693066599
        0.261000000000000         9.053723754736964         9.053723754736962         8.737734305500254         3.490429269389160         3.490429269389161         3.559179697406757         0.014401444808866         0.014401444808867         0.262162778416947         0.164011693066599         0.164011693066599         0.164011693066599
        0.262000000000000         9.084245759623021         9.084245759623021         8.763079385048384         3.513701144341628         3.513701144341628         3.579732849109134         0.014340231516656         0.014340231516657         0.261689141422476         0.164011693066599         0.164011693066599         0.164011693066599
        0.263000000000000         9.115150930289277         9.115150930289277         8.788834780391827         3.537156360058260         3.537156360058260         3.600478486246393         0.014279841512918         0.014279841512918         0.261217991596702         0.164011693066599         0.164011693066599         0.164011693066599
        0.264000000000000         9.146424087980376         9.146424087980375         8.814993657170263         3.560788635260378         3.560788635260378         3.621416019454570         0.014220259141147         0.014220259141147         0.260749322496512         0.164011693066599         0.164011693066599         0.164011693066599
        0.265000000000000         9.178065019924814         9.178065019924814         8.841447033436305         3.584576165246959         3.584576165246959         3.642545981513592         0.014161469123829         0.014161469123829         0.260283127436599         0.164011693066599         0.164011693066599         0.164011693066599
        0.266000000000000         9.210071991670885         9.210071991670887         8.868411782974730         3.608566751272482         3.608566751272481         3.663867725634095         0.014103456551358         0.014103456551358         0.259819399497525         0.164011693066599         0.164011693066599         0.164011693066599
        0.267000000000000         9.242443249828890         9.242443249828888         8.895882419986322         3.632760621376102         3.632760621376103         3.685382535748849         0.014046206870855         0.014046206870855         0.259358131533613         0.164011693066599         0.164011693066599         0.164011693066599
        0.268000000000000         9.275177853398297         9.275177853398297         8.923638634606917         3.657111116522620         3.657111116522621         3.707089061847466         0.013989705877749         0.013989705877748         0.258899316180801         0.164011693066599         0.164011693066599         0.164011693066599
        0.269000000000000         9.308266321909937         9.308266321909938         8.951791487297511         3.681639078206316         3.681639078206316         3.728987887832024         0.013933939702906         0.013933939702905         0.258442945864172         0.164011693066599         0.164011693066599         0.164011693066599
        0.270000000000000         9.341759728534075         9.341759728534075         8.980333212732132         3.706368365781460         3.706368365781461         3.751078870384223         0.013878894804910         0.013878894804910         0.257989012805514         0.164011693066599         0.164011693066599         0.164011693066599
        0.271000000000000         9.375536301195888         9.375536301195886         9.009262338372192         3.731243679777209         3.731243679777209         3.773362785086792         0.013824557960252         0.013824557960253         0.257537509030669         0.164011693066599         0.164011693066599         0.164011693066599
        0.272000000000000         9.409709250461855         9.409709250461855         9.038577750671315         3.756319716203504         3.756319716203504         3.795839565629882         0.013770916254318         0.013770916254318         0.257088426376742         0.164011693066599         0.164011693066599         0.164011693066599
        0.273000000000000         9.444231950545117         9.444231950545117         9.068279197424115         3.781574912926349         3.781574912926349         3.818509167587437         0.013717957072677         0.013717957072677         0.256641756499183         0.164011693066599         0.164011693066599         0.164011693066599
        0.274000000000000         9.479121308870251         9.479121308870251         9.098362723780264         3.807018928100166         3.807018928100166         3.841371815040161         0.013665668092650         0.013665668092651         0.256197490878712         0.164011693066599         0.164011693066599         0.164011693066599
        0.275000000000000         9.514364337201343         9.514364337201343         9.128826826289318         3.832646548109346         3.832646548109345         3.864427679158877         0.013614037275176         0.013614037275175         0.255755620828126         0.164011693066599         0.164011693066599         0.164011693066599
        0.276000000000000         9.549960532090003         9.549960532090003         9.159669871792680         3.858458629538146         3.858458629538146         3.887677143583509         0.013563052856910         0.013563052856911         0.255316137498941         0.164011693066599         0.164011693066599         0.164011693066599
        0.277000000000000         9.585909149198715         9.585909149198715         9.190891258277270         3.884455518108605         3.884455518108606         3.911120211945101         0.013512703342619         0.013512703342620         0.254879031887912         0.164011693066599         0.164011693066599         0.164011693066599
        0.278000000000000         9.622205936435920         9.622205936435920         9.222487156793413         3.910636754039237         3.910636754039238         3.934757266963841         0.013462977498176         0.013462977498176         0.254444294843427         0.164011693066599         0.164011693066599         0.164011693066599
        0.279000000000000         9.658858428153396         9.658858428153396         9.254456756578142         3.937006682652016         3.937006682652016         3.958588224754304         0.013413864341869         0.013413864341869         0.254011917071671         0.164011693066599         0.164011693066599         0.164011693066599
        0.280000000000000         9.695849426434341         9.695849426434341         9.286798616949106         3.963558189947948         3.963558189947948         3.982613916312272         0.013365353139842         0.013365353139842         0.253581889142833         0.164011693066599         0.164011693066599         0.164011693066599
        0.281000000000000         9.733213616172215         9.733213616172216         9.319509787933812         3.990309312564043         3.990309312564043         4.006834268373768         0.013317433397830         0.013317433397830         0.253154201496995         0.164011693066599         0.164011693066599         0.164011693066599
        0.282000000000000         9.770916022786951         9.770916022786951         9.352591481472974         4.017243421021325         4.017243421021324         4.031249529145261         0.013270094855067         0.013270094855067         0.252728844449991         0.164011693066599         0.164011693066599         0.164011693066599
        0.283000000000000         9.808967770652073         9.808967770652071         9.386041092169949         4.044367146246869         4.044367146246870         4.055859930369716         0.013223327478026         0.013223327478026         0.252305808199092         0.164011693066599         0.164011693066599         0.164011693066599
        0.284000000000000         9.847362264252839         9.847362264252839         9.419856851924589         4.071678434493371         4.071678434493371         4.080666030255323         0.013177121454334         0.013177121454335         0.251885082828565         0.164011693066599         0.164011693066599         0.164011693066599
        0.285000000000000         9.886097102991849         9.886097102991849         9.454037623912388         4.099176878525766         4.099176878525766         4.105667836601715         0.013131467186890         0.013131467186889         0.251466658315124         0.164011693066599         0.164011693066599         0.164011693066599
        0.286000000000000         9.925191647777952         9.925191647777952         9.488582358145381         4.126872971729455         4.126872971729455         4.130865917194729         0.013086355288163         0.013086355288163         0.251050524533216         0.164011693066599         0.164011693066599         0.164011693066599
        0.287000000000000         9.964642736007638         9.964642736007638         9.523489636061532         4.154766108318092         4.154766108318092         4.156260474403979         0.013041776574664         0.013041776574664         0.250636671260206         0.164011693066599         0.164011693066599         0.164011693066599
        0.288000000000000        10.004426381929362        10.004426381929362         9.558756860328439         4.182845804148157         4.182845804148157         4.181851971842047         0.012997722061594         0.012997722061593         0.250225088181415         0.164011693066599         0.164011693066599         0.164011693066599
        0.289000000000000        10.044555287035358        10.044555287035360         9.594385610784030         4.211118516223109         4.211118516223109         4.207640662914271         0.012954182957650         0.012954182957649         0.249815764895059         0.164011693066599         0.164011693066599         0.164011693066599
        0.290000000000000        10.085029170265120        10.085029170265120         9.630373428950888         4.239585346318258         4.239585346318258         4.233626930855433         0.012911150659993         0.012911150659993         0.249408690917036         0.164011693066599         0.164011693066599         0.164011693066599
        0.291000000000000        10.125848035025404        10.125848035025404         9.666720770409826         4.268246831993443         4.268246831993442         4.259811168050611         0.012868616749375         0.012868616749375         0.249003855685615         0.164011693066599         0.164011693066599         0.164011693066599
        0.292000000000000        10.167008211049440        10.167008211049440         9.703423531650298         4.297102832395135         4.297102832395136         4.286193882465230         0.012826572985397         0.012826572985397         0.248601248565998         0.164011693066599         0.164011693066599         0.164011693066599
        0.293000000000000        10.208521772590869        10.208521772590867         9.740482263715059         4.326159684454000         4.326159684454000         4.312775062906623         0.012785011301930         0.012785011301931         0.248200858854754         0.164011693066599         0.164011693066599         0.164011693066599
        0.294000000000000        10.250362949400152        10.250362949400154         9.777895990762635         4.355405600263975         4.355405600263975         4.339555496678216         0.012743923802660         0.012743923802659         0.247802675784153         0.164011693066599         0.164011693066599         0.164011693066599
        0.295000000000000        10.292554357922759        10.292554357922759         9.815663875107338         4.384852670778263         4.384852670778263         4.366535565754206         0.012703302756765         0.012703302756766         0.247406688526382         0.164011693066599         0.164011693066599         0.164011693066599
        0.296000000000000        10.335114963322022        10.335114963322020         9.853785162713233         4.414510998154610         4.414510998154610         4.393715166316606         0.012663140594736         0.012663140594736         0.247012886197637         0.164011693066599         0.164011693066599         0.164011693066599
        0.297000000000000        10.377981783871542        10.377981783871542         9.892258751782880         4.444350454995017         4.444350454995017         4.421095820593364         0.012623429904303         0.012623429904302         0.246621257862120         0.164011693066599         0.164011693066599         0.164011693066599
        0.298000000000000        10.421177845769087        10.421177845769089         9.931084027129605         4.474382859177227         4.474382859177227         4.448676960845498         0.012584163426487         0.012584163426487         0.246231792535926         0.164011693066599         0.164011693066599         0.164011693066599
        0.299000000000000        10.464749194304430        10.464749194304428         9.970260395329412         4.504632258917992         4.504632258917991         4.476459330824031         0.012545334051780         0.012545334051780         0.245844479190810         0.164011693066599         0.164011693066599         0.164011693066599
        0.300000000000000        10.508534642094791        10.508534642094792        10.009786348370257         4.535018518459243         4.535018518459243         4.504443453283357         0.012506934816414         0.012506934816415         0.245459306757862         0.164011693066599         0.164011693066599         0.164011693066599
