                   T[GeV]                  tauU[fm]                  tauD[fm]                  tauS[fm]               tauUBar[fm]               tauDBar[fm]               tauSBar[fm]                effMU[GeV]                effMD[GeV]                effMS[GeV]               effCPU[GeV]               effCPD[GeV]               effCPS[GeV]
        0.120000000000000        19.224464386023765        19.224464386023765        24.221679324048747        19.224464386023765        19.224464386023762        24.221679324048747         0.344727991767736         0.344727991767736         0.536629920733286         0.000000000000000         0.000000000000000         0.000000000000000
        0.121000000000000        18.381238491578415        18.381238491578763        23.164480131691786        18.381238491578415        18.381238491578763        23.164480131691786         0.343795051483527         0.343795051483537         0.536088839842219         0.000000000000000         0.000000000000000         0.000000000000000
        0.122000000000000        17.585181692401211        17.585181692400358        22.166836466500865        17.585181692401207        17.585181692400358        22.166836466500865         0.342835955221808         0.342835955221782         0.535532306189432         0.000000000000000         0.000000000000000         0.000000000000000
        0.123000000000000        16.833382304515990        16.833382304513957        21.224706892693682        16.833382304515990        16.833382304513961        21.224706892693682         0.341850265148218         0.341850265148152         0.534960097253699         0.000000000000000         0.000000000000000         0.000000000000000
        0.124000000000000        16.122693418457391        16.122693418458031        20.334370483788096        16.122693418457395        16.122693418458031        20.334370483788089         0.340837529733164         0.340837529733186         0.534371987871091         0.000000000000000         0.000000000000000         0.000000000000000
        0.125000000000000        15.450480176122408        15.450480176120704        19.492356843049663        15.450480176122406        15.450480176120701        19.492356843049659         0.339797289331677         0.339797289331615         0.533767752475648         0.000000000000000         0.000000000000000         0.000000000000000
        0.126000000000000        14.814256910175624        14.814256910175049        18.695534280911872        14.814256910175624        14.814256910175049        18.695534280911868         0.338729075738329         0.338729075738307         0.533147165055334         0.000000000000000         0.000000000000000         0.000000000000000
        0.127000000000000        14.211719356474299        14.211719356475465        17.940976295620050        14.211719356474299        14.211719356475466        17.940976295620050         0.337632411728237         0.337632411728284         0.532509999110120         0.000000000000000         0.000000000000000         0.000000000000000
        0.128000000000000        13.640727507409231        13.640727507409807        17.225924682523353        13.640727507409229        13.640727507409803        17.225924682523353         0.336506810576786         0.336506810576811         0.531856027610983         0.000000000000000         0.000000000000000         0.000000000000000
        0.129000000000000        13.099301047579859        13.099301047579857        16.547864313075301        13.099301047579857        13.099301047579857        16.547864313075298         0.335351761278277         0.335351761278277         0.531185017655580         0.000000000000000         0.000000000000000         0.000000000000000
        0.130000000000000        12.585612301140372        12.585612301140383        15.904532001147182        12.585612301140374        12.585612301140380        15.904532001147185         0.334166783789209         0.334166783789209         0.530496751164170         0.000000000000000         0.000000000000000         0.000000000000000
        0.131000000000000        12.097952584796152        12.097952584796149        15.293741228762869        12.097952584796152        12.097952584796149        15.293741228762869         0.332951346826023         0.332951346826023         0.529790994461132         0.000000000000000         0.000000000000000         0.000000000000000
        0.132000000000000        11.634735481041810        11.634735481041810        14.713486038326780        11.634735481041808        11.634735481041808        14.713486038326781         0.331704920520940         0.331704920520940         0.529067518061454         0.000000000000000         0.000000000000000         0.000000000000000
        0.133000000000000        11.194490752343295        11.194490752343297        14.161909775690361        11.194490752343295        11.194490752343295        14.161909775690361         0.330426962839102         0.330426962839102         0.528326091802936         0.000000000000000         0.000000000000000         0.000000000000000
        0.134000000000000        10.775877161362718        10.775877161362724        13.637304696573437        10.775877161362718        10.775877161362722        13.637304696573439         0.329116918983539         0.329116918983539         0.527566484831719         0.000000000000000         0.000000000000000         0.000000000000000
        0.135000000000000        10.377558152225816        10.377558152225816        13.138038344780776        10.377558152225816        10.377558152225816        13.138038344780773         0.327774220777900         0.327774220777900         0.526788465594838         0.000000000000000         0.000000000000000         0.000000000000000
        0.136000000000000         9.998356592219848         9.998356592219848        12.662625321925566         9.998356592219848         9.998356592219848        12.662625321925567         0.326398286026195         0.326398286026195         0.525991801840837         0.000000000000000         0.000000000000000         0.000000000000000
        0.137000000000000         9.637206011543753         9.637206011543748        12.209683196736998         9.637206011543755         9.637206011543748        12.209683196736998         0.324988517848819         0.324988517848819         0.525176260629565         0.000000000000000         0.000000000000000         0.000000000000000
        0.138000000000000         9.293065061442451         9.293065061442451        11.777909185239869         9.293065061442451         9.293065061442451        11.777909185239869         0.323544303994177         0.323544303994177         0.524341608352435         0.000000000000000         0.000000000000000         0.000000000000000
        0.139000000000000         8.964922344894315         8.964922344894317        11.366096884626407         8.964922344894315         8.964922344894315        11.366096884626407         0.322065016125288         0.322065016125288         0.523487610764529         0.000000000000000         0.000000000000000         0.000000000000000
        0.140000000000000         8.651920476187883         8.651920476187883        10.973104776977401         8.651920476187881         8.651920476187881        10.973104776977399         0.320550009080834         0.320550009080834         0.522614033030146         0.000000000000000         0.000000000000000         0.000000000000000
        0.141000000000000         8.353197548902097         8.353197548902102        10.597900154371674         8.353197548902095         8.353197548902100        10.597900154371674         0.318998620110208         0.318998620110208         0.521720639783538         0.000000000000000         0.000000000000000         0.000000000000000
        0.142000000000000         8.067961648122505         8.067961648122509        10.239472503804793         8.067961648122505         8.067961648122511        10.239472503804791         0.317410168082292         0.317410168082292         0.520807195206801         0.000000000000000         0.000000000000000         0.000000000000000
        0.143000000000000         7.795476264491384         7.795476264491385         9.896913600103101         7.795476264491387         7.795476264491385         9.896913600103101         0.315783952667850         0.315783952667850         0.519873463127142         0.000000000000000         0.000000000000000         0.000000000000000
        0.144000000000000         7.535046542485546         7.535046542485546         9.569349856932407         7.535046542485548         7.535046542485548         9.569349856932407         0.314119253495651         0.314119253495651         0.518919207135987         0.000000000000000         0.000000000000000         0.000000000000000
        0.145000000000000         7.286029338802600         7.286029338802599         9.255984553189714         7.286029338802600         7.286029338802600         9.255984553189714         0.312415329282733         0.312415329282733         0.517944190732713         0.000000000000000         0.000000000000000         0.000000000000000
        0.146000000000000         7.047809865446284         7.047809865446284         8.956065165698234         7.047809865446285         7.047809865446284         8.956065165698233         0.310671416939571         0.310671416939571         0.516948177496138         0.000000000000000         0.000000000000000         0.000000000000000
        0.147000000000000         6.819813956540802         6.819813956540805         8.668856274560326         6.819813956540801         6.819813956540806         8.668856274560326         0.308886730651320         0.308886730651320         0.515930931287286         0.000000000000000         0.000000000000000         0.000000000000000
        0.148000000000000         6.601500913279624         6.601500913279621         8.393693477032734         6.601500913279624         6.601500913279622         8.393693477032734         0.307060460936863         0.307060460936862         0.514892216487387         0.000000000000000         0.000000000000000         0.000000000000000
        0.149000000000000         6.392380183245546         6.392380183245543         8.129975400087504         6.392380183245546         6.392380183245544         8.129975400087501         0.305191773688015         0.305191773688015         0.513831798275590         0.000000000000000         0.000000000000000         0.000000000000000
        0.150000000000000         6.191965771186275         6.191965771186271         7.877101897725574         6.191965771186275         6.191965771186271         7.877101897725575         0.303279809192057         0.303279809192057         0.512749442951416         0.000000000000000         0.000000000000000         0.000000000000000
        0.151000000000000         5.999812151554200         5.999812151554200         7.634521530328709         5.999812151554200         5.999812151554201         7.634521530328710         0.301323681141653         0.301323681141653         0.511644918307654         0.000000000000000         0.000000000000000         0.000000000000000
        0.152000000000000         5.815498422046146         5.815498422046145         7.401716983992802         5.815498422046146         5.815498422046147         7.401716983992802         0.299322475637435         0.299322475637436         0.510517994060121         0.000000000000000         0.000000000000000         0.000000000000000
        0.153000000000000         5.638626924791614         5.638626924791632         7.178189041640287         5.638626924791613         5.638626924791631         7.178189041640287         0.297275250189873         0.297275250189874         0.509368442341547         0.000000000000000         0.000000000000000         0.000000000000000
        0.154000000000000         5.468822382141725         5.468822382141725         6.963484779481708         5.468822382141724         5.468822382141725         6.963484779481707         0.295181032728752         0.295181032728752         0.508196038267809         0.000000000000000         0.000000000000000         0.000000000000000
        0.155000000000000         5.305730999465978         5.305730999465978         6.757156678586563         5.305730999465978         5.305730999465977         6.757156678586562         0.293038820630574         0.293038820630575         0.507000560585815         0.000000000000000         0.000000000000000         0.000000000000000
        0.156000000000000         5.149031936582683         5.149031936582683         6.558832700324679         5.149031936582683         5.149031936582683         6.558832700324679         0.290847579776631         0.290847579776632         0.505781792413546         0.000000000000000         0.000000000000000         0.000000000000000
        0.157000000000000         4.998387550681506         4.998387550681506         6.368089951648543         4.998387550681505         4.998387550681505         6.368089951648543         0.288606243657474         0.288606243657475         0.504539522084220         0.000000000000000         0.000000000000000         0.000000000000000
        0.158000000000000         4.853517711181842         4.853517711181843         6.184572433005989         4.853517711181843         4.853517711181844         6.184572433005988         0.286313712542841         0.286313712542840         0.503273544108036         0.000000000000000         0.000000000000000         0.000000000000000
        0.159000000000000         4.714114044395905         4.714114044395905         6.007941932065328         4.714114044395906         4.714114044395905         6.007941932065328         0.283968852740596         0.283968852740596         0.501983660266867         0.000000000000000         0.000000000000000         0.000000000000000
        0.160000000000000         4.579935830412909         4.579935830412921         5.837872750540851         4.579935830412909         4.579935830412921         5.837872750540852         0.281570495972892         0.281570495972893         0.500669680859214         0.000000000000000         0.000000000000000         0.000000000000000
        0.161000000000000         4.450722544399229         4.450722544399228         5.674057871639183         4.450722544399228         4.450722544399229         5.674057871639184         0.279117438904260         0.279117438904259         0.499331426115113         0.000000000000000         0.000000000000000         0.000000000000000
        0.162000000000000         4.326217084352423         4.326217084352423         5.516211914126997         4.326217084352423         4.326217084352423         5.516211914126997         0.276608442863181         0.276608442863180         0.497968727803280         0.000000000000000         0.000000000000000         0.000000000000000
        0.163000000000000         4.206200735642789         4.206200735642780         5.364053849625262         4.206200735642788         4.206200735642780         5.364053849625262         0.274042233807685         0.274042233807685         0.496581431055742         0.000000000000000         0.000000000000000         0.000000000000000
        0.164000000000000         4.090461033158504         4.090461033158505         5.217326537711782         4.090461033158505         4.090461033158504         5.217326537711783         0.271417502595679         0.271417502595680         0.495169396438526         0.000000000000000         0.000000000000000         0.000000000000000
        0.165000000000000         3.978760934601909         3.978760934601909         5.075782203318319         3.978760934601909         3.978760934601909         5.075782203318319         0.268732905633380         0.268732905633380         0.493732502300734         0.000000000000000         0.000000000000000         0.000000000000000
        0.166000000000000         3.870903677417123         3.870903677417122         4.939188352553163         3.870903677417123         3.870903677417123         4.939188352553162         0.265987065989761         0.265987065989761         0.492270647438460         0.000000000000000         0.000000000000000         0.000000000000000
        0.167000000000000         3.766706051668625         3.766706051668618         4.807323024079917         3.766706051668625         3.766706051668617         4.807323024079915         0.263178575083133         0.263178575083131         0.490783754114749         0.000000000000000         0.000000000000000         0.000000000000000
        0.168000000000000         3.665956030613017         3.665956030613009         4.679983364769699         3.665956030613017         3.665956030613010         4.679983364769699         0.260305995066293         0.260305995066291         0.489271771481755         0.000000000000000         0.000000000000000         0.000000000000000
        0.169000000000000         3.568489743689647         3.568489743689647         4.556966125637365         3.568489743689647         3.568489743689647         4.556966125637364         0.257367862062720         0.257367862062720         0.487734679457042         0.000000000000000         0.000000000000000         0.000000000000000
        0.170000000000000         3.473814171686391         3.473814171686409         4.438082657410524         3.473814171686392         3.473814171686409         4.438082657410523         0.254362690435109         0.254362690435114         0.486172493111863         0.000000000000000         0.000000000000000         0.000000000000000
        0.171000000000000         3.382739494371854         3.382739494371870         4.323149152794274         3.382739494371854         3.382739494371870         4.323149152794275         0.251288978303297         0.251288978303303         0.484585267635748         0.000000000000000         0.000000000000000         0.000000000000000
        0.172000000000000         3.293821332852001         3.293821332851991         4.212005465408760         3.293821332852001         3.293821332851991         4.212005465408759         0.248145214569400         0.248145214569396         0.482973103948371         0.000000000000000         0.000000000000000         0.000000000000000
        0.173000000000000         3.207426608522320         3.207426608522324         4.104481730500808         3.207426608522319         3.207426608522324         4.104481730500808         0.244929887756800         0.244929887756803         0.481336155036334         0.000000000000000         0.000000000000000         0.000000000000000
        0.174000000000000         3.123375342763949         3.123375342763949         4.000432675225327         3.123375342763950         3.123375342763949         4.000432675225325         0.241641497025560         0.241641497025560         0.479674633098921         0.000000000000000         0.000000000000000         0.000000000000000
        0.175000000000000         3.041530079760246         3.041530079760242         3.899698373535668         3.041530079760246         3.041530079760242         3.899698373535668         0.238278565790860         0.238278565790858         0.477988817592291         0.000000000000000         0.000000000000000         0.000000000000000
        0.176000000000000         2.961369855849590         2.961369855849607         3.802164244503844         2.961369855849590         2.961369855849606         3.802164244503844         0.234839658446289         0.234839658446299         0.476279064265762         0.000000000000000         0.000000000000000         0.000000000000000
        0.177000000000000         2.883478620872645         2.883478620872649         3.707658930189758         2.883478620872645         2.883478620872649         3.707658930189759         0.231323400773968         0.231323400773971         0.474545815284879         0.000000000000000         0.000000000000000         0.000000000000000
        0.178000000000000         2.806135594696492         2.806135594696484         3.616110118094622         2.806135594696492         2.806135594696484         3.616110118094623         0.227728504716798         0.227728504716795         0.472789610533641         0.000000000000000         0.000000000000000         0.000000000000000
        0.179000000000000         2.729384224498137         2.729384224498123         3.527361046998851         2.729384224498138         2.729384224498123         3.527361046998850         0.224053798282141         0.224053798282133         0.471011100179175         0.000000000000000         0.000000000000000         0.000000000000000
        0.180000000000000         2.652886151559674         2.652886151559650         3.441307570758789         2.652886151559674         2.652886151559650         3.441307570758789         0.220298261446767         0.220298261446755         0.469211058564832         0.000000000000000         0.000000000000000         0.000000000000000
        0.181000000000000         2.580646613685464         2.580646613685474         3.357843109758477         2.580646613685464         2.580646613685474         3.357843109758477         0.216461069026003         0.216461069026010         0.467390399468042         0.000000000000000         0.000000000000000         0.000000000000000
        0.182000000000000         2.514406896812374         2.514406896812361         3.276866493825860         2.514406896812374         2.514406896812361         3.276866493825860         0.212541641548085         0.212541641548078         0.465550192712835         0.000000000000000         0.000000000000000         0.000000000000000
        0.183000000000000         2.452113163895790         2.452113163895805         3.198284374867715         2.452113163895790         2.452113163895805         3.198284374867716         0.208539705221076         0.208539705221085         0.463691682058216         0.000000000000000         0.000000000000000         0.000000000000000
        0.184000000000000         2.392821718417334         2.392821718417315         3.121997003660424         2.392821718417334         2.392821718417314         3.121997003660424         0.204455362072204         0.204455362072191         0.461816304186264         0.000000000000000         0.000000000000000         0.000000000000000
        0.185000000000000         2.336539583209517         2.336539583209515         3.047917769605788         2.336539583209517         2.336539583209515         3.047917769605788         0.200289171240609         0.200289171240608         0.459925708478951         0.000000000000000         0.000000000000000         0.000000000000000
        0.186000000000000         2.282526220954723         2.282526220954737         2.975974201041920         2.282526220954722         2.282526220954737         2.975974201041920         0.196042242172332         0.196042242172343         0.458021777093253         0.000000000000000         0.000000000000000         0.000000000000000
        0.187000000000000         2.230699626540760         2.230699626540769         2.906089128879771         2.230699626540760         2.230699626540769         2.906089128879772         0.191716340054653         0.191716340054661         0.456106644612523         0.000000000000000         0.000000000000000         0.000000000000000
        0.188000000000000         2.180865995028235         2.180865995028222         2.838174145933814         2.180865995028235         2.180865995028222         2.838174145933815         0.187314003136303         0.187314003136291         0.454182716260679         0.000000000000000         0.000000000000000         0.000000000000000
        0.189000000000000         2.132866400141272         2.132866400141293         2.772181124468114         2.132866400141272         2.132866400141292         2.772181124468114         0.182838670578581         0.182838670578600         0.452252683318643         0.000000000000000         0.000000000000000         0.000000000000000
        0.190000000000000         2.086595905391983         2.086595905392002         2.708030662335369         2.086595905391982         2.086595905392002         2.708030662335369         0.178294818047042         0.178294818047060         0.450319533985202         0.000000000000000         0.000000000000000         0.000000000000000
        0.191000000000000         2.041808721800427         2.041808721800446         2.645668277820463         2.041808721800427         2.041808721800445         2.645668277820463         0.173688096361875         0.173688096361893         0.448386557505619         0.000000000000000         0.000000000000000         0.000000000000000
        0.192000000000000         1.998518223735108         1.998518223735118         2.585050020232812         1.998518223735107         1.998518223735118         2.585050020232812         0.169025466154747         0.169025466154759         0.446457338997782         0.000000000000000         0.000000000000000         0.000000000000000
        0.193000000000000         1.956579879817178         1.956579879817181         2.526112315510110         1.956579879817178         1.956579879817181         2.526112315510110         0.164315318705333         0.164315318705336         0.444535742113136         0.000000000000000         0.000000000000000         0.000000000000000
        0.194000000000000         1.915910589818665         1.915910589818697         2.468805184002014         1.915910589818665         1.915910589818697         2.468805184002013         0.159567570207094         0.159567570207133         0.442625876590202         0.000000000000000         0.000000000000000         0.000000000000000
        0.195000000000000         1.876385489162988         1.876385489162973         2.413084538152744         1.876385489162989         1.876385489162974         2.413084538152744         0.154793714013934         0.154793714013916         0.440732048023778         0.000000000000000         0.000000000000000         0.000000000000000
        0.196000000000000         1.838043829517924         1.838043829517912         2.358903975582813         1.838043829517924         1.838043829517912         2.358903975582813         0.150006813635018         0.150006813635000         0.438858687932699         0.000000000000000         0.000000000000000         0.000000000000000
        0.197000000000000         1.800714688214517         1.800714688214513         2.306216440361321         1.800714688214516         1.800714688214513         2.306216440361321         0.145221419160926         0.145221419160921         0.437010263578743         0.000000000000000         0.000000000000000         0.000000000000000
        0.198000000000000         1.764366159367200         1.764366159367203         2.254976295019736         1.764366159367200         1.764366159367203         2.254976295019736         0.140453392348327         0.140453392348334         0.435191169005873         0.000000000000000         0.000000000000000         0.000000000000000
        0.199000000000000         1.728945758323407         1.728945758323396         2.205126996935048         1.728945758323407         1.728945758323396         2.205126996935049         0.135719631438734         0.135719631438716         0.433405601321967         0.000000000000000         0.000000000000000         0.000000000000000
        0.200000000000000         1.694400434666830         1.694400434666846         2.156615897959775         1.694400434666830         1.694400434666846         2.156615897959775         0.131037696161232         0.131037696161263         0.431657429029743         0.000000000000000         0.000000000000000         0.000000000000000
        0.201000000000000         1.660679065643411         1.660679065643427         2.109344050192487         1.660679065643411         1.660679065643427         2.109344050192488         0.126425345548882         0.126425345548916         0.429950061723424         0.000000000000000         0.000000000000000         0.000000000000000
        0.202000000000000         1.627727771369062         1.627727771369072         2.063246652396065         1.627727771369062         1.627727771369072         2.063246652396065         0.121900014454197         0.121900014454218         0.428286332080481         0.000000000000000         0.000000000000000         0.000000000000000
        0.203000000000000         1.595486435537521         1.595486435537527         2.018202529836297         1.595486435537521         1.595486435537527         2.018202529836297         0.117478266395261         0.117478266395273         0.426668401212990         0.000000000000000         0.000000000000000         0.000000000000000
        0.204000000000000         1.563872337633912         1.563872337633909         1.974022462322842         1.563872337633912         1.563872337633909         1.974022462322842         0.113175267648714         0.113175267648703         0.425097696772461         0.000000000000000         0.000000000000000         0.000000000000000
        0.205000000000000         1.532784226697032         1.532784226697032         1.930516649512522         1.532784226697032         1.532784226697033         1.930516649512522         0.109004327031318         0.109004327031318         0.423574889837865         0.000000000000000         0.000000000000000         0.000000000000000
        0.205100000000000         1.529699926282065         1.529699926282071         1.926192571977295         1.529699926282065         1.529699926282071         1.926192571977295         0.108594945655141         0.108594945655158         0.423425247048249         0.000000000000000         0.000000000000000         0.000000000000000
        0.205200000000000         1.526618487415737         1.526618487415737         1.921869564151834         1.526618487415737         1.526618487415737         1.921869564151834         0.108187006302432         0.108187006302432         0.423276082651978         0.000000000000000         0.000000000000000         0.000000000000000
        0.205300000000000         1.523541755643544         1.523541755643543         1.917550155408100         1.523541755643545         1.523541755643543         1.917550155408100         0.107780519913362         0.107780519913356         0.423127396121468         0.000000000000000         0.000000000000000         0.000000000000000
        0.205400000000000         1.520467634101127         1.520467634101123         1.913233222861592         1.520467634101128         1.520467634101123         1.913233222861592         0.107375495790445         0.107375495790432         0.422979186857852         0.000000000000000         0.000000000000000         0.000000000000000
        0.205500000000000         1.517397690351731         1.517397690351726         1.908918328020264         1.517397690351731         1.517397690351726         1.908918328020264         0.106971942987504         0.106971942987492         0.422831454195553         0.000000000000000         0.000000000000000         0.000000000000000
        0.205600000000000         1.514328606208069         1.514328606208060         1.904604750792603         1.514328606208069         1.514328606208060         1.904604750792603         0.106569870307605         0.106569870307580         0.422684197403119         0.000000000000000         0.000000000000000         0.000000000000000
        0.205700000000000         1.511263213562105         1.511263213562107         1.900292142568957         1.511263213562105         1.511263213562107         1.900292142568957         0.106169286302481         0.106169286302487         0.422537415684026         0.000000000000000         0.000000000000000         0.000000000000000
        0.205800000000000         1.508200395239612         1.508200395239614         1.895978759425360         1.508200395239612         1.508200395239614         1.895978759425360         0.105770199271541         0.105770199271547         0.422391108177582         0.000000000000000         0.000000000000000         0.000000000000000
        0.205900000000000         1.505141797210497         1.505141797210499         1.891666646103888         1.505141797210497         1.505141797210499         1.891666646103888         0.105372617259015         0.105372617259021         0.422245273959466         0.000000000000000         0.000000000000000         0.000000000000000
        0.206000000000000         1.502081708213460         1.502081708213457         1.887353803979946         1.502081708213460         1.502081708213458         1.887353803979946         0.104976548062153         0.104976548062146         0.422099912044026         0.000000000000000         0.000000000000000         0.000000000000000
        0.206100000000000         1.499023962791424         1.499023962791424         1.883040247912387         1.499023962791424         1.499023962791424         1.883040247912387         0.104581999218886         0.104581999218885         0.421955021383234         0.000000000000000         0.000000000000000         0.000000000000000
        0.206200000000000         1.495968440319535         1.495968440319537         1.878724296159805         1.495968440319535         1.495968440319537         1.878724296159804         0.104188978015544         0.104188978015551         0.421810600868905         0.000000000000000         0.000000000000000         0.000000000000000
        0.206300000000000         1.492914042428434         1.492914042428440         1.874405870967515         1.492914042428434         1.492914042428440         1.874405870967515         0.103797491483977         0.103797491483995         0.421666649333426         0.000000000000000         0.000000000000000         0.000000000000000
        0.206400000000000         1.489859867023348         1.489859867023348         1.870084094557527         1.489859867023348         1.489859867023348         1.870084094557526         0.103407546403299         0.103407546403301         0.421523165550732         0.000000000000000         0.000000000000000         0.000000000000000
        0.206500000000000         1.486807339180110         1.486807339180110         1.865758170851998         1.486807339180110         1.486807339180110         1.865758170851998         0.103019149298656         0.103019149298656         0.421380148237341         0.000000000000000         0.000000000000000         0.000000000000000
        0.206600000000000         1.483756339213161         1.483756339213163         1.861426863624882         1.483756339213161         1.483756339213163         1.861426863624882         0.102632306441392         0.102632306441399         0.421237596053393         0.000000000000000         0.000000000000000         0.000000000000000
        0.206700000000000         1.480701305218423         1.480701305218414         1.857091848308544         1.480701305218424         1.480701305218414         1.857091848308544         0.102247023852099         0.102247023852069         0.421095507603687         0.000000000000000         0.000000000000000         0.000000000000000
        0.206800000000000         1.477647357625564         1.477647357625570         1.852750632585002         1.477647357625564         1.477647357625570         1.852750632585002         0.101863307297149         0.101863307297167         0.420953881438777         0.000000000000000         0.000000000000000         0.000000000000000
        0.206900000000000         1.474592444896765         1.474592444896764         1.848399994601980         1.474592444896765         1.474592444896764         1.848399994601980         0.101481162292853         0.101481162292848         0.420812716056056         0.000000000000000         0.000000000000000         0.000000000000000
        0.207000000000000         1.471536754958065         1.471536754958063         1.844042103961214         1.471536754958065         1.471536754958063         1.844042103961214         0.101100594105860         0.101100594105855         0.420672009900848         0.000000000000000         0.000000000000000         0.000000000000000
        0.207100000000000         1.468456639636716         1.468456639636717         1.839674742615359         1.468456639636716         1.468456639636718         1.839674742615359         0.100721607751267         0.100721607751271         0.420531761367521         0.000000000000000         0.000000000000000         0.000000000000000
        0.207200000000000         1.465417668809123         1.465417668809126         1.835296949633132         1.465417668809123         1.465417668809126         1.835296949633132         0.100344207997927         0.100344207997937         0.420391968800586         0.000000000000000         0.000000000000000         0.000000000000000
        0.207300000000000         1.462353985469656         1.462353985469657         1.830907592988092         1.462353985469656         1.462353985469657         1.830907592988092         0.099968399365878         0.099968399365884         0.420252630495882         0.000000000000000         0.000000000000000         0.000000000000000
        0.207400000000000         1.459287940367254         1.459287940367248         1.826505355957305         1.459287940367254         1.459287940367249         1.826505355957305         0.099594186130986         0.099594186130969         0.420113744701645         0.000000000000000         0.000000000000000         0.000000000000000
        0.207500000000000         1.456216200505007         1.456216200505010         1.822088619395531         1.456216200505007         1.456216200505010         1.822088619395531         0.099221572323101         0.099221572323111         0.419975309619695         0.000000000000000         0.000000000000000         0.000000000000000
        0.207600000000000         1.453138590696710         1.453138590696712         1.817657117272131         1.453138590696710         1.453138590696712         1.817657117272130         0.098850561729964         0.098850561729970         0.419837323406586         0.000000000000000         0.000000000000000         0.000000000000000
        0.207700000000000         1.450057413801149         1.450057413801152         1.813207581872789         1.450057413801149         1.450057413801152         1.813207581872789         0.098481157898324         0.098481157898336         0.419699784174753         0.000000000000000         0.000000000000000         0.000000000000000
        0.207800000000000         1.446969569328595         1.446969569328602         1.808738976928230         1.446969569328595         1.446969569328602         1.808738976928230         0.098113364135002         0.098113364135025         0.419562689993663         0.000000000000000         0.000000000000000         0.000000000000000
        0.207900000000000         1.443874819367196         1.443874819367191         1.804249305359999         1.443874819367196         1.443874819367192         1.804249305359999         0.097747183509148         0.097747183509131         0.419426038891006         0.000000000000000         0.000000000000000         0.000000000000000
        0.208000000000000         1.440772227688355         1.440772227688355         1.799736798911746         1.440772227688355         1.440772227688355         1.799736798911746         0.097382618854249         0.097382618854251         0.419289828853854         0.000000000000000         0.000000000000000         0.000000000000000
        0.208100000000000         1.437660957258710         1.437660957258708         1.795199398522913         1.437660957258710         1.437660957258708         1.795199398522914         0.097019672770163         0.097019672770158         0.419154057829787         0.000000000000000         0.000000000000000         0.000000000000000
        0.208200000000000         1.434540140963446         1.434540140963444         1.790635485040498         1.434540140963446         1.434540140963445         1.790635485040498         0.096658347624723         0.096658347624718         0.419018723728130         0.000000000000000         0.000000000000000         0.000000000000000
        0.208300000000000         1.431408267884036         1.431408267884036         1.786042166733931         1.431408267884036         1.431408267884036         1.786042166733931         0.096298645557196         0.096298645557195         0.418883824421063         0.000000000000000         0.000000000000000         0.000000000000000
        0.208400000000000         1.428272349230943         1.428272349230943         1.781416689168212         1.428272349230943         1.428272349230943         1.781416689168212         0.095940568478353         0.095940568478352         0.418749357744826         0.000000000000000         0.000000000000000         0.000000000000000
        0.208500000000000         1.425133805590518         1.425133805590521         1.776757969948519         1.425133805590518         1.425133805590521         1.776757969948519         0.095584118075212         0.095584118075222         0.418615321500837         0.000000000000000         0.000000000000000         0.000000000000000
        0.208600000000000         1.421937389169818         1.421937389169816         1.772059677805692         1.421937389169818         1.421937389169816         1.772059677805691         0.095229295811327         0.095229295811318         0.418481713456927         0.000000000000000         0.000000000000000         0.000000000000000
        0.208700000000000         1.418750132388656         1.418750132388658         1.767320409166208         1.418750132388657         1.418750132388659         1.767320409166208         0.094876102931519         0.094876102931524         0.418348531348405         0.000000000000000         0.000000000000000         0.000000000000000
        0.208800000000000         1.415544812013261         1.415544812013264         1.762535431361192         1.415544812013261         1.415544812013264         1.762535431361192         0.094524540461830         0.094524540461841         0.418215772879268         0.000000000000000         0.000000000000000         0.000000000000000
        0.208900000000000         1.412320197422690         1.412320197422691         1.757701366505402         1.412320197422690         1.412320197422691         1.757701366505402         0.094174609214699         0.094174609214705         0.418083435723352         0.000000000000000         0.000000000000000         0.000000000000000
        0.209000000000000         1.409074292702255         1.409074292702254         1.752812855233049         1.409074292702255         1.409074292702254         1.752812855233049         0.093826309452518         0.093826309452513         0.417951517552647         0.000000000000000         0.000000000000000         0.000000000000000
        0.209100000000000         1.405805140765044         1.405805140765044         1.747868161047271         1.405805140765044         1.405805140765044         1.747868161047271         0.093479642576620         0.093479642576619         0.417820015902389         0.000000000000000         0.000000000000000         0.000000000000000
        0.209200000000000         1.402510355179619         1.402510355179619         1.742861674873583         1.402510355179619         1.402510355179619         1.742861674873583         0.093134607760372         0.093134607760372         0.417688928444279         0.000000000000000         0.000000000000000         0.000000000000000
        0.209300000000000         1.399187273756850         1.399187273756849         1.737789564062541         1.399187273756850         1.399187273756849         1.737789564062541         0.092791205320398         0.092791205320393         0.417558252715544         0.000000000000000         0.000000000000000         0.000000000000000
        0.209400000000000         1.395835924582050         1.395835924582049         1.732647776632853         1.395835924582050         1.395835924582049         1.732647776632853         0.092449435035629         0.092449435035625         0.417427986256044         0.000000000000000         0.000000000000000         0.000000000000000
        0.209500000000000         1.392441128401104         1.392441128401101         1.727435430979038         1.392441128401104         1.392441128401101         1.727435430979039         0.092109296487484         0.092109296487476         0.417298126582167         0.000000000000000         0.000000000000000         0.000000000000000
        0.209600000000000         1.389011068625673         1.389011068625672         1.722050343088531         1.389011068625673         1.389011068625672         1.722050343088530         0.091770789062038         0.091770789062037         0.417168671187931         0.000000000000000         0.000000000000000         0.000000000000000
        0.209700000000000         1.385571674681557         1.385571674681559         1.716793788785465         1.385571674681557         1.385571674681559         1.716793788785465         0.091433911953444         0.091433911953453         0.417039617546051         0.000000000000000         0.000000000000000         0.000000000000000
        0.209800000000000         1.382077060130530         1.382077060130528         1.711385801900075         1.382077060130530         1.382077060130528         1.711385801900075         0.091098664167111         0.091098664167107         0.416910963109013         0.000000000000000         0.000000000000000         0.000000000000000
        0.209900000000000         1.378548698569631         1.378548698569635         1.705954999856803         1.378548698569632         1.378548698569635         1.705954999856803         0.090765044522270         0.090765044522284         0.416782705310117         0.000000000000000         0.000000000000000         0.000000000000000
        0.210000000000000         1.375004334894969         1.375004334894966         1.700616806419306         1.375004334894969         1.375004334894966         1.700616806419306         0.090433051655772         0.090433051655763         0.416654841564493         0.000000000000000         0.000000000000000         0.000000000000000
        0.210100000000000         1.371486353516567         1.371486353516565         1.695631473067935         1.371486353516566         1.371486353516565         1.695631473067935         0.090102684024276         0.090102684024271         0.416527369270215         0.000000000000000         0.000000000000000         0.000000000000000
        0.210200000000000         1.368017459131901         1.368017459131902         1.691136822035206         1.368017459131901         1.368017459131902         1.691136822035206         0.089773939908561         0.089773939908564         0.416400285809194         0.000000000000000         0.000000000000000         0.000000000000000
        0.210300000000000         1.364522627222271         1.364522627222268         1.686764603749769         1.364522627222271         1.364522627222268         1.686764603749769         0.089446817416005         0.089446817415992         0.416273588548266         0.000000000000000         0.000000000000000         0.000000000000000
        0.210400000000000         1.361006060795346         1.361006060795347         1.682568209370898         1.361006060795346         1.361006060795347         1.682568209370898         0.089121314483342         0.089121314483347         0.416147274840167         0.000000000000000         0.000000000000000         0.000000000000000
        0.210500000000000         1.357445322113898         1.357445322113896         1.678494386196707         1.357445322113898         1.357445322113896         1.678494386196707         0.088797428881284         0.088797428881280         0.416021342024445         0.000000000000000         0.000000000000000         0.000000000000000
        0.210600000000000         1.353833374072688         1.353833374072689         1.674547958213089         1.353833374072689         1.353833374072689         1.674547958213089         0.088475158216075         0.088475158216074         0.415895787428516         0.000000000000000         0.000000000000000         0.000000000000000
        0.210700000000000         1.350148088677464         1.350148088677463         1.670705893311142         1.350148088677464         1.350148088677463         1.670705893311142         0.088154499934216         0.088154499934213         0.415770608368495         0.000000000000000         0.000000000000000         0.000000000000000
        0.210800000000000         1.346380100572560         1.346380100572562         1.666961885334773         1.346380100572560         1.346380100572562         1.666961885334773         0.087835451324320         0.087835451324329         0.415645802150234         0.000000000000000         0.000000000000000         0.000000000000000
        0.210900000000000         1.342494721518270         1.342494721518271         1.663303215579742         1.342494721518270         1.342494721518271         1.663303215579743         0.087518009521241         0.087518009521249         0.415521366070152         0.000000000000000         0.000000000000000         0.000000000000000
        0.211000000000000         1.338464025874438         1.338464025874436         1.659726572826122         1.338464025874438         1.338464025874435         1.659726572826123         0.087202171509722         0.087202171509713         0.415397297416130         0.000000000000000         0.000000000000000         0.000000000000000
        0.211100000000000         1.334244023339508         1.334244023339504         1.656224523708600         1.334244023339508         1.334244023339505         1.656224523708601         0.086887934125944         0.086887934125927         0.415273593468483         0.000000000000000         0.000000000000000         0.000000000000000
        0.211200000000000         1.329767888322529         1.329767888322529         1.652791687022066         1.329767888322530         1.329767888322529         1.652791687022066         0.086575294062792         0.086575294062791         0.415150251500686         0.000000000000000         0.000000000000000         0.000000000000000
        0.211300000000000         1.324948728355912         1.324948728355912         1.649424397855688         1.324948728355912         1.324948728355912         1.649424397855688         0.086264247871693         0.086264247871694         0.415027268780326         0.000000000000000         0.000000000000000         0.000000000000000
        0.211400000000000         1.319640380985200         1.319640380985201         1.646118590976710         1.319640380985200         1.319640380985201         1.646118590976710         0.085954791966454         0.085954791966459         0.414904642569893         0.000000000000000         0.000000000000000         0.000000000000000
        0.211500000000000         1.313619604798803         1.313619604798805         1.642871348663138         1.313619604798802         1.313619604798805         1.642871348663138         0.085646922626240         0.085646922626248         0.414782370127595         0.000000000000000         0.000000000000000         0.000000000000000
        0.211600000000000         1.307135605866933         1.307135605866931         1.639678347588334         1.307135605866933         1.307135605866931         1.639678347588334         0.085340635998854         0.085340635998845         0.414660448708169         0.000000000000000         0.000000000000000         0.000000000000000
        0.211700000000000         1.301863504098950         1.301863504098952         1.636537554514910         1.301863504098950         1.301863504098952         1.636537554514909         0.085035928104112         0.085035928104124         0.414538875563607         0.000000000000000         0.000000000000000         0.000000000000000
        0.211800000000000         1.297148450902412         1.297148450902413         1.633446425845354         1.297148450902412         1.297148450902413         1.633446425845354         0.084732794836956         0.084732794836961         0.414417647943990         0.000000000000000         0.000000000000000         0.000000000000000
        0.211900000000000         1.292772646737268         1.292772646737266         1.630402757679962         1.292772646737267         1.292772646737266         1.630402757679962         0.084431231970141         0.084431231970137         0.414296763098210         0.000000000000000         0.000000000000000         0.000000000000000
        0.212000000000000         1.288645267402699         1.288645267402700         1.627404395475964         1.288645267402699         1.288645267402700         1.627404395475964         0.084131234941689         0.084131234941695         0.414176218307495         0.000000000000000         0.000000000000000         0.000000000000000
        0.212100000000000         1.284719209884386         1.284719209884386         1.624449401195289         1.284719209884386         1.284719209884386         1.624449401195289         0.083832799940211         0.083832799940208         0.414056010722010         0.000000000000000         0.000000000000000         0.000000000000000
        0.212200000000000         1.280953408945803         1.280953408945803         1.621536082159482         1.280953408945803         1.280953408945804         1.621536082159482         0.083535921742337         0.083535921742338         0.413936137689851         0.000000000000000         0.000000000000000         0.000000000000000
        0.212300000000000         1.277326171554351         1.277326171554350         1.618662793081369         1.277326171554351         1.277326171554349         1.618662793081369         0.083240595881947         0.083240595881939         0.413816596429377         0.000000000000000         0.000000000000000         0.000000000000000
        0.212400000000000         1.273821929704329         1.273821929704327         1.615828156501389         1.273821929704329         1.273821929704327         1.615828156501389         0.082946817570262         0.082946817570255         0.413697384194070         0.000000000000000         0.000000000000000         0.000000000000000
        0.212500000000000         1.270417321140278         1.270417321140279         1.613030354190213         1.270417321140278         1.270417321140279         1.613030354190213         0.082654581914589         0.082654581914594         0.413578498240361         0.000000000000000         0.000000000000000         0.000000000000000
        0.212600000000000         1.267127025414401         1.267127025414399         1.610268450190063         1.267127025414401         1.267127025414399         1.610268450190063         0.082363883923279         0.082363883923272         0.413459935828138         0.000000000000000         0.000000000000000         0.000000000000000
        0.212700000000000         1.263911089854060         1.263911089854060         1.607540999078514         1.263911089854060         1.263911089854060         1.607540999078514         0.082074718506197         0.082074718506198         0.413341694221571         0.000000000000000         0.000000000000000         0.000000000000000
        0.212800000000000         1.260792419088242         1.260792419088242         1.604847001783418         1.260792419088242         1.260792419088242         1.604847001783418         0.081787080479862         0.081787080479863         0.413223770689471         0.000000000000000         0.000000000000000         0.000000000000000
        0.212900000000000         1.257739255075598         1.257739255075599         1.602186924038905         1.257739255075598         1.257739255075599         1.602186924038905         0.081500964568982         0.081500964568990         0.413106162506055         0.000000000000000         0.000000000000000         0.000000000000000
        0.213000000000000         1.254756867781239         1.254756867781237         1.599556366753007         1.254756867781238         1.254756867781238         1.599556366753008         0.081216365410360         0.081216365410353         0.412988866951351         0.000000000000000         0.000000000000000         0.000000000000000
        0.213100000000000         1.251835919192885         1.251835919192885         1.596956054102281         1.251835919192885         1.251835919192884         1.596956054102280         0.080933277554782         0.080933277554783         0.412871881311890         0.000000000000000         0.000000000000000         0.000000000000000
        0.213200000000000         1.248977282185920         1.248977282185920         1.594385126853496         1.248977282185920         1.248977282185920         1.594385126853497         0.080651695470597         0.080651695470600         0.412755202881119         0.000000000000000         0.000000000000000         0.000000000000000
        0.213300000000000         1.246177420105727         1.246177420105725         1.591842558455729         1.246177420105727         1.246177420105725         1.591842558455729         0.080371613546167         0.080371613546160         0.412638828959969         0.000000000000000         0.000000000000000         0.000000000000000
        0.213400000000000         1.243426015882440         1.243426015882440         1.589325975899128         1.243426015882440         1.243426015882440         1.589325975899128         0.080093026092721         0.080093026092719         0.412522756857336         0.000000000000000         0.000000000000000         0.000000000000000
        0.213500000000000         1.240730225946462         1.240730225946462         1.586837822979626         1.240730225946462         1.240730225946462         1.586837822979626         0.079815927347131         0.079815927347130         0.412406983890561         0.000000000000000         0.000000000000000         0.000000000000000
        0.213600000000000         1.238082581367265         1.238082581367266         1.584375584295585         1.238082581367265         1.238082581367265         1.584375584295585         0.079540311474611         0.079540311474614         0.412291507385879         0.000000000000000         0.000000000000000         0.000000000000000
        0.213700000000000         1.235482544999015         1.235482544999016         1.581941921607946         1.235482544999015         1.235482544999015         1.581941921607946         0.079266172571040         0.079266172571045         0.412176324678941         0.000000000000000         0.000000000000000         0.000000000000000
        0.213800000000000         1.232924430461063         1.232924430461062         1.579529449366686         1.232924430461063         1.232924430461062         1.579529449366686         0.078993504666156         0.078993504666153         0.412061433115134         0.000000000000000         0.000000000000000         0.000000000000000
        0.213900000000000         1.230404508921904         1.230404508921905         1.577140808325342         1.230404508921905         1.230404508921905         1.577140808325342         0.078722301725656         0.078722301725659         0.411946830050100         0.000000000000000         0.000000000000000         0.000000000000000
        0.214000000000000         1.227926712055293         1.227926712055294         1.574774297868010         1.227926712055293         1.227926712055294         1.574774297868010         0.078452557654059         0.078452557654065         0.411832512850062         0.000000000000000         0.000000000000000         0.000000000000000
        0.214100000000000         1.225487437445281         1.225487437445282         1.572431946874036         1.225487437445281         1.225487437445282         1.572431946874036         0.078184266296892         0.078184266296895         0.411718478892302         0.000000000000000         0.000000000000000         0.000000000000000
        0.214200000000000         1.223084649007296         1.223084649007296         1.570112106462654         1.223084649007296         1.223084649007296         1.570112106462654         0.077917421443706         0.077917421443704         0.411604725565423         0.000000000000000         0.000000000000000         0.000000000000000
        0.214300000000000         1.220717128126999         1.220717128127000         1.567813987494426         1.220717128126999         1.220717128127000         1.567813987494426         0.077652016829633         0.077652016829640         0.411491250269852         0.000000000000000         0.000000000000000         0.000000000000000
        0.214400000000000         1.218383878565211         1.218383878565212         1.565538484297166         1.218383878565211         1.218383878565212         1.565538484297166         0.077388046138895         0.077388046138899         0.411378050418022         0.000000000000000         0.000000000000000         0.000000000000000
        0.214500000000000         1.216081578345389         1.216081578345390         1.563282062055023         1.216081578345389         1.216081578345390         1.563282062055023         0.077125503006099         0.077125503006104         0.411265123434855         0.000000000000000         0.000000000000000         0.000000000000000
        0.214600000000000         1.213814204740773         1.213814204740772         1.561049418283094         1.213814204740773         1.213814204740771         1.561049418283094         0.076864381018965         0.076864381018960         0.411152466758035         0.000000000000000         0.000000000000000         0.000000000000000
        0.214700000000000         1.211576828164512         1.211576828164512         1.558832530774381         1.211576828164512         1.211576828164512         1.558832530774381         0.076604673721215         0.076604673721213         0.411040077838207         0.000000000000000         0.000000000000000         0.000000000000000
        0.214800000000000         1.209364160145706         1.209364160145706         1.556634779896701         1.209364160145706         1.209364160145706         1.556634779896701         0.076346374613556         0.076346374613556         0.410927954139466         0.000000000000000         0.000000000000000         0.000000000000000
        0.214900000000000         1.207181426842044         1.207181426842044         1.554451840583035         1.207181426842044         1.207181426842044         1.554451840583035         0.076089477156835         0.076089477156835         0.410816093139495         0.000000000000000         0.000000000000000         0.000000000000000
        0.215000000000000         1.205030770246595         1.205030770246595         1.552291123069269         1.205030770246595         1.205030770246595         1.552291123069269         0.075833974774117         0.075833974774117         0.410704492329843         0.000000000000000         0.000000000000000         0.000000000000000
        0.215100000000000         1.202901645307843         1.202901645307843         1.550148255407831         1.202901645307843         1.202901645307842         1.550148255407831         0.075579860851963         0.075579860851960         0.410593149216310         0.000000000000000         0.000000000000000         0.000000000000000
        0.215200000000000         1.200796966550399         1.200796966550398         1.548025460392554         1.200796966550399         1.200796966550398         1.548025460392554         0.075327128743805         0.075327128743801         0.410482061318981         0.000000000000000         0.000000000000000         0.000000000000000
        0.215300000000000         1.198719008005791         1.198719008005791         1.545914721445776         1.198719008005791         1.198719008005791         1.545914721445776         0.075075771770888         0.075075771770886         0.410371226172649         0.000000000000000         0.000000000000000         0.000000000000000
        0.215400000000000         1.196665589029428         1.196665589029427         1.543824080925216         1.196665589029427         1.196665589029427         1.543824080925217         0.074825783224653         0.074825783224651         0.410260641326953         0.000000000000000         0.000000000000000         0.000000000000000
        0.215500000000000         1.194635732750324         1.194635732750325         1.541749060110371         1.194635732750325         1.194635732750325         1.541749060110370         0.074577156368839         0.074577156368846         0.410150304346577         0.000000000000000         0.000000000000000         0.000000000000000
        0.215600000000000         1.192628810838383         1.192628810838383         1.539692536016552         1.192628810838383         1.192628810838383         1.539692536016552         0.074329884441321         0.074329884441320         0.410040212811457         0.000000000000000         0.000000000000000         0.000000000000000
        0.215700000000000         1.190644188552836         1.190644188552837         1.537655738223460         1.190644188552836         1.190644188552837         1.537655738223460         0.074083960655668         0.074083960655675         0.409930364317017         0.000000000000000         0.000000000000000         0.000000000000000
        0.215800000000000         1.188681465105938         1.188681465105938         1.535627237229856         1.188681465105938         1.188681465105938         1.535627237229856         0.073839378203466         0.073839378203463         0.409820756474278         0.000000000000000         0.000000000000000         0.000000000000000
        0.215900000000000         1.186740756538871         1.186740756538871         1.533608014643826         1.186740756538871         1.186740756538871         1.533608014643826         0.073596130255728         0.073596130255726         0.409711386910069         0.000000000000000         0.000000000000000         0.000000000000000
        0.216000000000000         1.184816242984008         1.184816242984009         1.531606438388321         1.184816242984008         1.184816242984009         1.531606438388321         0.073354209964907         0.073354209964915         0.409602253267157         0.000000000000000         0.000000000000000         0.000000000000000
        0.216100000000000         1.182912816731558         1.182912816731559         1.529623189304198         1.182912816731558         1.182912816731559         1.529623189304198         0.073113610466337         0.073113610466345         0.409493353204442         0.000000000000000         0.000000000000000         0.000000000000000
        0.216200000000000         1.181032595970036         1.181032595970036         1.527654017322099         1.181032595970036         1.181032595970036         1.527654017322099         0.072874324880190         0.072874324880190         0.409384684397032         0.000000000000000         0.000000000000000         0.000000000000000
        0.216300000000000         1.179170576181662         1.179170576181662         1.525698857040655         1.179170576181662         1.179170576181662         1.525698857040655         0.072636346312982         0.072636346312982         0.409276244536414         0.000000000000000         0.000000000000000         0.000000000000000
        0.216400000000000         1.177322081569385         1.177322081569385         1.523757254753726         1.177322081569385         1.177322081569385         1.523757254753726         0.072399667859344         0.072399667859344         0.409168031330515         0.000000000000000         0.000000000000000         0.000000000000000
        0.216500000000000         1.175495530689609         1.175495530689609         1.521830285400387         1.175495530689609         1.175495530689609         1.521830285400387         0.072164282603142         0.072164282603146         0.409060042503928         0.000000000000000         0.000000000000000         0.000000000000000
        0.216600000000000         1.173687675987345         1.173687675987345         1.519915305446440         1.173687675987345         1.173687675987345         1.519915305446440         0.071930183619487         0.071930183619489         0.408952275797902         0.000000000000000         0.000000000000000         0.000000000000000
        0.216700000000000         1.171893466831468         1.171893466831468         1.518013630288679         1.171893466831468         1.171893466831468         1.518013630288679         0.071697363976087         0.071697363976083         0.408844728970464         0.000000000000000         0.000000000000000         0.000000000000000
        0.216800000000000         1.170116015788338         1.170116015788337         1.516124413009680         1.170116015788338         1.170116015788338         1.516124413009680         0.071465816734569         0.071465816734562         0.408737399796535         0.000000000000000         0.000000000000000         0.000000000000000
        0.216900000000000         1.168357772055074         1.168357772055074         1.514245729847929         1.168357772055073         1.168357772055074         1.514245729847929         0.071235534952033         0.071235534952037         0.408630286067975         0.000000000000000         0.000000000000000         0.000000000000000
        0.217000000000000         1.166615612538814         1.166615612538814         1.512381367927218         1.166615612538814         1.166615612538814         1.512381367927218         0.071006511682391         0.071006511682393         0.408523385593667         0.000000000000000         0.000000000000000         0.000000000000000
        0.217100000000000         1.164888256338052         1.164888256338052         1.510527413637608         1.164888256338052         1.164888256338052         1.510527413637608         0.070778739977721         0.070778739977722         0.408416696199576         0.000000000000000         0.000000000000000         0.000000000000000
        0.217200000000000         1.163171538001766         1.163171538001766         1.508690897706600         1.163171538001766         1.163171538001766         1.508690897706600         0.070552212889666         0.070552212889666         0.408310215728776         0.000000000000000         0.000000000000000         0.000000000000000
        0.217300000000000         1.161489881567655         1.161489881567655         1.506861889364148         1.161489881567655         1.161489881567655         1.506861889364148         0.070326923470531         0.070326923470531         0.408203942041554         0.000000000000000         0.000000000000000         0.000000000000000
        0.217400000000000         1.159798904636653         1.159798904636653         1.505041986672656         1.159798904636653         1.159798904636653         1.505041986672656         0.070102864774654         0.070102864774654         0.408097873015410         0.000000000000000         0.000000000000000         0.000000000000000
        0.217500000000000         1.158130058741903         1.158130058741903         1.503235710093213         1.158130058741903         1.158130058741903         1.503235710093213         0.069880029859576         0.069880029859576         0.407992006545098         0.000000000000000         0.000000000000000         0.000000000000000
        0.217600000000000         1.156476515666460         1.156476515666460         1.501440346970179         1.156476515666460         1.156476515666460         1.501440346970179         0.069658411787474         0.069658411787474         0.407886340542612         0.000000000000000         0.000000000000000         0.000000000000000
        0.217700000000000         1.154836749815128         1.154836749815128         1.499655890735376         1.154836749815128         1.154836749815128         1.499655890735376         0.069438003625760         0.069438003625759         0.407780872937311         0.000000000000000         0.000000000000000         0.000000000000000
        0.217800000000000         1.153210781422255         1.153210781422256         1.497882117162841         1.153210781422255         1.153210781422256         1.497882117162841         0.069218798448686         0.069218798448689         0.407675601675843         0.000000000000000         0.000000000000000         0.000000000000000
        0.217900000000000         1.151600081192933         1.151600081192933         1.496120093466309         1.151600081192933         1.151600081192933         1.496120093466310         0.069000789338398         0.069000789338396         0.407570524722139         0.000000000000000         0.000000000000000         0.000000000000000
        0.218000000000000         1.150002921690818         1.150002921690818         1.494367066317720         1.150002921690818         1.150002921690818         1.494367066317720         0.068783969385597         0.068783969385600         0.407465640057524         0.000000000000000         0.000000000000000         0.000000000000000
        0.218100000000000         1.148412958829470         1.148412958829469         1.492623951943224         1.148412958829470         1.148412958829469         1.492623951943224         0.068568331691034         0.068568331691033         0.407360945680598         0.000000000000000         0.000000000000000         0.000000000000000
        0.218200000000000         1.146837574123664         1.146837574123664         1.490890239019801         1.146837574123664         1.146837574123664         1.490890239019801         0.068353869366248         0.068353869366248         0.407256439607281         0.000000000000000         0.000000000000000         0.000000000000000
        0.218300000000000         1.145275657988517         1.145275657988517         1.489167187045273         1.145275657988517         1.145275657988517         1.489167187045273         0.068140575534495         0.068140575534491         0.407152119870831         0.000000000000000         0.000000000000000         0.000000000000000
        0.218400000000000         1.143726165359306         1.143726165359306         1.487453886198553         1.143726165359306         1.143726165359306         1.487453886198553         0.067928443331969         0.067928443331970         0.407047984521724         0.000000000000000         0.000000000000000         0.000000000000000
        0.218500000000000         1.142188021446269         1.142188021446268         1.485750023431554         1.142188021446268         1.142188021446268         1.485750023431554         0.067717465908332         0.067717465908331         0.406944031627755         0.000000000000000         0.000000000000000         0.000000000000000
        0.218600000000000         1.140663547860175         1.140663547860174         1.484055634929918         1.140663547860175         1.140663547860174         1.484055634929918         0.067507636427912         0.067507636427909         0.406840259273903         0.000000000000000         0.000000000000000         0.000000000000000
        0.218700000000000         1.139150436241915         1.139150436241915         1.482370361397168         1.139150436241915         1.139150436241915         1.482370361397168         0.067298948070258         0.067298948070257         0.406736665562399         0.000000000000000         0.000000000000000         0.000000000000000
        0.218800000000000         1.137642399319595         1.137642399319595         1.480694232363435         1.137642399319595         1.137642399319595         1.480694232363435         0.067091394031370         0.067091394031366         0.406633248612571         0.000000000000000         0.000000000000000         0.000000000000000
        0.218900000000000         1.136149145944989         1.136149145944989         1.479027013222562         1.136149145944989         1.136149145944989         1.479027013222561         0.066884967524051         0.066884967524053         0.406530006560916         0.000000000000000         0.000000000000000         0.000000000000000
        0.219000000000000         1.134667922711979         1.134667922711979         1.477369027292065         1.134667922711980         1.134667922711979         1.477369027292065         0.066679661744582         0.066679661744582         0.406426937572369         0.000000000000000         0.000000000000000         0.000000000000000
        0.219100000000000         1.133197903673110         1.133197903673110         1.475718746179801         1.133197903673110         1.133197903673110         1.475718746179801         0.066475470045214         0.066475470045213         0.406324039783419         0.000000000000000         0.000000000000000         0.000000000000000
        0.219200000000000         1.131737802457172         1.131737802457173         1.474077629680562         1.131737802457172         1.131737802457173         1.474077629680562         0.066272385591422         0.066272385591426         0.406221311415693         0.000000000000000         0.000000000000000         0.000000000000000
        0.219300000000000         1.130287605428747         1.130287605428747         1.472444946508680         1.130287605428747         1.130287605428747         1.472444946508680         0.066070401705861         0.066070401705861         0.406118750662335         0.000000000000000         0.000000000000000         0.000000000000000
        0.219400000000000         1.128847908498607         1.128847908498607         1.470821223730176         1.128847908498607         1.128847908498607         1.470821223730176         0.065869511697604         0.065869511697602         0.406016355744663         0.000000000000000         0.000000000000000         0.000000000000000
        0.219500000000000         1.127417286196531         1.127417286196530         1.469204707740072         1.127417286196531         1.127417286196530         1.469204707740072         0.065669708896968         0.065669708896968         0.405914124900803         0.000000000000000         0.000000000000000         0.000000000000000
        0.219600000000000         1.125999263758360         1.125999263758360         1.467601890249133         1.125999263758360         1.125999263758360         1.467601890249133         0.065470986656046         0.065470986656048         0.405812056385654         0.000000000000000         0.000000000000000         0.000000000000000
        0.219700000000000         1.124588578996316         1.124588578996316         1.466002165224767         1.124588578996316         1.124588578996316         1.466002165224767         0.065273338349677         0.065273338349679         0.405710148470695         0.000000000000000         0.000000000000000         0.000000000000000
        0.219800000000000         1.123188318995841         1.123188318995842         1.464409859089723         1.123188318995841         1.123188318995841         1.464409859089722         0.065076757375513         0.065076757375514         0.405608399444085         0.000000000000000         0.000000000000000         0.000000000000000
        0.219900000000000         1.121796988055170         1.121796988055170         1.462825305153794         1.121796988055170         1.121796988055170         1.462825305153794         0.064881237155134         0.064881237155134         0.405506807610409         0.000000000000000         0.000000000000000         0.000000000000000
        0.220000000000000         1.120416090678027         1.120416090678027         1.461248712151543         1.120416090678027         1.120416090678027         1.461248712151543         0.064686771134092         0.064686771134092         0.405405371290753         0.000000000000000         0.000000000000000         0.000000000000000
        0.221000000000000         1.107073799114371         1.107073799114363         1.445877386434902         1.107073799114371         1.107073799114363         1.445877386434902         0.062798684456693         0.062798684456620         0.404399196478192         0.000000000000000         0.000000000000000         0.000000000000000
        0.222000000000000         1.094517496461069         1.094517496461052         1.431164568977848         1.094517496461068         1.094517496461052         1.431164568977848         0.061008983822317         0.061008983822145         0.403406853710798         0.000000000000000         0.000000000000000         0.000000000000000
        0.223000000000000         1.082653217981879         1.082653217981879         1.417042929439416         1.082653217981879         1.082653217981879         1.417042929439415         0.059311600054586         0.059311600054586         0.402426911931385         0.000000000000000         0.000000000000000         0.000000000000000
        0.224000000000000         1.071395748218537         1.071395748218537         1.403442827589890         1.071395748218536         1.071395748218536         1.403442827589890         0.057700754268048         0.057700754268049         0.401458091955859         0.000000000000000         0.000000000000000         0.000000000000000
        0.225000000000000         1.060676786879277         1.060676786879269         1.390314839042353         1.060676786879277         1.060676786879270         1.390314839042353         0.056170992642908         0.056170992642818         0.400499246306517         0.000000000000000         0.000000000000000         0.000000000000000
        0.226000000000000         1.050448762715644         1.050448762715659         1.377614018143243         1.050448762715644         1.050448762715659         1.377614018143243         0.054717188949281         0.054717188949454         0.399549348039865         0.000000000000000         0.000000000000000         0.000000000000000
        0.227000000000000         1.040650297302691         1.040650297302694         1.365302839113899         1.040650297302691         1.040650297302694         1.365302839113899         0.053334540206002         0.053334540206036         0.398607479855120         0.000000000000000         0.000000000000000         0.000000000000000
        0.228000000000000         1.031258093221800         1.031258093221801         1.353350360800612         1.031258093221800         1.031258093221800         1.353350360800612         0.052018557454302         0.052018557454302         0.397672823719969         0.000000000000000         0.000000000000000         0.000000000000000
        0.229000000000000         1.022228574216051         1.022228574216052         1.341728624931270         1.022228574216051         1.022228574216052         1.341728624931270         0.050765053211905         0.050765053211914         0.396744651146494         0.000000000000000         0.000000000000000         0.000000000000000
        0.230000000000000         1.013534426961216         1.013534426961216         1.330415064413869         1.013534426961216         1.013534426961216         1.330415064413869         0.049570126792682         0.049570126792685         0.395822314199259         0.000000000000000         0.000000000000000         0.000000000000000
        0.231000000000000         1.005147885214219         1.005147885214221         1.319385158344580         1.005147885214219         1.005147885214221         1.319385158344580         0.048430148406841         0.048430148406861         0.394905237259540         0.000000000000000         0.000000000000000         0.000000000000000
        0.232000000000000         0.997048590112397         0.997048590112398         1.308631553337710         0.997048590112397         0.997048590112398         1.308631553337710         0.047341742726297         0.047341742726315         0.393992909526907         0.000000000000000         0.000000000000000         0.000000000000000
        0.233000000000000         0.989214489625487         0.989214489625486         1.298127976062245         0.989214489625487         0.989214489625486         1.298127976062246         0.046301772397946         0.046301772397930         0.393084878244106         0.000000000000000         0.000000000000000         0.000000000000000
        0.234000000000000         0.981629400028627         0.981629400028627         1.287862872477292         0.981629400028627         0.981629400028627         1.287862872477292         0.045307321865025         0.045307321865021         0.392180742593353         0.000000000000000         0.000000000000000         0.000000000000000
        0.235000000000000         0.974274379459878         0.974274379459877         1.277820130881831         0.974274379459878         0.974274379459877         1.277820130881831         0.044355681735769         0.044355681735752         0.391280148219364         0.000000000000000         0.000000000000000         0.000000000000000
        0.236000000000000         0.967139960483435         0.967139960483433         1.268005925312602         0.967139960483435         0.967139960483433         1.268005925312602         0.043444333857631         0.043444333857608         0.390382782321650         0.000000000000000         0.000000000000000         0.000000000000000
        0.237000000000000         0.960207804984193         0.960207804984193         1.258391447458070         0.960207804984193         0.960207804984193         1.258391447458070         0.042570937194524         0.042570937194518         0.389488369269314         0.000000000000000         0.000000000000000         0.000000000000000
        0.238000000000000         0.953484443481498         0.953484443481499         1.248973335589347         0.953484443481498         0.953484443481499         1.248973335589347         0.041733314556509         0.041733314556518         0.388596666688373         0.000000000000000         0.000000000000000         0.000000000000000
        0.239000000000000         0.946930051301097         0.946930051301097         1.239744695319307         0.946930051301097         0.946930051301097         1.239744695319307         0.040929440198024         0.040929440198025         0.387707461965597         0.000000000000000         0.000000000000000         0.000000000000000
        0.240000000000000         0.940548908268963         0.940548908268963         1.230695421692372         0.940548908268963         0.940548908268963         1.230695421692372         0.040157428278796         0.040157428278795         0.386820569136133         0.000000000000000         0.000000000000000         0.000000000000000
        0.241000000000000         0.934332348582943         0.934332348582943         1.221821292198461         0.934332348582943         0.934332348582943         1.221821292198461         0.039415522162267         0.039415522162267         0.385935826103575         0.000000000000000         0.000000000000000         0.000000000000000
        0.242000000000000         0.928274335171436         0.928274335171436         1.213114725655219         0.928274335171436         0.928274335171436         1.213114725655219         0.038702084518275         0.038702084518277         0.385053092163972         0.000000000000000         0.000000000000000         0.000000000000000
        0.243000000000000         0.922362022522970         0.922362022522970         1.204570803270304         0.922362022522970         0.922362022522970         1.204570803270305         0.038015588186564         0.038015588186563         0.384172245793644         0.000000000000000         0.000000000000000         0.000000000000000
        0.244000000000000         0.916593912729662         0.916593912729662         1.196182718934767         0.916593912729662         0.916593912729662         1.196182718934767         0.037354607758478         0.037354607758475         0.383293182677088         0.000000000000000         0.000000000000000         0.000000000000000
        0.245000000000000         0.910962281870749         0.910962281870750         1.187946604763383         0.910962281870749         0.910962281870750         1.187946604763383         0.036717811827043         0.036717811827051         0.382415813943212         0.000000000000000         0.000000000000000         0.000000000000000
        0.246000000000000         0.905459135603059         0.905459135603059         1.179856294373054         0.905459135603059         0.905459135603059         1.179856294373054         0.036103955858922         0.036103955858913         0.381540064588709         0.000000000000000         0.000000000000000         0.000000000000000
        0.247000000000000         0.900085287530473         0.900085287530473         1.171909139735799         0.900085287530473         0.900085287530473         1.171909139735799         0.035511875644351         0.035511875644346         0.380665872067670         0.000000000000000         0.000000000000000         0.000000000000000
        0.248000000000000         0.894829843055156         0.894829843055156         1.164099968240946         0.894829843055156         0.894829843055156         1.164099968240946         0.034940481278473         0.034940481278490         0.379793185027994         0.000000000000000         0.000000000000000         0.000000000000000
        0.249000000000000         0.889686973704107         0.889686973704108         1.156425278419351         0.889686973704107         0.889686973704108         1.156425278419351         0.034388751631189         0.034388751631198         0.378921962177770         0.000000000000000         0.000000000000000         0.000000000000000
        0.250000000000000         0.884660874283509         0.884660874283509         1.148876180162987         0.884660874283509         0.884660874283509         1.148876180162987         0.033855729269396         0.033855729269399         0.378052171268560         0.000000000000000         0.000000000000000         0.000000000000000
        0.251000000000000         0.879744080336934         0.879744080336934         1.141462562645918         0.879744080336934         0.879744080336934         1.141462562645918         0.033340515789586         0.033340515789585         0.377183788180420         0.000000000000000         0.000000000000000         0.000000000000000
        0.252000000000000         0.874923237306284         0.874923237306284         1.134166347469014         0.874923237306284         0.874923237306284         1.134166347469014         0.032842267531017         0.032842267531020         0.376316796099565         0.000000000000000         0.000000000000000         0.000000000000000
        0.253000000000000         0.870205853707551         0.870205853707550         1.126993954478778         0.870205853707551         0.870205853707550         1.126993954478778         0.032360191634890         0.032360191634879         0.375451184777399         0.000000000000000         0.000000000000000         0.000000000000000
        0.254000000000000         0.865529551825598         0.865529551825599         1.119939593891151         0.865529551825598         0.865529551825599         1.119939593891150         0.031893542419455         0.031893542419469         0.374586949861481         0.000000000000000         0.000000000000000         0.000000000000000
        0.255000000000000         0.860979410191580         0.860979410191580         1.112998811620765         0.860979410191580         0.860979410191580         1.112998811620765         0.031441618047610         0.031441618047608         0.373724092292501         0.000000000000000         0.000000000000000         0.000000000000000
        0.256000000000000         0.856575691626024         0.856575691626024         1.106169534179134         0.856575691626024         0.856575691626024         1.106169534179134         0.031003757457970         0.031003757457970         0.372862617758180         0.000000000000000         0.000000000000000         0.000000000000000
        0.257000000000000         0.852287480024971         0.852287480024971         1.099449469369508         0.852287480024971         0.852287480024971         1.099449469369507         0.030579337538998         0.030579337538998         0.372002536199251         0.000000000000000         0.000000000000000         0.000000000000000
        0.258000000000000         0.848028181685562         0.848028181685562         1.092836254034785         0.848028181685562         0.848028181685562         1.092836254034784         0.030167770526259         0.030167770526255         0.371143861361911         0.000000000000000         0.000000000000000         0.000000000000000
        0.259000000000000         0.843831786179823         0.843831786179824         1.086325837359792         0.843831786179823         0.843831786179824         1.086325837359791         0.029768501601306         0.029768501601321         0.370286610391558         0.000000000000000         0.000000000000000         0.000000000000000
        0.260000000000000         0.839713786527733         0.839713786527733         1.079918754717916         0.839713786527733         0.839713786527732         1.079918754717916         0.029381006677303         0.029381006677286         0.369430803463575         0.000000000000000         0.000000000000000         0.000000000000000
        0.261000000000000         0.835694375547480         0.835694375547480         1.073613312957143         0.835694375547480         0.835694375547480         1.073613312957143         0.029004790354608         0.029004790354605         0.368576463448294         0.000000000000000         0.000000000000000         0.000000000000000
        0.262000000000000         0.831840974968336         0.831840974968336         1.067403681349073         0.831840974968336         0.831840974968336         1.067403681349073         0.028639384031843         0.028639384031847         0.367723615605403         0.000000000000000         0.000000000000000         0.000000000000000
        0.263000000000000         0.827879491201909         0.827879491201909         1.061284688708297         0.827879491201909         0.827879491201909         1.061284688708297         0.028284344149036         0.028284344149032         0.366872287304616         0.000000000000000         0.000000000000000         0.000000000000000
        0.264000000000000         0.824060579249679         0.824060579249681         1.055268414371517         0.824060579249679         0.824060579249681         1.055268414371517         0.027939250626359         0.027939250626385         0.366022507775466         0.000000000000000         0.000000000000000         0.000000000000000
        0.265000000000000         0.820324017943429         0.820324017943429         1.049338918762966         0.820324017943429         0.820324017943429         1.049338918762966         0.027603705260323         0.027603705260315         0.365174307869000         0.000000000000000         0.000000000000000         0.000000000000000
        0.266000000000000         0.816661104286026         0.816661104286027         1.043498998208496         0.816661104286026         0.816661104286027         1.043498998208496         0.027277330447488         0.027277330447497         0.364327719852660         0.000000000000000         0.000000000000000         0.000000000000000
        0.267000000000000         0.813065001313715         0.813065001313715         1.037746620644888         0.813065001313715         0.813065001313715         1.037746620644888         0.026959767845021         0.026959767844999         0.363482777212541         0.000000000000000         0.000000000000000         0.000000000000000
        0.268000000000000         0.809477984055382         0.809477984055382         1.032080050769436         0.809477984055382         0.809477984055382         1.032080050769436         0.026650677190608         0.026650677190607         0.362639514477792         0.000000000000000         0.000000000000000         0.000000000000000
        0.269000000000000         0.806031751734989         0.806031751734989         1.026497718710103         0.806031751734989         0.806031751734989         1.026497718710103         0.026349735196434         0.026349735196426         0.361797967057596         0.000000000000000         0.000000000000000         0.000000000000000
        0.270000000000000         0.802576506878117         0.802576506878117         1.020998186673191         0.802576506878117         0.802576506878117         1.020998186673191         0.026056634520977         0.026056634520975         0.360958171092545         0.000000000000000         0.000000000000000         0.000000000000000
        0.271000000000000         0.799296310298606         0.799296310298606         1.015578058451995         0.799296310298607         0.799296310298606         1.015578058451995         0.025771082813993         0.025771082813992         0.360120163317955         0.000000000000000         0.000000000000000         0.000000000000000
        0.272000000000000         0.795984106253017         0.795984106253017         1.010239129577224         0.795984106253017         0.795984106253017         1.010239129577224         0.025492801827429         0.025492801827429         0.359283980939159         0.000000000000000         0.000000000000000         0.000000000000000
        0.273000000000000         0.792798348847909         0.792798348847909         1.004974408944856         0.792798348847909         0.792798348847909         1.004974408944857         0.025221526587855         0.025221526587856         0.358449661515775         0.000000000000000         0.000000000000000         0.000000000000000
        0.274000000000000         0.789625576949649         0.789625576949649         0.999787759818997         0.789625576949649         0.789625576949649         0.999787759818997         0.024957004625788         0.024957004625782         0.357617242857170         0.000000000000000         0.000000000000000         0.000000000000000
        0.275000000000000         0.786523517208040         0.786523517208040         0.994674195448100         0.786523517208040         0.786523517208040         0.994674195448100         0.024698995256242         0.024698995256230         0.356786762924690         0.000000000000000         0.000000000000000         0.000000000000000
        0.276000000000000         0.783438650376288         0.783438650376288         0.989633416579846         0.783438650376288         0.783438650376288         0.989633416579846         0.024447268908870         0.024447268908866         0.355958259743238         0.000000000000000         0.000000000000000         0.000000000000000
        0.277000000000000         0.780435862497447         0.780435862497447         0.984664561425279         0.780435862497446         0.780435862497446         0.984664561425279         0.024201606501384         0.024201606501384         0.355131771319338         0.000000000000000         0.000000000000000         0.000000000000000
        0.278000000000000         0.777468436988015         0.777468436988015         0.979767508890487         0.777468436988015         0.777468436988015         0.979767508890487         0.023961798855066         0.023961798855063         0.354307335565985         0.000000000000000         0.000000000000000         0.000000000000000
        0.279000000000000         0.774552991467146         0.774552991467146         0.974936528660689         0.774552991467146         0.774552991467146         0.974936528660688         0.023727646147844         0.023727646147835         0.353484990234057         0.000000000000000         0.000000000000000         0.000000000000000
        0.280000000000000         0.771693984514989         0.771693984514989         0.970174145701548         0.771693984514989         0.771693984514989         0.970174145701548         0.023498957403187         0.023498957403193         0.352664772848786         0.000000000000000         0.000000000000000         0.000000000000000
        0.281000000000000         0.768930668344965         0.768930668344965         0.965477185191527         0.768930668344965         0.768930668344965         0.965477185191527         0.023275550011388         0.023275550011391         0.351846720651824         0.000000000000000         0.000000000000000         0.000000000000000
        0.282000000000000         0.766110408495646         0.766110408495646         0.960844887637514         0.766110408495646         0.766110408495646         0.960844887637513         0.023057249281205         0.023057249281208         0.351030870548410         0.000000000000000         0.000000000000000         0.000000000000000
        0.283000000000000         0.763389855636287         0.763389855636287         0.956276080341769         0.763389855636287         0.763389855636287         0.956276080341769         0.022843888019890         0.022843888019890         0.350217259058190         0.000000000000000         0.000000000000000         0.000000000000000
        0.284000000000000         0.760720656198746         0.760720656198746         0.951768608199109         0.760720656198746         0.760720656198746         0.951768608199109         0.022635306139113         0.022635306139113         0.349405922271179         0.000000000000000         0.000000000000000         0.000000000000000
        0.285000000000000         0.758088402259845         0.758088402259845         0.947322939080804         0.758088402259845         0.758088402259845         0.947322939080804         0.022431350285637         0.022431350285638         0.348596895806741         0.000000000000000         0.000000000000000         0.000000000000000
        0.286000000000000         0.755500061716326         0.755500061716326         0.942937840763470         0.755500061716326         0.755500061716326         0.942937840763470         0.022231873493630         0.022231873493632         0.347790214776772         0.000000000000000         0.000000000000000         0.000000000000000
        0.287000000000000         0.752964044437569         0.752964044437569         0.938610281805583         0.752964044437569         0.752964044437569         0.938610281805583         0.022036734859517         0.022036734859515         0.346985913751767         0.000000000000000         0.000000000000000         0.000000000000000
        0.288000000000000         0.750505401946210         0.750505401946210         0.934340098060345         0.750505401946210         0.750505401946210         0.934340098060345         0.021845799234608         0.021845799234602         0.346184026730259         0.000000000000000         0.000000000000000         0.000000000000000
        0.289000000000000         0.748034221966840         0.748034221966840         0.930126599577301         0.748034221966839         0.748034221966839         0.930126599577302         0.021658936937543         0.021658936937544         0.345384587110963         0.000000000000000         0.000000000000000         0.000000000000000
        0.290000000000000         0.745646639846347         0.745646639846347         0.925967772519136         0.745646639846347         0.745646639846347         0.925967772519136         0.021476023482887         0.021476023482883         0.344587627667826         0.000000000000000         0.000000000000000         0.000000000000000
        0.291000000000000         0.743254822804491         0.743254822804491         0.921862632780230         0.743254822804491         0.743254822804491         0.921862632780230         0.021296939325335         0.021296939325338         0.343793180527229         0.000000000000000         0.000000000000000         0.000000000000000
        0.292000000000000         0.740908421930484         0.740908421930484         0.917810802521568         0.740908421930484         0.740908421930484         0.917810802521568         0.021121569619889         0.021121569619890         0.343001277148025         0.000000000000000         0.000000000000000         0.000000000000000
        0.293000000000000         0.738571898492475         0.738571898492475         0.913810891448139         0.738571898492475         0.738571898492475         0.913810891448139         0.020949803994322         0.020949803994325         0.342211948303164         0.000000000000000         0.000000000000000         0.000000000000000
        0.294000000000000         0.736359390797225         0.736359390797225         0.909861836252724         0.736359390797225         0.736359390797225         0.909861836252724         0.020781536335631         0.020781536335635         0.341425224064072         0.000000000000000         0.000000000000000         0.000000000000000
        0.295000000000000         0.734117130596001         0.734117130596001         0.905962279461463         0.734117130596001         0.734117130596001         0.905962279461463         0.020616664588346         0.020616664588350         0.340641133786217         0.000000000000000         0.000000000000000         0.000000000000000
        0.296000000000000         0.731928674761611         0.731928674761611         0.902111714847929         0.731928674761611         0.731928674761611         0.902111714847929         0.020455090563714         0.020455090563718         0.339859706097083         0.000000000000000         0.000000000000000         0.000000000000000
        0.297000000000000         0.729782757063876         0.729782757063876         0.898302706426919         0.729782757063876         0.729782757063876         0.898302706426919         0.020296719759871         0.020296719759879         0.339080968885362         0.000000000000000         0.000000000000000         0.000000000000000
        0.298000000000000         0.727670918349585         0.727670918349585         0.894552883575171         0.727670918349585         0.727670918349585         0.894552883575171         0.020141461191758         0.020141461191761         0.338304949292040         0.000000000000000         0.000000000000000         0.000000000000000
        0.299000000000000         0.725582057416288         0.725582057416288         0.890842740134905         0.725582057416288         0.725582057416288         0.890842740134905         0.019989227230312         0.019989227230312         0.337531673702874         0.000000000000000         0.000000000000000         0.000000000000000
        0.300000000000000         0.723536706426889         0.723536706426889         0.887177875126610         0.723536706426889         0.723536706426889         0.887177875126610         0.019839933450248         0.019839933450247         0.336761167742105         0.000000000000000         0.000000000000000         0.000000000000000
