                   T[GeV]                  tauU[fm]                  tauD[fm]                  tauS[fm]               tauUBar[fm]               tauDBar[fm]               tauSBar[fm]                effMU[GeV]                effMD[GeV]                effMS[GeV]               effCPU[GeV]               effCPD[GeV]               effCPS[GeV]
        0.120000000000000        27.304201344753476        27.304201344753480        33.897909558644358        27.304201344753476        27.304201344753476        33.897909558644365         0.367183245234291         0.367183245234291         0.542178569923943         0.000000000000000         0.000000000000000         0.000000000000000
        0.121000000000000        26.230989498849958        26.230989498849961        32.492100021464097        26.230989498849954        26.230989498849954        32.492100021464083         0.365503884472522         0.365503884472522         0.540899658574525         0.000000000000000         0.000000000000000         0.000000000000000
        0.122000000000000        25.212382327694570        25.212382327694570        31.159974634828842        25.212382327694570        25.212382327694570        31.159974634828838         0.363759002050162         0.363759002050162         0.539571592092388         0.000000000000000         0.000000000000000         0.000000000000000
        0.123000000000000        24.244376910461689        24.244376910461661        29.896671748685350        24.244376910461689        24.244376910461661        29.896671748685350         0.361945930591781         0.361945930591780         0.538192515673870         0.000000000000000         0.000000000000000         0.000000000000000
        0.124000000000000        23.323910903821190        23.323910903821172        28.697699704593596        23.323910903821190        23.323910903821172        28.697699704593600         0.360061826099107         0.360061826099106         0.536760463584860         0.000000000000000         0.000000000000000         0.000000000000000
        0.125000000000000        22.447984362328608        22.447984362328604        27.558909170375092        22.447984362328604        22.447984362328608        27.558909170375099         0.358103650171629         0.358103650171630         0.535273348654447         0.000000000000000         0.000000000000000         0.000000000000000
        0.126000000000000        21.613829062185246        21.613829062185186        26.476445000886635        21.613829062185246        21.613829062185186        26.476445000886631         0.356068149982133         0.356068149982132         0.533728950526791         0.000000000000000         0.000000000000000         0.000000000000000
        0.127000000000000        20.818868962252978        20.818868962252960        25.446773444956648        20.818868962252978        20.818868962252957        25.446773444956644         0.353951835666196         0.353951835666195         0.532124902495846         0.000000000000000         0.000000000000000         0.000000000000000
        0.128000000000000        20.060749411208629        20.060749411208661        24.466563212713467        20.060749411208633        20.060749411208665        24.466563212713467         0.351750954717071         0.351750954717072         0.530458676715422         0.000000000000000         0.000000000000000         0.000000000000000
        0.129000000000000        19.337104458172089        19.337104458172121        23.532729802617887        19.337104458172089        19.337104458172117        23.532729802617887         0.349461462901777         0.349461462901778         0.528727567542039         0.000000000000000         0.000000000000000         0.000000000000000
        0.130000000000000        18.646003834609299        18.646003834609310        22.642426053578202        18.646003834609292        18.646003834609310        22.642426053578202         0.347078991122244         0.347078991122244         0.526928672726233         0.000000000000000         0.000000000000000         0.000000000000000
        0.131000000000000        17.985374127859668        17.985374127859707        21.793061012633682        17.985374127859664        17.985374127859703        21.793061012633682         0.344598807534177         0.344598807534178         0.525058872118691         0.000000000000000         0.000000000000000         0.000000000000000
        0.132000000000000        17.353566282787718        17.353566282787693        20.982142528288172        17.353566282787718        17.353566282787696        20.982142528288165         0.342015774100453         0.342015774100452         0.523114803498871         0.000000000000000         0.000000000000000         0.000000000000000
        0.133000000000000        16.748826076123898        16.748826076123891        20.207376419102523        16.748826076123901        16.748826076123891        20.207376419102527         0.339324296590307         0.339324296590306         0.521092835064520         0.000000000000000         0.000000000000000         0.000000000000000
        0.134000000000000        16.169584720521041        16.169584720521105        19.466623458354405        16.169584720521044        16.169584720521105        19.466623458354405         0.336518266832974         0.336518266832977         0.518989034038576         0.000000000000000         0.000000000000000         0.000000000000000
        0.135000000000000        15.614367450393228        15.614367450393239        18.757888242012079        15.614367450393228        15.614367450393237        18.757888242012072         0.333590995786116         0.333590995786116         0.516799130753988         0.000000000000000         0.000000000000000         0.000000000000000
        0.136000000000000        15.081795775506823        15.081795775506951        18.079314783711862        15.081795775506823        15.081795775506949        18.079314783711862         0.330535135675303         0.330535135675309         0.514518477465450         0.000000000000000         0.000000000000000         0.000000000000000
        0.137000000000000        14.570575975258125        14.570575975258148        17.429160319508490        14.570575975258125        14.570575975258148        17.429160319508494         0.327342589088142         0.327342589088143         0.512142001009215         0.000000000000000         0.000000000000000         0.000000000000000
        0.138000000000000        14.079490570067669        14.079490570067625        16.805799419886934        14.079490570067669        14.079490570067625        16.805799419886934         0.324004402451649         0.324004402451647         0.509664148289403         0.000000000000000         0.000000000000000         0.000000000000000
        0.139000000000000        13.607395723802940        13.607395723803068        16.207724594295776        13.607395723802940        13.607395723803069        16.207724594295769         0.320510640769310         0.320510640769317         0.507078823416110         0.000000000000000         0.000000000000000         0.000000000000000
        0.140000000000000        13.153215307974300        13.153215307974326        15.633486746760646        13.153215307974298        13.153215307974326        15.633486746760642         0.316850239830588         0.316850239830590         0.504379315168241         0.000000000000000         0.000000000000000         0.000000000000000
        0.141000000000000        12.715934407346351        12.715934407346507        15.081805848524358        12.715934407346351        12.715934407346507        15.081805848524358         0.313010831322465         0.313010831322475         0.501558213325976         0.000000000000000         0.000000000000000         0.000000000000000
        0.142000000000000        12.294582467948715        12.294582467948629        14.551416542584303        12.294582467948711        12.294582467948626        14.551416542584301         0.308978535378903         0.308978535378897         0.498607312359621         0.000000000000000         0.000000000000000         0.000000000000000
        0.143000000000000        11.888243756138298        11.888243756138397        14.041141938472910        11.888243756138298        11.888243756138399        14.041141938472910         0.304737714137590         0.304737714137597         0.495517501057030         0.000000000000000         0.000000000000000         0.000000000000000
        0.144000000000000        11.496117481991234        11.496117481991160        13.549924745992278        11.496117481991234        11.496117481991160        13.549924745992278         0.300270678954076         0.300270678954070         0.492278637077884         0.000000000000000         0.000000000000000         0.000000000000000
        0.145000000000000        11.117200409289120        11.117200409289145        13.076756535794944        11.117200409289117        11.117200409289145        13.076756535794946         0.295557343304852         0.295557343304854         0.488879406420587         0.000000000000000         0.000000000000000         0.000000000000000
        0.146000000000000        10.750810522784855        10.750810522784908        12.620744207476719        10.750810522784855        10.750810522784912        12.620744207476719         0.290574813639724         0.290574813639729         0.485307169885402         0.000000000000000         0.000000000000000         0.000000000000000
        0.147000000000000        10.396180674933582        10.396180674933543        12.181044417137146        10.396180674933584        10.396180674933545        12.181044417137148         0.285296912621433         0.285296912621430         0.481547802736100         0.000000000000000         0.000000000000000         0.000000000000000
        0.148000000000000        10.052447278288437        10.052447278288234        11.756935566399010        10.052447278288437        10.052447278288236        11.756935566399010         0.279693635480645         0.279693635480625         0.477585541549616         0.000000000000000         0.000000000000000         0.000000000000000
        0.149000000000000         9.718792141542096         9.718792141542281        11.347755060536183         9.718792141542096         9.718792141542281        11.347755060536183         0.273730554869377         0.273730554869397         0.473402866679219         0.000000000000000         0.000000000000000         0.000000000000000
        0.150000000000000         9.394289559021296         9.394289559021271        10.953038236385717         9.394289559021292         9.394289559021271        10.953038236385719         0.267368220742075         0.267368220742073         0.468980475126552         0.000000000000000         0.000000000000000         0.000000000000000
        0.151000000000000         9.077897764872816         9.077897764872580        10.572362154705674         9.077897764872818         9.077897764872580        10.572362154705671         0.260561664934853         0.260561664934823         0.464297446233382         0.000000000000000         0.000000000000000         0.000000000000000
        0.152000000000000         8.768057226052447         8.768057226052603        10.205502561275694         8.768057226052445         8.768057226052603        10.205502561275694         0.253260243807235         0.253260243807257         0.459331787139814         0.000000000000000         0.000000000000000         0.000000000000000
        0.153000000000000         8.462402855030771         8.462402855030753         9.852450758051756         8.462402855030769         8.462402855030751         9.852450758051756         0.245408229449232         0.245408229449231         0.454061661375129         0.000000000000000         0.000000000000000         0.000000000000000
        0.153166666666667         8.411634425533206         8.411634425533206         9.794960460060818         8.411634425533206         8.411634425533206         9.794960460060814         0.244041944257591         0.244041944257592         0.453152296586466         0.000000000000000         0.000000000000000         0.000000000000000
        0.153333333333333         8.360855728307012         8.360855728307012         9.737864659305185         8.360855728307014         8.360855728307012         9.737864659305183         0.242658469027487         0.242658469027488         0.452233854039857         0.000000000000000         0.000000000000000         0.000000000000000
        0.153500000000000         8.310010976525607         8.310010976525607         9.681153312149284         8.310010976525607         8.310010976525607         9.681153312149284         0.241257534901426         0.241257534901426         0.451306264519412         0.000000000000000         0.000000000000000         0.000000000000000
        0.153666666666667         8.259106202966700         8.259106202966699         9.624834514027185         8.259106202966699         8.259106202966699         9.624834514027185         0.239838876880423         0.239838876880423         0.450369465873999         0.000000000000000         0.000000000000000         0.000000000000000
        0.153833333333333         8.208079981256095         8.208079981256097         9.568911191191841         8.208079981256097         8.208079981256097         9.568911191191843         0.238402235038726         0.238402235038725         0.449423403947843         0.000000000000000         0.000000000000000         0.000000000000000
        0.154000000000000         8.156891888314282         8.156891888314265         9.513385017532606         8.156891888314281         8.156891888314265         9.513385017532606         0.236947355987944         0.236947355987942         0.448468033641924         0.000000000000000         0.000000000000000         0.000000000000000
        0.154166666666667         8.105492788538745         8.105492788538731         9.458257011673009         8.105492788538745         8.105492788538731         9.458257011673009         0.235473994511256         0.235473994511254         0.447503320070649         0.000000000000000         0.000000000000000         0.000000000000000
        0.154333333333333         8.053793310153893         8.053793310153894         9.403527044670600         8.053793310153894         8.053793310153894         9.403527044670600         0.233981915381793         0.233981915381792         0.446529239819160         0.000000000000000         0.000000000000000         0.000000000000000
        0.154500000000000         8.001818858538464         8.001818858538465         9.349240186566846         8.001818858538464         8.001818858538464         9.349240186566846         0.232470895378940         0.232470895378940         0.445545782305971         0.000000000000000         0.000000000000000         0.000000000000000
        0.154666666666667         7.949387328902473         7.949387328902475         9.295287952632902         7.949387328902472         7.949387328902472         9.295287952632904         0.230940725516668         0.230940725516668         0.444552951255253         0.000000000000000         0.000000000000000         0.000000000000000
        0.154833333333333         7.896438343147955         7.896438343147940         9.241775176811268         7.896438343147955         7.896438343147941         9.241775176811268         0.229391213497110         0.229391213497109         0.443550766281972         0.000000000000000         0.000000000000000         0.000000000000000
        0.155000000000000         7.842891773935097         7.842891773935082         9.188728530144365         7.842891773935097         7.842891773935082         9.188728530144367         0.227822186640511         0.227822186640507         0.442539264695768         0.000000000000000         0.000000000000000         0.000000000000000
        0.155166666666667         7.788588194604715         7.788588194604718         9.136034109461720         7.788588194604715         7.788588194604717         9.136034109461720         0.226233493635957         0.226233493635957         0.441518502799376         0.000000000000000         0.000000000000000         0.000000000000000
        0.155333333333333         7.733365303314503         7.733365303314503         9.083669296831424         7.733365303314503         7.733365303314502         9.083669296831424         0.224625010122001         0.224625010122001         0.440488558854490         0.000000000000000         0.000000000000000         0.000000000000000
        0.155500000000000         7.677054057770863         7.677054057770863         9.031794191256566         7.677054057770863         7.677054057770863         9.031794191256566         0.222996639771544         0.222996639771544         0.439449534088153         0.000000000000000         0.000000000000000         0.000000000000000
        0.155666666666667         7.619463951268407         7.619463951268392         8.980332361931437         7.619463951268405         7.619463951268391         8.980332361931438         0.221348319216118         0.221348319216116         0.438401555356326         0.000000000000000         0.000000000000000         0.000000000000000
        0.155833333333333         7.560204212390349         7.560204212390336         8.929282512723599         7.560204212390349         7.560204212390336         8.929282512723599         0.219680021809502         0.219680021809501         0.437344777281026         0.000000000000000         0.000000000000000         0.000000000000000
        0.156000000000000         7.499075201199306         7.499075201199306         8.878640221329400         7.499075201199306         7.499075201199306         8.878640221329400         0.217991761889405         0.217991761889406         0.436279384571372         0.000000000000000         0.000000000000000         0.000000000000000
        0.156166666666667         7.435675451448955         7.435675451448955         8.828416539582165         7.435675451448955         7.435675451448955         8.828416539582163         0.216283599285652         0.216283599285650         0.435205594406501         0.000000000000000         0.000000000000000         0.000000000000000
        0.156333333333333         7.369641541660613         7.369641541660614         8.778595126751398         7.369641541660611         7.369641541660611         8.778595126751398         0.214555644052527         0.214555644052527         0.434123658856209         0.000000000000000         0.000000000000000         0.000000000000000
        0.156500000000000         7.300748437547374         7.300748437547373         8.729185932919318         7.300748437547374         7.300748437547373         8.729185932919320         0.212808061393777         0.212808061393778         0.433033867309405         0.000000000000000         0.000000000000000         0.000000000000000
        0.156666666666667         7.229925585281914         7.229925585281926         8.680180141661578         7.229925585281914         7.229925585281927         8.680180141661578         0.211041076736691         0.211041076736691         0.431936548873504         0.000000000000000         0.000000000000000         0.000000000000000
        0.156833333333333         7.165308843550121         7.165308843550121         8.631574362939316         7.165308843550121         7.165308843550121         8.631574362939315         0.209254980900629         0.209254980900629         0.430832074701453         0.000000000000000         0.000000000000000         0.000000000000000
        0.157000000000000         7.109455286005472         7.109455286005459         8.583376296380548         7.109455286005472         7.109455286005460         8.583376296380548         0.207450135290025         0.207450135290023         0.429720860195092         0.000000000000000         0.000000000000000         0.000000000000000
        0.157166666666667         7.058427473791213         7.058427473791212         8.535534850850082         7.058427473791212         7.058427473791214         8.535534850850082         0.205626977028484         0.205626977028484         0.428603367026745         0.000000000000000         0.000000000000000         0.000000000000000
        0.157333333333333         7.011040878099891         7.011040878099891         8.488084780138671         7.011040878099891         7.011040878099891         8.488084780138671         0.203786023933926         0.203786023933926         0.427480104913219         0.000000000000000         0.000000000000000         0.000000000000000
        0.157500000000000         6.966632875737534         6.966632875737535         8.441003978068000         6.966632875737535         6.966632875737535         8.441003978068000         0.201927879220487         0.201927879220487         0.426351633070450         0.000000000000000         0.000000000000000         0.000000000000000
        0.157666666666667         6.924863608690313         6.924863608690325         8.394277044899134         6.924863608690313         6.924863608690325         8.394277044899134         0.200053235797151         0.200053235797152         0.425218561271241         0.000000000000000         0.000000000000000         0.000000000000000
        0.157833333333333         6.885337349428132         6.885337349428120         8.347886702151962         6.885337349428132         6.885337349428120         8.347886702151962         0.198162880019271         0.198162880019269         0.424081550424672         0.000000000000000         0.000000000000000         0.000000000000000
        0.158000000000000         6.847848803367194         6.847848803367183         8.301821420176470         6.847848803367193         6.847848803367183         8.301821420176470         0.196257695172221         0.196257695172217         0.422941312768274         0.000000000000000         0.000000000000000         0.000000000000000
        0.158166666666667         6.812216551469537         6.812216551469549         8.256064016759240         6.812216551469535         6.812216551469549         8.256064016759241         0.194338661498495         0.194338661498496         0.421798610378006         0.000000000000000         0.000000000000000         0.000000000000000
        0.158333333333333         6.778258107919968         6.778258107919957         8.210586305738206         6.778258107919968         6.778258107919957         8.210586305738207         0.192406861684928         0.192406861684926         0.420654255560163         0.000000000000000         0.000000000000000         0.000000000000000
        0.158500000000000         6.745824894783303         6.745824894783311         8.165371105378851         6.745824894783301         6.745824894783312         8.165371105378851         0.190463476516601         0.190463476516603         0.419509106990500         0.000000000000000         0.000000000000000         0.000000000000000
        0.158666666666667         6.714783356899254         6.714783356899254         8.120397710041349         6.714783356899253         6.714783356899253         8.120397710041349         0.188509785682335         0.188509785682337         0.418364067613773         0.000000000000000         0.000000000000000         0.000000000000000
        0.158833333333333         6.685007636182939         6.685007636182950         8.075633461846113         6.685007636182940         6.685007636182950         8.075633461846113         0.186547164522693         0.186547164522694         0.417220080627416         0.000000000000000         0.000000000000000         0.000000000000000
        0.159000000000000         6.656423133467416         6.656423133467447         8.031052549746605         6.656423133467416         6.656423133467446         8.031052549746606         0.184577079808355         0.184577079808363         0.416078124810683         0.000000000000000         0.000000000000000         0.000000000000000
        0.159166666666667         6.628876729409503         6.628876729409503         7.986626707780524         6.628876729409503         6.628876729409502         7.986626707780526         0.182601082907621         0.182601082907620         0.414939208604898         0.000000000000000         0.000000000000000         0.000000000000000
        0.159333333333333         6.602250812726580         6.602250812726580         7.942325166553752         6.602250812726580         6.602250812726580         7.942325166553749         0.180620803756002         0.180620803756003         0.413804364288684         0.000000000000000         0.000000000000000         0.000000000000000
        0.159500000000000         6.576483042140659         6.576483042140659         7.898114297751860         6.576483042140659         6.576483042140659         7.898114297751859         0.178637939935992         0.178637939935993         0.412674640152418         0.000000000000000         0.000000000000000         0.000000000000000
        0.159666666666667         6.551448700227800         6.551448700227809         7.853963095451190         6.551448700227798         6.551448700227809         7.853963095451192         0.176654246676179         0.176654246676181         0.411551092947125         0.000000000000000         0.000000000000000         0.000000000000000
        0.159833333333333         6.527086250599425         6.527086250599424         7.809893042011836         6.527086250599424         6.527086250599424         7.809893042011838         0.174671524480714         0.174671524480714         0.410434779442438         0.000000000000000         0.000000000000000         0.000000000000000
        0.160000000000000         6.503256541095460         6.503256541095414         7.765712929687411         6.503256541095460         6.503256541095414         7.765712929687412         0.172691605709964         0.172691605709953         0.409326747681530         0.000000000000000         0.000000000000000         0.000000000000000
        0.160166666666667         6.479900967438430         6.479900967438422         7.721551758898994         6.479900967438430         6.479900967438422         7.721551758898992         0.170716340376178         0.170716340376177         0.408228028123502         0.000000000000000         0.000000000000000         0.000000000000000
        0.160333333333333         6.456885522201297         6.456885522201297         7.677323602705900         6.456885522201297         6.456885522201297         7.677323602705900         0.168747580925151         0.168747580925151         0.407139624671178         0.000000000000000         0.000000000000000         0.000000000000000
        0.160500000000000         6.434212468374666         6.434212468374666         7.633004430169477         6.434212468374667         6.434212468374667         7.633004430169478         0.166787167210647         0.166787167210647         0.406062506128786         0.000000000000000         0.000000000000000         0.000000000000000
        0.160666666666667         6.411773182951923         6.411773182951923         7.588601663180062         6.411773182951924         6.411773182951924         7.588601663180063         0.164836911130958         0.164836911130958         0.404997597955554         0.000000000000000         0.000000000000000         0.000000000000000
        0.160833333333333         6.389463676748390         6.389463676748391         7.543984865090119         6.389463676748390         6.389463676748391         7.543984865090118         0.162898581805154         0.162898581805155         0.403945774709930         0.000000000000000         0.000000000000000         0.000000000000000
        0.161000000000000         6.367230584987706         6.367230584987706         7.499236553426435         6.367230584987706         6.367230584987706         7.499236553426435         0.160973891453654         0.160973891453655         0.402907853288711         0.000000000000000         0.000000000000000         0.000000000000000
        0.161166666666667         6.345004531031091         6.345004531031091         7.454307058031535         6.345004531031091         6.345004531031092         7.454307058031534         0.159064482317533         0.159064482317533         0.401884587113180         0.000000000000000         0.000000000000000         0.000000000000000
        0.161333333333333         6.322747990309755         6.322747990309763         7.409186632177827         6.322747990309755         6.322747990309764         7.409186632177828         0.157171914888151         0.157171914888154         0.400876661371615         0.000000000000000         0.000000000000000         0.000000000000000
        0.161500000000000         6.300361720592575         6.300361720592576         7.363845636043399         6.300361720592576         6.300361720592576         7.363845636043400         0.155297657666597         0.155297657666600         0.399884689389486         0.000000000000000         0.000000000000000         0.000000000000000
        0.161666666666667         6.277826725641984         6.277826725641984         7.318281376292008         6.277826725641984         6.277826725641984         7.318281376292006         0.153443078611937         0.153443078611938         0.398909210158819         0.000000000000000         0.000000000000000         0.000000000000000
        0.161833333333333         6.255092679538901         6.255092679538894         7.272488624010191         6.255092679538899         6.255092679538894         7.272488624010190         0.151609438379612         0.151609438379610         0.397950687021432         0.000000000000000         0.000000000000000         0.000000000000000
        0.162000000000000         6.232125028574885         6.232125028574885         7.226460607162016         6.232125028574885         6.232125028574885         7.226460607162015         0.149797885384455         0.149797885384455         0.397009507463575         0.000000000000000         0.000000000000000         0.000000000000000
        0.162166666666667         6.208880325429615         6.208880325429609         7.180233360872169         6.208880325429615         6.208880325429609         7.180233360872168         0.148009452668766         0.148009452668765         0.396085983950546         0.000000000000000         0.000000000000000         0.000000000000000
        0.162333333333333         6.185323292387550         6.185323292387543         7.133692181946166         6.185323292387548         6.185323292387542         7.133692181946168         0.146245056500465         0.146245056500464         0.395180355703267         0.000000000000000         0.000000000000000         0.000000000000000
        0.162500000000000         6.161454032754058         6.161454032754058         7.086943351265282         6.161454032754058         6.161454032754058         7.086943351265282         0.144505496585258         0.144505496585258         0.394292791301795         0.000000000000000         0.000000000000000         0.000000000000000
        0.162666666666667         6.137223101416614         6.137223101416609         7.039962058656248         6.137223101416615         6.137223101416607         7.039962058656247         0.142791457740455         0.142791457740454         0.393423391987595         0.000000000000000         0.000000000000000         0.000000000000000
        0.162833333333333         6.112651014423216         6.112651014423216         6.992756280856179         6.112651014423216         6.112651014423216         6.992756280856179         0.141103512854430         0.141103512854430         0.392572195531805         0.000000000000000         0.000000000000000         0.000000000000000
        0.163000000000000         6.087676196432231         6.087676196432232         6.945318790814270         6.087676196432232         6.087676196432232         6.945318790814270         0.139442126944665         0.139442126944665         0.391739180536603         0.000000000000000         0.000000000000000         0.000000000000000
        0.163166666666667         6.062329137604162         6.062329137604156         6.897662650596771         6.062329137604162         6.062329137604156         6.897662650596771         0.137807662114338         0.137807662114338         0.390924271041671         0.000000000000000         0.000000000000000         0.000000000000000
        0.163333333333333         6.036583435686418         6.036583435686540         6.849775904522343         6.036583435686416         6.036583435686540         6.849775904522342         0.136200424326591         0.136200424326645         0.390127350176273         0.000000000000000         0.000000000000000         0.000000000000000
        0.163500000000000         6.010437225801351         6.010437225800899         6.801657464856177         6.010437225801351         6.010437225800899         6.801657464856177         0.134620502526655         0.134620502526449         0.389348229207422         0.000000000000000         0.000000000000000         0.000000000000000
        0.163666666666667         5.983874053462329         5.983874053462555         6.753324619755334         5.983874053462329         5.983874053462556         6.753324619755335         0.133068029966091         0.133068029966198         0.388586706756149         0.000000000000000         0.000000000000000         0.000000000000000
        0.163833333333333         5.956897374896345         5.956897374896040         6.704758780429629         5.956897374896345         5.956897374896042         6.704758780429629         0.131543018117434         0.131543018117288         0.387842536864463         0.000000000000000         0.000000000000000         0.000000000000000
        0.164000000000000         5.929499381735347         5.929499381735352         6.655962004149427         5.929499381735346         5.929499381735352         6.655962004149428         0.130045375411053         0.130045375411056         0.387115435425484         0.000000000000000         0.000000000000000         0.000000000000000
        0.164166666666667         5.901666626430758         5.901666626430926         6.606925435102775         5.901666626430757         5.901666626430925         6.606925435102775         0.128575074211002         0.128575074211085         0.386405121904048         0.000000000000000         0.000000000000000         0.000000000000000
        0.164333333333333         5.873384605565519         5.873384605565388         6.557635862647829         5.873384605565519         5.873384605565388         6.557635862647829         0.127131836930363         0.127131836930295         0.385711248814887         0.000000000000000         0.000000000000000         0.000000000000000
        0.164500000000000         5.844605130313942         5.844605130313642         6.508078128261475         5.844605130313942         5.844605130313642         6.508078128261475         0.125715462854009         0.125715462853848         0.385033480247261         0.000000000000000         0.000000000000000         0.000000000000000
        0.164666666666667         5.815179797651064         5.815179797650942         6.458232765362828         5.815179797651062         5.815179797650942         6.458232765362828         0.124325673979548         0.124325673979483         0.384371458089262         0.000000000000000         0.000000000000000         0.000000000000000
        0.164833333333333         5.784886407407394         5.784886407407343         6.408079384553355         5.784886407407394         5.784886407407341         6.408079384553355         0.122962152795502         0.122962152795476         0.383724812776476         0.000000000000000         0.000000000000000         0.000000000000000
        0.165000000000000         5.752473037958181         5.752473037958135         6.357572182306680         5.752473037958180         5.752473037958135         6.357572182306680         0.121624547662061         0.121624547662037         0.383093166243418         0.000000000000000         0.000000000000000         0.000000000000000
        0.165166666666667         5.714343498798176         5.714343498797874         6.306681542406015         5.714343498798178         5.714343498797873         6.306681542406015         0.120312477809647         0.120312477809470         0.382476134593607         0.000000000000000         0.000000000000000         0.000000000000000
        0.165333333333333         5.686584825435956         5.686584825435879         6.255352527768734         5.686584825435956         5.686584825435879         6.255352527768732         0.119025537946923         0.119025537946876         0.381873330487106         0.000000000000000         0.000000000000000         0.000000000000000
        0.165500000000000         5.651809779759568         5.651809779759849         6.203548557671731         5.651809779759568         5.651809779759850         6.203548557671731         0.117763302490888         0.117763302491062         0.381284365242661         0.000000000000000         0.000000000000000         0.000000000000000
        0.165666666666667         5.612372270670398         5.612372270670158         6.151195801188336         5.612372270670398         5.612372270670157         6.151195801188336         0.116525329416230         0.116525329416076         0.380708850692982         0.000000000000000         0.000000000000000         0.000000000000000
        0.165833333333333         5.574909564004419         5.574909564004340         6.098219377608781         5.574909564004419         5.574909564004340         6.098219377608783         0.115311163735323         0.115311163735271         0.380146400799568         0.000000000000000         0.000000000000000         0.000000000000000
        0.166000000000000         5.540423139097161         5.540423139097162         6.044531314284650         5.540423139097161         5.540423139097161         6.044531314284650         0.114120325683650         0.114120325683650         0.379596628076033         0.000000000000000         0.000000000000000         0.000000000000000
        0.166166666666667         5.503855818399899         5.503855818400019         5.990027096924718         5.503855818399899         5.503855818400019         5.990027096924718         0.112952388299824         0.112952388299908         0.379059169594266         0.000000000000000         0.000000000000000         0.000000000000000
        0.166333333333333         5.466905115336686         5.466905115336589         5.934579965227017         5.466905115336685         5.466905115336588         5.934579965227017         0.111806830363989         0.111806830363922         0.378533638361724         0.000000000000000         0.000000000000000         0.000000000000000
        0.166500000000000         5.429559565253197         5.429559565253326         5.878044165518151         5.429559565253197         5.429559565253325         5.878044165518151         0.110683188162604         0.110683188162696         0.378019673784360         0.000000000000000         0.000000000000000         0.000000000000000
        0.166666666666667         5.391805476514756         5.391805476514786         5.820251613525693         5.391805476514755         5.391805476514786         5.820251613525693         0.109580982656544         0.109580982656565         0.377516917544672         0.000000000000000         0.000000000000000         0.000000000000000
        0.166833333333333         5.353607666878897         5.353607666878661         5.760990716424581         5.353607666878897         5.353607666878661         5.760990716424581         0.108499736130521         0.108499736130343         0.377025019119179         0.000000000000000         0.000000000000000         0.000000000000000
        0.167000000000000         5.314917695814584         5.314917695814584         5.700070257982589         5.314917695814585         5.314917695814584         5.700070257982589         0.107438962912543         0.107438962912543         0.376543632370015         0.000000000000000         0.000000000000000         0.000000000000000
        0.167166666666667         5.275662566486037         5.275662566485989         5.637155068302716         5.275662566486036         5.275662566485988         5.637155068302716         0.106398224436345         0.106398224436305         0.376072435094717         0.000000000000000         0.000000000000000         0.000000000000000
        0.167333333333333         5.235801496365823         5.235801496365918         5.572101446302248         5.235801496365824         5.235801496365918         5.572101446302248         0.105377022752036         0.105377022752113         0.375611090838058         0.000000000000000         0.000000000000000         0.000000000000000
        0.167500000000000         5.195273740487931         5.195273740487983         5.504695830220038         5.195273740487932         5.195273740487983         5.504695830220038         0.104374909031392         0.104374909031436         0.375159287484618         0.000000000000000         0.000000000000000         0.000000000000000
        0.167666666666667         5.154139455021302         5.154139455021249         5.435420331494540         5.154139455021302         5.154139455021250         5.435420331494542         0.103391430555240         0.103391430555197         0.374716718136654         0.000000000000000         0.000000000000000         0.000000000000000
        0.167833333333333         5.113144358410788         5.113144358410868         5.367315042635202         5.113144358410787         5.113144358410869         5.367315042635202         0.102426142115572         0.102426142115642         0.374283084989538         0.000000000000000         0.000000000000000         0.000000000000000
        0.168000000000000         5.075206161309775         5.075206161309776         5.312997094516599         5.075206161309776         5.075206161309776         5.312997094516600         0.101478598747702         0.101478598747702         0.373858096425997         0.000000000000000         0.000000000000000         0.000000000000000
        0.168166666666667         5.039281812296819         5.039281812296704         5.267800429204851         5.039281812296820         5.039281812296704         5.267800429204851         0.100548395160623         0.100548395160519         0.373441481412710         0.000000000000000         0.000000000000000         0.000000000000000
        0.168333333333333         5.004504330303439         5.004504330303539         5.228100736771792         5.004504330303439         5.004504330303540         5.228100736771792         0.099635088041554         0.099635088041650         0.373032960482956         0.000000000000000         0.000000000000000         0.000000000000000
        0.168500000000000         4.970550904096347         4.970550904096418         5.192555682841836         4.970550904096349         4.970550904096418         5.192555682841836         0.098738274341527         0.098738274341592         0.372632274534896         0.000000000000000         0.000000000000000         0.000000000000000
        0.168666666666667         4.937211330173818         4.937211330173905         5.160313515087590         4.937211330173818         4.937211330173906         5.160313515087590         0.097857552437715         0.097857552437803         0.372239170215406         0.000000000000000         0.000000000000000         0.000000000000000
        0.168833333333333         4.904235514883712         4.904235514883694         5.130748883097771         4.904235514883712         4.904235514883695         5.130748883097771         0.096992530056522         0.096992530056501         0.371853402643054         0.000000000000000         0.000000000000000         0.000000000000000
        0.169000000000000         4.871531350808151         4.871531350808098         5.103512092880931         4.871531350808151         4.871531350808097         5.103512092880931         0.096142824338493         0.096142824338438         0.371474735217286         0.000000000000000         0.000000000000000         0.000000000000000
        0.169166666666667         4.838941935786711         4.838941935786737         5.078261789409393         4.838941935786712         4.838941935786736         5.078261789409393         0.095308061855867         0.095308061855894         0.371102939420034         0.000000000000000         0.000000000000000         0.000000000000000
        0.169333333333333         4.806321587770557         4.806321587770598         5.054740144989607         4.806321587770557         4.806321587770597         5.054740144989608         0.094487878592918         0.094487878592963         0.370737794603693         0.000000000000000         0.000000000000000         0.000000000000000
        0.169500000000000         4.773520953840834         4.773520953840806         5.032746331158771         4.773520953840834         4.773520953840806         5.032746331158771         0.093681919889018         0.093681919888989         0.370379087774645         0.000000000000000         0.000000000000000         0.000000000000000
        0.169666666666667         4.740383628629538         4.740383628629514         5.012128867851430         4.740383628629537         4.740383628629513         5.012128867851430         0.092889840353221         0.092889840353193         0.370026613370431         0.000000000000000         0.000000000000000         0.000000000000000
        0.169833333333333         4.706702467520383         4.706702467520337         4.992719745481797         4.706702467520383         4.706702467520336         4.992719745481798         0.092111303755976         0.092111303755925         0.369680173036112         0.000000000000000         0.000000000000000         0.000000000000000
        0.170000000000000         4.672232505137976         4.672232505137951         4.974407485373654         4.672232505137975         4.672232505137950         4.974407485373654         0.091345982897775         0.091345982897745         0.369339575397591         0.000000000000000         0.000000000000000         0.000000000000000
        0.170166666666667         4.636694987165431         4.636694987165505         4.957098453629294         4.636694987165431         4.636694987165506         4.957098453629295         0.090593559461767         0.090593559461859         0.369004635836758         0.000000000000000         0.000000000000000         0.000000000000000
        0.170333333333333         4.599662354131384         4.599662354131432         4.940560132539872         4.599662354131383         4.599662354131432         4.940560132539873         0.089853723853399         0.089853723853460         0.368675176266832         0.000000000000000         0.000000000000000         0.000000000000000
        0.170500000000000         4.560658815440704         4.560658815440737         4.925113941784087         4.560658815440704         4.560658815440736         4.925113941784087         0.089126175025697         0.089126175025736         0.368351024912258         0.000000000000000         0.000000000000000         0.000000000000000
        0.170666666666667         4.518808370898190         4.518808370898162         4.910293424149504         4.518808370898190         4.518808370898161         4.910293424149502         0.088410620299445         0.088410620299407         0.368032016089470         0.000000000000000         0.000000000000000         0.000000000000000
        0.170833333333333         4.472853936430848         4.472853936430833         4.896167689683290         4.472853936430848         4.472853936430834         4.896167689683290         0.087706775173927         0.087706775173906         0.367717989993785         0.000000000000000         0.000000000000000         0.000000000000000
        0.171000000000000         4.420626666518276         4.420626666518304         4.882684012365677         4.420626666518276         4.420626666518304         4.882684012365677         0.087014366234616         0.087014366234656         0.367408789166763         0.000000000000000         0.000000000000000         0.000000000000000
        0.171166666666667         4.357812993685751         4.357812993685735         4.869797059629626         4.357812993685751         4.357812993685735         4.869797059629625         0.086333115448873         0.086333115448846         0.367104274904171         0.000000000000000         0.000000000000000         0.000000000000000
        0.171333333333333         4.278618546615768         4.278618546615746         4.857468543631025         4.278618546615768         4.278618546615746         4.857468543631025         0.085662770982354         0.085662770982311         0.366804293831147         0.000000000000000         0.000000000000000         0.000000000000000
        0.171500000000000         4.200944226998034         4.200944226998010         4.845625784922086         4.200944226998034         4.200944226998010         4.845625784922086         0.085003075983232         0.085003075983184         0.366508710934532         0.000000000000000         0.000000000000000         0.000000000000000
        0.171666666666667         4.148042215326228         4.148042215326218         4.834272876238761         4.148042215326227         4.148042215326218         4.834272876238761         0.084353783890168         0.084353783890149         0.366217392762462         0.000000000000000         0.000000000000000         0.000000000000000
        0.171833333333333         4.103900689816301         4.103900689816270         4.823361250023742         4.103900689816301         4.103900689816270         4.823361250023742         0.083714655131217         0.083714655131151         0.365930210561833         0.000000000000000         0.000000000000000         0.000000000000000
        0.172000000000000         4.065501344168212         4.065501344168207         4.812863105849739         4.065501344168213         4.065501344168205         4.812863105849740         0.083085456927257         0.083085456927242         0.365647040105092         0.000000000000000         0.000000000000000         0.000000000000000
        0.172166666666667         4.031254807937732         4.031254807937737         4.802751989825273         4.031254807937732         4.031254807937737         4.802751989825274         0.082465963095635         0.082465963095645         0.365367761516572         0.000000000000000         0.000000000000000         0.000000000000000
        0.172333333333333         4.000312473104338         4.000312473104338         4.793002741945211         4.000312473104337         4.000312473104337         4.793002741945211         0.081855953858685         0.081855953858685         0.365092259109646         0.000000000000000         0.000000000000000         0.000000000000000
        0.172500000000000         3.971971896108142         3.971971896108142         4.783592340397878         3.971971896108142         3.971971896108142         4.783592340397879         0.081255215654035         0.081255215654035         0.364820421226731         0.000000000000000         0.000000000000000         0.000000000000000
        0.172666666666667         3.945904315804024         3.945904315804019         4.774501671813746         3.945904315804024         3.945904315804018         4.774501671813746         0.080663540948788         0.080663540948771         0.364552140086628         0.000000000000000         0.000000000000000         0.000000000000000
        0.172833333333333         3.921746295977956         3.921746295977959         4.765710690299586         3.921746295977955         3.921746295977960         4.765710690299586         0.080080728057309         0.080080728057324         0.364287311634358         0.000000000000000         0.000000000000000         0.000000000000000
        0.173000000000000         3.899198539624659         3.899198539624651         4.757204309646909         3.899198539624659         3.899198539624651         4.757204309646909         0.079506580964246         0.079506580964226         0.364025835402491         0.000000000000000         0.000000000000000         0.000000000000000
        0.173166666666667         3.878122362663880         3.878122362663891         4.748964655812697         3.878122362663880         3.878122362663891         4.748964655812698         0.078940909149319         0.078940909149347         0.363767614370825         0.000000000000000         0.000000000000000         0.000000000000000
        0.173333333333333         3.858328095577718         3.858328095577717         4.740976813245715         3.858328095577718         3.858328095577717         4.740976813245715         0.078383527419049         0.078383527419046         0.363512554836983         0.000000000000000         0.000000000000000         0.000000000000000
        0.173500000000000         3.839652798939188         3.839652798939182         4.733228403002260         3.839652798939189         3.839652798939182         4.733228403002259         0.077834255740721         0.077834255740702         0.363260566287906         0.000000000000000         0.000000000000000         0.000000000000000
        0.173666666666667         3.822034971889463         3.822034971889463         4.725706606943912         3.822034971889462         3.822034971889463         4.725706606943912         0.077292919082339         0.077292919082339         0.363011561279622         0.000000000000000         0.000000000000000         0.000000000000000
        0.173833333333333         3.805336715038045         3.805336715038040         4.718408532757831         3.805336715038046         3.805336715038040         4.718408532757832         0.076759347256053         0.076759347256037         0.362765455318849         0.000000000000000         0.000000000000000         0.000000000000000
        0.174000000000000         3.789492563343058         3.789492563343058         4.711311801803571         3.789492563343059         3.789492563343058         4.711311801803573         0.076233374766703         0.076233374766703         0.362522166752075         0.000000000000000         0.000000000000000         0.000000000000000
        0.174166666666667         3.774424614711187         3.774424614711184         4.704392482061071         3.774424614711188         3.774424614711184         4.704392482061072         0.075714840664244         0.075714840664233         0.362281616656550         0.000000000000000         0.000000000000000         0.000000000000000
        0.174333333333333         3.760056289715775         3.760056289715783         4.697646728999105         3.760056289715775         3.760056289715783         4.697646728999105         0.075203588401009         0.075203588401031         0.362043728737575         0.000000000000000         0.000000000000000         0.000000000000000
        0.174500000000000         3.746368757226375         3.746368757226379         4.691078970828646         3.746368757226375         3.746368757226379         4.691078970828646         0.074699465693191         0.074699465693202         0.361808429228337         0.000000000000000         0.000000000000000         0.000000000000000
        0.174666666666667         3.733307522146099         3.733307522146098         4.684701644004896         3.733307522146098         3.733307522146099         4.684701644004896         0.074202324386525         0.074202324386526         0.361575646794934         0.000000000000000         0.000000000000000         0.000000000000000
        0.174833333333333         3.720784969803903         3.720784969803896         4.678470847800098         3.720784969803903         3.720784969803896         4.678470847800098         0.073712020326168         0.073712020326143         0.361345312444361         0.000000000000000         0.000000000000000         0.000000000000000
        0.175000000000000         3.708779742022659         3.708779742022656         4.672388901291309         3.708779742022659         3.708779742022656         4.672388901291309         0.073228413084707         0.073228413084696         0.361117358543784         0.000000000000000         0.000000000000000         0.000000000000000
        0.175166666666667         3.697278922762227         3.697278922762229         4.666452638476636         3.697278922762227         3.697278922762229         4.666452638476635         0.072751366572283         0.072751366572285         0.360891723203922         0.000000000000000         0.000000000000000         0.000000000000000
        0.175333333333333         3.686232475863490         3.686232475863487         4.660651115574430         3.686232475863490         3.686232475863487         4.660651115574430         0.072280747454459         0.072280747454448         0.360668341261571         0.000000000000000         0.000000000000000         0.000000000000000
        0.175500000000000         3.675617171938604         3.675617171938604         4.654983278240053         3.675617171938603         3.675617171938604         4.654983278240053         0.071816426502308         0.071816426502306         0.360447153138563         0.000000000000000         0.000000000000000         0.000000000000000
        0.175666666666667         3.665409665649429         3.665409665649425         4.649440828976768         3.665409665649429         3.665409665649425         4.649440828976769         0.071358277750647         0.071358277750635         0.360228100299666         0.000000000000000         0.000000000000000         0.000000000000000
        0.175833333333333         3.655584294400806         3.655584294400807         4.644018700352937         3.655584294400807         3.655584294400807         4.644018700352937         0.070906178537058         0.070906178537060         0.360011126073872         0.000000000000000         0.000000000000000         0.000000000000000
        0.176000000000000         3.646115310815819         3.646115310815815         4.638711605367676         3.646115310815820         3.646115310815815         4.638711605367675         0.070460009399682         0.070460009399666         0.359796175586825         0.000000000000000         0.000000000000000         0.000000000000000
        0.176166666666667         3.636996775928107         3.636996775928105         4.633515377917182         3.636996775928107         3.636996775928105         4.633515377917183         0.070019653976892         0.070019653976884         0.359583195693764         0.000000000000000         0.000000000000000         0.000000000000000
        0.176333333333333         3.628192074840430         3.628192074840431         4.628425415585559         3.628192074840430         3.628192074840431         4.628425415585559         0.069584998911804         0.069584998911807         0.359372134918101         0.000000000000000         0.000000000000000         0.000000000000000
        0.176500000000000         3.619640208536110         3.619640208536113         4.623437052621517         3.619640208536111         3.619640208536113         4.623437052621517         0.069155933758740         0.069155933758746         0.359162943389400         0.000000000000000         0.000000000000000         0.000000000000000
        0.176666666666667         3.611462714617031         3.611462714617029         4.618546466004553         3.611462714617031         3.611462714617029         4.618546466004553         0.068732350893763         0.068732350893754         0.358955572786027         0.000000000000000         0.000000000000000         0.000000000000000
        0.176833333333333         3.603506145376518         3.603506145376520         4.613750157471516         3.603506145376519         3.603506145376520         4.613750157471515         0.068314145427854         0.068314145427864         0.358749976279492         0.000000000000000         0.000000000000000         0.000000000000000
        0.177000000000000         3.595795837850539         3.595795837850539         4.609045157367711         3.595795837850539         3.595795837850539         4.609045157367711         0.067901214874553         0.067901214874553         0.358546107998446         0.000000000000000         0.000000000000000         0.000000000000000
        0.177166666666667         3.588359362060388         3.588359362060388         4.604422715045907         3.588359362060388         3.588359362060388         4.604422715045906         0.067493460311183         0.067493460311183         0.358343925387081         0.000000000000000         0.000000000000000         0.000000000000000
        0.177333333333333         3.581178234093294         3.581178234093292         4.599889038128990         3.581178234093294         3.581178234093292         4.599889038128990         0.067090783816459         0.067090783816454         0.358143384337332         0.000000000000000         0.000000000000000         0.000000000000000
        0.177500000000000         3.574203566327614         3.574203566327612         4.595439908262239         3.574203566327614         3.574203566327612         4.595439908262239         0.066693090879037         0.066693090879032         0.357944443959611         0.000000000000000         0.000000000000000         0.000000000000000
        0.177666666666667         3.567443335314014         3.567443335314014         4.591065070798723         3.567443335314014         3.567443335314014         4.591065070798724         0.066300289082564         0.066300289082567         0.357747064128444         0.000000000000000         0.000000000000000         0.000000000000000
        0.177833333333333         3.560896381925146         3.560896381925148         4.586765775413621         3.560896381925146         3.560896381925148         4.586765775413621         0.065912288283537         0.065912288283545         0.357551205920544         0.000000000000000         0.000000000000000         0.000000000000000
        0.178000000000000         3.554536175307347         3.554536175307349         4.582538657448478         3.554536175307347         3.554536175307349         4.582538657448479         0.065529000543131         0.065529000543136         0.357356831572894         0.000000000000000         0.000000000000000         0.000000000000000
        0.179000000000000         3.520094649851977         3.520094649851977         4.558582212041303         3.520094649851977         3.520094649851977         4.558582212041302         0.063323585219947         0.063323585219947         0.356219767914526         0.000000000000000         0.000000000000000         0.000000000000000
        0.180000000000000         3.491052442360038         3.491052442360038         4.536723025013787         3.491052442360037         3.491052442360038         4.536723025013787         0.061267895418946         0.061267895418945         0.355127754251126         0.000000000000000         0.000000000000000         0.000000000000000
        0.181000000000000         3.466353670657346         3.466353670657346         4.516633113892560         3.466353670657346         3.466353670657346         4.516633113892560         0.059347120467455         0.059347120467456         0.354074774033071         0.000000000000000         0.000000000000000         0.000000000000000
        0.182000000000000         3.445217886356366         3.445217886356366         4.498024273792533         3.445217886356366         3.445217886356366         4.498024273792533         0.057548352991346         0.057548352991347         0.353055749012255         0.000000000000000         0.000000000000000         0.000000000000000
        0.183000000000000         3.427096486462727         3.427096486462727         4.480725078312607         3.427096486462727         3.427096486462727         4.480725078312607         0.055860293397477         0.055860293397477         0.352066372066433         0.000000000000000         0.000000000000000         0.000000000000000
        0.184000000000000         3.411532199240461         3.411532199240462         4.464568911182994         3.411532199240462         3.411532199240462         4.464568911182994         0.054273007122085         0.054273007122085         0.351102973716417         0.000000000000000         0.000000000000000         0.000000000000000
        0.185000000000000         3.398176569975882         3.398176569975886         4.449429324508589         3.398176569975881         3.398176569975887         4.449429324508590         0.052777745197311         0.052777745197340         0.350162427674265         0.000000000000000         0.000000000000000         0.000000000000000
        0.186000000000000         3.386748948595966         3.386748948595945         4.435206258626542         3.386748948595967         3.386748948595945         4.435206258626542         0.051366689985445         0.051366689985312         0.349242010223723         0.000000000000000         0.000000000000000         0.000000000000000
        0.187000000000000         3.377007127024559         3.377007127024570         4.421814913986124         3.377007127024559         3.377007127024571         4.421814913986124         0.050032954381655         0.050032954381728         0.348339412538959         0.000000000000000         0.000000000000000         0.000000000000000
        0.188000000000000         3.368788408026567         3.368788408026569         4.409185264735596         3.368788408026567         3.368788408026568         4.409185264735595         0.048770368787367         0.048770368787383         0.347452625147118         0.000000000000000         0.000000000000000         0.000000000000000
        0.189000000000000         3.361912342979020         3.361912342979014         4.397251833118140         3.361912342979019         3.361912342979014         4.397251833118140         0.047573408846731         0.047573408846696         0.346579905149168         0.000000000000000         0.000000000000000         0.000000000000000
        0.190000000000000         3.356253554910358         3.356253554910359         4.385993040156932         3.356253554910357         3.356253554910358         4.385993040156933         0.046437112650666         0.046437112650666         0.345719736691385         0.000000000000000         0.000000000000000         0.000000000000000
        0.191000000000000         3.351719974719535         3.351719974719536         4.375341002408719         3.351719974719535         3.351719974719536         4.375341002408720         0.045357010400820         0.045357010400827         0.344870798084561         0.000000000000000         0.000000000000000         0.000000000000000
        0.192000000000000         3.348188210473265         3.348188210473266         4.365268449618773         3.348188210473265         3.348188210473266         4.365268449618774         0.044329064411193         0.044329064411198         0.344031934335329         0.000000000000000         0.000000000000000         0.000000000000000
        0.193000000000000         3.345600609381469         3.345600609381469         4.355744635931421         3.345600609381469         3.345600609381469         4.355744635931422         0.043349617716639         0.043349617716640         0.343202134087053         0.000000000000000         0.000000000000000         0.000000000000000
        0.194000000000000         3.343872245081495         3.343872245081495         4.346707751559928         3.343872245081495         3.343872245081495         4.346707751559928         0.042415349878700         0.042415349878706         0.342380510180232         0.000000000000000         0.000000000000000         0.000000000000000
        0.195000000000000         3.342937625601720         3.342937625601719         4.338234650780168         3.342937625601720         3.342937625601720         4.338234650780170         0.041523238840330         0.041523238840323         0.341566283196651         0.000000000000000         0.000000000000000         0.000000000000000
        0.196000000000000         3.342746373731030         3.342746373731032         4.330202388066139         3.342746373731030         3.342746373731032         4.330202388066140         0.040670527885139         0.040670527885152         0.340758767475764         0.000000000000000         0.000000000000000         0.000000000000000
        0.197000000000000         3.343273819418382         3.343273819418381         4.322624375694637         3.343273819418382         3.343273819418382         4.322624375694638         0.039854696915221         0.039854696915205         0.339957359183127         0.000000000000000         0.000000000000000         0.000000000000000
        0.198000000000000         3.344483962492502         3.344483962492500         4.315483206397892         3.344483962492502         3.344483962492500         4.315483206397893         0.039073437403509         0.039073437403495         0.339161526095911         0.000000000000000         0.000000000000000         0.000000000000000
        0.199000000000000         3.346412588231480         3.346412588231479         4.308765276572988         3.346412588231480         3.346412588231479         4.308765276572988         0.038324630481637         0.038324630481623         0.338370798825535         0.000000000000000         0.000000000000000         0.000000000000000
        0.200000000000000         3.348654733835490         3.348654733835489         4.302447893299571         3.348654733835490         3.348654733835488         4.302447893299572         0.037606327711639         0.037606327711624         0.337584763251543         0.000000000000000         0.000000000000000         0.000000000000000
        0.201000000000000         3.351575804485085         3.351575804485084         4.296518070642234         3.351575804485086         3.351575804485084         4.296518070642235         0.036916734166840         0.036916734166830         0.336803053978719         0.000000000000000         0.000000000000000         0.000000000000000
        0.202000000000000         3.355030443684942         3.355030443684941         4.290967724697651         3.355030443684942         3.355030443684941         4.290967724697651         0.036254193498047         0.036254193498040         0.336025348659666         0.000000000000000         0.000000000000000         0.000000000000000
        0.203000000000000         3.359031422826016         3.359031422826018         4.285782100632220         3.359031422826016         3.359031422826017         4.285782100632220         0.035617174724798         0.035617174724815         0.335251363057423         0.000000000000000         0.000000000000000         0.000000000000000
        0.204000000000000         3.363468053195844         3.363468053195843         4.280945298197183         3.363468053195844         3.363468053195843         4.280945298197183         0.035004260513874         0.035004260513859         0.334480846734994         0.000000000000000         0.000000000000000         0.000000000000000
        0.205000000000000         3.368395729656957         3.368395729656957         4.276449655895302         3.368395729656957         3.368395729656956         4.276449655895302         0.034414136760810         0.034414136760803         0.333713579286515         0.000000000000000         0.000000000000000         0.000000000000000
        0.206000000000000         3.373808760384099         3.373808760384098         4.272281350925393         3.373808760384099         3.373808760384098         4.272281350925393         0.033845583300748         0.033845583300741         0.332949367029840         0.000000000000000         0.000000000000000         0.000000000000000
        0.207000000000000         3.379624622226131         3.379624622226132         4.268433586614298         3.379624622226131         3.379624622226132         4.268433586614297         0.033297465611725         0.033297465611735         0.332188040098121         0.000000000000000         0.000000000000000         0.000000000000000
        0.208000000000000         3.385842997473434         3.385842997473435         4.264891350171340         3.385842997473434         3.385842997473435         4.264891350171341         0.032768727387093         0.032768727387107         0.331429449876803         0.000000000000000         0.000000000000000         0.000000000000000
        0.209000000000000         3.392455896195923         3.392455896195925         4.261647059748442         3.392455896195923         3.392455896195925         4.261647059748442         0.032258383872062         0.032258383872087         0.330673466738333         0.000000000000000         0.000000000000000         0.000000000000000
        0.210000000000000         3.399562552295478         3.399562552295479         4.258693465280897         3.399562552295478         3.399562552295479         4.258693465280898         0.031765515873773         0.031765515873775         0.329919978036276         0.000000000000000         0.000000000000000         0.000000000000000
        0.211000000000000         3.406962581348901         3.406962581348900         4.256013308462710         3.406962581348901         3.406962581348900         4.256013308462709         0.031289264365942         0.031289264365942         0.329168886325183         0.000000000000000         0.000000000000000         0.000000000000000
        0.212000000000000         3.414615684303555         3.414615684303553         4.253601948925063         3.414615684303555         3.414615684303553         4.253601948925064         0.030828825621723         0.030828825621700         0.328420107777503         0.000000000000000         0.000000000000000         0.000000000000000
        0.213000000000000         3.422770953154600         3.422770953154600         4.251409268175443         3.422770953154600         3.422770953154600         4.251409268175443         0.030383446812961         0.030383446812948         0.327673570773349         0.000000000000000         0.000000000000000         0.000000000000000
        0.214000000000000         3.431245544825113         3.431245544825114         4.249543513461296         3.431245544825113         3.431245544825114         4.249543513461296         0.029952422025510         0.029952422025533         0.326929214640812         0.000000000000000         0.000000000000000         0.000000000000000
        0.215000000000000         3.440035749131216         3.440035749131217         4.247884072987125         3.440035749131215         3.440035749131217         4.247884072987125         0.029535088645936         0.029535088645958         0.326186988529958         0.000000000000000         0.000000000000000         0.000000000000000
        0.216000000000000         3.449297230690619         3.449297230690619         4.246446257461967         3.449297230690619         3.449297230690618         4.246446257461967         0.029130824076747         0.029130824076732         0.325446850403653         0.000000000000000         0.000000000000000         0.000000000000000
        0.217000000000000         3.458814086277281         3.458814086277282         4.245234622740065         3.458814086277280         3.458814086277282         4.245234622740066         0.028739042749144         0.028739042749158         0.324708766131446         0.000000000000000         0.000000000000000         0.000000000000000
        0.218000000000000         3.468397774391938         3.468397774391938         4.244235199122779         3.468397774391938         3.468397774391938         4.244235199122779         0.028359193401014         0.028359193401013         0.323972708676550         0.000000000000000         0.000000000000000         0.000000000000000
        0.219000000000000         3.478490316836248         3.478490316836246         4.243436438569392         3.478490316836248         3.478490316836246         4.243436438569392         0.027990756591500         0.027990756591472         0.323238657362172         0.000000000000000         0.000000000000000         0.000000000000000
        0.220000000000000         3.487731964111920         3.487731964111920         4.242830803384326         3.487731964111920         3.487731964111920         4.242830803384327         0.027633242421114         0.027633242421112         0.322506597210213         0.000000000000000         0.000000000000000         0.000000000000000
        0.221000000000000         3.499563455732811         3.499563455732810         4.242409343064031         3.499563455732810         3.499563455732810         4.242409343064033         0.027286188496534         0.027286188496527         0.321776518348746         0.000000000000000         0.000000000000000         0.000000000000000
        0.222000000000000         3.510540778384105         3.510540778384108         4.242162963269280         3.510540778384105         3.510540778384106         4.242162963269280         0.026949157940660         0.026949157940687         0.321048415465113         0.000000000000000         0.000000000000000         0.000000000000000
        0.223000000000000         3.521830152772958         3.521830152772960         4.242080411545478         3.521830152772959         3.521830152772960         4.242080411545477         0.026621737729970         0.026621737729989         0.320322287325521         0.000000000000000         0.000000000000000         0.000000000000000
        0.224000000000000         3.533508702087219         3.533508702087218         4.242155033379702         3.533508702087219         3.533508702087218         4.242155033379702         0.026303537046395         0.026303537046381         0.319598136329086         0.000000000000000         0.000000000000000         0.000000000000000
        0.225000000000000         3.545018534449059         3.545018534449060         4.242375227434652         3.545018534449059         3.545018534449060         4.242375227434652         0.025994185808641         0.025994185808654         0.318875968107449         0.000000000000000         0.000000000000000         0.000000000000000
        0.226000000000000         3.557195357986401         3.557195357986400         4.242733160219870         3.557195357986401         3.557195357986401         4.242733160219870         0.025693333312339         0.025693333312333         0.318155791160702         0.000000000000000         0.000000000000000         0.000000000000000
        0.227000000000000         3.569690849679926         3.569690849679927         4.243218527000043         3.569690849679927         3.569690849679927         4.243218527000043         0.025400646975281         0.025400646975281         0.317437616526265         0.000000000000000         0.000000000000000         0.000000000000000
        0.228000000000000         3.582943617688714         3.582943617688714         4.243822082004148         3.582943617688714         3.582943617688713         4.243822082004148         0.025115811180640         0.025115811180645         0.316721457478053         0.000000000000000         0.000000000000000         0.000000000000000
        0.229000000000000         3.595406639619813         3.595406639619815         4.244532308448772         3.595406639619813         3.595406639619814         4.244532308448774         0.024838526206858         0.024838526206878         0.316007329252560         0.000000000000000         0.000000000000000         0.000000000000000
        0.230000000000000         3.608334661653183         3.608334661653183         4.245335547895005         3.608334661653183         3.608334661653183         4.245335547895006         0.024568507237934         0.024568507237937         0.315295248798868         0.000000000000000         0.000000000000000         0.000000000000000
        0.231000000000000         3.621980650928905         3.621980650928906         4.246234625169198         3.621980650928905         3.621980650928906         4.246234625169198         0.024305483447838         0.024305483447844         0.314585234551813         0.000000000000000         0.000000000000000         0.000000000000000
        0.232000000000000         3.635356330505203         3.635356330505203         4.247213365213918         3.635356330505203         3.635356330505203         4.247213365213918         0.024049197150880         0.024049197150886         0.313877306224272         0.000000000000000         0.000000000000000         0.000000000000000
        0.233000000000000         3.649464439082617         3.649464439082617         4.248256988492781         3.649464439082616         3.649464439082617         4.248256988492781         0.023799403014135         0.023799403014148         0.313171484618277         0.000000000000000         0.000000000000000         0.000000000000000
        0.234000000000000         3.663615490387005         3.663615490387005         4.249365159730733         3.663615490387005         3.663615490387005         4.249365159730733         0.023555867325541         0.023555867325549         0.312467791452328         0.000000000000000         0.000000000000000         0.000000000000000
        0.235000000000000         3.677788534109653         3.677788534109653         4.250518663642928         3.677788534109653         3.677788534109653         4.250518663642929         0.023318367313937         0.023318367313933         0.311766249204058         0.000000000000000         0.000000000000000         0.000000000000000
        0.236000000000000         3.692822196700713         3.692822196700712         4.251713625517015         3.692822196700713         3.692822196700712         4.251713625517016         0.023086690516397         0.023086690516377         0.311066880966614         0.000000000000000         0.000000000000000         0.000000000000000
        0.237000000000000         3.707297962839373         3.707297962839373         4.252940812770173         3.707297962839373         3.707297962839373         4.252940812770172         0.022860634188853         0.022860634188837         0.310369710317555         0.000000000000000         0.000000000000000         0.000000000000000
        0.238000000000000         3.722844128390050         3.722844128390050         4.254193561069143         3.722844128390050         3.722844128390050         4.254193561069143         0.022640004757181         0.022640004757185         0.309674761199175         0.000000000000000         0.000000000000000         0.000000000000000
        0.239000000000000         3.737870554993348         3.737870554993348         4.255465022029996         3.737870554993348         3.737870554993348         4.255465022029996         0.022424617304946         0.022424617304937         0.308982057809609         0.000000000000000         0.000000000000000         0.000000000000000
        0.240000000000000         3.753543421496931         3.753543421496931         4.256745646926099         3.753543421496932         3.753543421496932         4.256745646926100         0.022214295095094         0.022214295095091         0.308291624503217         0.000000000000000         0.000000000000000         0.000000000000000
        0.241000000000000         3.769376042700813         3.769376042700813         4.258042552203003         3.769376042700813         3.769376042700813         4.258042552203003         0.022008869123553         0.022008869123556         0.307603485700180         0.000000000000000         0.000000000000000         0.000000000000000
        0.242000000000000         3.785552153211242         3.785552153211242         4.259351479605314         3.785552153211242         3.785552153211242         4.259351479605315         0.021808177701377         0.021808177701368         0.306917665803968         0.000000000000000         0.000000000000000         0.000000000000000
        0.243000000000000         3.801782168425561         3.801782168425561         4.260674840952637         3.801782168425561         3.801782168425561         4.260674840952637         0.021612066063983         0.021612066063994         0.306234189126240         0.000000000000000         0.000000000000000         0.000000000000000
        0.244000000000000         3.818354025869783         3.818354025869783         4.262023225137033         3.818354025869783         3.818354025869783         4.262023225137033         0.021420386005326         0.021420386005316         0.305553079818808         0.000000000000000         0.000000000000000         0.000000000000000
        0.245000000000000         3.835200081526531         3.835200081526531         4.263414153565527         3.835200081526531         3.835200081526531         4.263414153565527         0.021232995534667         0.021232995534664         0.304874361811866         0.000000000000000         0.000000000000000         0.000000000000000
        0.246000000000000         3.852345423702463         3.852345423702463         4.264876282584943         3.852345423702463         3.852345423702463         4.264876282584943         0.021049758555209         0.021049758555207         0.304198058757786         0.000000000000000         0.000000000000000         0.000000000000000
        0.247000000000000         3.869309839495105         3.869309839495106         4.266466781552613         3.869309839495106         3.869309839495106         4.266466781552612         0.020870544562480         0.020870544562487         0.303524193980731         0.000000000000000         0.000000000000000         0.000000000000000
        0.248000000000000         3.886901824647877         3.886901824647877         4.268217260095656         3.886901824647877         3.886901824647877         4.268217260095655         0.020695228360566         0.020695228360560         0.302852790430767         0.000000000000000         0.000000000000000         0.000000000000000
        0.249000000000000         3.904631440177081         3.904631440177081         4.270307277433042         3.904631440177081         3.904631440177081         4.270307277433042         0.020523689796140         0.020523689796147         0.302183870642917         0.000000000000000         0.000000000000000         0.000000000000000
        0.250000000000000         3.922502629334500         3.922502629334500         4.272898716576646         3.922502629334500         3.922502629334500         4.272898716576647         0.020355813508021         0.020355813508023         0.301517456700198         0.000000000000000         0.000000000000000         0.000000000000000
        0.251000000000000         3.940585546940190         3.940585546940190         4.276384309606924         3.940585546940190         3.940585546940190         4.276384309606925         0.020191488691494         0.020191488691500         0.300853570200672         0.000000000000000         0.000000000000000         0.000000000000000
        0.252000000000000         3.958921233289951         3.958921233289951         4.281397891520216         3.958921233289951         3.958921233289951         4.281397891520216         0.020030608876704         0.020030608876704         0.300192232228121         0.000000000000000         0.000000000000000         0.000000000000000
        0.253000000000000         3.977399596192711         3.977399596192711         4.287555312376263         3.977399596192711         3.977399596192711         4.287555312376262         0.019873071719496         0.019873071719497         0.299533463325956         0.000000000000000         0.000000000000000         0.000000000000000
        0.254000000000000         3.996143470515999         3.996143470515997         4.294589148837076         3.996143470515998         3.996143470515998         4.294589148837076         0.019718778804814         0.019718778804817         0.298877283474409         0.000000000000000         0.000000000000000         0.000000000000000
        0.255000000000000         4.015137828834377         4.015137828834376         4.302402675289601         4.015137828834377         4.015137828834376         4.302402675289601         0.019567635460519         0.019567635460516         0.298223712070369         0.000000000000000         0.000000000000000         0.000000000000000
        0.256000000000000         4.034354197097620         4.034354197097620         4.310874247014878         4.034354197097620         4.034354197097620         4.310874247014877         0.019419550582475         0.019419550582474         0.297572767910003         0.000000000000000         0.000000000000000         0.000000000000000
        0.257000000000000         4.053761817156535         4.053761817156535         4.319956832231172         4.053761817156534         4.053761817156535         4.319956832231172         0.019274436468812         0.019274436468814         0.296924469173795         0.000000000000000         0.000000000000000         0.000000000000000
        0.258000000000000         4.073400256928314         4.073400256928314         4.329615283550217         4.073400256928315         4.073400256928315         4.329615283550217         0.019132208663678         0.019132208663682         0.296278833413885         0.000000000000000         0.000000000000000         0.000000000000000
        0.259000000000000         4.093242358770752         4.093242358770752         4.339800587602741         4.093242358770752         4.093242358770752         4.339800587602741         0.018992785809326         0.018992785809327         0.295635877543465         0.000000000000000         0.000000000000000         0.000000000000000
        0.260000000000000         4.113310004726457         4.113310004726457         4.350487315628203         4.113310004726457         4.113310004726457         4.350487315628202         0.018856089506336         0.018856089506335         0.294995617828089         0.000000000000000         0.000000000000000         0.000000000000000
        0.261000000000000         4.133549293412791         4.133549293412790         4.361653966255846         4.133549293412790         4.133549293412790         4.361653966255846         0.018722044181324         0.018722044181326         0.294358069878884         0.000000000000000         0.000000000000000         0.000000000000000
        0.262000000000000         4.154042079989096         4.154042079989094         4.373278227574859         4.154042079989094         4.154042079989094         4.373278227574858         0.018590576961755         0.018590576961760         0.293723248647355         0.000000000000000         0.000000000000000         0.000000000000000
        0.263000000000000         4.174740566504729         4.174740566504729         4.385342212503706         4.174740566504729         4.174740566504729         4.385342212503705         0.018461617557154         0.018461617557154         0.293091168421716         0.000000000000000         0.000000000000000         0.000000000000000
        0.264000000000000         4.195639582881290         4.195639582881291         4.397833695606701         4.195639582881289         4.195639582881290         4.397833695606700         0.018335098146761         0.018335098146758         0.292461842824702         0.000000000000000         0.000000000000000         0.000000000000000
        0.265000000000000         4.216753592071607         4.216753592071607         4.410728101040173         4.216753592071607         4.216753592071607         4.410728101040173         0.018210953272936         0.018210953272938         0.291835284812630         0.000000000000000         0.000000000000000         0.000000000000000
        0.266000000000000         4.238073014743550         4.238073014743549         4.424023239617675         4.238073014743549         4.238073014743549         4.424023239617675         0.018089119739936         0.018089119739933         0.291211506675727         0.000000000000000         0.000000000000000         0.000000000000000
        0.267000000000000         4.259597520414561         4.259597520414561         4.437703871023613         4.259597520414560         4.259597520414561         4.437703871023613         0.017969536517983         0.017969536517981         0.290590520039534         0.000000000000000         0.000000000000000         0.000000000000000
        0.268000000000000         4.281331021134433         4.281331021134433         4.451762239327496         4.281331021134432         4.281331021134433         4.451762239327497         0.017852144652132         0.017852144652137         0.289972335867329         0.000000000000000         0.000000000000000         0.000000000000000
        0.269000000000000         4.303268165517649         4.303268165517648         4.466187529666911         4.303268165517648         4.303268165517649         4.466187529666911         0.017736887175685         0.017736887175683         0.289356964463536         0.000000000000000         0.000000000000000         0.000000000000000
        0.270000000000000         4.325401860975036         4.325401860975037         4.480971880842387         4.325401860975036         4.325401860975037         4.480971880842388         0.017623709027840         0.017623709027839         0.288744415477973         0.000000000000000         0.000000000000000         0.000000000000000
        0.271000000000000         4.347767565733061         4.347767565733061         4.496104327173006         4.347767565733061         4.347767565733061         4.496104327173007         0.017512556975568         0.017512556975567         0.288134697910928         0.000000000000000         0.000000000000000         0.000000000000000
        0.272000000000000         4.370351429269730         4.370351429269730         4.511587055391749         4.370351429269730         4.370351429269730         4.511587055391749         0.017403379539148         0.017403379539151         0.287527820118874         0.000000000000000         0.000000000000000         0.000000000000000
        0.273000000000000         4.393124093100991         4.393124093100991         4.527404637706551         4.393124093100990         4.393124093100990         4.527404637706550         0.017296126921337         0.017296126921340         0.286923789820971         0.000000000000000         0.000000000000000         0.000000000000000
        0.274000000000000         4.416112575751606         4.416112575751606         4.543552940167126         4.416112575751606         4.416112575751607         4.543552940167126         0.017190750939995         0.017190750939998         0.286322614106067         0.000000000000000         0.000000000000000         0.000000000000000
        0.275000000000000         4.439295585264325         4.439295585264325         4.560029138808583         4.439295585264325         4.439295585264325         4.560029138808583         0.017087204963889         0.017087204963887         0.285724299440345         0.000000000000000         0.000000000000000         0.000000000000000
        0.276000000000000         4.462699855957347         4.462699855957346         4.576821516233516         4.462699855957346         4.462699855957346         4.576821516233516         0.016985443851496         0.016985443851495         0.285128851675379         0.000000000000000         0.000000000000000         0.000000000000000
        0.277000000000000         4.486304665253717         4.486304665253717         4.593936692229886         4.486304665253718         4.486304665253718         4.593936692229886         0.016885423892719         0.016885423892720         0.284536276056635         0.000000000000000         0.000000000000000         0.000000000000000
        0.278000000000000         4.510142266858123         4.510142266858123         4.611336106715031         4.510142266858123         4.510142266858123         4.611336106715030         0.016787102753330         0.016787102753328         0.283946577232556         0.000000000000000         0.000000000000000         0.000000000000000
        0.279000000000000         4.534130527665814         4.534130527665814         4.629066013814118         4.534130527665814         4.534130527665814         4.629066013814116         0.016690439421900         0.016690439421898         0.283359759263715         0.000000000000000         0.000000000000000         0.000000000000000
        0.280000000000000         4.558380971104292         4.558380971104292         4.647100214678383         4.558380971104292         4.558380971104292         4.647100214678383         0.016595394159226         0.016595394159225         0.282775825632560         0.000000000000000         0.000000000000000         0.000000000000000
        0.281000000000000         4.582853865743691         4.582853865743691         4.665460793808993         4.582853865743691         4.582853865743691         4.665460793808992         0.016501928450046         0.016501928450049         0.282194779253247         0.000000000000000         0.000000000000000         0.000000000000000
        0.282000000000000         4.607508575355238         4.607508575355238         4.684090655239691         4.607508575355239         4.607508575355238         4.684090655239692         0.016410004956913         0.016410004956912         0.281616622481927         0.000000000000000         0.000000000000000         0.000000000000000
        0.283000000000000         4.632367309815962         4.632367309815962         4.703013068434197         4.632367309815962         4.632367309815962         4.703013068434198         0.016319587476081         0.016319587476081         0.281041357126951         0.000000000000000         0.000000000000000         0.000000000000000
        0.284000000000000         4.657438475255511         4.657438475255510         4.722224758506714         4.657438475255511         4.657438475255511         4.722224758506714         0.016230640895536         0.016230640895537         0.280468984459619         0.000000000000000         0.000000000000000         0.000000000000000
        0.285000000000000         4.682709138999998         4.682709138999998         4.741722973960431         4.682709138999998         4.682709138999998         4.741722973960431         0.016143131154639         0.016143131154643         0.279899505224795         0.000000000000000         0.000000000000000         0.000000000000000
        0.286000000000000         4.708188346272164         4.708188346272164         4.761505034095139         4.708188346272164         4.708188346272164         4.761505034095140         0.016057025205671         0.016057025205669         0.279332919651809         0.000000000000000         0.000000000000000         0.000000000000000
        0.287000000000000         4.733876897945649         4.733876897945648         4.781568635883801         4.733876897945648         4.733876897945648         4.781568635883801         0.015972290977036         0.015972290977035         0.278769227465440         0.000000000000000         0.000000000000000         0.000000000000000
        0.288000000000000         4.759773762328377         4.759773762328377         4.801910328366250         4.759773762328376         4.759773762328376         4.801910328366250         0.015888897338032         0.015888897338034         0.278208427896958         0.000000000000000         0.000000000000000         0.000000000000000
        0.289000000000000         4.785875959505059         4.785875959505061         4.822528511611655         4.785875959505061         4.785875959505060         4.822528511611654         0.015806814065131         0.015806814065131         0.277650519695191         0.000000000000000         0.000000000000000         0.000000000000000
        0.290000000000000         4.812188573046400         4.812188573046400         4.843322265307875         4.812188573046400         4.812188573046400         4.843322265307875         0.015726011809706         0.015726011809705         0.277095501137760         0.000000000000000         0.000000000000000         0.000000000000000
        0.291000000000000         4.838707223963259         4.838707223963259         4.864584229671665         4.838707223963259         4.838707223963259         4.864584229671665         0.015646462067084         0.015646462067083         0.276543370042203         0.000000000000000         0.000000000000000         0.000000000000000
        0.292000000000000         4.865434214956144         4.865434214956144         4.886018293688824         4.865434214956144         4.865434214956144         4.886018293688825         0.015568137146945         0.015568137146945         0.275994123777190         0.000000000000000         0.000000000000000         0.000000000000000
        0.293000000000000         4.892345719389840         4.892345719389840         4.907719586466134         4.892345719389840         4.892345719389840         4.907719586466134         0.015491010144909         0.015491010144909         0.275447759273691         0.000000000000000         0.000000000000000         0.000000000000000
        0.294000000000000         4.919510003583016         4.919510003583016         4.929687253022600         4.919510003583016         4.919510003583017         4.929687253022599         0.015415054915333         0.015415054915331         0.274904273036102         0.000000000000000         0.000000000000000         0.000000000000000
        0.295000000000000         4.946860880120440         4.946860880120440         4.951895474171557         4.946860880120440         4.946860880120440         4.951895474171556         0.015340246045186         0.015340246045187         0.274363661153402         0.000000000000000         0.000000000000000         0.000000000000000
        0.296000000000000         4.974419954722553         4.974419954722553         4.974389251966766         4.974419954722553         4.974419954722553         4.974389251966766         0.015266558829025         0.015266558829025         0.273825919310160         0.000000000000000         0.000000000000000         0.000000000000000
        0.297000000000000         5.002190896100321         5.002190896100322         4.997144046782147         5.002190896100322         5.002190896100322         4.997144046782148         0.015193969244981         0.015193969244981         0.273291042797567         0.000000000000000         0.000000000000000         0.000000000000000
        0.298000000000000         5.030155458151620         5.030155458151619         5.020141602853275         5.030155458151619         5.030155458151619         5.020141602853275         0.015122453931660         0.015122453931660         0.272759026524324         0.000000000000000         0.000000000000000         0.000000000000000
        0.299000000000000         5.058306946708946         5.058306946708946         5.043380246961238         5.058306946708944         5.058306946708944         5.043380246961238         0.015051990166045         0.015051990166047         0.272229865027518         0.000000000000000         0.000000000000000         0.000000000000000
        0.300000000000000         5.086738170869510         5.086738170869509         5.066948438083481         5.086738170869508         5.086738170869509         5.066948438083481         0.014982555842193         0.014982555842194         0.271703552483307         0.000000000000000         0.000000000000000         0.000000000000000
