                   T[GeV]                  tauU[fm]                  tauD[fm]                  tauS[fm]               tauUBar[fm]               tauDBar[fm]               tauSBar[fm]                effMU[GeV]                effMD[GeV]                effMS[GeV]               effCPU[GeV]               effCPD[GeV]               effCPS[GeV]
        0.120000000000000        31.971852376094485        31.971852376094489        38.330113517164548        31.971852376094485        31.971852376094485        38.330113517164563         0.344727991767736         0.344727991767736         0.536629920733286         0.000000000000000         0.000000000000000         0.000000000000000
        0.121000000000000        30.830155189422317        30.830155189422875        36.882398797620368        30.830155189422317        30.830155189422879        36.882398797620368         0.343795051483527         0.343795051483537         0.536088839842219         0.000000000000000         0.000000000000000         0.000000000000000
        0.122000000000000        29.745591148296988        29.745591148295610        35.509622653019221        29.745591148296988        29.745591148295610        35.509622653019214         0.342835955221808         0.342835955221782         0.535532306189432         0.000000000000000         0.000000000000000         0.000000000000000
        0.123000000000000        28.714563258615900        28.714563258612610        34.206962293735380        28.714563258615897        28.714563258612610        34.206962293735387         0.341850265148218         0.341850265148152         0.534960097253699         0.000000000000000         0.000000000000000         0.000000000000000
        0.124000000000000        27.733646772190887        27.733646772191921        32.969981459404039        27.733646772190887        27.733646772191921        32.969981459404039         0.340837529733164         0.340837529733186         0.534371987871091         0.000000000000000         0.000000000000000         0.000000000000000
        0.125000000000000        26.799855516397610        26.799855516394810        31.794543455126448        26.799855516397610        26.799855516394810        31.794543455126444         0.339797289331677         0.339797289331615         0.533767752475648         0.000000000000000         0.000000000000000         0.000000000000000
        0.126000000000000        25.910318594926004        25.910318594925055        30.676842019064157        25.910318594926007        25.910318594925052        30.676842019064157         0.338729075738329         0.338729075738307         0.533147165055334         0.000000000000000         0.000000000000000         0.000000000000000
        0.127000000000000        25.062155295582180        25.062155295584123        29.613339315652205        25.062155295582173        25.062155295584123        29.613339315652205         0.337632411728237         0.337632411728284         0.532509999110120         0.000000000000000         0.000000000000000         0.000000000000000
        0.128000000000000        24.253614207762510        24.253614207763476        28.600673994523017        24.253614207762503        24.253614207763476        28.600673994523021         0.336506810576786         0.336506810576811         0.531856027610983         0.000000000000000         0.000000000000000         0.000000000000000
        0.129000000000000        23.481699839920179        23.481699839920179        27.635835879166802        23.481699839920182        23.481699839920179        27.635835879166802         0.335351761278277         0.335351761278277         0.531185017655580         0.000000000000000         0.000000000000000         0.000000000000000
        0.130000000000000        22.744516074890800        22.744516074890818        26.715946528048441        22.744516074890800        22.744516074890814        26.715946528048441         0.334166783789209         0.334166783789209         0.530496751164170         0.000000000000000         0.000000000000000         0.000000000000000
        0.131000000000000        22.040083693378861        22.040083693378861        25.838449449827966        22.040083693378861        22.040083693378861        25.838449449827966         0.332951346826023         0.332951346826023         0.529790994461132         0.000000000000000         0.000000000000000         0.000000000000000
        0.132000000000000        21.366609030566874        21.366609030566874        25.000859296939289        21.366609030566874        21.366609030566877        25.000859296939296         0.331704920520940         0.331704920520940         0.529067518061454         0.000000000000000         0.000000000000000         0.000000000000000
        0.133000000000000        20.722261114594122        20.722261114594122        24.200864753545034        20.722261114594119        20.722261114594122        24.200864753545034         0.330426962839102         0.330426962839102         0.528326091802936         0.000000000000000         0.000000000000000         0.000000000000000
        0.134000000000000        20.105553299025818        20.105553299025825        23.436343252475837        20.105553299025814        20.105553299025825        23.436343252475837         0.329116918983539         0.329116918983539         0.527566484831719         0.000000000000000         0.000000000000000         0.000000000000000
        0.135000000000000        19.514807916370874        19.514807916370874        22.705294591576187        19.514807916370877        19.514807916370877        22.705294591576187         0.327774220777900         0.327774220777900         0.526788465594838         0.000000000000000         0.000000000000000         0.000000000000000
        0.136000000000000        18.948628071091356        18.948628071091356        22.005867709528850        18.948628071091356        18.948628071091360        22.005867709528850         0.326398286026195         0.326398286026195         0.525991801840837         0.000000000000000         0.000000000000000         0.000000000000000
        0.137000000000000        18.405838612328811        18.405838612328800        21.336330805100840        18.405838612328811        18.405838612328800        21.336330805100840         0.324988517848819         0.324988517848819         0.525176260629565         0.000000000000000         0.000000000000000         0.000000000000000
        0.138000000000000        17.885202516731535        17.885202516731539        20.695048715066260        17.885202516731539        17.885202516731535        20.695048715066260         0.323544303994177         0.323544303994177         0.524341608352435         0.000000000000000         0.000000000000000         0.000000000000000
        0.139000000000000        17.385325548341573        17.385325548341573        20.080507262549801        17.385325548341569        17.385325548341573        20.080507262549805         0.322065016125288         0.322065016125288         0.523487610764529         0.000000000000000         0.000000000000000         0.000000000000000
        0.140000000000000        16.905317753469234        16.905317753469234        19.491278710555509        16.905317753469234        16.905317753469234        19.491278710555513         0.320550009080834         0.320550009080834         0.522614033030146         0.000000000000000         0.000000000000000         0.000000000000000
        0.141000000000000        16.444152939156066        16.444152939156076        18.926030180978831        16.444152939156066        16.444152939156073        18.926030180978831         0.318998620110208         0.318998620110208         0.521720639783538         0.000000000000000         0.000000000000000         0.000000000000000
        0.142000000000000        16.000858683304713        16.000858683304724        18.383541491548723        16.000858683304717        16.000858683304720        18.383541491548723         0.317410168082292         0.317410168082292         0.520807195206801         0.000000000000000         0.000000000000000         0.000000000000000
        0.143000000000000        15.574456618586614        15.574456618586614        17.862587760501466        15.574456618586614        15.574456618586614        17.862587760501462         0.315783952667850         0.315783952667850         0.519873463127142         0.000000000000000         0.000000000000000         0.000000000000000
        0.144000000000000        15.164146092372418        15.164146092372418        17.362075280243985        15.164146092372418        15.164146092372418        17.362075280243989         0.314119253495651         0.314119253495651         0.518919207135987         0.000000000000000         0.000000000000000         0.000000000000000
        0.145000000000000        14.769084757115074        14.769084757115074        16.880984948101709        14.769084757115074        14.769084757115076        16.880984948101716         0.312415329282733         0.312415329282733         0.517944190732713         0.000000000000000         0.000000000000000         0.000000000000000
        0.146000000000000        14.388595862561107        14.388595862561107        16.418337626531983        14.388595862561107        14.388595862561107        16.418337626531986         0.310671416939571         0.310671416939571         0.516948177496138         0.000000000000000         0.000000000000000         0.000000000000000
        0.147000000000000        14.021896697975901        14.021896697975908        15.973192777624202        14.021896697975901        14.021896697975906        15.973192777624206         0.308886730651320         0.308886730651320         0.515930931287286         0.000000000000000         0.000000000000000         0.000000000000000
        0.148000000000000        13.668342045295498        13.668342045295496        15.544775512899415        13.668342045295498        13.668342045295494        15.544775512899419         0.307060460936863         0.307060460936862         0.514892216487387         0.000000000000000         0.000000000000000         0.000000000000000
        0.149000000000000        13.327276182842468        13.327276182842462        15.132180983851171        13.327276182842466        13.327276182842462        15.132180983851173         0.305191773688015         0.305191773688015         0.513831798275590         0.000000000000000         0.000000000000000         0.000000000000000
        0.150000000000000        12.998102702327710        12.998102702327699        14.734675336401150        12.998102702327706        12.998102702327703        14.734675336401146         0.303279809192057         0.303279809192057         0.512749442951416         0.000000000000000         0.000000000000000         0.000000000000000
        0.151000000000000        12.680250899288582        12.680250899288582        14.351537780439614        12.680250899288584        12.680250899288584        14.351537780439612         0.301323681141653         0.301323681141653         0.511644918307654         0.000000000000000         0.000000000000000         0.000000000000000
        0.152000000000000        12.373178113027457        12.373178113027457        13.982110491606489        12.373178113027457        12.373178113027453        13.982110491606488         0.299322475637435         0.299322475637436         0.510517994060121         0.000000000000000         0.000000000000000         0.000000000000000
        0.153000000000000        12.076365564633686        12.076365564633722        13.625671698091869        12.076365564633686        12.076365564633722        13.625671698091869         0.297275250189873         0.297275250189874         0.509368442341547         0.000000000000000         0.000000000000000         0.000000000000000
        0.154000000000000        11.789315919655300        11.789315919655300        13.281694793166521        11.789315919655300        11.789315919655298        13.281694793166519         0.295181032728752         0.295181032728752         0.508196038267809         0.000000000000000         0.000000000000000         0.000000000000000
        0.155000000000000        11.511586954382990        11.511586954382990        12.949577828897596        11.511586954382986        11.511586954382986        12.949577828897594         0.293038820630574         0.293038820630575         0.507000560585815         0.000000000000000         0.000000000000000         0.000000000000000
        0.156000000000000        11.242664678873654        11.242664678873654        12.628817453016067        11.242664678873654        11.242664678873656        12.628817453016067         0.290847579776631         0.290847579776632         0.505781792413546         0.000000000000000         0.000000000000000         0.000000000000000
        0.157000000000000        10.982288194575517        10.982288194575517        12.318785304246122        10.982288194575515        10.982288194575515        12.318785304246122         0.288606243657474         0.288606243657475         0.504539522084220         0.000000000000000         0.000000000000000         0.000000000000000
        0.158000000000000        10.729914802818540        10.729914802818541        12.019090697724756        10.729914802818541        10.729914802818540        12.019090697724756         0.286313712542841         0.286313712542840         0.503273544108036         0.000000000000000         0.000000000000000         0.000000000000000
        0.159000000000000        10.485117655878664        10.485117655878664        11.729271539168733        10.485117655878662        10.485117655878664        11.729271539168733         0.283968852740596         0.283968852740596         0.501983660266867         0.000000000000000         0.000000000000000         0.000000000000000
        0.160000000000000        10.247615492865359        10.247615492865380        11.448868642367270        10.247615492865361        10.247615492865380        11.448868642367270         0.281570495972892         0.281570495972893         0.500669680859214         0.000000000000000         0.000000000000000         0.000000000000000
        0.161000000000000        10.017023123519994        10.017023123519994        11.177466132912082        10.017023123519996        10.017023123519996        11.177466132912082         0.279117438904260         0.279117438904259         0.499331426115113         0.000000000000000         0.000000000000000         0.000000000000000
        0.162000000000000         9.792940899551825         9.792940899551825        10.914691247164590         9.792940899551825         9.792940899551823        10.914691247164592         0.276608442863181         0.276608442863180         0.497968727803280         0.000000000000000         0.000000000000000         0.000000000000000
        0.163000000000000         9.575071641389520         9.575071641389501        10.660140593923970         9.575071641389522         9.575071641389503        10.660140593923970         0.274042233807685         0.274042233807685         0.496581431055742         0.000000000000000         0.000000000000000         0.000000000000000
        0.164000000000000         9.363074922392229         9.363074922392229        10.413475463395830         9.363074922392228         9.363074922392228        10.413475463395830         0.271417502595679         0.271417502595680         0.495169396438526         0.000000000000000         0.000000000000000         0.000000000000000
        0.165000000000000         9.156576807597428         9.156576807597428        10.174352973739994         9.156576807597430         9.156576807597430        10.174352973739998         0.268732905633380         0.268732905633380         0.493732502300734         0.000000000000000         0.000000000000000         0.000000000000000
        0.166000000000000         8.955234926835782         8.955234926835782         9.942458782413297         8.955234926835786         8.955234926835784         9.942458782413297         0.265987065989761         0.265987065989761         0.492270647438460         0.000000000000000         0.000000000000000         0.000000000000000
        0.167000000000000         8.758779363470735         8.758779363470719         9.717488861432294         8.758779363470735         8.758779363470721         9.717488861432294         0.263178575083133         0.263178575083131         0.490783754114749         0.000000000000000         0.000000000000000         0.000000000000000
        0.168000000000000         8.566742638889675         8.566742638889661         9.499147476632569         8.566742638889673         8.566742638889661         9.499147476632571         0.260305995066293         0.260305995066291         0.489271771481755         0.000000000000000         0.000000000000000         0.000000000000000
        0.169000000000000         8.378902732955233         8.378902732955231         9.287149601028904         8.378902732955234         8.378902732955231         9.287149601028906         0.257367862062720         0.257367862062720         0.487734679457042         0.000000000000000         0.000000000000000         0.000000000000000
        0.170000000000000         8.193556261599449         8.193556261599484         9.081254742573725         8.193556261599447         8.193556261599484         9.081254742573723         0.254362690435109         0.254362690435114         0.486172493111863         0.000000000000000         0.000000000000000         0.000000000000000
        0.171000000000000         8.014155810594108         8.014155810594142         8.881201078617526         8.014155810594108         8.014155810594142         8.881201078617528         0.251288978303297         0.251288978303303         0.484585267635748         0.000000000000000         0.000000000000000         0.000000000000000
        0.172000000000000         7.835950831597919         7.835950831597898         8.686750948357473         7.835950831597920         7.835950831597898         8.686750948357473         0.248145214569400         0.248145214569396         0.482973103948371         0.000000000000000         0.000000000000000         0.000000000000000
        0.173000000000000         7.658036435915916         7.658036435915926         8.497675491214508         7.658036435915915         7.658036435915926         8.497675491214508         0.244929887756800         0.244929887756803         0.481336155036334         0.000000000000000         0.000000000000000         0.000000000000000
        0.174000000000000         7.484767685263923         7.484767685263923         8.313756109241696         7.484767685263923         7.484767685263923         8.313756109241696         0.241641497025560         0.241641497025560         0.479674633098921         0.000000000000000         0.000000000000000         0.000000000000000
        0.175000000000000         7.311808518983970         7.311808518983960         8.134786465921414         7.311808518983969         7.311808518983960         8.134786465921415         0.238278565790860         0.238278565790858         0.477988817592291         0.000000000000000         0.000000000000000         0.000000000000000
        0.176000000000000         7.143065195407166         7.143065195407202         7.960577401130505         7.143065195407167         7.143065195407202         7.960577401130504         0.234839658446289         0.234839658446299         0.476279064265762         0.000000000000000         0.000000000000000         0.000000000000000
        0.177000000000000         6.969035579567885         6.969035579567893         7.790930127384248         6.969035579567885         6.969035579567895         7.790930127384250         0.231323400773968         0.231323400773971         0.474545815284879         0.000000000000000         0.000000000000000         0.000000000000000
        0.178000000000000         6.789031947501792         6.789031947501776         7.625670138698669         6.789031947501792         6.789031947501777         7.625670138698671         0.227728504716798         0.227728504716795         0.472789610533641         0.000000000000000         0.000000000000000         0.000000000000000
        0.179000000000000         6.607427883227635         6.607427883227603         7.464618149908965         6.607427883227634         6.607427883227603         7.464618149908964         0.224053798282141         0.224053798282133         0.471011100179175         0.000000000000000         0.000000000000000         0.000000000000000
        0.180000000000000         6.418110373087553         6.418110373087502         7.307634810527135         6.418110373087553         6.418110373087502         7.307634810527135         0.220298261446767         0.220298261446755         0.469211058564832         0.000000000000000         0.000000000000000         0.000000000000000
        0.181000000000000         6.242912243557750         6.242912243557771         7.154550729632092         6.242912243557750         6.242912243557770         7.154550729632091         0.216461069026003         0.216461069026010         0.467390399468042         0.000000000000000         0.000000000000000         0.000000000000000
        0.182000000000000         6.094023044636731         6.094023044636704         7.005211643351685         6.094023044636730         6.094023044636704         7.005211643351683         0.212541641548085         0.212541641548078         0.465550192712835         0.000000000000000         0.000000000000000         0.000000000000000
        0.183000000000000         5.958754436840038         5.958754436840069         6.859494500316576         5.958754436840037         5.958754436840069         6.859494500316578         0.208539705221076         0.208539705221085         0.463691682058216         0.000000000000000         0.000000000000000         0.000000000000000
        0.184000000000000         5.833136907186505         5.833136907186462         6.717258396626325         5.833136907186505         5.833136907186462         6.717258396626325         0.204455362072204         0.204455362072191         0.461816304186264         0.000000000000000         0.000000000000000         0.000000000000000
        0.185000000000000         5.715635645068073         5.715635645068067         6.578398769299498         5.715635645068073         5.715635645068066         6.578398769299497         0.200289171240609         0.200289171240608         0.459925708478951         0.000000000000000         0.000000000000000         0.000000000000000
        0.186000000000000         5.604376567830976         5.604376567831008         6.442770172236805         5.604376567830975         5.604376567831008         6.442770172236805         0.196042242172332         0.196042242172343         0.458021777093253         0.000000000000000         0.000000000000000         0.000000000000000
        0.187000000000000         5.498546965701165         5.498546965701184         6.310296214304707         5.498546965701164         5.498546965701185         6.310296214304708         0.191716340054653         0.191716340054661         0.456106644612523         0.000000000000000         0.000000000000000         0.000000000000000
        0.188000000000000         5.397352243715531         5.397352243715501         6.180865399490564         5.397352243715532         5.397352243715502         6.180865399490563         0.187314003136303         0.187314003136291         0.454182716260679         0.000000000000000         0.000000000000000         0.000000000000000
        0.189000000000000         5.300154942620172         5.300154942620218         6.054403037316922         5.300154942620172         5.300154942620218         6.054403037316921         0.182838670578581         0.182838670578600         0.452252683318643         0.000000000000000         0.000000000000000         0.000000000000000
        0.190000000000000         5.206406060425355         5.206406060425398         5.930793075170839         5.206406060425355         5.206406060425398         5.930793075170839         0.178294818047042         0.178294818047060         0.450319533985202         0.000000000000000         0.000000000000000         0.000000000000000
        0.191000000000000         5.115634852801198         5.115634852801238         5.810029217123190         5.115634852801198         5.115634852801239         5.810029217123190         0.173688096361875         0.173688096361893         0.448386557505619         0.000000000000000         0.000000000000000         0.000000000000000
        0.192000000000000         5.027448330346680         5.027448330346704         5.691904668811816         5.027448330346679         5.027448330346703         5.691904668811817         0.169025466154747         0.169025466154759         0.446457338997782         0.000000000000000         0.000000000000000         0.000000000000000
        0.193000000000000         4.941471876495007         4.941471876495013         5.576496352154577         4.941471876495008         4.941471876495014         5.576496352154576         0.164315318705333         0.164315318705336         0.444535742113136         0.000000000000000         0.000000000000000         0.000000000000000
        0.194000000000000         4.857398705870295         4.857398705870363         5.463703839389589         4.857398705870295         4.857398705870364         5.463703839389589         0.159567570207094         0.159567570207133         0.442625876590202         0.000000000000000         0.000000000000000         0.000000000000000
        0.195000000000000         4.774932134139489         4.774932134139457         5.353470712919930         4.774932134139489         4.774932134139457         5.353470712919930         0.154793714013934         0.154793714013916         0.440732048023778         0.000000000000000         0.000000000000000         0.000000000000000
        0.196000000000000         4.693831242927365         4.693831242927337         5.245746680050286         4.693831242927365         4.693831242927337         5.245746680050286         0.150006813635018         0.150006813635000         0.438858687932699         0.000000000000000         0.000000000000000         0.000000000000000
        0.197000000000000         4.613881252349364         4.613881252349355         5.140481915529858         4.613881252349364         4.613881252349356         5.140481915529858         0.145221419160926         0.145221419160921         0.437010263578743         0.000000000000000         0.000000000000000         0.000000000000000
        0.198000000000000         4.534890547877268         4.534890547877276         5.037592471551475         4.534890547877268         4.534890547877276         5.037592471551474         0.140453392348327         0.140453392348334         0.435191169005873         0.000000000000000         0.000000000000000         0.000000000000000
        0.199000000000000         4.456696968602565         4.456696968602542         4.936997703217674         4.456696968602566         4.456696968602542         4.936997703217675         0.135719631438734         0.135719631438716         0.433405601321967         0.000000000000000         0.000000000000000         0.000000000000000
        0.200000000000000         4.379147173234096         4.379147173234129         4.838587986348855         4.379147173234095         4.379147173234129         4.838587986348856         0.131037696161232         0.131037696161263         0.431657429029743         0.000000000000000         0.000000000000000         0.000000000000000
        0.201000000000000         4.302101647392548         4.302101647392580         4.742196397797038         4.302101647392547         4.302101647392581         4.742196397797039         0.126425345548882         0.126425345548916         0.429950061723424         0.000000000000000         0.000000000000000         0.000000000000000
        0.202000000000000         4.225399408746400         4.225399408746420         4.647597976376588         4.225399408746399         4.225399408746420         4.647597976376587         0.121900014454197         0.121900014454218         0.428286332080481         0.000000000000000         0.000000000000000         0.000000000000000
        0.203000000000000         4.148858015702132         4.148858015702143         4.554517100635818         4.148858015702132         4.148858015702143         4.554517100635818         0.117478266395261         0.117478266395273         0.426668401212990         0.000000000000000         0.000000000000000         0.000000000000000
        0.204000000000000         4.072196310567699         4.072196310567691         4.462391420144287         4.072196310567699         4.072196310567691         4.462391420144287         0.113175267648714         0.113175267648703         0.425097696772461         0.000000000000000         0.000000000000000         0.000000000000000
        0.205000000000000         3.995014237602296         3.995014237602296         4.370681911223669         3.995014237602296         3.995014237602296         4.370681911223668         0.109004327031318         0.109004327031318         0.423574889837865         0.000000000000000         0.000000000000000         0.000000000000000
        0.205100000000000         3.987248330819447         3.987248330819459         4.361498622731180         3.987248330819446         3.987248330819459         4.361498622731180         0.108594945655141         0.108594945655158         0.423425247048249         0.000000000000000         0.000000000000000         0.000000000000000
        0.205200000000000         3.979468853700804         3.979468853700804         4.352311692291204         3.979468853700804         3.979468853700804         4.352311692291204         0.108187006302432         0.108187006302432         0.423276082651978         0.000000000000000         0.000000000000000         0.000000000000000
        0.205300000000000         3.971685603601497         3.971685603601494         4.343115071151046         3.971685603601497         3.971685603601494         4.343115071151046         0.107780519913362         0.107780519913356         0.423127396121468         0.000000000000000         0.000000000000000         0.000000000000000
        0.205400000000000         3.963877286095508         3.963877286095498         4.333907516120045         3.963877286095507         3.963877286095498         4.333907516120044         0.107375495790445         0.107375495790432         0.422979186857852         0.000000000000000         0.000000000000000         0.000000000000000
        0.205500000000000         3.956064860789404         3.956064860789395         4.324690115251045         3.956064860789404         3.956064860789395         4.324690115251045         0.106971942987504         0.106971942987492         0.422831454195553         0.000000000000000         0.000000000000000         0.000000000000000
        0.205600000000000         3.948225414405515         3.948225414405499         4.315460415654631         3.948225414405516         3.948225414405499         4.315460415654631         0.106569870307605         0.106569870307580         0.422684197403119         0.000000000000000         0.000000000000000         0.000000000000000
        0.205700000000000         3.940370132955172         3.940370132955176         4.306217181855590         3.940370132955172         3.940370132955176         4.306217181855590         0.106169286302481         0.106169286302487         0.422537415684026         0.000000000000000         0.000000000000000         0.000000000000000
        0.205800000000000         3.932512175321786         3.932512175321790         4.296959213265329         3.932512175321786         3.932512175321789         4.296959213265329         0.105770199271541         0.105770199271547         0.422391108177582         0.000000000000000         0.000000000000000         0.000000000000000
        0.205900000000000         3.924625487998576         3.924625487998579         4.287683797863616         3.924625487998576         3.924625487998579         4.287683797863616         0.105372617259015         0.105372617259021         0.422245273959466         0.000000000000000         0.000000000000000         0.000000000000000
        0.206000000000000         3.916723209244742         3.916723209244737         4.278389535784184         3.916723209244743         3.916723209244737         4.278389535784184         0.104976548062153         0.104976548062146         0.422099912044026         0.000000000000000         0.000000000000000         0.000000000000000
        0.206100000000000         3.908795221978824         3.908795221978824         4.269084978207526         3.908795221978824         3.908795221978824         4.269084978207526         0.104581999218886         0.104581999218885         0.421955021383234         0.000000000000000         0.000000000000000         0.000000000000000
        0.206200000000000         3.900847250928324         3.900847250928329         4.259748243486354         3.900847250928323         3.900847250928329         4.259748243486354         0.104188978015544         0.104188978015551         0.421810600868905         0.000000000000000         0.000000000000000         0.000000000000000
        0.206300000000000         3.892875921185350         3.892875921185361         4.250387126877832         3.892875921185349         3.892875921185361         4.250387126877833         0.103797491483977         0.103797491483995         0.421666649333426         0.000000000000000         0.000000000000000         0.000000000000000
        0.206400000000000         3.884876426355266         3.884876426355266         4.240999173450737         3.884876426355266         3.884876426355266         4.240999173450737         0.103407546403299         0.103407546403301         0.421523165550732         0.000000000000000         0.000000000000000         0.000000000000000
        0.206500000000000         3.876856405343534         3.876856405343534         4.231581502468689         3.876856405343534         3.876856405343534         4.231581502468688         0.103019149298656         0.103019149298656         0.421380148237341         0.000000000000000         0.000000000000000         0.000000000000000
        0.206600000000000         3.868817297851173         3.868817297851178         4.222133267768190         3.868817297851173         3.868817297851177         4.222133267768190         0.102632306441392         0.102632306441399         0.421237596053393         0.000000000000000         0.000000000000000         0.000000000000000
        0.206700000000000         3.860726394057203         3.860726394057185         4.212650934212941         3.860726394057203         3.860726394057185         4.212650934212942         0.102247023852099         0.102247023852069         0.421095507603687         0.000000000000000         0.000000000000000         0.000000000000000
        0.206800000000000         3.852606242291293         3.852606242291304         4.203116897665057         3.852606242291293         3.852606242291303         4.203116897665057         0.101863307297149         0.101863307297167         0.420953881438777         0.000000000000000         0.000000000000000         0.000000000000000
        0.206900000000000         3.844459323528506         3.844459323528503         4.193558628416223         3.844459323528506         3.844459323528503         4.193558628416223         0.101481162292853         0.101481162292848         0.420812716056056         0.000000000000000         0.000000000000000         0.000000000000000
        0.207000000000000         3.836277311446511         3.836277311446507         4.183959487361651         3.836277311446510         3.836277311446507         4.183959487361651         0.101100594105860         0.101100594105855         0.420672009900848         0.000000000000000         0.000000000000000         0.000000000000000
        0.207100000000000         3.828056877836011         3.828056877836014         4.174311958943013         3.828056877836011         3.828056877836014         4.174311958943013         0.100721607751267         0.100721607751271         0.420531761367521         0.000000000000000         0.000000000000000         0.000000000000000
        0.207200000000000         3.819795451391410         3.819795451391415         4.164617858439709         3.819795451391409         3.819795451391415         4.164617858439709         0.100344207997927         0.100344207997937         0.420391968800586         0.000000000000000         0.000000000000000         0.000000000000000
        0.207300000000000         3.811415731095434         3.811415731095436         4.154869320403918         3.811415731095433         3.811415731095436         4.154869320403918         0.099968399365878         0.099968399365884         0.420252630495882         0.000000000000000         0.000000000000000         0.000000000000000
        0.207400000000000         3.803145431265922         3.803145431265912         4.145058731197057         3.803145431265922         3.803145431265912         4.145058731197058         0.099594186130986         0.099594186130969         0.420113744701645         0.000000000000000         0.000000000000000         0.000000000000000
        0.207500000000000         3.794746382029232         3.794746382029237         4.135189721300479         3.794746382029232         3.794746382029237         4.135189721300479         0.099221572323101         0.099221572323111         0.419975309619695         0.000000000000000         0.000000000000000         0.000000000000000
        0.207600000000000         3.786287059980693         3.786287059980697         4.125255780186959         3.786287059980693         3.786287059980697         4.125255780186960         0.098850561729964         0.098850561729970         0.419837323406586         0.000000000000000         0.000000000000000         0.000000000000000
        0.207700000000000         3.777781234625050         3.777781234625056         4.115249935027930         3.777781234625050         3.777781234625056         4.115249935027931         0.098481157898324         0.098481157898336         0.419699784174753         0.000000000000000         0.000000000000000         0.000000000000000
        0.207800000000000         3.769214351269738         3.769214351269752         4.105167871378708         3.769214351269738         3.769214351269752         4.105167871378709         0.098113364135002         0.098113364135025         0.419562689993663         0.000000000000000         0.000000000000000         0.000000000000000
        0.207900000000000         3.760590870211872         3.760590870211864         4.095017264278079         3.760590870211872         3.760590870211864         4.095017264278079         0.097747183509148         0.097747183509131         0.419426038891006         0.000000000000000         0.000000000000000         0.000000000000000
        0.208000000000000         3.751894011346069         3.751894011346070         4.084765054450934         3.751894011346069         3.751894011346069         4.084765054450934         0.097382618854249         0.097382618854251         0.419289828853854         0.000000000000000         0.000000000000000         0.000000000000000
        0.208100000000000         3.743126157589886         3.743126157589884         4.074418232925491         3.743126157589886         3.743126157589884         4.074418232925491         0.097019672770163         0.097019672770158         0.419154057829787         0.000000000000000         0.000000000000000         0.000000000000000
        0.208200000000000         3.734286949219780         3.734286949219777         4.063961797736479         3.734286949219781         3.734286949219777         4.063961797736479         0.096658347624723         0.096658347624718         0.419018723728130         0.000000000000000         0.000000000000000         0.000000000000000
        0.208300000000000         3.725364604340263         3.725364604340263         4.053411868978845         3.725364604340264         3.725364604340263         4.053411868978845         0.096298645557196         0.096298645557195         0.418883824421063         0.000000000000000         0.000000000000000         0.000000000000000
        0.208400000000000         3.716393658542215         3.716393658542216         4.042720807164603         3.716393658542215         3.716393658542215         4.042720807164605         0.095940568478353         0.095940568478352         0.418749357744826         0.000000000000000         0.000000000000000         0.000000000000000
        0.208500000000000         3.707247716289844         3.707247716289850         4.031918547711987         3.707247716289844         3.707247716289850         4.031918547711987         0.095584118075212         0.095584118075222         0.418615321500837         0.000000000000000         0.000000000000000         0.000000000000000
        0.208600000000000         3.698043203896187         3.698043203896183         4.020980289824085         3.698043203896187         3.698043203896183         4.020980289824085         0.095229295811327         0.095229295811318         0.418481713456927         0.000000000000000         0.000000000000000         0.000000000000000
        0.208700000000000         3.688732608821592         3.688732608821596         4.009894651201064         3.688732608821592         3.688732608821596         4.009894651201064         0.094876102931519         0.094876102931524         0.418348531348405         0.000000000000000         0.000000000000000         0.000000000000000
        0.208800000000000         3.679305164021111         3.679305164021115         3.998656465173996         3.679305164021111         3.679305164021115         3.998656465173996         0.094524540461830         0.094524540461841         0.418215772879268         0.000000000000000         0.000000000000000         0.000000000000000
        0.208900000000000         3.669753705538454         3.669753705538457         3.987242818169578         3.669753705538453         3.669753705538457         3.987242818169578         0.094174609214699         0.094174609214705         0.418083435723352         0.000000000000000         0.000000000000000         0.000000000000000
        0.209000000000000         3.660076792268328         3.660076792268325         3.975676450341254         3.660076792268327         3.660076792268324         3.975676450341254         0.093826309452518         0.093826309452513         0.417951517552647         0.000000000000000         0.000000000000000         0.000000000000000
        0.209100000000000         3.650243493379274         3.650243493379271         3.963861771021080         3.650243493379273         3.650243493379271         3.963861771021080         0.093479642576620         0.093479642576619         0.417820015902389         0.000000000000000         0.000000000000000         0.000000000000000
        0.209200000000000         3.640253963639919         3.640253963639920         3.951859807457033         3.640253963639920         3.640253963639920         3.951859807457033         0.093134607760372         0.093134607760372         0.417688928444279         0.000000000000000         0.000000000000000         0.000000000000000
        0.209300000000000         3.630110019014814         3.630110019014811         3.939635787710496         3.630110019014814         3.630110019014811         3.939635787710496         0.092791205320398         0.092791205320393         0.417558252715544         0.000000000000000         0.000000000000000         0.000000000000000
        0.209400000000000         3.619781598725173         3.619781598725171         3.927169970754947         3.619781598725174         3.619781598725170         3.927169970754947         0.092449435035629         0.092449435035625         0.417427986256044         0.000000000000000         0.000000000000000         0.000000000000000
        0.209500000000000         3.609229736324135         3.609229736324131         3.914452095458086         3.609229736324136         3.609229736324131         3.914452095458086         0.092109296487484         0.092109296487476         0.417298126582167         0.000000000000000         0.000000000000000         0.000000000000000
        0.209600000000000         3.598503685208098         3.598503685208096         3.901514670009702         3.598503685208099         3.598503685208097         3.901514670009702         0.091770789062038         0.091770789062037         0.417168671187931         0.000000000000000         0.000000000000000         0.000000000000000
        0.209700000000000         3.587593115012301         3.587593115012305         3.888345267503943         3.587593115012301         3.587593115012305         3.888345267503944         0.091433911953444         0.091433911953453         0.417039617546051         0.000000000000000         0.000000000000000         0.000000000000000
        0.209800000000000         3.576438150593030         3.576438150593027         3.875003837503089         3.576438150593030         3.576438150593027         3.875003837503089         0.091098664167111         0.091098664167107         0.416910963109013         0.000000000000000         0.000000000000000         0.000000000000000
        0.209900000000000         3.565075151330197         3.565075151330203         3.861652183440691         3.565075151330197         3.565075151330203         3.861652183440691         0.090765044522270         0.090765044522284         0.416782705310117         0.000000000000000         0.000000000000000         0.000000000000000
        0.210000000000000         3.553547678946645         3.553547678946641         3.848472790643313         3.553547678946645         3.553547678946641         3.848472790643313         0.090433051655772         0.090433051655763         0.416654841564493         0.000000000000000         0.000000000000000         0.000000000000000
        0.210100000000000         3.542125389372028         3.542125389372025         3.836735986918877         3.542125389372027         3.542125389372025         3.836735986918877         0.090102684024276         0.090102684024271         0.416527369270215         0.000000000000000         0.000000000000000         0.000000000000000
        0.210200000000000         3.530687820477667         3.530687820477668         3.826024269959346         3.530687820477666         3.530687820477667         3.826024269959346         0.089773939908561         0.089773939908564         0.416400285809194         0.000000000000000         0.000000000000000         0.000000000000000
        0.210300000000000         3.519102171095161         3.519102171095155         3.815975597161118         3.519102171095161         3.519102171095156         3.815975597161118         0.089446817416005         0.089446817415992         0.416273588548266         0.000000000000000         0.000000000000000         0.000000000000000
        0.210400000000000         3.506978676828734         3.506978676828735         3.805094123999606         3.506978676828734         3.506978676828735         3.805094123999606         0.089121314483342         0.089121314483347         0.416147274840167         0.000000000000000         0.000000000000000         0.000000000000000
        0.210500000000000         3.495206295854086         3.495206295854084         3.797357987322853         3.495206295854086         3.495206295854083         3.797357987322853         0.088797428881284         0.088797428881280         0.416021342024445         0.000000000000000         0.000000000000000         0.000000000000000
        0.210600000000000         3.482737990051706         3.482737990051706         3.788640329134476         3.482737990051707         3.482737990051706         3.788640329134477         0.088475158216075         0.088475158216074         0.415895787428516         0.000000000000000         0.000000000000000         0.000000000000000
        0.210700000000000         3.469807789553447         3.469807789553446         3.780250815821447         3.469807789553446         3.469807789553446         3.780250815821448         0.088154499934216         0.088154499934213         0.415770608368495         0.000000000000000         0.000000000000000         0.000000000000000
        0.210800000000000         3.456297357203389         3.456297357203392         3.772157798379349         3.456297357203389         3.456297357203392         3.772157798379348         0.087835451324320         0.087835451324329         0.415645802150234         0.000000000000000         0.000000000000000         0.000000000000000
        0.210900000000000         3.442074134003740         3.442074134003742         3.764334153674168         3.442074134003740         3.442074134003742         3.764334153674168         0.087518009521241         0.087518009521249         0.415521366070152         0.000000000000000         0.000000000000000         0.000000000000000
        0.211000000000000         3.426955088878093         3.426955088878089         3.756757347101311         3.426955088878094         3.426955088878089         3.756757347101311         0.087202171509722         0.087202171509713         0.415397297416130         0.000000000000000         0.000000000000000         0.000000000000000
        0.211100000000000         3.410677989330344         3.410677989330337         3.749408733289187         3.410677989330344         3.410677989330337         3.749408733289187         0.086887934125944         0.086887934125927         0.415273593468483         0.000000000000000         0.000000000000000         0.000000000000000
        0.211200000000000         3.392861924906291         3.392861924906290         3.742272406751549         3.392861924906291         3.392861924906291         3.742272406751549         0.086575294062792         0.086575294062791         0.415150251500686         0.000000000000000         0.000000000000000         0.000000000000000
        0.211300000000000         3.373168975654115         3.373168975654115         3.735334198793120         3.373168975654115         3.373168975654115         3.735334198793119         0.086264247871693         0.086264247871694         0.415027268780326         0.000000000000000         0.000000000000000         0.000000000000000
        0.211400000000000         3.350255534624549         3.350255534624550         3.728582605229056         3.350255534624549         3.350255534624550         3.728582605229056         0.085954791966454         0.085954791966459         0.414904642569893         0.000000000000000         0.000000000000000         0.000000000000000
        0.211500000000000         3.323304754472440         3.323304754472443         3.722005987951243         3.323304754472439         3.323304754472442         3.722005987951243         0.085646922626240         0.085646922626248         0.414782370127595         0.000000000000000         0.000000000000000         0.000000000000000
        0.211600000000000         3.293464362147369         3.293464362147366         3.715595117572397         3.293464362147369         3.293464362147366         3.715595117572397         0.085340635998854         0.085340635998845         0.414660448708169         0.000000000000000         0.000000000000000         0.000000000000000
        0.211700000000000         3.271662894230665         3.271662894230669         3.709340995927469         3.271662894230665         3.271662894230669         3.709340995927469         0.085035928104112         0.085035928104124         0.414538875563607         0.000000000000000         0.000000000000000         0.000000000000000
        0.211800000000000         3.252886100312254         3.252886100312256         3.703235622561778         3.252886100312254         3.252886100312256         3.703235622561778         0.084732794836956         0.084732794836961         0.414417647943990         0.000000000000000         0.000000000000000         0.000000000000000
        0.211900000000000         3.236141358490029         3.236141358490026         3.697272360160288         3.236141358490028         3.236141358490026         3.697272360160288         0.084431231970141         0.084431231970137         0.414296763098210         0.000000000000000         0.000000000000000         0.000000000000000
        0.212000000000000         3.220849026070382         3.220849026070384         3.691444500539064         3.220849026070382         3.220849026070384         3.691444500539065         0.084131234941689         0.084131234941695         0.414176218307495         0.000000000000000         0.000000000000000         0.000000000000000
        0.212100000000000         3.206719542256591         3.206719542256591         3.685745986548927         3.206719542256591         3.206719542256591         3.685745986548927         0.083832799940211         0.083832799940208         0.414056010722010         0.000000000000000         0.000000000000000         0.000000000000000
        0.212200000000000         3.193502503038636         3.193502503038636         3.680171403560236         3.193502503038636         3.193502503038636         3.680171403560237         0.083535921742337         0.083535921742338         0.413936137689851         0.000000000000000         0.000000000000000         0.000000000000000
        0.212300000000000         3.181058468518080         3.181058468518078         3.674715516053188         3.181058468518080         3.181058468518078         3.674715516053188         0.083240595881947         0.083240595881939         0.413816596429377         0.000000000000000         0.000000000000000         0.000000000000000
        0.212400000000000         3.169306578754577         3.169306578754576         3.669373576490092         3.169306578754577         3.169306578754575         3.669373576490092         0.082946817570262         0.082946817570255         0.413697384194070         0.000000000000000         0.000000000000000         0.000000000000000
        0.212500000000000         3.158095017625110         3.158095017625111         3.664140242510971         3.158095017625110         3.158095017625111         3.664140242510971         0.082654581914589         0.082654581914594         0.413578498240361         0.000000000000000         0.000000000000000         0.000000000000000
        0.212600000000000         3.147512080653819         3.147512080653817         3.659013881661517         3.147512080653819         3.147512080653817         3.659013881661517         0.082363883923279         0.082363883923272         0.413459935828138         0.000000000000000         0.000000000000000         0.000000000000000
        0.212700000000000         3.137350850923497         3.137350850923497         3.653953997749214         3.137350850923497         3.137350850923497         3.653953997749214         0.082074718506197         0.082074718506198         0.413341694221571         0.000000000000000         0.000000000000000         0.000000000000000
        0.212800000000000         3.127629242357514         3.127629242357514         3.649059903077830         3.127629242357514         3.127629242357514         3.649059903077831         0.081787080479862         0.081787080479863         0.413223770689471         0.000000000000000         0.000000000000000         0.000000000000000
        0.212900000000000         3.117182984059411         3.117182984059413         3.644223699183722         3.117182984059411         3.117182984059412         3.644223699183722         0.081500964568982         0.081500964568990         0.413106162506055         0.000000000000000         0.000000000000000         0.000000000000000
        0.213000000000000         3.109318894846135         3.109318894846134         3.639481650348252         3.109318894846136         3.109318894846135         3.639481650348252         0.081216365410360         0.081216365410353         0.412988866951351         0.000000000000000         0.000000000000000         0.000000000000000
        0.213100000000000         3.100649156685268         3.100649156685268         3.634827537241359         3.100649156685268         3.100649156685268         3.634827537241359         0.080933277554782         0.080933277554783         0.412871881311890         0.000000000000000         0.000000000000000         0.000000000000000
        0.213200000000000         3.092310658711118         3.092310658711120         3.630258803137652         3.092310658711118         3.092310658711119         3.630258803137653         0.080651695470597         0.080651695470600         0.412755202881119         0.000000000000000         0.000000000000000         0.000000000000000
        0.213300000000000         3.084242780939427         3.084242780939426         3.625770386570067         3.084242780939427         3.084242780939426         3.625770386570067         0.080371613546167         0.080371613546160         0.412638828959969         0.000000000000000         0.000000000000000         0.000000000000000
        0.213400000000000         3.076426010102234         3.076426010102234         3.621365253639056         3.076426010102234         3.076426010102234         3.621365253639056         0.080093026092721         0.080093026092719         0.412522756857336         0.000000000000000         0.000000000000000         0.000000000000000
        0.213500000000000         3.068878644920237         3.068878644920237         3.617035139081245         3.068878644920237         3.068878644920237         3.617035139081245         0.079815927347131         0.079815927347130         0.412406983890561         0.000000000000000         0.000000000000000         0.000000000000000
        0.213600000000000         3.061579381804632         3.061579381804632         3.612781659353115         3.061579381804632         3.061579381804632         3.612781659353115         0.079540311474611         0.079540311474614         0.412291507385879         0.000000000000000         0.000000000000000         0.000000000000000
        0.213700000000000         3.054489971269521         3.054489971269522         3.608600916281185         3.054489971269521         3.054489971269522         3.608600916281185         0.079266172571040         0.079266172571045         0.412176324678941         0.000000000000000         0.000000000000000         0.000000000000000
        0.213800000000000         3.047610391680466         3.047610391680465         3.604491643379272         3.047610391680466         3.047610391680465         3.604491643379272         0.078993504666156         0.078993504666153         0.412061433115134         0.000000000000000         0.000000000000000         0.000000000000000
        0.213900000000000         3.040909933643075         3.040909933643076         3.600450514827391         3.040909933643075         3.040909933643075         3.600450514827391         0.078722301725656         0.078722301725659         0.411946830050100         0.000000000000000         0.000000000000000         0.000000000000000
        0.214000000000000         3.034407940068127         3.034407940068128         3.596476521865677         3.034407940068127         3.034407940068128         3.596476521865678         0.078452557654059         0.078452557654065         0.411832512850062         0.000000000000000         0.000000000000000         0.000000000000000
        0.214100000000000         3.028079293456500         3.028079293456500         3.592567666002171         3.028079293456499         3.028079293456500         3.592567666002171         0.078184266296892         0.078184266296895         0.411718478892302         0.000000000000000         0.000000000000000         0.000000000000000
        0.214200000000000         3.021912841683862         3.021912841683862         3.588692442719014         3.021912841683862         3.021912841683862         3.588692442719014         0.077917421443706         0.077917421443704         0.411604725565423         0.000000000000000         0.000000000000000         0.000000000000000
        0.214300000000000         3.015919207388546         3.015919207388547         3.584938329765861         3.015919207388546         3.015919207388547         3.584938329765861         0.077652016829633         0.077652016829640         0.411491250269852         0.000000000000000         0.000000000000000         0.000000000000000
        0.214400000000000         3.010075261255014         3.010075261255015         3.581215141670730         3.010075261255014         3.010075261255015         3.581215141670729         0.077388046138895         0.077388046138899         0.411378050418022         0.000000000000000         0.000000000000000         0.000000000000000
        0.214500000000000         3.004373377928776         3.004373377928778         3.577550601199124         3.004373377928776         3.004373377928778         3.577550601199124         0.077125503006099         0.077125503006104         0.411265123434855         0.000000000000000         0.000000000000000         0.000000000000000
        0.214600000000000         2.998812173335467         2.998812173335466         3.573920887176498         2.998812173335467         2.998812173335466         3.573920887176498         0.076864381018965         0.076864381018960         0.411152466758035         0.000000000000000         0.000000000000000         0.000000000000000
        0.214700000000000         2.993392398493009         2.993392398493008         3.570367225389211         2.993392398493008         2.993392398493008         3.570367225389211         0.076604673721215         0.076604673721213         0.411040077838207         0.000000000000000         0.000000000000000         0.000000000000000
        0.214800000000000         2.988083705388517         2.988083705388517         3.566869570521673         2.988083705388516         2.988083705388517         3.566869570521674         0.076346374613556         0.076346374613556         0.410927954139466         0.000000000000000         0.000000000000000         0.000000000000000
        0.214900000000000         2.982908229810392         2.982908229810392         3.563425370834655         2.982908229810392         2.982908229810391         3.563425370834655         0.076089477156835         0.076089477156835         0.410816093139495         0.000000000000000         0.000000000000000         0.000000000000000
        0.215000000000000         2.977869462859011         2.977869462859011         3.560031405280841         2.977869462859011         2.977869462859011         3.560031405280841         0.075833974774117         0.075833974774117         0.410704492329843         0.000000000000000         0.000000000000000         0.000000000000000
        0.215100000000000         2.972923757170996         2.972923757170995         3.556704158644436         2.972923757170995         2.972923757170995         3.556704158644436         0.075579860851963         0.075579860851960         0.410593149216310         0.000000000000000         0.000000000000000         0.000000000000000
        0.215200000000000         2.968071774562641         2.968071774562640         3.553394309915495         2.968071774562641         2.968071774562640         3.553394309915495         0.075327128743805         0.075327128743801         0.410482061318981         0.000000000000000         0.000000000000000         0.000000000000000
        0.215300000000000         2.963341785001798         2.963341785001798         3.550148486272849         2.963341785001799         2.963341785001798         3.550148486272849         0.075075771770888         0.075075771770886         0.410371226172649         0.000000000000000         0.000000000000000         0.000000000000000
        0.215400000000000         2.958713060541603         2.958713060541602         3.546949395024410         2.958713060541603         2.958713060541602         3.546949395024411         0.074825783224653         0.074825783224651         0.410260641326953         0.000000000000000         0.000000000000000         0.000000000000000
        0.215500000000000         2.954186498307037         2.954186498307039         3.543806972386865         2.954186498307037         2.954186498307039         3.543806972386865         0.074577156368839         0.074577156368846         0.410150304346577         0.000000000000000         0.000000000000000         0.000000000000000
        0.215600000000000         2.949749662463514         2.949749662463514         3.540698620198372         2.949749662463514         2.949749662463514         3.540698620198372         0.074329884441321         0.074329884441320         0.410040212811457         0.000000000000000         0.000000000000000         0.000000000000000
        0.215700000000000         2.945405861248910         2.945405861248911         3.537634005024811         2.945405861248909         2.945405861248911         3.537634005024811         0.074083960655668         0.074083960655675         0.409930364317017         0.000000000000000         0.000000000000000         0.000000000000000
        0.215800000000000         2.941151317981114         2.941151317981114         3.534621482738042         2.941151317981114         2.941151317981115         3.534621482738042         0.073839378203466         0.073839378203463         0.409820756474278         0.000000000000000         0.000000000000000         0.000000000000000
        0.215900000000000         2.936980774434526         2.936980774434526         3.531636552786683         2.936980774434527         2.936980774434526         3.531636552786682         0.073596130255728         0.073596130255726         0.409711386910069         0.000000000000000         0.000000000000000         0.000000000000000
        0.216000000000000         2.932904528280155         2.932904528280156         3.528697697805234         2.932904528280154         2.932904528280156         3.528697697805234         0.073354209964907         0.073354209964915         0.409602253267157         0.000000000000000         0.000000000000000         0.000000000000000
        0.216100000000000         2.928885085974240         2.928885085974241         3.525798817621083         2.928885085974240         2.928885085974241         3.525798817621083         0.073113610466337         0.073113610466345         0.409493353204442         0.000000000000000         0.000000000000000         0.000000000000000
        0.216200000000000         2.924958025491436         2.924958025491436         3.522938225610767         2.924958025491436         2.924958025491436         3.522938225610767         0.072874324880190         0.072874324880190         0.409384684397032         0.000000000000000         0.000000000000000         0.000000000000000
        0.216300000000000         2.921111338163898         2.921111338163899         3.520117215574396         2.921111338163899         2.921111338163898         3.520117215574396         0.072636346312982         0.072636346312982         0.409276244536414         0.000000000000000         0.000000000000000         0.000000000000000
        0.216400000000000         2.917313692026826         2.917313692026826         3.517333903116572         2.917313692026827         2.917313692026826         3.517333903116572         0.072399667859344         0.072399667859344         0.409168031330515         0.000000000000000         0.000000000000000         0.000000000000000
        0.216500000000000         2.913609065614067         2.913609065614068         3.514587249440841         2.913609065614067         2.913609065614068         3.514587249440840         0.072164282603142         0.072164282603146         0.409060042503928         0.000000000000000         0.000000000000000         0.000000000000000
        0.216600000000000         2.909974887354635         2.909974887354635         3.511877095271461         2.909974887354635         2.909974887354635         3.511877095271461         0.071930183619487         0.071930183619489         0.408952275797902         0.000000000000000         0.000000000000000         0.000000000000000
        0.216700000000000         2.906390905384163         2.906390905384162         3.509202314399003         2.906390905384163         2.906390905384162         3.509202314399003         0.071697363976087         0.071697363976083         0.408844728970464         0.000000000000000         0.000000000000000         0.000000000000000
        0.216800000000000         2.902877611714045         2.902877611714044         3.506560829019085         2.902877611714045         2.902877611714044         3.506560829019085         0.071465816734569         0.071465816734562         0.408737399796535         0.000000000000000         0.000000000000000         0.000000000000000
        0.216900000000000         2.899463245546223         2.899463245546224         3.503955369535850         2.899463245546222         2.899463245546223         3.503955369535850         0.071235534952033         0.071235534952037         0.408630286067975         0.000000000000000         0.000000000000000         0.000000000000000
        0.217000000000000         2.896057465729217         2.896057465729217         3.501383212105224         2.896057465729217         2.896057465729218         3.501383212105225         0.071006511682391         0.071006511682393         0.408523385593667         0.000000000000000         0.000000000000000         0.000000000000000
        0.217100000000000         2.892730330175604         2.892730330175604         3.498843807716562         2.892730330175604         2.892730330175603         3.498843807716562         0.070778739977721         0.070778739977722         0.408416696199576         0.000000000000000         0.000000000000000         0.000000000000000
        0.217200000000000         2.889433426018273         2.889433426018273         3.496336547304002         2.889433426018273         2.889433426018273         3.496336547304001         0.070552212889666         0.070552212889666         0.408310215728776         0.000000000000000         0.000000000000000         0.000000000000000
        0.217300000000000         2.886291473130799         2.886291473130799         3.493860846075084         2.886291473130799         2.886291473130799         3.493860846075084         0.070326923470531         0.070326923470531         0.408203942041554         0.000000000000000         0.000000000000000         0.000000000000000
        0.217400000000000         2.883104083389045         2.883104083389045         3.491416190496690         2.883104083389044         2.883104083389044         3.491416190496690         0.070102864774654         0.070102864774654         0.408097873015410         0.000000000000000         0.000000000000000         0.000000000000000
        0.217500000000000         2.879999641196551         2.879999641196551         3.489001920634334         2.879999641196552         2.879999641196551         3.489001920634335         0.069880029859576         0.069880029859576         0.407992006545098         0.000000000000000         0.000000000000000         0.000000000000000
        0.217600000000000         2.876951877135709         2.876951877135709         3.486616889679616         2.876951877135709         2.876951877135709         3.486616889679617         0.069658411787474         0.069658411787474         0.407886340542612         0.000000000000000         0.000000000000000         0.000000000000000
        0.217700000000000         2.873954589108338         2.873954589108338         3.484261998929717         2.873954589108338         2.873954589108338         3.484261998929718         0.069438003625760         0.069438003625759         0.407780872937311         0.000000000000000         0.000000000000000         0.000000000000000
        0.217800000000000         2.871011108608797         2.871011108608798         3.481935516513222         2.871011108608796         2.871011108608798         3.481935516513222         0.069218798448686         0.069218798448689         0.407675601675843         0.000000000000000         0.000000000000000         0.000000000000000
        0.217900000000000         2.868123130226640         2.868123130226640         3.479637554667011         2.868123130226640         2.868123130226640         3.479637554667010         0.069000789338398         0.069000789338396         0.407570524722139         0.000000000000000         0.000000000000000         0.000000000000000
        0.218000000000000         2.865284483065458         2.865284483065459         3.477367869822442         2.865284483065459         2.865284483065460         3.477367869822442         0.068783969385597         0.068783969385600         0.407465640057524         0.000000000000000         0.000000000000000         0.000000000000000
        0.218100000000000         2.862466825811650         2.862466825811649         3.475125025652974         2.862466825811650         2.862466825811649         3.475125025652975         0.068568331691034         0.068568331691033         0.407360945680598         0.000000000000000         0.000000000000000         0.000000000000000
        0.218200000000000         2.859702015199678         2.859702015199678         3.472908438443286         2.859702015199678         2.859702015199678         3.472908438443286         0.068353869366248         0.068353869366248         0.407256439607281         0.000000000000000         0.000000000000000         0.000000000000000
        0.218300000000000         2.857000168122826         2.857000168122826         3.470718220722905         2.857000168122827         2.857000168122827         3.470718220722906         0.068140575534495         0.068140575534491         0.407152119870831         0.000000000000000         0.000000000000000         0.000000000000000
        0.218400000000000         2.854327261599438         2.854327261599438         3.468532278965635         2.854327261599438         2.854327261599439         3.468532278965635         0.067928443331969         0.067928443331970         0.407047984521724         0.000000000000000         0.000000000000000         0.000000000000000
        0.218500000000000         2.851678302326355         2.851678302326354         3.466392718114806         2.851678302326355         2.851678302326355         3.466392718114806         0.067717465908332         0.067717465908331         0.406944031627755         0.000000000000000         0.000000000000000         0.000000000000000
        0.218600000000000         2.849125952924766         2.849125952924766         3.464278810483459         2.849125952924766         2.849125952924765         3.464278810483458         0.067507636427912         0.067507636427909         0.406840259273903         0.000000000000000         0.000000000000000         0.000000000000000
        0.218700000000000         2.846592473296076         2.846592473296076         3.462189906158804         2.846592473296077         2.846592473296077         3.462189906158804         0.067298948070258         0.067298948070257         0.406736665562399         0.000000000000000         0.000000000000000         0.000000000000000
        0.218800000000000         2.844069132740455         2.844069132740455         3.460124958152532         2.844069132740455         2.844069132740455         3.460124958152532         0.067091394031370         0.067091394031366         0.406633248612571         0.000000000000000         0.000000000000000         0.000000000000000
        0.218900000000000         2.841504857622972         2.841504857622973         3.458106048131967         2.841504857622972         2.841504857622973         3.458106048131967         0.066884967524051         0.066884967524053         0.406530006560916         0.000000000000000         0.000000000000000         0.000000000000000
        0.219000000000000         2.839185327685021         2.839185327685021         3.456088038233099         2.839185327685021         2.839185327685022         3.456088038233099         0.066679661744582         0.066679661744582         0.406426937572369         0.000000000000000         0.000000000000000         0.000000000000000
        0.219100000000000         2.836801933217868         2.836801933217868         3.454092973788798         2.836801933217868         2.836801933217868         3.454092973788798         0.066475470045214         0.066475470045213         0.406324039783419         0.000000000000000         0.000000000000000         0.000000000000000
        0.219200000000000         2.834456340741153         2.834456340741153         3.452120413801103         2.834456340741153         2.834456340741153         3.452120413801103         0.066272385591422         0.066272385591426         0.406221311415693         0.000000000000000         0.000000000000000         0.000000000000000
        0.219300000000000         2.832137459034629         2.832137459034629         3.450170938229981         2.832137459034629         2.832137459034629         3.450170938229980         0.066070401705861         0.066070401705861         0.406118750662335         0.000000000000000         0.000000000000000         0.000000000000000
        0.219400000000000         2.829858609098856         2.829858609098856         3.448242436579422         2.829858609098856         2.829858609098856         3.448242436579422         0.065869511697604         0.065869511697602         0.406016355744663         0.000000000000000         0.000000000000000         0.000000000000000
        0.219500000000000         2.827608947084783         2.827608947084782         3.446335690900358         2.827608947084783         2.827608947084782         3.446335690900359         0.065669708896968         0.065669708896968         0.405914124900803         0.000000000000000         0.000000000000000         0.000000000000000
        0.219600000000000         2.825402341940259         2.825402341940260         3.444450089326658         2.825402341940260         2.825402341940259         3.444450089326658         0.065470986656046         0.065470986656048         0.405812056385654         0.000000000000000         0.000000000000000         0.000000000000000
        0.219700000000000         2.823216395494876         2.823216395494876         3.442552220604714         2.823216395494876         2.823216395494876         3.442552220604714         0.065273338349677         0.065273338349679         0.405710148470695         0.000000000000000         0.000000000000000         0.000000000000000
        0.219800000000000         2.821075881992923         2.821075881992923         3.440708400458682         2.821075881992922         2.821075881992922         3.440708400458683         0.065076757375513         0.065076757375514         0.405608399444085         0.000000000000000         0.000000000000000         0.000000000000000
        0.219900000000000         2.818963233269710         2.818963233269710         3.438885549727718         2.818963233269710         2.818963233269710         3.438885549727718         0.064881237155134         0.064881237155134         0.405506807610409         0.000000000000000         0.000000000000000         0.000000000000000
        0.220000000000000         2.816888012497126         2.816888012497126         3.437082530620305         2.816888012497127         2.816888012497126         3.437082530620305         0.064686771134092         0.064686771134092         0.405405371290753         0.000000000000000         0.000000000000000         0.000000000000000
        0.221000000000000         2.797684400579089         2.797684400579080         3.420101553617957         2.797684400579089         2.797684400579080         3.420101553617957         0.062798684456693         0.062798684456620         0.404399196478192         0.000000000000000         0.000000000000000         0.000000000000000
        0.222000000000000         2.781086624659486         2.781086624659465         3.404799053469534         2.781086624659485         2.781086624659465         3.404799053469533         0.061008983822317         0.061008983822145         0.403406853710798         0.000000000000000         0.000000000000000         0.000000000000000
        0.223000000000000         2.766693062281547         2.766693062281547         3.390955777168373         2.766693062281546         2.766693062281546         3.390955777168373         0.059311600054586         0.059311600054586         0.402426911931385         0.000000000000000         0.000000000000000         0.000000000000000
        0.224000000000000         2.754207442440631         2.754207442440631         3.378414778428981         2.754207442440631         2.754207442440631         3.378414778428981         0.057700754268048         0.057700754268049         0.401458091955859         0.000000000000000         0.000000000000000         0.000000000000000
        0.225000000000000         2.743381636202506         2.743381636202495         3.367028608970872         2.743381636202505         2.743381636202495         3.367028608970872         0.056170992642908         0.056170992642818         0.400499246306517         0.000000000000000         0.000000000000000         0.000000000000000
        0.226000000000000         2.734017313116710         2.734017313116728         3.356670085959609         2.734017313116710         2.734017313116728         3.356670085959609         0.054717188949281         0.054717188949454         0.399549348039865         0.000000000000000         0.000000000000000         0.000000000000000
        0.227000000000000         2.725947934952575         2.725947934952578         3.347236223628128         2.725947934952575         2.725947934952577         3.347236223628128         0.053334540206002         0.053334540206036         0.398607479855120         0.000000000000000         0.000000000000000         0.000000000000000
        0.228000000000000         2.719058540704924         2.719058540704924         3.338627515022059         2.719058540704924         2.719058540704924         3.338627515022059         0.052018557454302         0.052018557454302         0.397672823719969         0.000000000000000         0.000000000000000         0.000000000000000
        0.229000000000000         2.713206164611638         2.713206164611639         3.330784501322360         2.713206164611638         2.713206164611639         3.330784501322360         0.050765053211905         0.050765053211914         0.396744651146494         0.000000000000000         0.000000000000000         0.000000000000000
        0.230000000000000         2.708277145090420         2.708277145090420         3.323636973939408         2.708277145090420         2.708277145090420         3.323636973939408         0.049570126792682         0.049570126792685         0.395822314199259         0.000000000000000         0.000000000000000         0.000000000000000
        0.231000000000000         2.704235420801899         2.704235420801901         3.317130344378888         2.704235420801899         2.704235420801901         3.317130344378889         0.048430148406841         0.048430148406861         0.394905237259540         0.000000000000000         0.000000000000000         0.000000000000000
        0.232000000000000         2.700985589860101         2.700985589860102         3.311214591115452         2.700985589860101         2.700985589860102         3.311214591115452         0.047341742726297         0.047341742726315         0.393992909526907         0.000000000000000         0.000000000000000         0.000000000000000
        0.233000000000000         2.698462703616863         2.698462703616862         3.305849574859202         2.698462703616863         2.698462703616862         3.305849574859202         0.046301772397946         0.046301772397930         0.393084878244106         0.000000000000000         0.000000000000000         0.000000000000000
        0.234000000000000         2.696619254358358         2.696619254358358         3.300998008904163         2.696619254358358         2.696619254358358         3.300998008904163         0.045307321865025         0.045307321865021         0.392180742593353         0.000000000000000         0.000000000000000         0.000000000000000
        0.235000000000000         2.695396503460536         2.695396503460534         3.296628267403260         2.695396503460536         2.695396503460534         3.296628267403260         0.044355681735769         0.044355681735752         0.391280148219364         0.000000000000000         0.000000000000000         0.000000000000000
        0.236000000000000         2.694755506219487         2.694755506219485         3.292712162495465         2.694755506219487         2.694755506219485         3.292712162495465         0.043444333857631         0.043444333857608         0.390382782321650         0.000000000000000         0.000000000000000         0.000000000000000
        0.237000000000000         2.694695899312446         2.694695899312445         3.289223933510428         2.694695899312446         2.694695899312446         3.289223933510427         0.042570937194524         0.042570937194518         0.389488369269314         0.000000000000000         0.000000000000000         0.000000000000000
        0.238000000000000         2.695116821567828         2.695116821567828         3.286141274643136         2.695116821567827         2.695116821567829         3.286141274643136         0.041733314556509         0.041733314556518         0.388596666688373         0.000000000000000         0.000000000000000         0.000000000000000
        0.239000000000000         2.696002124773628         2.696002124773628         3.283442213811979         2.696002124773628         2.696002124773628         3.283442213811979         0.040929440198024         0.040929440198025         0.387707461965597         0.000000000000000         0.000000000000000         0.000000000000000
        0.240000000000000         2.697348566303794         2.697348566303793         3.281110450576449         2.697348566303794         2.697348566303793         3.281110450576449         0.040157428278796         0.040157428278795         0.386820569136133         0.000000000000000         0.000000000000000         0.000000000000000
        0.241000000000000         2.699121004035313         2.699121004035313         3.279129376779471         2.699121004035313         2.699121004035313         3.279129376779471         0.039415522162267         0.039415522162267         0.385935826103575         0.000000000000000         0.000000000000000         0.000000000000000
        0.242000000000000         2.701311359420473         2.701311359420473         3.277492203345298         2.701311359420473         2.701311359420473         3.277492203345298         0.038702084518275         0.038702084518277         0.385053092163972         0.000000000000000         0.000000000000000         0.000000000000000
        0.243000000000000         2.703857689260031         2.703857689260031         3.276143749993803         2.703857689260031         2.703857689260031         3.276143749993803         0.038015588186564         0.038015588186563         0.384172245793644         0.000000000000000         0.000000000000000         0.000000000000000
        0.244000000000000         2.706832348819933         2.706832348819933         3.275149080904916         2.706832348819933         2.706832348819933         3.275149080904916         0.037354607758478         0.037354607758475         0.383293182677088         0.000000000000000         0.000000000000000         0.000000000000000
        0.245000000000000         2.710110428647806         2.710110428647806         3.274433772030834         2.710110428647806         2.710110428647806         3.274433772030834         0.036717811827043         0.036717811827051         0.382415813943212         0.000000000000000         0.000000000000000         0.000000000000000
        0.246000000000000         2.713706738035370         2.713706738035369         3.274007228177185         2.713706738035370         2.713706738035369         3.274007228177185         0.036103955858922         0.036103955858913         0.381540064588709         0.000000000000000         0.000000000000000         0.000000000000000
        0.247000000000000         2.717644816481385         2.717644816481385         3.273883508514339         2.717644816481386         2.717644816481385         3.273883508514339         0.035511875644351         0.035511875644346         0.380665872067670         0.000000000000000         0.000000000000000         0.000000000000000
        0.248000000000000         2.721861356687441         2.721861356687442         3.273990128904383         2.721861356687441         2.721861356687442         3.273990128904383         0.034940481278473         0.034940481278490         0.379793185027994         0.000000000000000         0.000000000000000         0.000000000000000
        0.249000000000000         2.726399067012697         2.726399067012697         3.274371387929163         2.726399067012697         2.726399067012697         3.274371387929164         0.034388751631189         0.034388751631198         0.378921962177770         0.000000000000000         0.000000000000000         0.000000000000000
        0.250000000000000         2.731252590434374         2.731252590434375         3.275013252305998         2.731252590434374         2.731252590434375         3.275013252305998         0.033855729269396         0.033855729269399         0.378052171268560         0.000000000000000         0.000000000000000         0.000000000000000
        0.251000000000000         2.736357152640723         2.736357152640723         3.275903720910684         2.736357152640723         2.736357152640723         3.275903720910684         0.033340515789586         0.033340515789585         0.377183788180420         0.000000000000000         0.000000000000000         0.000000000000000
        0.252000000000000         2.741735891195154         2.741735891195154         3.277024804136675         2.741735891195153         2.741735891195153         3.277024804136675         0.032842267531017         0.032842267531020         0.376316796099565         0.000000000000000         0.000000000000000         0.000000000000000
        0.253000000000000         2.747372040105220         2.747372040105219         3.278394307655670         2.747372040105220         2.747372040105219         3.278394307655671         0.032360191634890         0.032360191634879         0.375451184777399         0.000000000000000         0.000000000000000         0.000000000000000
        0.254000000000000         2.753271723041977         2.753271723041978         3.279986179133571         2.753271723041978         2.753271723041978         3.279986179133572         0.031893542419455         0.031893542419469         0.374586949861481         0.000000000000000         0.000000000000000         0.000000000000000
        0.255000000000000         2.759420332017796         2.759420332017795         3.281801248723835         2.759420332017796         2.759420332017795         3.281801248723835         0.031441618047610         0.031441618047608         0.373724092292501         0.000000000000000         0.000000000000000         0.000000000000000
        0.256000000000000         2.765634386936943         2.765634386936943         3.283834987943209         2.765634386936944         2.765634386936944         3.283834987943209         0.031003757457970         0.031003757457970         0.372862617758180         0.000000000000000         0.000000000000000         0.000000000000000
        0.257000000000000         2.772418359257083         2.772418359257083         3.286089080592034         2.772418359257083         2.772418359257083         3.286089080592034         0.030579337538998         0.030579337538998         0.372002536199251         0.000000000000000         0.000000000000000         0.000000000000000
        0.258000000000000         2.779257702722554         2.779257702722554         3.288528965674113         2.779257702722554         2.779257702722554         3.288528965674113         0.030167770526259         0.030167770526255         0.371143861361911         0.000000000000000         0.000000000000000         0.000000000000000
        0.259000000000000         2.786261471764401         2.786261471764402         3.291187394206332         2.786261471764401         2.786261471764402         3.291187394206332         0.029768501601306         0.029768501601321         0.370286610391558         0.000000000000000         0.000000000000000         0.000000000000000
        0.260000000000000         2.793505821900436         2.793505821900436         3.294044181034081         2.793505821900436         2.793505821900436         3.294044181034081         0.029381006677303         0.029381006677286         0.369430803463575         0.000000000000000         0.000000000000000         0.000000000000000
        0.261000000000000         2.800964968786341         2.800964968786341         3.297094959902585         2.800964968786341         2.800964968786341         3.297094959902584         0.029004790354608         0.029004790354605         0.368576463448294         0.000000000000000         0.000000000000000         0.000000000000000
        0.262000000000000         2.808659889147582         2.808659889147582         3.300336853399721         2.808659889147581         2.808659889147582         3.300336853399722         0.028639384031843         0.028639384031847         0.367723615605403         0.000000000000000         0.000000000000000         0.000000000000000
        0.263000000000000         2.816502656690335         2.816502656690335         3.303764801247611         2.816502656690335         2.816502656690335         3.303764801247611         0.028284344149036         0.028284344149032         0.366872287304616         0.000000000000000         0.000000000000000         0.000000000000000
        0.264000000000000         2.824500869400474         2.824500869400476         3.307375415569312         2.824500869400474         2.824500869400477         3.307375415569312         0.027939250626359         0.027939250626385         0.366022507775466         0.000000000000000         0.000000000000000         0.000000000000000
        0.265000000000000         2.832732226997180         2.832732226997180         3.311165044036843         2.832732226997180         2.832732226997180         3.311165044036843         0.027603705260323         0.027603705260315         0.365174307869000         0.000000000000000         0.000000000000000         0.000000000000000
        0.266000000000000         2.841196063414885         2.841196063414888         3.315129654325164         2.841196063414885         2.841196063414887         3.315129654325163         0.027277330447488         0.027277330447497         0.364327719852660         0.000000000000000         0.000000000000000         0.000000000000000
        0.267000000000000         2.849861271016277         2.849861271016277         3.319243202033045         2.849861271016277         2.849861271016277         3.319243202033045         0.026959767845021         0.026959767844999         0.363482777212541         0.000000000000000         0.000000000000000         0.000000000000000
        0.268000000000000         2.858450803796122         2.858450803796122         3.323548089918278         2.858450803796122         2.858450803796122         3.323548089918277         0.026650677190608         0.026650677190607         0.362639514477792         0.000000000000000         0.000000000000000         0.000000000000000
        0.269000000000000         2.867593767927454         2.867593767927454         3.328036378241353         2.867593767927454         2.867593767927454         3.328036378241353         0.026349735196434         0.026349735196426         0.361797967057596         0.000000000000000         0.000000000000000         0.000000000000000
        0.270000000000000         2.876778261595492         2.876778261595492         3.332668604774016         2.876778261595492         2.876778261595491         3.332668604774016         0.026056634520977         0.026056634520975         0.360958171092545         0.000000000000000         0.000000000000000         0.000000000000000
        0.271000000000000         2.886583241360571         2.886583241360571         3.337457619995861         2.886583241360571         2.886583241360571         3.337457619995861         0.025771082813993         0.025771082813992         0.360120163317955         0.000000000000000         0.000000000000000         0.000000000000000
        0.272000000000000         2.895669068611018         2.895669068611018         3.342401459046300         2.895669068611018         2.895669068611018         3.342401459046300         0.025492801827429         0.025492801827429         0.359283980939159         0.000000000000000         0.000000000000000         0.000000000000000
        0.273000000000000         2.905413326559009         2.905413326559009         3.347495425054361         2.905413326559009         2.905413326559009         3.347495425054361         0.025221526587855         0.025221526587856         0.358449661515775         0.000000000000000         0.000000000000000         0.000000000000000
        0.274000000000000         2.915311782649971         2.915311782649971         3.352741185487095         2.915311782649971         2.915311782649971         3.352741185487095         0.024957004625788         0.024957004625782         0.357617242857170         0.000000000000000         0.000000000000000         0.000000000000000
        0.275000000000000         2.925549781759316         2.925549781759316         3.358130071553249         2.925549781759316         2.925549781759316         3.358130071553249         0.024698995256242         0.024698995256230         0.356786762924690         0.000000000000000         0.000000000000000         0.000000000000000
        0.276000000000000         2.935922440328015         2.935922440328015         3.363660846339734         2.935922440328015         2.935922440328015         3.363660846339734         0.024447268908870         0.024447268908866         0.355958259743238         0.000000000000000         0.000000000000000         0.000000000000000
        0.277000000000000         2.946303449006038         2.946303449006038         3.369330493528167         2.946303449006038         2.946303449006038         3.369330493528166         0.024201606501384         0.024201606501384         0.355131771319338         0.000000000000000         0.000000000000000         0.000000000000000
        0.278000000000000         2.956831257480503         2.956831257480503         3.375135431255680         2.956831257480503         2.956831257480503         3.375135431255681         0.023961798855066         0.023961798855063         0.354307335565985         0.000000000000000         0.000000000000000         0.000000000000000
        0.279000000000000         2.967702575747329         2.967702575747329         3.381073903208062         2.967702575747329         2.967702575747329         3.381073903208062         0.023727646147844         0.023727646147835         0.353484990234057         0.000000000000000         0.000000000000000         0.000000000000000
        0.280000000000000         2.978625341075341         2.978625341075341         3.387144475101621         2.978625341075341         2.978625341075341         3.387144475101621         0.023498957403187         0.023498957403193         0.352664772848786         0.000000000000000         0.000000000000000         0.000000000000000
        0.281000000000000         2.989626491559369         2.989626491559369         3.393336493036076         2.989626491559369         2.989626491559369         3.393336493036076         0.023275550011388         0.023275550011391         0.351846720651824         0.000000000000000         0.000000000000000         0.000000000000000
        0.282000000000000         3.001081641290931         3.001081641290930         3.399653967542138         3.001081641290931         3.001081641290931         3.399653967542139         0.023057249281205         0.023057249281208         0.351030870548410         0.000000000000000         0.000000000000000         0.000000000000000
        0.283000000000000         3.012163327055379         3.012163327055378         3.406092038054159         3.012163327055378         3.012163327055378         3.406092038054159         0.022843888019890         0.022843888019890         0.350217259058190         0.000000000000000         0.000000000000000         0.000000000000000
        0.284000000000000         3.023615540997123         3.023615540997123         3.412629910118538         3.023615540997123         3.023615540997123         3.412629910118537         0.022635306139113         0.022635306139113         0.349405922271179         0.000000000000000         0.000000000000000         0.000000000000000
        0.285000000000000         3.035223295980846         3.035223295980846         3.419297144391719         3.035223295980847         3.035223295980847         3.419297144391718         0.022431350285637         0.022431350285638         0.348596895806741         0.000000000000000         0.000000000000000         0.000000000000000
        0.286000000000000         3.047296298809695         3.047296298809695         3.426071860048539         3.047296298809695         3.047296298809695         3.426071860048539         0.022231873493630         0.022231873493632         0.347790214776772         0.000000000000000         0.000000000000000         0.000000000000000
        0.287000000000000         3.058751843873291         3.058751843873291         3.432976946083442         3.058751843873291         3.058751843873291         3.432976946083442         0.022036734859517         0.022036734859515         0.346985913751767         0.000000000000000         0.000000000000000         0.000000000000000
        0.288000000000000         3.071255247346501         3.071255247346501         3.439966115077272         3.071255247346501         3.071255247346502         3.439966115077272         0.021845799234608         0.021845799234602         0.346184026730259         0.000000000000000         0.000000000000000         0.000000000000000
        0.289000000000000         3.083464763233224         3.083464763233224         3.447064259634381         3.083464763233224         3.083464763233224         3.447064259634380         0.021658936937543         0.021658936937544         0.345384587110963         0.000000000000000         0.000000000000000         0.000000000000000
        0.290000000000000         3.096002203943317         3.096002203943317         3.454133187886546         3.096002203943317         3.096002203943317         3.454133187886546         0.021476023482887         0.021476023482883         0.344587627667826         0.000000000000000         0.000000000000000         0.000000000000000
        0.291000000000000         3.108556791422768         3.108556791422768         3.461523305349339         3.108556791422768         3.108556791422768         3.461523305349340         0.021296939325335         0.021296939325338         0.343793180527229         0.000000000000000         0.000000000000000         0.000000000000000
        0.292000000000000         3.121171092751807         3.121171092751807         3.468893588597044         3.121171092751807         3.121171092751807         3.468893588597044         0.021121569619889         0.021121569619890         0.343001277148025         0.000000000000000         0.000000000000000         0.000000000000000
        0.293000000000000         3.133991271434220         3.133991271434220         3.476349753711217         3.133991271434220         3.133991271434220         3.476349753711217         0.020949803994322         0.020949803994325         0.342211948303164         0.000000000000000         0.000000000000000         0.000000000000000
        0.294000000000000         3.147377122795904         3.147377122795904         3.483830945147493         3.147377122795904         3.147377122795904         3.483830945147492         0.020781536335631         0.020781536335635         0.341425224064072         0.000000000000000         0.000000000000000         0.000000000000000
        0.295000000000000         3.160385562581007         3.160385562581007         3.491506790904120         3.160385562581007         3.160385562581008         3.491506790904120         0.020616664588346         0.020616664588350         0.340641133786217         0.000000000000000         0.000000000000000         0.000000000000000
        0.296000000000000         3.173685702742594         3.173685702742594         3.499199285060303         3.173685702742594         3.173685702742594         3.499199285060302         0.020455090563714         0.020455090563718         0.339859706097083         0.000000000000000         0.000000000000000         0.000000000000000
        0.297000000000000         3.187272398798292         3.187272398798292         3.506963560605133         3.187272398798292         3.187272398798292         3.506963560605132         0.020296719759871         0.020296719759879         0.339080968885362         0.000000000000000         0.000000000000000         0.000000000000000
        0.298000000000000         3.200923177103493         3.200923177103493         3.514795023512725         3.200923177103493         3.200923177103493         3.514795023512725         0.020141461191758         0.020141461191761         0.338304949292040         0.000000000000000         0.000000000000000         0.000000000000000
        0.299000000000000         3.214252501648765         3.214252501648765         3.522640265564673         3.214252501648765         3.214252501648765         3.522640265564673         0.019989227230312         0.019989227230312         0.337531673702874         0.000000000000000         0.000000000000000         0.000000000000000
        0.300000000000000         3.228497912834871         3.228497912834871         3.530594178948831         3.228497912834871         3.228497912834871         3.530594178948831         0.019839933450248         0.019839933450247         0.336761167742105         0.000000000000000         0.000000000000000         0.000000000000000
